claim_key,claim_id,billing_key,bill_id,patient_key,patient_id,insurer_key,insurer_id,insurer_name,department_key,department_id,department_name,claim_amount,approved_amount,rejected_amount,claim_status,rejection_reason,processing_days,submission_date,settlement_date,rejected_status_points,pending_status_points,partial_approval_points,rejected_value_points,high_claim_value_points,long_processing_points,claim_risk_score,claim_risk_band,claim_risk_reasons
35537,CLM-00035537,49746,BILL-00049746,16083,PAT-0016083,1,INS001,HealthSecure Insurance,4,DEP004,Orthopedics,267295.68,0.0,267295.68,Rejected,Pre-authorization Missing,12.0,2024-03-17,2024-03-29,30,0,0,15,10,0,55,High,Rejected claim; Rejected value >= 25K; Claim value >= 100K
1749,CLM-00001749,2467,BILL-00002467,1939,PAT-0001939,2,INS002,MediShield Assurance,2,DEP002,Cardiology,265166.99,0.0,265166.99,Rejected,Incorrect Coding,23.0,2026-06-10,2026-07-03,30,0,0,15,10,0,55,High,Rejected claim; Rejected value >= 25K; Claim value >= 100K
20724,CLM-00020724,28984,BILL-00028984,6936,PAT-0006936,1,INS001,HealthSecure Insurance,1,DEP001,Emergency,262874.36,0.0,262874.36,Rejected,Policy Exclusion,20.0,2026-02-21,2026-03-13,30,0,0,15,10,0,55,High,Rejected claim; Rejected value >= 25K; Claim value >= 100K
19393,CLM-00019393,27127,BILL-00027127,20741,PAT-0020741,3,INS003,CarePlus Health,4,DEP004,Orthopedics,259700.95,0.0,259700.95,Rejected,Missing Documentation,25.0,2025-10-21,2025-11-15,30,0,0,15,10,0,55,High,Rejected claim; Rejected value >= 25K; Claim value >= 100K
3924,CLM-00003924,5527,BILL-00005527,4660,PAT-0004660,4,INS004,National Health Plan,8,DEP008,Gynecology,256788.13,0.0,256788.13,Rejected,Missing Documentation,24.0,2024-10-01,2024-10-25,30,0,0,15,10,0,55,High,Rejected claim; Rejected value >= 25K; Claim value >= 100K
6094,CLM-00006094,8538,BILL-00008538,13994,PAT-0013994,3,INS003,CarePlus Health,8,DEP008,Gynecology,251159.45,0.0,251159.45,Rejected,Coverage Limit Exceeded,18.0,2024-02-29,2024-03-18,30,0,0,15,10,0,55,High,Rejected claim; Rejected value >= 25K; Claim value >= 100K
13883,CLM-00013883,19392,BILL-00019392,13114,PAT-0013114,3,INS003,CarePlus Health,6,DEP006,General Medicine,247457.05,0.0,247457.05,Rejected,Coverage Limit Exceeded,24.0,2023-11-16,2023-12-10,30,0,0,15,10,0,55,High,Rejected claim; Rejected value >= 25K; Claim value >= 100K
30081,CLM-00030081,42115,BILL-00042115,9803,PAT-0009803,2,INS002,MediShield Assurance,2,DEP002,Cardiology,246884.69,0.0,246884.69,Rejected,Incorrect Coding,25.0,2023-06-17,2023-07-12,30,0,0,15,10,0,55,High,Rejected claim; Rejected value >= 25K; Claim value >= 100K
18932,CLM-00018932,26470,BILL-00026470,4841,PAT-0004841,1,INS001,HealthSecure Insurance,3,DEP003,Neurology,240389.08,0.0,240389.08,Rejected,Policy Exclusion,16.0,2024-11-27,2024-12-13,30,0,0,15,10,0,55,High,Rejected claim; Rejected value >= 25K; Claim value >= 100K
29554,CLM-00029554,41379,BILL-00041379,13772,PAT-0013772,3,INS003,CarePlus Health,10,DEP010,Dermatology,236900.78,0.0,236900.78,Rejected,Policy Exclusion,19.0,2026-07-14,2026-08-02,30,0,0,15,10,0,55,High,Rejected claim; Rejected value >= 25K; Claim value >= 100K
33237,CLM-00033237,46477,BILL-00046477,17914,PAT-0017914,1,INS001,HealthSecure Insurance,5,DEP005,Pediatrics,234764.26,0.0,234764.26,Rejected,Pre-authorization Missing,7.0,2024-07-06,2024-07-13,30,0,0,15,10,0,55,High,Rejected claim; Rejected value >= 25K; Claim value >= 100K
15223,CLM-00015223,21297,BILL-00021297,23631,PAT-0023631,1,INS001,HealthSecure Insurance,8,DEP008,Gynecology,234357.59,0.0,234357.59,Rejected,Missing Documentation,11.0,2024-07-18,2024-07-29,30,0,0,15,10,0,55,High,Rejected claim; Rejected value >= 25K; Claim value >= 100K
29471,CLM-00029471,41266,BILL-00041266,17324,PAT-0017324,2,INS002,MediShield Assurance,1,DEP001,Emergency,233494.8,0.0,233494.8,Rejected,Missing Documentation,13.0,2025-11-19,2025-12-02,30,0,0,15,10,0,55,High,Rejected claim; Rejected value >= 25K; Claim value >= 100K
9247,CLM-00009247,12919,BILL-00012919,22840,PAT-0022840,1,INS001,HealthSecure Insurance,3,DEP003,Neurology,229786.43,0.0,229786.43,Rejected,Incorrect Coding,5.0,2023-09-20,2023-09-25,30,0,0,15,10,0,55,High,Rejected claim; Rejected value >= 25K; Claim value >= 100K
7523,CLM-00007523,10524,BILL-00010524,4297,PAT-0004297,4,INS004,National Health Plan,2,DEP002,Cardiology,228111.19,0.0,228111.19,Rejected,Duplicate Claim,20.0,2025-01-25,2025-02-14,30,0,0,15,10,0,55,High,Rejected claim; Rejected value >= 25K; Claim value >= 100K
28087,CLM-00028087,39292,BILL-00039292,7574,PAT-0007574,3,INS003,CarePlus Health,1,DEP001,Emergency,227609.45,0.0,227609.45,Rejected,Policy Exclusion,13.0,2025-03-21,2025-04-03,30,0,0,15,10,0,55,High,Rejected claim; Rejected value >= 25K; Claim value >= 100K
34578,CLM-00034578,48386,BILL-00048386,2620,PAT-0002620,4,INS004,National Health Plan,8,DEP008,Gynecology,227527.68,0.0,227527.68,Rejected,Missing Documentation,6.0,2026-01-12,2026-01-18,30,0,0,15,10,0,55,High,Rejected claim; Rejected value >= 25K; Claim value >= 100K
5332,CLM-00005332,7472,BILL-00007472,2719,PAT-0002719,4,INS004,National Health Plan,1,DEP001,Emergency,225988.81,0.0,225988.81,Rejected,Coverage Limit Exceeded,19.0,2023-12-02,2023-12-21,30,0,0,15,10,0,55,High,Rejected claim; Rejected value >= 25K; Claim value >= 100K
2114,CLM-00002114,2984,BILL-00002984,10781,PAT-0010781,2,INS002,MediShield Assurance,2,DEP002,Cardiology,223216.06,0.0,223216.06,Rejected,Missing Documentation,9.0,2023-09-15,2023-09-24,30,0,0,15,10,0,55,High,Rejected claim; Rejected value >= 25K; Claim value >= 100K
34263,CLM-00034263,47942,BILL-00047942,8770,PAT-0008770,2,INS002,MediShield Assurance,4,DEP004,Orthopedics,222642.78,0.0,222642.78,Rejected,Incorrect Coding,21.0,2026-09-19,2026-10-10,30,0,0,15,10,0,55,High,Rejected claim; Rejected value >= 25K; Claim value >= 100K
14929,CLM-00014929,20899,BILL-00020899,20142,PAT-0020142,2,INS002,MediShield Assurance,9,DEP009,ENT,221203.12,0.0,221203.12,Rejected,Coverage Limit Exceeded,20.0,2025-06-13,2025-07-03,30,0,0,15,10,0,55,High,Rejected claim; Rejected value >= 25K; Claim value >= 100K
16961,CLM-00016961,23752,BILL-00023752,23806,PAT-0023806,3,INS003,CarePlus Health,3,DEP003,Neurology,220576.96,0.0,220576.96,Rejected,Pre-authorization Missing,10.0,2024-12-10,2024-12-20,30,0,0,15,10,0,55,High,Rejected claim; Rejected value >= 25K; Claim value >= 100K
8460,CLM-00008460,11815,BILL-00011815,17202,PAT-0017202,2,INS002,MediShield Assurance,7,DEP007,Oncology,219188.18,0.0,219188.18,Rejected,Pre-authorization Missing,20.0,2025-12-17,2026-01-06,30,0,0,15,10,0,55,High,Rejected claim; Rejected value >= 25K; Claim value >= 100K
32991,CLM-00032991,46126,BILL-00046126,4089,PAT-0004089,3,INS003,CarePlus Health,8,DEP008,Gynecology,216629.68,0.0,216629.68,Rejected,Pre-authorization Missing,8.0,2024-12-30,2025-01-07,30,0,0,15,10,0,55,High,Rejected claim; Rejected value >= 25K; Claim value >= 100K
25790,CLM-00025790,36104,BILL-00036104,2537,PAT-0002537,3,INS003,CarePlus Health,4,DEP004,Orthopedics,215762.96,0.0,215762.96,Rejected,Policy Exclusion,21.0,2023-09-26,2023-10-17,30,0,0,15,10,0,55,High,Rejected claim; Rejected value >= 25K; Claim value >= 100K
6137,CLM-00006137,8597,BILL-00008597,19556,PAT-0019556,2,INS002,MediShield Assurance,8,DEP008,Gynecology,214395.24,0.0,214395.24,Rejected,Duplicate Claim,12.0,2023-05-23,2023-06-04,30,0,0,15,10,0,55,High,Rejected claim; Rejected value >= 25K; Claim value >= 100K
6147,CLM-00006147,8611,BILL-00008611,3705,PAT-0003705,2,INS002,MediShield Assurance,7,DEP007,Oncology,213885.05,0.0,213885.05,Rejected,Pre-authorization Missing,13.0,2026-04-01,2026-04-14,30,0,0,15,10,0,55,High,Rejected claim; Rejected value >= 25K; Claim value >= 100K
19075,CLM-00019075,26674,BILL-00026674,3020,PAT-0003020,1,INS001,HealthSecure Insurance,6,DEP006,General Medicine,213824.22,0.0,213824.22,Rejected,Missing Documentation,20.0,2025-01-02,2025-01-22,30,0,0,15,10,0,55,High,Rejected claim; Rejected value >= 25K; Claim value >= 100K
23775,CLM-00023775,33257,BILL-00033257,3244,PAT-0003244,4,INS004,National Health Plan,9,DEP009,ENT,211727.28,0.0,211727.28,Rejected,Duplicate Claim,19.0,2026-01-05,2026-01-24,30,0,0,15,10,0,55,High,Rejected claim; Rejected value >= 25K; Claim value >= 100K
16454,CLM-00016454,23049,BILL-00023049,16030,PAT-0016030,4,INS004,National Health Plan,10,DEP010,Dermatology,211348.72,0.0,211348.72,Rejected,Policy Exclusion,5.0,2025-03-14,2025-03-19,30,0,0,15,10,0,55,High,Rejected claim; Rejected value >= 25K; Claim value >= 100K
36505,CLM-00036390,51135,BILL-00050956,18848,PAT-0018848,2,INS002,MediShield Assurance,3,DEP003,Neurology,209239.3,0.0,209239.3,Rejected,Missing Documentation,22.0,2026-10-11,2026-11-02,30,0,0,15,10,0,55,High,Rejected claim; Rejected value >= 25K; Claim value >= 100K
5848,CLM-00005848,8206,BILL-00008206,3611,PAT-0003611,3,INS003,CarePlus Health,3,DEP003,Neurology,208103.52,0.0,208103.52,Rejected,Incorrect Coding,24.0,2026-04-03,2026-04-27,30,0,0,15,10,0,55,High,Rejected claim; Rejected value >= 25K; Claim value >= 100K
13445,CLM-00013445,18771,BILL-00018771,15194,PAT-0015194,5,INS005,LifeCare Insurance,3,DEP003,Neurology,206230.1,0.0,206230.1,Rejected,Coverage Limit Exceeded,12.0,2025-06-05,2025-06-17,30,0,0,15,10,0,55,High,Rejected claim; Rejected value >= 25K; Claim value >= 100K
4090,CLM-00004090,5755,BILL-00005755,22985,PAT-0022985,4,INS004,National Health Plan,5,DEP005,Pediatrics,205841.93,0.0,205841.93,Rejected,Incorrect Coding,10.0,2026-06-21,2026-07-01,30,0,0,15,10,0,55,High,Rejected claim; Rejected value >= 25K; Claim value >= 100K
5260,CLM-00005260,7381,BILL-00007381,6225,PAT-0006225,2,INS002,MediShield Assurance,3,DEP003,Neurology,205509.34,0.0,205509.34,Rejected,Missing Documentation,25.0,2026-01-21,2026-02-15,30,0,0,15,10,0,55,High,Rejected claim; Rejected value >= 25K; Claim value >= 100K
9516,CLM-00009516,13293,BILL-00013293,13543,PAT-0013543,1,INS001,HealthSecure Insurance,7,DEP007,Oncology,205435.69,0.0,205435.69,Rejected,Duplicate Claim,11.0,2023-10-22,2023-11-02,30,0,0,15,10,0,55,High,Rejected claim; Rejected value >= 25K; Claim value >= 100K
10397,CLM-00010397,14557,BILL-00014557,5850,PAT-0005850,5,INS005,LifeCare Insurance,9,DEP009,ENT,205296.46,0.0,205296.46,Rejected,Missing Documentation,16.0,2024-07-21,2024-08-06,30,0,0,15,10,0,55,High,Rejected claim; Rejected value >= 25K; Claim value >= 100K
85,CLM-00000085,121,BILL-00000121,16621,PAT-0016621,4,INS004,National Health Plan,6,DEP006,General Medicine,205229.13,0.0,205229.13,Rejected,Missing Documentation,7.0,2023-12-07,2023-12-14,30,0,0,15,10,0,55,High,Rejected claim; Rejected value >= 25K; Claim value >= 100K
20828,CLM-00020828,29122,BILL-00029122,7139,PAT-0007139,5,INS005,LifeCare Insurance,2,DEP002,Cardiology,203767.9,0.0,203767.9,Rejected,Pre-authorization Missing,21.0,2024-10-06,2024-10-27,30,0,0,15,10,0,55,High,Rejected claim; Rejected value >= 25K; Claim value >= 100K
6199,CLM-00006199,8685,BILL-00008685,17402,PAT-0017402,5,INS005,LifeCare Insurance,10,DEP010,Dermatology,203458.78,0.0,203458.78,Rejected,Incorrect Coding,9.0,2023-03-16,2023-03-25,30,0,0,15,10,0,55,High,Rejected claim; Rejected value >= 25K; Claim value >= 100K
5369,CLM-00005369,7533,BILL-00007533,20628,PAT-0020628,3,INS003,CarePlus Health,1,DEP001,Emergency,203072.34,0.0,203072.34,Rejected,Missing Documentation,12.0,2025-01-18,2025-01-30,30,0,0,15,10,0,55,High,Rejected claim; Rejected value >= 25K; Claim value >= 100K
14417,CLM-00014417,20132,BILL-00020132,5954,PAT-0005954,3,INS003,CarePlus Health,10,DEP010,Dermatology,201887.52,0.0,201887.52,Rejected,Policy Exclusion,14.0,2025-09-28,2025-10-12,30,0,0,15,10,0,55,High,Rejected claim; Rejected value >= 25K; Claim value >= 100K
29386,CLM-00029386,41160,BILL-00041160,335,PAT-0000335,2,INS002,MediShield Assurance,2,DEP002,Cardiology,201729.15,0.0,201729.15,Rejected,Incorrect Coding,5.0,2023-11-15,2023-11-20,30,0,0,15,10,0,55,High,Rejected claim; Rejected value >= 25K; Claim value >= 100K
34414,CLM-00034414,48150,BILL-00048150,19749,PAT-0019749,1,INS001,HealthSecure Insurance,3,DEP003,Neurology,201707.78,0.0,201707.78,Rejected,Policy Exclusion,20.0,2023-08-05,2023-08-25,30,0,0,15,10,0,55,High,Rejected claim; Rejected value >= 25K; Claim value >= 100K
23355,CLM-00023355,32649,BILL-00032649,4938,PAT-0004938,4,INS004,National Health Plan,7,DEP007,Oncology,201065.96,0.0,201065.96,Rejected,Coverage Limit Exceeded,20.0,2026-08-02,2026-08-22,30,0,0,15,10,0,55,High,Rejected claim; Rejected value >= 25K; Claim value >= 100K
26954,CLM-00026954,37718,BILL-00037718,21890,PAT-0021890,4,INS004,National Health Plan,3,DEP003,Neurology,200464.94,0.0,200464.94,Rejected,Coverage Limit Exceeded,20.0,2025-04-21,2025-05-11,30,0,0,15,10,0,55,High,Rejected claim; Rejected value >= 25K; Claim value >= 100K
12770,CLM-00012770,17839,BILL-00017839,16618,PAT-0016618,1,INS001,HealthSecure Insurance,7,DEP007,Oncology,200339.97,0.0,200339.97,Rejected,Duplicate Claim,25.0,2024-03-12,2024-04-06,30,0,0,15,10,0,55,High,Rejected claim; Rejected value >= 25K; Claim value >= 100K
23073,CLM-00023073,32229,BILL-00032229,3753,PAT-0003753,5,INS005,LifeCare Insurance,2,DEP002,Cardiology,199494.03,0.0,199494.03,Rejected,Pre-authorization Missing,7.0,2025-06-07,2025-06-14,30,0,0,15,10,0,55,High,Rejected claim; Rejected value >= 25K; Claim value >= 100K
24082,CLM-00024082,33689,BILL-00033689,10196,PAT-0010196,3,INS003,CarePlus Health,2,DEP002,Cardiology,198612.65,0.0,198612.65,Rejected,Duplicate Claim,22.0,2023-03-26,2023-04-17,30,0,0,15,10,0,55,High,Rejected claim; Rejected value >= 25K; Claim value >= 100K
7079,CLM-00007079,9886,BILL-00009886,7802,PAT-0007802,1,INS001,HealthSecure Insurance,7,DEP007,Oncology,195740.27,0.0,195740.27,Rejected,Pre-authorization Missing,25.0,2024-03-29,2024-04-23,30,0,0,15,10,0,55,High,Rejected claim; Rejected value >= 25K; Claim value >= 100K
21500,CLM-00021500,30069,BILL-00030069,7767,PAT-0007767,2,INS002,MediShield Assurance,2,DEP002,Cardiology,195452.6,0.0,195452.6,Rejected,Policy Exclusion,6.0,2024-02-12,2024-02-18,30,0,0,15,10,0,55,High,Rejected claim; Rejected value >= 25K; Claim value >= 100K
6811,CLM-00006811,9520,BILL-00009520,22840,PAT-0022840,1,INS001,HealthSecure Insurance,3,DEP003,Neurology,195311.4,0.0,195311.4,Rejected,Policy Exclusion,25.0,2023-02-11,2023-03-08,30,0,0,15,10,0,55,High,Rejected claim; Rejected value >= 25K; Claim value >= 100K
12373,CLM-00012373,17288,BILL-00017288,1086,PAT-0001086,1,INS001,HealthSecure Insurance,5,DEP005,Pediatrics,194630.11,0.0,194630.11,Rejected,Incorrect Coding,20.0,2024-02-02,2024-02-22,30,0,0,15,10,0,55,High,Rejected claim; Rejected value >= 25K; Claim value >= 100K
30142,CLM-00030142,42202,BILL-00042202,16476,PAT-0016476,3,INS003,CarePlus Health,2,DEP002,Cardiology,194364.68,0.0,194364.68,Rejected,Pre-authorization Missing,25.0,2026-03-10,2026-04-04,30,0,0,15,10,0,55,High,Rejected claim; Rejected value >= 25K; Claim value >= 100K
32014,CLM-00032014,44784,BILL-00044784,20930,PAT-0020930,1,INS001,HealthSecure Insurance,2,DEP002,Cardiology,193940.1,0.0,193940.1,Rejected,Coverage Limit Exceeded,25.0,2023-05-21,2023-06-15,30,0,0,15,10,0,55,High,Rejected claim; Rejected value >= 25K; Claim value >= 100K
18076,CLM-00018076,25295,BILL-00025295,17991,PAT-0017991,4,INS004,National Health Plan,4,DEP004,Orthopedics,193752.26,0.0,193752.26,Rejected,Pre-authorization Missing,18.0,2024-12-17,2025-01-04,30,0,0,15,10,0,55,High,Rejected claim; Rejected value >= 25K; Claim value >= 100K
30583,CLM-00030583,42808,BILL-00042808,11991,PAT-0011991,5,INS005,LifeCare Insurance,5,DEP005,Pediatrics,193619.54,0.0,193619.54,Rejected,Coverage Limit Exceeded,8.0,2026-02-05,2026-02-13,30,0,0,15,10,0,55,High,Rejected claim; Rejected value >= 25K; Claim value >= 100K
13601,CLM-00013601,18997,BILL-00018997,21535,PAT-0021535,4,INS004,National Health Plan,3,DEP003,Neurology,193253.89,0.0,193253.89,Rejected,Coverage Limit Exceeded,12.0,2023-09-04,2023-09-16,30,0,0,15,10,0,55,High,Rejected claim; Rejected value >= 25K; Claim value >= 100K
35640,CLM-00035640,49889,BILL-00049889,11540,PAT-0011540,5,INS005,LifeCare Insurance,9,DEP009,ENT,193025.74,0.0,193025.74,Rejected,Policy Exclusion,7.0,2025-06-20,2025-06-27,30,0,0,15,10,0,55,High,Rejected claim; Rejected value >= 25K; Claim value >= 100K
20861,CLM-00020861,29169,BILL-00029169,14428,PAT-0014428,1,INS001,HealthSecure Insurance,2,DEP002,Cardiology,192949.68,0.0,192949.68,Rejected,Pre-authorization Missing,11.0,2024-01-16,2024-01-27,30,0,0,15,10,0,55,High,Rejected claim; Rejected value >= 25K; Claim value >= 100K
15788,CLM-00015788,22123,BILL-00022123,12355,PAT-0012355,2,INS002,MediShield Assurance,9,DEP009,ENT,192049.05,0.0,192049.05,Rejected,Policy Exclusion,16.0,2025-03-21,2025-04-06,30,0,0,15,10,0,55,High,Rejected claim; Rejected value >= 25K; Claim value >= 100K
2036,CLM-00002036,2857,BILL-00002857,5736,PAT-0005736,5,INS005,LifeCare Insurance,1,DEP001,Emergency,191344.18,0.0,191344.18,Rejected,Duplicate Claim,25.0,2025-05-03,2025-05-28,30,0,0,15,10,0,55,High,Rejected claim; Rejected value >= 25K; Claim value >= 100K
14258,CLM-00014258,19904,BILL-00019904,2623,PAT-0002623,5,INS005,LifeCare Insurance,8,DEP008,Gynecology,191198.29,0.0,191198.29,Rejected,Coverage Limit Exceeded,15.0,2025-02-12,2025-02-27,30,0,0,15,10,0,55,High,Rejected claim; Rejected value >= 25K; Claim value >= 100K
19996,CLM-00019996,27965,BILL-00027965,12788,PAT-0012788,1,INS001,HealthSecure Insurance,4,DEP004,Orthopedics,190886.4,0.0,190886.4,Rejected,Coverage Limit Exceeded,21.0,2025-01-24,2025-02-14,30,0,0,15,10,0,55,High,Rejected claim; Rejected value >= 25K; Claim value >= 100K
17072,CLM-00017072,23901,BILL-00023901,11954,PAT-0011954,2,INS002,MediShield Assurance,6,DEP006,General Medicine,190739.22,0.0,190739.22,Rejected,Pre-authorization Missing,15.0,2026-08-20,2026-09-04,30,0,0,15,10,0,55,High,Rejected claim; Rejected value >= 25K; Claim value >= 100K
34409,CLM-00034409,48142,BILL-00048142,15613,PAT-0015613,3,INS003,CarePlus Health,5,DEP005,Pediatrics,190726.79,0.0,190726.79,Rejected,Pre-authorization Missing,8.0,2026-07-08,2026-07-16,30,0,0,15,10,0,55,High,Rejected claim; Rejected value >= 25K; Claim value >= 100K
34071,CLM-00034071,47660,BILL-00047660,11423,PAT-0011423,5,INS005,LifeCare Insurance,1,DEP001,Emergency,190509.94,0.0,190509.94,Rejected,Duplicate Claim,13.0,2023-08-12,2023-08-25,30,0,0,15,10,0,55,High,Rejected claim; Rejected value >= 25K; Claim value >= 100K
22596,CLM-00022596,31571,BILL-00031571,18472,PAT-0018472,2,INS002,MediShield Assurance,4,DEP004,Orthopedics,189668.07,0.0,189668.07,Rejected,Duplicate Claim,10.0,2023-03-29,2023-04-08,30,0,0,15,10,0,55,High,Rejected claim; Rejected value >= 25K; Claim value >= 100K
3469,CLM-00003469,4883,BILL-00004883,18157,PAT-0018157,4,INS004,National Health Plan,5,DEP005,Pediatrics,189609.29,0.0,189609.29,Rejected,Policy Exclusion,25.0,2023-01-26,2023-02-20,30,0,0,15,10,0,55,High,Rejected claim; Rejected value >= 25K; Claim value >= 100K
12876,CLM-00012876,17987,BILL-00017987,10171,PAT-0010171,3,INS003,CarePlus Health,6,DEP006,General Medicine,189287.98,0.0,189287.98,Rejected,Pre-authorization Missing,20.0,2026-07-12,2026-08-01,30,0,0,15,10,0,55,High,Rejected claim; Rejected value >= 25K; Claim value >= 100K
26017,CLM-00026017,36420,BILL-00036420,20838,PAT-0020838,5,INS005,LifeCare Insurance,4,DEP004,Orthopedics,188891.53,0.0,188891.53,Rejected,Coverage Limit Exceeded,7.0,2023-02-15,2023-02-22,30,0,0,15,10,0,55,High,Rejected claim; Rejected value >= 25K; Claim value >= 100K
17893,CLM-00017893,25051,BILL-00025051,21569,PAT-0021569,3,INS003,CarePlus Health,4,DEP004,Orthopedics,188655.05,0.0,188655.05,Rejected,Incorrect Coding,6.0,2023-04-22,2023-04-28,30,0,0,15,10,0,55,High,Rejected claim; Rejected value >= 25K; Claim value >= 100K
23208,CLM-00023208,32424,BILL-00032424,20137,PAT-0020137,2,INS002,MediShield Assurance,8,DEP008,Gynecology,188419.56,0.0,188419.56,Rejected,Coverage Limit Exceeded,10.0,2025-04-30,2025-05-10,30,0,0,15,10,0,55,High,Rejected claim; Rejected value >= 25K; Claim value >= 100K
4251,CLM-00004251,5998,BILL-00005998,9475,PAT-0009475,3,INS003,CarePlus Health,5,DEP005,Pediatrics,188408.67,0.0,188408.67,Rejected,Coverage Limit Exceeded,23.0,2026-09-20,2026-10-13,30,0,0,15,10,0,55,High,Rejected claim; Rejected value >= 25K; Claim value >= 100K
24450,CLM-00024450,34214,BILL-00034214,20690,PAT-0020690,1,INS001,HealthSecure Insurance,7,DEP007,Oncology,187877.91,0.0,187877.91,Rejected,Duplicate Claim,17.0,2026-08-13,2026-08-30,30,0,0,15,10,0,55,High,Rejected claim; Rejected value >= 25K; Claim value >= 100K
28355,CLM-00028355,39669,BILL-00039669,13850,PAT-0013850,1,INS001,HealthSecure Insurance,5,DEP005,Pediatrics,187078.52,0.0,187078.52,Rejected,Missing Documentation,19.0,2024-08-03,2024-08-22,30,0,0,15,10,0,55,High,Rejected claim; Rejected value >= 25K; Claim value >= 100K
9739,CLM-00009739,13617,BILL-00013617,9109,PAT-0009109,1,INS001,HealthSecure Insurance,10,DEP010,Dermatology,186882.52,0.0,186882.52,Rejected,Coverage Limit Exceeded,8.0,2026-02-26,2026-03-06,30,0,0,15,10,0,55,High,Rejected claim; Rejected value >= 25K; Claim value >= 100K
15609,CLM-00015609,21868,BILL-00021868,13514,PAT-0013514,4,INS004,National Health Plan,2,DEP002,Cardiology,186837.38,0.0,186837.38,Rejected,Incorrect Coding,7.0,2026-02-09,2026-02-16,30,0,0,15,10,0,55,High,Rejected claim; Rejected value >= 25K; Claim value >= 100K
8659,CLM-00008659,12077,BILL-00012077,1226,PAT-0001226,2,INS002,MediShield Assurance,6,DEP006,General Medicine,186695.81,0.0,186695.81,Rejected,Policy Exclusion,17.0,2023-03-02,2023-03-19,30,0,0,15,10,0,55,High,Rejected claim; Rejected value >= 25K; Claim value >= 100K
11982,CLM-00011982,16742,BILL-00016742,5822,PAT-0005822,1,INS001,HealthSecure Insurance,4,DEP004,Orthopedics,186577.26,0.0,186577.26,Rejected,Missing Documentation,11.0,2024-12-05,2024-12-16,30,0,0,15,10,0,55,High,Rejected claim; Rejected value >= 25K; Claim value >= 100K
36597,CLM-00036482,51263,BILL-00051084,19202,PAT-0019202,5,INS005,LifeCare Insurance,5,DEP005,Pediatrics,186213.68,0.0,186213.68,Rejected,Incorrect Coding,14.0,2026-10-07,2026-10-21,30,0,0,15,10,0,55,High,Rejected claim; Rejected value >= 25K; Claim value >= 100K
9118,CLM-00009118,12743,BILL-00012743,18051,PAT-0018051,3,INS003,CarePlus Health,8,DEP008,Gynecology,186122.97,0.0,186122.97,Rejected,Incorrect Coding,24.0,2023-09-23,2023-10-17,30,0,0,15,10,0,55,High,Rejected claim; Rejected value >= 25K; Claim value >= 100K
5621,CLM-00005621,7889,BILL-00007889,19526,PAT-0019526,5,INS005,LifeCare Insurance,2,DEP002,Cardiology,186023.62,0.0,186023.62,Rejected,Incorrect Coding,18.0,2026-06-27,2026-07-15,30,0,0,15,10,0,55,High,Rejected claim; Rejected value >= 25K; Claim value >= 100K
13665,CLM-00013665,19084,BILL-00019084,8155,PAT-0008155,4,INS004,National Health Plan,6,DEP006,General Medicine,185276.82,0.0,185276.82,Rejected,Missing Documentation,20.0,2024-01-08,2024-01-28,30,0,0,15,10,0,55,High,Rejected claim; Rejected value >= 25K; Claim value >= 100K
21968,CLM-00021968,30707,BILL-00030707,20876,PAT-0020876,1,INS001,HealthSecure Insurance,3,DEP003,Neurology,185045.82,0.0,185045.82,Rejected,Policy Exclusion,20.0,2026-01-27,2026-02-16,30,0,0,15,10,0,55,High,Rejected claim; Rejected value >= 25K; Claim value >= 100K
32591,CLM-00032591,45581,BILL-00045581,16485,PAT-0016485,3,INS003,CarePlus Health,3,DEP003,Neurology,184584.76,0.0,184584.76,Rejected,Pre-authorization Missing,15.0,2026-06-17,2026-07-02,30,0,0,15,10,0,55,High,Rejected claim; Rejected value >= 25K; Claim value >= 100K
11253,CLM-00011253,15758,BILL-00015758,24753,PAT-0024753,5,INS005,LifeCare Insurance,10,DEP010,Dermatology,184474.46,0.0,184474.46,Rejected,Policy Exclusion,14.0,2023-03-02,2023-03-16,30,0,0,15,10,0,55,High,Rejected claim; Rejected value >= 25K; Claim value >= 100K
7492,CLM-00007492,10480,BILL-00010480,9447,PAT-0009447,2,INS002,MediShield Assurance,4,DEP004,Orthopedics,184248.25,0.0,184248.25,Rejected,Pre-authorization Missing,24.0,2023-04-17,2023-05-11,30,0,0,15,10,0,55,High,Rejected claim; Rejected value >= 25K; Claim value >= 100K
1075,CLM-00001075,1509,BILL-00001509,13508,PAT-0013508,2,INS002,MediShield Assurance,2,DEP002,Cardiology,182698.01,0.0,182698.01,Rejected,Duplicate Claim,9.0,2026-06-22,2026-07-01,30,0,0,15,10,0,55,High,Rejected claim; Rejected value >= 25K; Claim value >= 100K
32068,CLM-00032068,44857,BILL-00044857,170,PAT-0000170,2,INS002,MediShield Assurance,1,DEP001,Emergency,182520.58,0.0,182520.58,Rejected,Missing Documentation,15.0,2024-05-13,2024-05-28,30,0,0,15,10,0,55,High,Rejected claim; Rejected value >= 25K; Claim value >= 100K
2364,CLM-00002364,3325,BILL-00003325,16041,PAT-0016041,4,INS004,National Health Plan,9,DEP009,ENT,180301.3,0.0,180301.3,Rejected,Missing Documentation,7.0,2024-08-17,2024-08-24,30,0,0,15,10,0,55,High,Rejected claim; Rejected value >= 25K; Claim value >= 100K
1714,CLM-00001714,2420,BILL-00002420,3022,PAT-0003022,2,INS002,MediShield Assurance,8,DEP008,Gynecology,180119.33,0.0,180119.33,Rejected,Missing Documentation,25.0,2023-01-23,2023-02-17,30,0,0,15,10,0,55,High,Rejected claim; Rejected value >= 25K; Claim value >= 100K
30258,CLM-00030258,42360,BILL-00042360,3042,PAT-0003042,3,INS003,CarePlus Health,10,DEP010,Dermatology,179907.02,0.0,179907.02,Rejected,Incorrect Coding,21.0,2025-12-08,2025-12-29,30,0,0,15,10,0,55,High,Rejected claim; Rejected value >= 25K; Claim value >= 100K
20814,CLM-00020814,29098,BILL-00029098,520,PAT-0000520,1,INS001,HealthSecure Insurance,2,DEP002,Cardiology,179837.29,0.0,179837.29,Rejected,Missing Documentation,23.0,2025-01-22,2025-02-14,30,0,0,15,10,0,55,High,Rejected claim; Rejected value >= 25K; Claim value >= 100K
26608,CLM-00026608,37247,BILL-00037247,5666,PAT-0005666,2,INS002,MediShield Assurance,10,DEP010,Dermatology,179667.52,0.0,179667.52,Rejected,Coverage Limit Exceeded,17.0,2025-12-27,2026-01-13,30,0,0,15,10,0,55,High,Rejected claim; Rejected value >= 25K; Claim value >= 100K
15069,CLM-00015069,21079,BILL-00021079,16734,PAT-0016734,5,INS005,LifeCare Insurance,7,DEP007,Oncology,179609.92,0.0,179609.92,Rejected,Duplicate Claim,15.0,2025-08-17,2025-09-01,30,0,0,15,10,0,55,High,Rejected claim; Rejected value >= 25K; Claim value >= 100K
9113,CLM-00009113,12734,BILL-00012734,9197,PAT-0009197,2,INS002,MediShield Assurance,10,DEP010,Dermatology,179239.26,0.0,179239.26,Rejected,Missing Documentation,17.0,2025-11-02,2025-11-19,30,0,0,15,10,0,55,High,Rejected claim; Rejected value >= 25K; Claim value >= 100K
16451,CLM-00016451,23044,BILL-00023044,7181,PAT-0007181,5,INS005,LifeCare Insurance,7,DEP007,Oncology,179055.95,0.0,179055.95,Rejected,Coverage Limit Exceeded,11.0,2023-03-21,2023-04-01,30,0,0,15,10,0,55,High,Rejected claim; Rejected value >= 25K; Claim value >= 100K
19397,CLM-00019397,27134,BILL-00027134,14391,PAT-0014391,2,INS002,MediShield Assurance,5,DEP005,Pediatrics,178647.58,0.0,178647.58,Rejected,Incorrect Coding,17.0,2025-02-10,2025-02-27,30,0,0,15,10,0,55,High,Rejected claim; Rejected value >= 25K; Claim value >= 100K
22242,CLM-00022242,31091,BILL-00031091,3879,PAT-0003879,5,INS005,LifeCare Insurance,7,DEP007,Oncology,178476.93,0.0,178476.93,Rejected,Coverage Limit Exceeded,13.0,2026-08-06,2026-08-19,30,0,0,15,10,0,55,High,Rejected claim; Rejected value >= 25K; Claim value >= 100K
25569,CLM-00025569,35794,BILL-00035794,13059,PAT-0013059,5,INS005,LifeCare Insurance,6,DEP006,General Medicine,177859.27,0.0,177859.27,Rejected,Coverage Limit Exceeded,16.0,2024-12-16,2025-01-01,30,0,0,15,10,0,55,High,Rejected claim; Rejected value >= 25K; Claim value >= 100K
16317,CLM-00016317,22859,BILL-00022859,15338,PAT-0015338,4,INS004,National Health Plan,3,DEP003,Neurology,177709.91,0.0,177709.91,Rejected,Missing Documentation,12.0,2023-05-27,2023-06-08,30,0,0,15,10,0,55,High,Rejected claim; Rejected value >= 25K; Claim value >= 100K
12519,CLM-00012519,17496,BILL-00017496,8355,PAT-0008355,2,INS002,MediShield Assurance,8,DEP008,Gynecology,176991.62,0.0,176991.62,Rejected,Coverage Limit Exceeded,10.0,2024-10-01,2024-10-11,30,0,0,15,10,0,55,High,Rejected claim; Rejected value >= 25K; Claim value >= 100K
20862,CLM-00020862,29171,BILL-00029171,13539,PAT-0013539,3,INS003,CarePlus Health,3,DEP003,Neurology,176949.54,0.0,176949.54,Rejected,Duplicate Claim,9.0,2023-01-17,2023-01-26,30,0,0,15,10,0,55,High,Rejected claim; Rejected value >= 25K; Claim value >= 100K
33771,CLM-00033771,47226,BILL-00047226,16849,PAT-0016849,5,INS005,LifeCare Insurance,2,DEP002,Cardiology,176543.9,0.0,176543.9,Rejected,Coverage Limit Exceeded,12.0,2025-03-21,2025-04-02,30,0,0,15,10,0,55,High,Rejected claim; Rejected value >= 25K; Claim value >= 100K
30074,CLM-00030074,42108,BILL-00042108,21332,PAT-0021332,5,INS005,LifeCare Insurance,8,DEP008,Gynecology,175859.26,0.0,175859.26,Rejected,Missing Documentation,14.0,2025-05-13,2025-05-27,30,0,0,15,10,0,55,High,Rejected claim; Rejected value >= 25K; Claim value >= 100K
27313,CLM-00027313,38230,BILL-00038230,24348,PAT-0024348,2,INS002,MediShield Assurance,4,DEP004,Orthopedics,175752.66,0.0,175752.66,Rejected,Pre-authorization Missing,16.0,2023-09-02,2023-09-18,30,0,0,15,10,0,55,High,Rejected claim; Rejected value >= 25K; Claim value >= 100K
8990,CLM-00008990,12551,BILL-00012551,12216,PAT-0012216,3,INS003,CarePlus Health,1,DEP001,Emergency,175708.0,0.0,175708.0,Rejected,Duplicate Claim,12.0,2023-09-03,2023-09-15,30,0,0,15,10,0,55,High,Rejected claim; Rejected value >= 25K; Claim value >= 100K
4726,CLM-00004726,6656,BILL-00006656,7806,PAT-0007806,1,INS001,HealthSecure Insurance,3,DEP003,Neurology,175474.01,0.0,175474.01,Rejected,Pre-authorization Missing,22.0,2026-06-19,2026-07-11,30,0,0,15,10,0,55,High,Rejected claim; Rejected value >= 25K; Claim value >= 100K
13844,CLM-00013844,19331,BILL-00019331,504,PAT-0000504,1,INS001,HealthSecure Insurance,7,DEP007,Oncology,175410.24,0.0,175410.24,Rejected,Policy Exclusion,20.0,2024-05-26,2024-06-15,30,0,0,15,10,0,55,High,Rejected claim; Rejected value >= 25K; Claim value >= 100K
21248,CLM-00021248,29704,BILL-00029704,9709,PAT-0009709,4,INS004,National Health Plan,9,DEP009,ENT,175331.44,0.0,175331.44,Rejected,Duplicate Claim,11.0,2026-03-05,2026-03-16,30,0,0,15,10,0,55,High,Rejected claim; Rejected value >= 25K; Claim value >= 100K
10620,CLM-00010620,14876,BILL-00014876,19024,PAT-0019024,2,INS002,MediShield Assurance,1,DEP001,Emergency,175204.52,0.0,175204.52,Rejected,Duplicate Claim,13.0,2024-01-25,2024-02-07,30,0,0,15,10,0,55,High,Rejected claim; Rejected value >= 25K; Claim value >= 100K
20836,CLM-00020836,29138,BILL-00029138,24779,PAT-0024779,1,INS001,HealthSecure Insurance,8,DEP008,Gynecology,174957.69,0.0,174957.69,Rejected,Policy Exclusion,13.0,2026-07-18,2026-07-31,30,0,0,15,10,0,55,High,Rejected claim; Rejected value >= 25K; Claim value >= 100K
27247,CLM-00027247,38130,BILL-00038130,23965,PAT-0023965,3,INS003,CarePlus Health,1,DEP001,Emergency,174408.5,0.0,174408.5,Rejected,Duplicate Claim,25.0,2024-09-29,2024-10-24,30,0,0,15,10,0,55,High,Rejected claim; Rejected value >= 25K; Claim value >= 100K
19988,CLM-00019988,27955,BILL-00027955,14736,PAT-0014736,3,INS003,CarePlus Health,5,DEP005,Pediatrics,174249.35,0.0,174249.35,Rejected,Pre-authorization Missing,20.0,2024-01-22,2024-02-11,30,0,0,15,10,0,55,High,Rejected claim; Rejected value >= 25K; Claim value >= 100K
28091,CLM-00028091,39299,BILL-00039299,8603,PAT-0008603,3,INS003,CarePlus Health,10,DEP010,Dermatology,174090.01,0.0,174090.01,Rejected,Duplicate Claim,9.0,2023-05-07,2023-05-16,30,0,0,15,10,0,55,High,Rejected claim; Rejected value >= 25K; Claim value >= 100K
11561,CLM-00011561,16168,BILL-00016168,1285,PAT-0001285,2,INS002,MediShield Assurance,8,DEP008,Gynecology,173998.65,0.0,173998.65,Rejected,Policy Exclusion,14.0,2025-07-24,2025-08-07,30,0,0,15,10,0,55,High,Rejected claim; Rejected value >= 25K; Claim value >= 100K
2785,CLM-00002785,3935,BILL-00003935,8271,PAT-0008271,3,INS003,CarePlus Health,4,DEP004,Orthopedics,173888.24,0.0,173888.24,Rejected,Pre-authorization Missing,9.0,2025-08-27,2025-09-05,30,0,0,15,10,0,55,High,Rejected claim; Rejected value >= 25K; Claim value >= 100K
9196,CLM-00009196,12856,BILL-00012856,16264,PAT-0016264,3,INS003,CarePlus Health,3,DEP003,Neurology,173871.06,0.0,173871.06,Rejected,Missing Documentation,21.0,2025-11-07,2025-11-28,30,0,0,15,10,0,55,High,Rejected claim; Rejected value >= 25K; Claim value >= 100K
21412,CLM-00021412,29947,BILL-00029947,10347,PAT-0010347,2,INS002,MediShield Assurance,10,DEP010,Dermatology,173805.19,0.0,173805.19,Rejected,Coverage Limit Exceeded,23.0,2026-03-30,2026-04-22,30,0,0,15,10,0,55,High,Rejected claim; Rejected value >= 25K; Claim value >= 100K
23539,CLM-00023539,32902,BILL-00032902,21724,PAT-0021724,1,INS001,HealthSecure Insurance,9,DEP009,ENT,173611.19,0.0,173611.19,Rejected,Coverage Limit Exceeded,7.0,2025-09-24,2025-10-01,30,0,0,15,10,0,55,High,Rejected claim; Rejected value >= 25K; Claim value >= 100K
30308,CLM-00030308,42425,BILL-00042425,5164,PAT-0005164,1,INS001,HealthSecure Insurance,2,DEP002,Cardiology,173462.27,0.0,173462.27,Rejected,Pre-authorization Missing,7.0,2024-04-10,2024-04-17,30,0,0,15,10,0,55,High,Rejected claim; Rejected value >= 25K; Claim value >= 100K
27968,CLM-00027968,39130,BILL-00039130,24641,PAT-0024641,2,INS002,MediShield Assurance,6,DEP006,General Medicine,173329.71,0.0,173329.71,Rejected,Missing Documentation,19.0,2024-02-23,2024-03-13,30,0,0,15,10,0,55,High,Rejected claim; Rejected value >= 25K; Claim value >= 100K
18509,CLM-00018509,25881,BILL-00025881,22579,PAT-0022579,4,INS004,National Health Plan,9,DEP009,ENT,173238.29,0.0,173238.29,Rejected,Incorrect Coding,15.0,2023-06-19,2023-07-04,30,0,0,15,10,0,55,High,Rejected claim; Rejected value >= 25K; Claim value >= 100K
279,CLM-00000279,398,BILL-00000398,10269,PAT-0010269,2,INS002,MediShield Assurance,6,DEP006,General Medicine,172985.55,0.0,172985.55,Rejected,Missing Documentation,16.0,2024-06-05,2024-06-21,30,0,0,15,10,0,55,High,Rejected claim; Rejected value >= 25K; Claim value >= 100K
23493,CLM-00023493,32840,BILL-00032840,11944,PAT-0011944,5,INS005,LifeCare Insurance,5,DEP005,Pediatrics,172874.51,0.0,172874.51,Rejected,Duplicate Claim,7.0,2026-06-08,2026-06-15,30,0,0,15,10,0,55,High,Rejected claim; Rejected value >= 25K; Claim value >= 100K
5471,CLM-00005471,7683,BILL-00007683,9911,PAT-0009911,4,INS004,National Health Plan,9,DEP009,ENT,172479.64,0.0,172479.64,Rejected,Missing Documentation,19.0,2025-06-18,2025-07-07,30,0,0,15,10,0,55,High,Rejected claim; Rejected value >= 25K; Claim value >= 100K
17766,CLM-00017766,24880,BILL-00024880,179,PAT-0000179,5,INS005,LifeCare Insurance,2,DEP002,Cardiology,172430.07,0.0,172430.07,Rejected,Policy Exclusion,14.0,2026-07-03,2026-07-17,30,0,0,15,10,0,55,High,Rejected claim; Rejected value >= 25K; Claim value >= 100K
21908,CLM-00021908,30627,BILL-00030627,12317,PAT-0012317,1,INS001,HealthSecure Insurance,3,DEP003,Neurology,171875.83,0.0,171875.83,Rejected,Pre-authorization Missing,12.0,2025-08-20,2025-09-01,30,0,0,15,10,0,55,High,Rejected claim; Rejected value >= 25K; Claim value >= 100K
14192,CLM-00014192,19816,BILL-00019816,8763,PAT-0008763,4,INS004,National Health Plan,6,DEP006,General Medicine,171780.22,0.0,171780.22,Rejected,Duplicate Claim,6.0,2025-03-06,2025-03-12,30,0,0,15,10,0,55,High,Rejected claim; Rejected value >= 25K; Claim value >= 100K
23974,CLM-00023974,33553,BILL-00033553,13374,PAT-0013374,2,INS002,MediShield Assurance,2,DEP002,Cardiology,171675.15,0.0,171675.15,Rejected,Pre-authorization Missing,11.0,2024-12-24,2025-01-04,30,0,0,15,10,0,55,High,Rejected claim; Rejected value >= 25K; Claim value >= 100K
2491,CLM-00002491,3502,BILL-00003502,18486,PAT-0018486,5,INS005,LifeCare Insurance,3,DEP003,Neurology,170593.09,0.0,170593.09,Rejected,Duplicate Claim,10.0,2023-11-14,2023-11-24,30,0,0,15,10,0,55,High,Rejected claim; Rejected value >= 25K; Claim value >= 100K
66,CLM-00000066,92,BILL-00000092,3677,PAT-0003677,3,INS003,CarePlus Health,10,DEP010,Dermatology,170540.44,0.0,170540.44,Rejected,Policy Exclusion,15.0,2025-08-09,2025-08-24,30,0,0,15,10,0,55,High,Rejected claim; Rejected value >= 25K; Claim value >= 100K
25490,CLM-00025490,35680,BILL-00035680,2694,PAT-0002694,2,INS002,MediShield Assurance,6,DEP006,General Medicine,170233.81,0.0,170233.81,Rejected,Duplicate Claim,8.0,2026-04-04,2026-04-12,30,0,0,15,10,0,55,High,Rejected claim; Rejected value >= 25K; Claim value >= 100K
22888,CLM-00022888,31970,BILL-00031970,14352,PAT-0014352,5,INS005,LifeCare Insurance,2,DEP002,Cardiology,170090.87,0.0,170090.87,Rejected,Policy Exclusion,20.0,2024-02-19,2024-03-10,30,0,0,15,10,0,55,High,Rejected claim; Rejected value >= 25K; Claim value >= 100K
17845,CLM-00017845,24988,BILL-00024988,3490,PAT-0003490,5,INS005,LifeCare Insurance,4,DEP004,Orthopedics,170008.68,0.0,170008.68,Rejected,Incorrect Coding,18.0,2024-01-01,2024-01-19,30,0,0,15,10,0,55,High,Rejected claim; Rejected value >= 25K; Claim value >= 100K
35183,CLM-00035183,49253,BILL-00049253,15291,PAT-0015291,3,INS003,CarePlus Health,8,DEP008,Gynecology,169977.66,0.0,169977.66,Rejected,Missing Documentation,23.0,2023-01-27,2023-02-19,30,0,0,15,10,0,55,High,Rejected claim; Rejected value >= 25K; Claim value >= 100K
25402,CLM-00025402,35539,BILL-00035539,20017,PAT-0020017,3,INS003,CarePlus Health,8,DEP008,Gynecology,169769.22,0.0,169769.22,Rejected,Coverage Limit Exceeded,23.0,2026-09-06,2026-09-29,30,0,0,15,10,0,55,High,Rejected claim; Rejected value >= 25K; Claim value >= 100K
2764,CLM-00002764,3901,BILL-00003901,510,PAT-0000510,1,INS001,HealthSecure Insurance,9,DEP009,ENT,169548.16,0.0,169548.16,Rejected,Missing Documentation,10.0,2025-02-20,2025-03-02,30,0,0,15,10,0,55,High,Rejected claim; Rejected value >= 25K; Claim value >= 100K
28130,CLM-00028130,39349,BILL-00039349,11128,PAT-0011128,4,INS004,National Health Plan,9,DEP009,ENT,169502.06,0.0,169502.06,Rejected,Pre-authorization Missing,10.0,2026-04-23,2026-05-03,30,0,0,15,10,0,55,High,Rejected claim; Rejected value >= 25K; Claim value >= 100K
4960,CLM-00004960,6971,BILL-00006971,16354,PAT-0016354,5,INS005,LifeCare Insurance,8,DEP008,Gynecology,169405.99,0.0,169405.99,Rejected,Policy Exclusion,15.0,2023-09-20,2023-10-05,30,0,0,15,10,0,55,High,Rejected claim; Rejected value >= 25K; Claim value >= 100K
31929,CLM-00031929,44671,BILL-00044671,2624,PAT-0002624,3,INS003,CarePlus Health,9,DEP009,ENT,169227.46,0.0,169227.46,Rejected,Incorrect Coding,19.0,2025-06-13,2025-07-02,30,0,0,15,10,0,55,High,Rejected claim; Rejected value >= 25K; Claim value >= 100K
1479,CLM-00001479,2085,BILL-00002085,8853,PAT-0008853,1,INS001,HealthSecure Insurance,8,DEP008,Gynecology,168833.25,0.0,168833.25,Rejected,Missing Documentation,14.0,2023-04-04,2023-04-18,30,0,0,15,10,0,55,High,Rejected claim; Rejected value >= 25K; Claim value >= 100K
226,CLM-00000226,321,BILL-00000321,23490,PAT-0023490,4,INS004,National Health Plan,3,DEP003,Neurology,168023.83,0.0,168023.83,Rejected,Duplicate Claim,24.0,2025-02-19,2025-03-15,30,0,0,15,10,0,55,High,Rejected claim; Rejected value >= 25K; Claim value >= 100K
33703,CLM-00033703,47135,BILL-00047135,15966,PAT-0015966,2,INS002,MediShield Assurance,10,DEP010,Dermatology,167749.6,0.0,167749.6,Rejected,Duplicate Claim,12.0,2023-04-12,2023-04-24,30,0,0,15,10,0,55,High,Rejected claim; Rejected value >= 25K; Claim value >= 100K
20188,CLM-00020188,28235,BILL-00028235,10417,PAT-0010417,3,INS003,CarePlus Health,8,DEP008,Gynecology,167476.66,0.0,167476.66,Rejected,Missing Documentation,24.0,2023-09-18,2023-10-12,30,0,0,15,10,0,55,High,Rejected claim; Rejected value >= 25K; Claim value >= 100K
11952,CLM-00011952,16705,BILL-00016705,22317,PAT-0022317,1,INS001,HealthSecure Insurance,7,DEP007,Oncology,167188.6,0.0,167188.6,Rejected,Pre-authorization Missing,10.0,2023-12-20,2023-12-30,30,0,0,15,10,0,55,High,Rejected claim; Rejected value >= 25K; Claim value >= 100K
18434,CLM-00018434,25780,BILL-00025780,10083,PAT-0010083,3,INS003,CarePlus Health,10,DEP010,Dermatology,167107.04,0.0,167107.04,Rejected,Incorrect Coding,10.0,2024-04-26,2024-05-06,30,0,0,15,10,0,55,High,Rejected claim; Rejected value >= 25K; Claim value >= 100K
18723,CLM-00018723,26165,BILL-00026165,19174,PAT-0019174,2,INS002,MediShield Assurance,5,DEP005,Pediatrics,167104.19,0.0,167104.19,Rejected,Missing Documentation,15.0,2024-11-24,2024-12-09,30,0,0,15,10,0,55,High,Rejected claim; Rejected value >= 25K; Claim value >= 100K
25960,CLM-00025960,36334,BILL-00036334,20299,PAT-0020299,5,INS005,LifeCare Insurance,6,DEP006,General Medicine,166765.43,0.0,166765.43,Rejected,Duplicate Claim,10.0,2024-10-22,2024-11-01,30,0,0,15,10,0,55,High,Rejected claim; Rejected value >= 25K; Claim value >= 100K
8667,CLM-00008667,12089,BILL-00012089,13517,PAT-0013517,5,INS005,LifeCare Insurance,5,DEP005,Pediatrics,166289.13,0.0,166289.13,Rejected,Incorrect Coding,23.0,2025-03-28,2025-04-20,30,0,0,15,10,0,55,High,Rejected claim; Rejected value >= 25K; Claim value >= 100K
7224,CLM-00007224,10093,BILL-00010093,8328,PAT-0008328,4,INS004,National Health Plan,7,DEP007,Oncology,166183.41,0.0,166183.41,Rejected,Missing Documentation,8.0,2025-05-21,2025-05-29,30,0,0,15,10,0,55,High,Rejected claim; Rejected value >= 25K; Claim value >= 100K
11508,CLM-00011508,16099,BILL-00016099,11909,PAT-0011909,4,INS004,National Health Plan,4,DEP004,Orthopedics,166175.21,0.0,166175.21,Rejected,Coverage Limit Exceeded,19.0,2024-12-28,2025-01-16,30,0,0,15,10,0,55,High,Rejected claim; Rejected value >= 25K; Claim value >= 100K
8488,CLM-00008488,11847,BILL-00011847,16835,PAT-0016835,5,INS005,LifeCare Insurance,6,DEP006,General Medicine,165776.79,0.0,165776.79,Rejected,Coverage Limit Exceeded,14.0,2026-08-22,2026-09-05,30,0,0,15,10,0,55,High,Rejected claim; Rejected value >= 25K; Claim value >= 100K
24058,CLM-00024058,33660,BILL-00033660,2935,PAT-0002935,4,INS004,National Health Plan,10,DEP010,Dermatology,165349.65,0.0,165349.65,Rejected,Pre-authorization Missing,25.0,2025-06-21,2025-07-16,30,0,0,15,10,0,55,High,Rejected claim; Rejected value >= 25K; Claim value >= 100K
13308,CLM-00013308,18582,BILL-00018582,13916,PAT-0013916,3,INS003,CarePlus Health,5,DEP005,Pediatrics,164497.23,0.0,164497.23,Rejected,Incorrect Coding,5.0,2026-06-22,2026-06-27,30,0,0,15,10,0,55,High,Rejected claim; Rejected value >= 25K; Claim value >= 100K
35659,CLM-00035659,49915,BILL-00049915,19342,PAT-0019342,1,INS001,HealthSecure Insurance,8,DEP008,Gynecology,163833.72,0.0,163833.72,Rejected,Duplicate Claim,11.0,2024-05-14,2024-05-25,30,0,0,15,10,0,55,High,Rejected claim; Rejected value >= 25K; Claim value >= 100K
16136,CLM-00016136,22597,BILL-00022597,9009,PAT-0009009,4,INS004,National Health Plan,8,DEP008,Gynecology,163759.47,0.0,163759.47,Rejected,Coverage Limit Exceeded,17.0,2023-12-12,2023-12-29,30,0,0,15,10,0,55,High,Rejected claim; Rejected value >= 25K; Claim value >= 100K
17261,CLM-00017261,24151,BILL-00024151,4906,PAT-0004906,5,INS005,LifeCare Insurance,5,DEP005,Pediatrics,162897.07,0.0,162897.07,Rejected,Pre-authorization Missing,18.0,2023-08-15,2023-09-02,30,0,0,15,10,0,55,High,Rejected claim; Rejected value >= 25K; Claim value >= 100K
19010,CLM-00019010,26580,BILL-00026580,9640,PAT-0009640,5,INS005,LifeCare Insurance,10,DEP010,Dermatology,162649.45,0.0,162649.45,Rejected,Incorrect Coding,20.0,2023-09-15,2023-10-05,30,0,0,15,10,0,55,High,Rejected claim; Rejected value >= 25K; Claim value >= 100K
34516,CLM-00034516,48299,BILL-00048299,20387,PAT-0020387,1,INS001,HealthSecure Insurance,10,DEP010,Dermatology,162619.64,0.0,162619.64,Rejected,Pre-authorization Missing,22.0,2024-10-26,2024-11-17,30,0,0,15,10,0,55,High,Rejected claim; Rejected value >= 25K; Claim value >= 100K
22873,CLM-00022873,31951,BILL-00031951,5358,PAT-0005358,4,INS004,National Health Plan,2,DEP002,Cardiology,162618.03,0.0,162618.03,Rejected,Policy Exclusion,19.0,2024-06-07,2024-06-26,30,0,0,15,10,0,55,High,Rejected claim; Rejected value >= 25K; Claim value >= 100K
4431,CLM-00004431,6262,BILL-00006262,7353,PAT-0007353,3,INS003,CarePlus Health,8,DEP008,Gynecology,162396.05,0.0,162396.05,Rejected,Policy Exclusion,14.0,2024-11-11,2024-11-25,30,0,0,15,10,0,55,High,Rejected claim; Rejected value >= 25K; Claim value >= 100K
100,CLM-00000100,139,BILL-00000139,10024,PAT-0010024,5,INS005,LifeCare Insurance,5,DEP005,Pediatrics,162246.36,0.0,162246.36,Rejected,Pre-authorization Missing,23.0,2024-09-16,2024-10-09,30,0,0,15,10,0,55,High,Rejected claim; Rejected value >= 25K; Claim value >= 100K
22140,CLM-00022140,30951,BILL-00030951,14204,PAT-0014204,4,INS004,National Health Plan,9,DEP009,ENT,161578.05,0.0,161578.05,Rejected,Duplicate Claim,25.0,2024-08-20,2024-09-14,30,0,0,15,10,0,55,High,Rejected claim; Rejected value >= 25K; Claim value >= 100K
26036,CLM-00026036,36444,BILL-00036444,15332,PAT-0015332,4,INS004,National Health Plan,6,DEP006,General Medicine,161512.67,0.0,161512.67,Rejected,Coverage Limit Exceeded,13.0,2023-04-18,2023-05-01,30,0,0,15,10,0,55,High,Rejected claim; Rejected value >= 25K; Claim value >= 100K
10394,CLM-00010394,14552,BILL-00014552,2757,PAT-0002757,3,INS003,CarePlus Health,7,DEP007,Oncology,161230.89,0.0,161230.89,Rejected,Coverage Limit Exceeded,8.0,2024-12-25,2025-01-02,30,0,0,15,10,0,55,High,Rejected claim; Rejected value >= 25K; Claim value >= 100K
16377,CLM-00016377,22945,BILL-00022945,23579,PAT-0023579,2,INS002,MediShield Assurance,2,DEP002,Cardiology,161071.53,0.0,161071.53,Rejected,Coverage Limit Exceeded,18.0,2023-04-19,2023-05-07,30,0,0,15,10,0,55,High,Rejected claim; Rejected value >= 25K; Claim value >= 100K
21705,CLM-00021705,30350,BILL-00030350,15480,PAT-0015480,3,INS003,CarePlus Health,9,DEP009,ENT,160671.36,0.0,160671.36,Rejected,Duplicate Claim,15.0,2025-08-18,2025-09-02,30,0,0,15,10,0,55,High,Rejected claim; Rejected value >= 25K; Claim value >= 100K
31576,CLM-00031576,44170,BILL-00044170,9744,PAT-0009744,4,INS004,National Health Plan,8,DEP008,Gynecology,160591.4,0.0,160591.4,Rejected,Duplicate Claim,25.0,2025-12-16,2026-01-10,30,0,0,15,10,0,55,High,Rejected claim; Rejected value >= 25K; Claim value >= 100K
8598,CLM-00008598,11998,BILL-00011998,22077,PAT-0022077,3,INS003,CarePlus Health,1,DEP001,Emergency,160234.33,0.0,160234.33,Rejected,Pre-authorization Missing,6.0,2026-07-28,2026-08-03,30,0,0,15,10,0,55,High,Rejected claim; Rejected value >= 25K; Claim value >= 100K
30813,CLM-00030813,43128,BILL-00043128,24221,PAT-0024221,2,INS002,MediShield Assurance,9,DEP009,ENT,160153.28,0.0,160153.28,Rejected,Duplicate Claim,14.0,2025-06-30,2025-07-14,30,0,0,15,10,0,55,High,Rejected claim; Rejected value >= 25K; Claim value >= 100K
16596,CLM-00016596,23242,BILL-00023242,22131,PAT-0022131,3,INS003,CarePlus Health,3,DEP003,Neurology,159662.29,0.0,159662.29,Rejected,Coverage Limit Exceeded,21.0,2023-01-15,2023-02-05,30,0,0,15,10,0,55,High,Rejected claim; Rejected value >= 25K; Claim value >= 100K
20442,CLM-00020442,28602,BILL-00028602,21387,PAT-0021387,1,INS001,HealthSecure Insurance,5,DEP005,Pediatrics,159658.69,0.0,159658.69,Rejected,Incorrect Coding,21.0,2025-07-02,2025-07-23,30,0,0,15,10,0,55,High,Rejected claim; Rejected value >= 25K; Claim value >= 100K
28246,CLM-00028246,39523,BILL-00039523,6579,PAT-0006579,5,INS005,LifeCare Insurance,2,DEP002,Cardiology,159587.56,0.0,159587.56,Rejected,Incorrect Coding,19.0,2025-06-27,2025-07-16,30,0,0,15,10,0,55,High,Rejected claim; Rejected value >= 25K; Claim value >= 100K
12785,CLM-00012785,17857,BILL-00017857,21880,PAT-0021880,4,INS004,National Health Plan,1,DEP001,Emergency,159280.53,0.0,159280.53,Rejected,Pre-authorization Missing,5.0,2025-04-21,2025-04-26,30,0,0,15,10,0,55,High,Rejected claim; Rejected value >= 25K; Claim value >= 100K
28795,CLM-00028795,40310,BILL-00040310,4358,PAT-0004358,3,INS003,CarePlus Health,7,DEP007,Oncology,159265.04,0.0,159265.04,Rejected,Duplicate Claim,9.0,2024-04-21,2024-04-30,30,0,0,15,10,0,55,High,Rejected claim; Rejected value >= 25K; Claim value >= 100K
3220,CLM-00003220,4531,BILL-00004531,24771,PAT-0024771,4,INS004,National Health Plan,1,DEP001,Emergency,158427.93,0.0,158427.93,Rejected,Pre-authorization Missing,23.0,2025-09-08,2025-10-01,30,0,0,15,10,0,55,High,Rejected claim; Rejected value >= 25K; Claim value >= 100K
21540,CLM-00021540,30124,BILL-00030124,8320,PAT-0008320,3,INS003,CarePlus Health,8,DEP008,Gynecology,158199.54,0.0,158199.54,Rejected,Incorrect Coding,5.0,2026-04-25,2026-04-30,30,0,0,15,10,0,55,High,Rejected claim; Rejected value >= 25K; Claim value >= 100K
22171,CLM-00022171,31001,BILL-00031001,12086,PAT-0012086,2,INS002,MediShield Assurance,2,DEP002,Cardiology,158139.08,0.0,158139.08,Rejected,Duplicate Claim,25.0,2025-01-26,2025-02-20,30,0,0,15,10,0,55,High,Rejected claim; Rejected value >= 25K; Claim value >= 100K
18655,CLM-00018655,26074,BILL-00026074,18110,PAT-0018110,3,INS003,CarePlus Health,5,DEP005,Pediatrics,158073.07,0.0,158073.07,Rejected,Incorrect Coding,10.0,2024-01-13,2024-01-23,30,0,0,15,10,0,55,High,Rejected claim; Rejected value >= 25K; Claim value >= 100K
15366,CLM-00015366,21516,BILL-00021516,13242,PAT-0013242,4,INS004,National Health Plan,3,DEP003,Neurology,158050.88,0.0,158050.88,Rejected,Coverage Limit Exceeded,12.0,2023-06-29,2023-07-11,30,0,0,15,10,0,55,High,Rejected claim; Rejected value >= 25K; Claim value >= 100K
6409,CLM-00006409,8958,BILL-00008958,20905,PAT-0020905,3,INS003,CarePlus Health,7,DEP007,Oncology,157923.77,0.0,157923.77,Rejected,Policy Exclusion,21.0,2026-03-31,2026-04-21,30,0,0,15,10,0,55,High,Rejected claim; Rejected value >= 25K; Claim value >= 100K
34979,CLM-00034979,48966,BILL-00048966,24069,PAT-0024069,3,INS003,CarePlus Health,8,DEP008,Gynecology,157560.51,0.0,157560.51,Rejected,Coverage Limit Exceeded,21.0,2026-05-25,2026-06-15,30,0,0,15,10,0,55,High,Rejected claim; Rejected value >= 25K; Claim value >= 100K
17297,CLM-00017297,24202,BILL-00024202,1138,PAT-0001138,5,INS005,LifeCare Insurance,6,DEP006,General Medicine,157228.52,0.0,157228.52,Rejected,Missing Documentation,5.0,2023-07-08,2023-07-13,30,0,0,15,10,0,55,High,Rejected claim; Rejected value >= 25K; Claim value >= 100K
17292,CLM-00017292,24195,BILL-00024195,12585,PAT-0012585,5,INS005,LifeCare Insurance,5,DEP005,Pediatrics,156731.47,0.0,156731.47,Rejected,Coverage Limit Exceeded,12.0,2025-12-17,2025-12-29,30,0,0,15,10,0,55,High,Rejected claim; Rejected value >= 25K; Claim value >= 100K
35507,CLM-00035507,49710,BILL-00049710,8294,PAT-0008294,2,INS002,MediShield Assurance,4,DEP004,Orthopedics,156729.99,0.0,156729.99,Rejected,Duplicate Claim,17.0,2023-02-02,2023-02-19,30,0,0,15,10,0,55,High,Rejected claim; Rejected value >= 25K; Claim value >= 100K
29755,CLM-00029755,41653,BILL-00041653,9252,PAT-0009252,3,INS003,CarePlus Health,6,DEP006,General Medicine,156542.09,0.0,156542.09,Rejected,Coverage Limit Exceeded,13.0,2023-08-23,2023-09-05,30,0,0,15,10,0,55,High,Rejected claim; Rejected value >= 25K; Claim value >= 100K
2667,CLM-00002667,3755,BILL-00003755,20298,PAT-0020298,4,INS004,National Health Plan,9,DEP009,ENT,156428.87,0.0,156428.87,Rejected,Policy Exclusion,8.0,2023-11-17,2023-11-25,30,0,0,15,10,0,55,High,Rejected claim; Rejected value >= 25K; Claim value >= 100K
17418,CLM-00017418,24380,BILL-00024380,13371,PAT-0013371,4,INS004,National Health Plan,6,DEP006,General Medicine,156258.42,0.0,156258.42,Rejected,Policy Exclusion,9.0,2024-02-02,2024-02-11,30,0,0,15,10,0,55,High,Rejected claim; Rejected value >= 25K; Claim value >= 100K
10598,CLM-00010598,14845,BILL-00014845,10613,PAT-0010613,1,INS001,HealthSecure Insurance,4,DEP004,Orthopedics,156041.14,0.0,156041.14,Rejected,Pre-authorization Missing,7.0,2024-06-05,2024-06-12,30,0,0,15,10,0,55,High,Rejected claim; Rejected value >= 25K; Claim value >= 100K
17469,CLM-00017469,24459,BILL-00024459,18296,PAT-0018296,1,INS001,HealthSecure Insurance,4,DEP004,Orthopedics,155831.47,0.0,155831.47,Rejected,Pre-authorization Missing,7.0,2024-01-10,2024-01-17,30,0,0,15,10,0,55,High,Rejected claim; Rejected value >= 25K; Claim value >= 100K
25168,CLM-00025168,35230,BILL-00035230,6266,PAT-0006266,2,INS002,MediShield Assurance,8,DEP008,Gynecology,155710.77,0.0,155710.77,Rejected,Duplicate Claim,20.0,2026-04-07,2026-04-27,30,0,0,15,10,0,55,High,Rejected claim; Rejected value >= 25K; Claim value >= 100K
30117,CLM-00030117,42167,BILL-00042167,1728,PAT-0001728,2,INS002,MediShield Assurance,6,DEP006,General Medicine,155545.06,0.0,155545.06,Rejected,Pre-authorization Missing,15.0,2024-09-29,2024-10-14,30,0,0,15,10,0,55,High,Rejected claim; Rejected value >= 25K; Claim value >= 100K
19171,CLM-00019171,26796,BILL-00026796,900,PAT-0000900,4,INS004,National Health Plan,10,DEP010,Dermatology,155497.25,0.0,155497.25,Rejected,Missing Documentation,8.0,2026-08-28,2026-09-05,30,0,0,15,10,0,55,High,Rejected claim; Rejected value >= 25K; Claim value >= 100K
29060,CLM-00029060,40701,BILL-00040701,15087,PAT-0015087,3,INS003,CarePlus Health,9,DEP009,ENT,155442.78,0.0,155442.78,Rejected,Duplicate Claim,13.0,2024-01-14,2024-01-27,30,0,0,15,10,0,55,High,Rejected claim; Rejected value >= 25K; Claim value >= 100K
17101,CLM-00017101,23940,BILL-00023940,18064,PAT-0018064,5,INS005,LifeCare Insurance,6,DEP006,General Medicine,155332.71,0.0,155332.71,Rejected,Missing Documentation,22.0,2025-04-09,2025-05-01,30,0,0,15,10,0,55,High,Rejected claim; Rejected value >= 25K; Claim value >= 100K
20452,CLM-00020452,28614,BILL-00028614,6293,PAT-0006293,4,INS004,National Health Plan,9,DEP009,ENT,154828.78,0.0,154828.78,Rejected,Duplicate Claim,10.0,2024-10-13,2024-10-23,30,0,0,15,10,0,55,High,Rejected claim; Rejected value >= 25K; Claim value >= 100K
10415,CLM-00010415,14587,BILL-00014587,6076,PAT-0006076,5,INS005,LifeCare Insurance,9,DEP009,ENT,153974.26,0.0,153974.26,Rejected,Policy Exclusion,7.0,2023-12-20,2023-12-27,30,0,0,15,10,0,55,High,Rejected claim; Rejected value >= 25K; Claim value >= 100K
10362,CLM-00010362,14511,BILL-00014511,8771,PAT-0008771,4,INS004,National Health Plan,10,DEP010,Dermatology,153954.15,0.0,153954.15,Rejected,Coverage Limit Exceeded,22.0,2026-09-07,2026-09-29,30,0,0,15,10,0,55,High,Rejected claim; Rejected value >= 25K; Claim value >= 100K
26207,CLM-00026207,36670,BILL-00036670,7395,PAT-0007395,4,INS004,National Health Plan,9,DEP009,ENT,153551.24,0.0,153551.24,Rejected,Duplicate Claim,20.0,2026-05-06,2026-05-26,30,0,0,15,10,0,55,High,Rejected claim; Rejected value >= 25K; Claim value >= 100K
20718,CLM-00020718,28978,BILL-00028978,4859,PAT-0004859,2,INS002,MediShield Assurance,1,DEP001,Emergency,153490.21,0.0,153490.21,Rejected,Incorrect Coding,12.0,2026-06-07,2026-06-19,30,0,0,15,10,0,55,High,Rejected claim; Rejected value >= 25K; Claim value >= 100K
9206,CLM-00009206,12868,BILL-00012868,11978,PAT-0011978,1,INS001,HealthSecure Insurance,2,DEP002,Cardiology,153156.09,0.0,153156.09,Rejected,Policy Exclusion,21.0,2023-11-13,2023-12-04,30,0,0,15,10,0,55,High,Rejected claim; Rejected value >= 25K; Claim value >= 100K
33444,CLM-00033444,46778,BILL-00046778,14610,PAT-0014610,1,INS001,HealthSecure Insurance,1,DEP001,Emergency,151724.49,0.0,151724.49,Rejected,Policy Exclusion,5.0,2024-02-25,2024-03-01,30,0,0,15,10,0,55,High,Rejected claim; Rejected value >= 25K; Claim value >= 100K
33282,CLM-00033282,46548,BILL-00046548,21936,PAT-0021936,2,INS002,MediShield Assurance,9,DEP009,ENT,151564.46,0.0,151564.46,Rejected,Incorrect Coding,14.0,2025-08-19,2025-09-02,30,0,0,15,10,0,55,High,Rejected claim; Rejected value >= 25K; Claim value >= 100K
29185,CLM-00029185,40876,BILL-00040876,808,PAT-0000808,2,INS002,MediShield Assurance,9,DEP009,ENT,151452.82,0.0,151452.82,Rejected,Missing Documentation,23.0,2024-02-15,2024-03-09,30,0,0,15,10,0,55,High,Rejected claim; Rejected value >= 25K; Claim value >= 100K
20327,CLM-00020327,28428,BILL-00028428,16960,PAT-0016960,5,INS005,LifeCare Insurance,5,DEP005,Pediatrics,151403.31,0.0,151403.31,Rejected,Duplicate Claim,14.0,2024-12-15,2024-12-29,30,0,0,15,10,0,55,High,Rejected claim; Rejected value >= 25K; Claim value >= 100K
5858,CLM-00005858,8221,BILL-00008221,929,PAT-0000929,1,INS001,HealthSecure Insurance,9,DEP009,ENT,151309.58,0.0,151309.58,Rejected,Pre-authorization Missing,10.0,2024-10-23,2024-11-02,30,0,0,15,10,0,55,High,Rejected claim; Rejected value >= 25K; Claim value >= 100K
10215,CLM-00010215,14302,BILL-00014302,15014,PAT-0015014,3,INS003,CarePlus Health,2,DEP002,Cardiology,151282.65,0.0,151282.65,Rejected,Policy Exclusion,10.0,2024-03-05,2024-03-15,30,0,0,15,10,0,55,High,Rejected claim; Rejected value >= 25K; Claim value >= 100K
16557,CLM-00016557,23192,BILL-00023192,15207,PAT-0015207,3,INS003,CarePlus Health,10,DEP010,Dermatology,150847.79,0.0,150847.79,Rejected,Policy Exclusion,13.0,2024-04-22,2024-05-05,30,0,0,15,10,0,55,High,Rejected claim; Rejected value >= 25K; Claim value >= 100K
9146,CLM-00009146,12784,BILL-00012784,17202,PAT-0017202,2,INS002,MediShield Assurance,3,DEP003,Neurology,150674.3,0.0,150674.3,Rejected,Duplicate Claim,6.0,2023-10-31,2023-11-06,30,0,0,15,10,0,55,High,Rejected claim; Rejected value >= 25K; Claim value >= 100K
25398,CLM-00025398,35535,BILL-00035535,9455,PAT-0009455,2,INS002,MediShield Assurance,8,DEP008,Gynecology,150615.93,0.0,150615.93,Rejected,Incorrect Coding,16.0,2025-01-04,2025-01-20,30,0,0,15,10,0,55,High,Rejected claim; Rejected value >= 25K; Claim value >= 100K
29441,CLM-00029441,41223,BILL-00041223,11457,PAT-0011457,3,INS003,CarePlus Health,1,DEP001,Emergency,149245.15,0.0,149245.15,Rejected,Incorrect Coding,14.0,2024-05-22,2024-06-05,30,0,0,15,10,0,55,High,Rejected claim; Rejected value >= 25K; Claim value >= 100K
35320,CLM-00035320,49442,BILL-00049442,24519,PAT-0024519,3,INS003,CarePlus Health,1,DEP001,Emergency,148880.72,0.0,148880.72,Rejected,Pre-authorization Missing,17.0,2024-11-09,2024-11-26,30,0,0,15,10,0,55,High,Rejected claim; Rejected value >= 25K; Claim value >= 100K
6545,CLM-00006545,9147,BILL-00009147,10766,PAT-0010766,4,INS004,National Health Plan,3,DEP003,Neurology,148538.58,0.0,148538.58,Rejected,Pre-authorization Missing,7.0,2025-04-09,2025-04-16,30,0,0,15,10,0,55,High,Rejected claim; Rejected value >= 25K; Claim value >= 100K
29954,CLM-00029954,41934,BILL-00041934,15730,PAT-0015730,5,INS005,LifeCare Insurance,1,DEP001,Emergency,148527.23,0.0,148527.23,Rejected,Pre-authorization Missing,24.0,2023-12-03,2023-12-27,30,0,0,15,10,0,55,High,Rejected claim; Rejected value >= 25K; Claim value >= 100K
34775,CLM-00034775,48684,BILL-00048684,2824,PAT-0002824,1,INS001,HealthSecure Insurance,9,DEP009,ENT,148408.59,0.0,148408.59,Rejected,Incorrect Coding,12.0,2026-09-20,2026-10-02,30,0,0,15,10,0,55,High,Rejected claim; Rejected value >= 25K; Claim value >= 100K
31789,CLM-00031789,44472,BILL-00044472,21953,PAT-0021953,3,INS003,CarePlus Health,7,DEP007,Oncology,147619.52,0.0,147619.52,Rejected,Incorrect Coding,6.0,2025-03-08,2025-03-14,30,0,0,15,10,0,55,High,Rejected claim; Rejected value >= 25K; Claim value >= 100K
20805,CLM-00020805,29083,BILL-00029083,4396,PAT-0004396,3,INS003,CarePlus Health,1,DEP001,Emergency,147552.3,0.0,147552.3,Rejected,Incorrect Coding,6.0,2025-07-19,2025-07-25,30,0,0,15,10,0,55,High,Rejected claim; Rejected value >= 25K; Claim value >= 100K
22108,CLM-00022108,30913,BILL-00030913,13593,PAT-0013593,5,INS005,LifeCare Insurance,8,DEP008,Gynecology,147245.11,0.0,147245.11,Rejected,Policy Exclusion,25.0,2023-02-03,2023-02-28,30,0,0,15,10,0,55,High,Rejected claim; Rejected value >= 25K; Claim value >= 100K
10593,CLM-00010593,14837,BILL-00014837,15436,PAT-0015436,3,INS003,CarePlus Health,4,DEP004,Orthopedics,147069.85,0.0,147069.85,Rejected,Incorrect Coding,12.0,2026-08-30,2026-09-11,30,0,0,15,10,0,55,High,Rejected claim; Rejected value >= 25K; Claim value >= 100K
23479,CLM-00023479,32822,BILL-00032822,1233,PAT-0001233,1,INS001,HealthSecure Insurance,3,DEP003,Neurology,146756.73,0.0,146756.73,Rejected,Pre-authorization Missing,10.0,2024-05-27,2024-06-06,30,0,0,15,10,0,55,High,Rejected claim; Rejected value >= 25K; Claim value >= 100K
8541,CLM-00008541,11918,BILL-00011918,14639,PAT-0014639,1,INS001,HealthSecure Insurance,1,DEP001,Emergency,146625.76,0.0,146625.76,Rejected,Policy Exclusion,10.0,2025-11-27,2025-12-07,30,0,0,15,10,0,55,High,Rejected claim; Rejected value >= 25K; Claim value >= 100K
34923,CLM-00034923,48889,BILL-00048889,14976,PAT-0014976,3,INS003,CarePlus Health,2,DEP002,Cardiology,146345.45,0.0,146345.45,Rejected,Missing Documentation,14.0,2025-01-17,2025-01-31,30,0,0,15,10,0,55,High,Rejected claim; Rejected value >= 25K; Claim value >= 100K
2597,CLM-00002597,3661,BILL-00003661,11576,PAT-0011576,5,INS005,LifeCare Insurance,7,DEP007,Oncology,146300.75,0.0,146300.75,Rejected,Incorrect Coding,19.0,2023-09-02,2023-09-21,30,0,0,15,10,0,55,High,Rejected claim; Rejected value >= 25K; Claim value >= 100K
5291,CLM-00005291,7421,BILL-00007421,16816,PAT-0016816,1,INS001,HealthSecure Insurance,4,DEP004,Orthopedics,146052.87,0.0,146052.87,Rejected,Missing Documentation,9.0,2025-11-08,2025-11-17,30,0,0,15,10,0,55,High,Rejected claim; Rejected value >= 25K; Claim value >= 100K
10381,CLM-00010381,14536,BILL-00014536,7972,PAT-0007972,4,INS004,National Health Plan,2,DEP002,Cardiology,145764.06,0.0,145764.06,Rejected,Duplicate Claim,13.0,2024-07-03,2024-07-16,30,0,0,15,10,0,55,High,Rejected claim; Rejected value >= 25K; Claim value >= 100K
13172,CLM-00013172,18383,BILL-00018383,5931,PAT-0005931,2,INS002,MediShield Assurance,3,DEP003,Neurology,145543.57,0.0,145543.57,Rejected,Duplicate Claim,25.0,2024-12-03,2024-12-28,30,0,0,15,10,0,55,High,Rejected claim; Rejected value >= 25K; Claim value >= 100K
24626,CLM-00024626,34475,BILL-00034475,5538,PAT-0005538,2,INS002,MediShield Assurance,10,DEP010,Dermatology,145541.15,0.0,145541.15,Rejected,Duplicate Claim,13.0,2026-09-10,2026-09-23,30,0,0,15,10,0,55,High,Rejected claim; Rejected value >= 25K; Claim value >= 100K
13676,CLM-00013676,19102,BILL-00019102,4400,PAT-0004400,1,INS001,HealthSecure Insurance,10,DEP010,Dermatology,145456.89,0.0,145456.89,Rejected,Missing Documentation,13.0,2025-10-28,2025-11-10,30,0,0,15,10,0,55,High,Rejected claim; Rejected value >= 25K; Claim value >= 100K
20767,CLM-00020767,29037,BILL-00029037,9331,PAT-0009331,4,INS004,National Health Plan,4,DEP004,Orthopedics,145170.94,0.0,145170.94,Rejected,Missing Documentation,24.0,2026-08-22,2026-09-15,30,0,0,15,10,0,55,High,Rejected claim; Rejected value >= 25K; Claim value >= 100K
4613,CLM-00004613,6514,BILL-00006514,23133,PAT-0023133,1,INS001,HealthSecure Insurance,8,DEP008,Gynecology,145114.01,0.0,145114.01,Rejected,Policy Exclusion,12.0,2023-10-24,2023-11-05,30,0,0,15,10,0,55,High,Rejected claim; Rejected value >= 25K; Claim value >= 100K
31136,CLM-00031136,43583,BILL-00043583,14640,PAT-0014640,2,INS002,MediShield Assurance,4,DEP004,Orthopedics,145011.34,0.0,145011.34,Rejected,Missing Documentation,6.0,2023-05-25,2023-05-31,30,0,0,15,10,0,55,High,Rejected claim; Rejected value >= 25K; Claim value >= 100K
26789,CLM-00026789,37494,BILL-00037494,24333,PAT-0024333,5,INS005,LifeCare Insurance,6,DEP006,General Medicine,145001.82,0.0,145001.82,Rejected,Missing Documentation,25.0,2026-04-24,2026-05-19,30,0,0,15,10,0,55,High,Rejected claim; Rejected value >= 25K; Claim value >= 100K
6649,CLM-00006649,9289,BILL-00009289,9620,PAT-0009620,4,INS004,National Health Plan,7,DEP007,Oncology,144600.19,0.0,144600.19,Rejected,Missing Documentation,25.0,2026-06-05,2026-06-30,30,0,0,15,10,0,55,High,Rejected claim; Rejected value >= 25K; Claim value >= 100K
6521,CLM-00006521,9106,BILL-00009106,22589,PAT-0022589,1,INS001,HealthSecure Insurance,6,DEP006,General Medicine,144463.42,0.0,144463.42,Rejected,Missing Documentation,25.0,2026-04-30,2026-05-25,30,0,0,15,10,0,55,High,Rejected claim; Rejected value >= 25K; Claim value >= 100K
16243,CLM-00016243,22750,BILL-00022750,5472,PAT-0005472,2,INS002,MediShield Assurance,10,DEP010,Dermatology,144173.46,0.0,144173.46,Rejected,Incorrect Coding,11.0,2023-07-22,2023-08-02,30,0,0,15,10,0,55,High,Rejected claim; Rejected value >= 25K; Claim value >= 100K
32106,CLM-00032106,44910,BILL-00044910,1761,PAT-0001761,5,INS005,LifeCare Insurance,9,DEP009,ENT,144060.73,0.0,144060.73,Rejected,Pre-authorization Missing,17.0,2026-09-25,2026-10-12,30,0,0,15,10,0,55,High,Rejected claim; Rejected value >= 25K; Claim value >= 100K
8692,CLM-00008692,12127,BILL-00012127,414,PAT-0000414,5,INS005,LifeCare Insurance,7,DEP007,Oncology,143865.31,0.0,143865.31,Rejected,Pre-authorization Missing,18.0,2026-08-13,2026-08-31,30,0,0,15,10,0,55,High,Rejected claim; Rejected value >= 25K; Claim value >= 100K
18314,CLM-00018314,25615,BILL-00025615,7038,PAT-0007038,3,INS003,CarePlus Health,10,DEP010,Dermatology,143662.83,0.0,143662.83,Rejected,Missing Documentation,18.0,2025-01-25,2025-02-12,30,0,0,15,10,0,55,High,Rejected claim; Rejected value >= 25K; Claim value >= 100K
25497,CLM-00025497,35692,BILL-00035692,19477,PAT-0019477,4,INS004,National Health Plan,10,DEP010,Dermatology,143558.54,0.0,143558.54,Rejected,Pre-authorization Missing,25.0,2026-09-30,2026-10-25,30,0,0,15,10,0,55,High,Rejected claim; Rejected value >= 25K; Claim value >= 100K
8338,CLM-00008338,11646,BILL-00011646,7315,PAT-0007315,2,INS002,MediShield Assurance,4,DEP004,Orthopedics,143541.76,0.0,143541.76,Rejected,Pre-authorization Missing,16.0,2023-02-05,2023-02-21,30,0,0,15,10,0,55,High,Rejected claim; Rejected value >= 25K; Claim value >= 100K
27898,CLM-00027898,39035,BILL-00039035,10051,PAT-0010051,5,INS005,LifeCare Insurance,10,DEP010,Dermatology,143216.99,0.0,143216.99,Rejected,Coverage Limit Exceeded,22.0,2024-04-03,2024-04-25,30,0,0,15,10,0,55,High,Rejected claim; Rejected value >= 25K; Claim value >= 100K
14076,CLM-00014076,19659,BILL-00019659,24590,PAT-0024590,3,INS003,CarePlus Health,9,DEP009,ENT,142974.46,0.0,142974.46,Rejected,Pre-authorization Missing,11.0,2026-02-16,2026-02-27,30,0,0,15,10,0,55,High,Rejected claim; Rejected value >= 25K; Claim value >= 100K
13634,CLM-00013634,19040,BILL-00019040,17156,PAT-0017156,5,INS005,LifeCare Insurance,6,DEP006,General Medicine,142925.16,0.0,142925.16,Rejected,Duplicate Claim,22.0,2025-01-18,2025-02-09,30,0,0,15,10,0,55,High,Rejected claim; Rejected value >= 25K; Claim value >= 100K
19432,CLM-00019432,27186,BILL-00027186,16500,PAT-0016500,3,INS003,CarePlus Health,3,DEP003,Neurology,142761.33,0.0,142761.33,Rejected,Pre-authorization Missing,18.0,2023-07-30,2023-08-17,30,0,0,15,10,0,55,High,Rejected claim; Rejected value >= 25K; Claim value >= 100K
30474,CLM-00030474,42656,BILL-00042656,9541,PAT-0009541,3,INS003,CarePlus Health,9,DEP009,ENT,142613.74,0.0,142613.74,Rejected,Incorrect Coding,25.0,2024-07-18,2024-08-12,30,0,0,15,10,0,55,High,Rejected claim; Rejected value >= 25K; Claim value >= 100K
19022,CLM-00019022,26598,BILL-00026598,1174,PAT-0001174,5,INS005,LifeCare Insurance,10,DEP010,Dermatology,142554.44,0.0,142554.44,Rejected,Coverage Limit Exceeded,9.0,2026-05-27,2026-06-05,30,0,0,15,10,0,55,High,Rejected claim; Rejected value >= 25K; Claim value >= 100K
6136,CLM-00006136,8596,BILL-00008596,8064,PAT-0008064,2,INS002,MediShield Assurance,7,DEP007,Oncology,142280.09,0.0,142280.09,Rejected,Policy Exclusion,20.0,2023-12-08,2023-12-28,30,0,0,15,10,0,55,High,Rejected claim; Rejected value >= 25K; Claim value >= 100K
12365,CLM-00012365,17278,BILL-00017278,17467,PAT-0017467,5,INS005,LifeCare Insurance,7,DEP007,Oncology,142253.81,0.0,142253.81,Rejected,Policy Exclusion,12.0,2026-05-04,2026-05-16,30,0,0,15,10,0,55,High,Rejected claim; Rejected value >= 25K; Claim value >= 100K
8554,CLM-00008554,11933,BILL-00011933,7286,PAT-0007286,5,INS005,LifeCare Insurance,4,DEP004,Orthopedics,142247.63,0.0,142247.63,Rejected,Duplicate Claim,9.0,2023-02-23,2023-03-04,30,0,0,15,10,0,55,High,Rejected claim; Rejected value >= 25K; Claim value >= 100K
7440,CLM-00007440,10407,BILL-00010407,19105,PAT-0019105,2,INS002,MediShield Assurance,8,DEP008,Gynecology,142149.9,0.0,142149.9,Rejected,Coverage Limit Exceeded,15.0,2024-12-25,2025-01-09,30,0,0,15,10,0,55,High,Rejected claim; Rejected value >= 25K; Claim value >= 100K
3567,CLM-00003567,5020,BILL-00005020,14168,PAT-0014168,3,INS003,CarePlus Health,5,DEP005,Pediatrics,142096.14,0.0,142096.14,Rejected,Pre-authorization Missing,7.0,2025-11-27,2025-12-04,30,0,0,15,10,0,55,High,Rejected claim; Rejected value >= 25K; Claim value >= 100K
12166,CLM-00012166,17007,BILL-00017007,2533,PAT-0002533,5,INS005,LifeCare Insurance,7,DEP007,Oncology,142021.6,0.0,142021.6,Rejected,Missing Documentation,15.0,2026-01-23,2026-02-07,30,0,0,15,10,0,55,High,Rejected claim; Rejected value >= 25K; Claim value >= 100K
10246,CLM-00010246,14340,BILL-00014340,5277,PAT-0005277,1,INS001,HealthSecure Insurance,1,DEP001,Emergency,141951.3,0.0,141951.3,Rejected,Pre-authorization Missing,5.0,2026-01-04,2026-01-09,30,0,0,15,10,0,55,High,Rejected claim; Rejected value >= 25K; Claim value >= 100K
18572,CLM-00018572,25965,BILL-00025965,907,PAT-0000907,3,INS003,CarePlus Health,7,DEP007,Oncology,141936.03,0.0,141936.03,Rejected,Policy Exclusion,22.0,2026-03-18,2026-04-09,30,0,0,15,10,0,55,High,Rejected claim; Rejected value >= 25K; Claim value >= 100K
23137,CLM-00023137,32318,BILL-00032318,11575,PAT-0011575,4,INS004,National Health Plan,3,DEP003,Neurology,141792.36,0.0,141792.36,Rejected,Missing Documentation,5.0,2025-03-03,2025-03-08,30,0,0,15,10,0,55,High,Rejected claim; Rejected value >= 25K; Claim value >= 100K
35013,CLM-00035013,49014,BILL-00049014,24677,PAT-0024677,5,INS005,LifeCare Insurance,7,DEP007,Oncology,141404.37,0.0,141404.37,Rejected,Missing Documentation,15.0,2023-05-27,2023-06-11,30,0,0,15,10,0,55,High,Rejected claim; Rejected value >= 25K; Claim value >= 100K
12703,CLM-00012703,17756,BILL-00017756,14105,PAT-0014105,2,INS002,MediShield Assurance,5,DEP005,Pediatrics,141171.49,0.0,141171.49,Rejected,Policy Exclusion,24.0,2026-04-16,2026-05-10,30,0,0,15,10,0,55,High,Rejected claim; Rejected value >= 25K; Claim value >= 100K
24862,CLM-00024862,34811,BILL-00034811,7458,PAT-0007458,3,INS003,CarePlus Health,1,DEP001,Emergency,141043.94,0.0,141043.94,Rejected,Coverage Limit Exceeded,14.0,2025-11-22,2025-12-06,30,0,0,15,10,0,55,High,Rejected claim; Rejected value >= 25K; Claim value >= 100K
13231,CLM-00013231,18477,BILL-00018477,19574,PAT-0019574,4,INS004,National Health Plan,7,DEP007,Oncology,140964.71,0.0,140964.71,Rejected,Duplicate Claim,7.0,2024-11-26,2024-12-03,30,0,0,15,10,0,55,High,Rejected claim; Rejected value >= 25K; Claim value >= 100K
33718,CLM-00033718,47154,BILL-00047154,21603,PAT-0021603,1,INS001,HealthSecure Insurance,7,DEP007,Oncology,140608.67,0.0,140608.67,Rejected,Pre-authorization Missing,23.0,2026-04-05,2026-04-28,30,0,0,15,10,0,55,High,Rejected claim; Rejected value >= 25K; Claim value >= 100K
12095,CLM-00012095,16906,BILL-00016906,11890,PAT-0011890,1,INS001,HealthSecure Insurance,7,DEP007,Oncology,140594.9,0.0,140594.9,Rejected,Incorrect Coding,12.0,2026-08-29,2026-09-10,30,0,0,15,10,0,55,High,Rejected claim; Rejected value >= 25K; Claim value >= 100K
2444,CLM-00002444,3437,BILL-00003437,6258,PAT-0006258,2,INS002,MediShield Assurance,10,DEP010,Dermatology,140582.73,0.0,140582.73,Rejected,Pre-authorization Missing,17.0,2023-04-29,2023-05-16,30,0,0,15,10,0,55,High,Rejected claim; Rejected value >= 25K; Claim value >= 100K
32556,CLM-00032556,45531,BILL-00045531,7367,PAT-0007367,1,INS001,HealthSecure Insurance,6,DEP006,General Medicine,140566.54,0.0,140566.54,Rejected,Missing Documentation,10.0,2023-09-23,2023-10-03,30,0,0,15,10,0,55,High,Rejected claim; Rejected value >= 25K; Claim value >= 100K
32434,CLM-00032434,45360,BILL-00045360,9876,PAT-0009876,2,INS002,MediShield Assurance,4,DEP004,Orthopedics,140081.55,0.0,140081.55,Rejected,Duplicate Claim,5.0,2025-05-16,2025-05-21,30,0,0,15,10,0,55,High,Rejected claim; Rejected value >= 25K; Claim value >= 100K
17433,CLM-00017433,24403,BILL-00024403,7701,PAT-0007701,2,INS002,MediShield Assurance,10,DEP010,Dermatology,140019.23,0.0,140019.23,Rejected,Policy Exclusion,7.0,2024-07-16,2024-07-23,30,0,0,15,10,0,55,High,Rejected claim; Rejected value >= 25K; Claim value >= 100K
16456,CLM-00016456,23051,BILL-00023051,3976,PAT-0003976,4,INS004,National Health Plan,2,DEP002,Cardiology,139660.17,0.0,139660.17,Rejected,Missing Documentation,18.0,2025-05-24,2025-06-11,30,0,0,15,10,0,55,High,Rejected claim; Rejected value >= 25K; Claim value >= 100K
19981,CLM-00019981,27944,BILL-00027944,9479,PAT-0009479,3,INS003,CarePlus Health,4,DEP004,Orthopedics,139441.0,0.0,139441.0,Rejected,Missing Documentation,6.0,2023-06-06,2023-06-12,30,0,0,15,10,0,55,High,Rejected claim; Rejected value >= 25K; Claim value >= 100K
16648,CLM-00016648,23310,BILL-00023310,3449,PAT-0003449,4,INS004,National Health Plan,4,DEP004,Orthopedics,139166.78,0.0,139166.78,Rejected,Policy Exclusion,5.0,2025-04-28,2025-05-03,30,0,0,15,10,0,55,High,Rejected claim; Rejected value >= 25K; Claim value >= 100K
32225,CLM-00032225,45080,BILL-00045080,3389,PAT-0003389,2,INS002,MediShield Assurance,9,DEP009,ENT,139002.9,0.0,139002.9,Rejected,Coverage Limit Exceeded,24.0,2023-03-11,2023-04-04,30,0,0,15,10,0,55,High,Rejected claim; Rejected value >= 25K; Claim value >= 100K
12510,CLM-00012510,17483,BILL-00017483,639,PAT-0000639,3,INS003,CarePlus Health,7,DEP007,Oncology,138356.65,0.0,138356.65,Rejected,Pre-authorization Missing,15.0,2023-01-15,2023-01-30,30,0,0,15,10,0,55,High,Rejected claim; Rejected value >= 25K; Claim value >= 100K
13600,CLM-00013600,18996,BILL-00018996,16508,PAT-0016508,3,INS003,CarePlus Health,4,DEP004,Orthopedics,138186.47,0.0,138186.47,Rejected,Duplicate Claim,7.0,2025-03-02,2025-03-09,30,0,0,15,10,0,55,High,Rejected claim; Rejected value >= 25K; Claim value >= 100K
27770,CLM-00027770,38850,BILL-00038850,5290,PAT-0005290,5,INS005,LifeCare Insurance,9,DEP009,ENT,137999.36,0.0,137999.36,Rejected,Incorrect Coding,12.0,2023-02-07,2023-02-19,30,0,0,15,10,0,55,High,Rejected claim; Rejected value >= 25K; Claim value >= 100K
29747,CLM-00029747,41645,BILL-00041645,21543,PAT-0021543,1,INS001,HealthSecure Insurance,7,DEP007,Oncology,137630.76,0.0,137630.76,Rejected,Policy Exclusion,19.0,2026-06-22,2026-07-11,30,0,0,15,10,0,55,High,Rejected claim; Rejected value >= 25K; Claim value >= 100K
17807,CLM-00017807,24934,BILL-00024934,18340,PAT-0018340,1,INS001,HealthSecure Insurance,10,DEP010,Dermatology,137494.1,0.0,137494.1,Rejected,Incorrect Coding,16.0,2023-06-14,2023-06-30,30,0,0,15,10,0,55,High,Rejected claim; Rejected value >= 25K; Claim value >= 100K
24332,CLM-00024332,34042,BILL-00034042,1884,PAT-0001884,5,INS005,LifeCare Insurance,6,DEP006,General Medicine,137455.93,0.0,137455.93,Rejected,Missing Documentation,18.0,2026-03-12,2026-03-30,30,0,0,15,10,0,55,High,Rejected claim; Rejected value >= 25K; Claim value >= 100K
36428,CLM-00036313,51033,BILL-00050854,8700,PAT-0008700,2,INS002,MediShield Assurance,4,DEP004,Orthopedics,137428.03,0.0,137428.03,Rejected,Policy Exclusion,9.0,2026-10-07,2026-10-16,30,0,0,15,10,0,55,High,Rejected claim; Rejected value >= 25K; Claim value >= 100K
19182,CLM-00019182,26816,BILL-00026816,20609,PAT-0020609,5,INS005,LifeCare Insurance,4,DEP004,Orthopedics,137362.56,0.0,137362.56,Rejected,Duplicate Claim,13.0,2026-02-17,2026-03-02,30,0,0,15,10,0,55,High,Rejected claim; Rejected value >= 25K; Claim value >= 100K
25081,CLM-00025081,35115,BILL-00035115,5891,PAT-0005891,5,INS005,LifeCare Insurance,6,DEP006,General Medicine,136983.03,0.0,136983.03,Rejected,Policy Exclusion,17.0,2024-11-01,2024-11-18,30,0,0,15,10,0,55,High,Rejected claim; Rejected value >= 25K; Claim value >= 100K
10988,CLM-00010988,15383,BILL-00015383,12851,PAT-0012851,5,INS005,LifeCare Insurance,9,DEP009,ENT,136852.15,0.0,136852.15,Rejected,Incorrect Coding,20.0,2023-10-21,2023-11-10,30,0,0,15,10,0,55,High,Rejected claim; Rejected value >= 25K; Claim value >= 100K
2772,CLM-00002772,3913,BILL-00003913,9826,PAT-0009826,3,INS003,CarePlus Health,3,DEP003,Neurology,136654.05,0.0,136654.05,Rejected,Duplicate Claim,7.0,2025-02-14,2025-02-21,30,0,0,15,10,0,55,High,Rejected claim; Rejected value >= 25K; Claim value >= 100K
25792,CLM-00025792,36106,BILL-00036106,8876,PAT-0008876,4,INS004,National Health Plan,5,DEP005,Pediatrics,136593.44,0.0,136593.44,Rejected,Pre-authorization Missing,11.0,2023-06-05,2023-06-16,30,0,0,15,10,0,55,High,Rejected claim; Rejected value >= 25K; Claim value >= 100K
34688,CLM-00034688,48547,BILL-00048547,23450,PAT-0023450,5,INS005,LifeCare Insurance,3,DEP003,Neurology,136498.01,0.0,136498.01,Rejected,Missing Documentation,9.0,2024-08-28,2024-09-06,30,0,0,15,10,0,55,High,Rejected claim; Rejected value >= 25K; Claim value >= 100K
26479,CLM-00026479,37051,BILL-00037051,18675,PAT-0018675,1,INS001,HealthSecure Insurance,7,DEP007,Oncology,136381.03,0.0,136381.03,Rejected,Coverage Limit Exceeded,9.0,2023-08-18,2023-08-27,30,0,0,15,10,0,55,High,Rejected claim; Rejected value >= 25K; Claim value >= 100K
2533,CLM-00002533,3564,BILL-00003564,13988,PAT-0013988,5,INS005,LifeCare Insurance,1,DEP001,Emergency,136265.9,0.0,136265.9,Rejected,Incorrect Coding,8.0,2026-06-04,2026-06-12,30,0,0,15,10,0,55,High,Rejected claim; Rejected value >= 25K; Claim value >= 100K
32406,CLM-00032406,45325,BILL-00045325,7932,PAT-0007932,4,INS004,National Health Plan,4,DEP004,Orthopedics,135952.2,0.0,135952.2,Rejected,Incorrect Coding,7.0,2024-01-22,2024-01-29,30,0,0,15,10,0,55,High,Rejected claim; Rejected value >= 25K; Claim value >= 100K
10671,CLM-00010671,14942,BILL-00014942,13656,PAT-0013656,3,INS003,CarePlus Health,9,DEP009,ENT,135943.85,0.0,135943.85,Rejected,Incorrect Coding,6.0,2024-09-04,2024-09-10,30,0,0,15,10,0,55,High,Rejected claim; Rejected value >= 25K; Claim value >= 100K
2229,CLM-00002229,3139,BILL-00003139,294,PAT-0000294,4,INS004,National Health Plan,2,DEP002,Cardiology,135733.65,0.0,135733.65,Rejected,Incorrect Coding,11.0,2025-01-05,2025-01-16,30,0,0,15,10,0,55,High,Rejected claim; Rejected value >= 25K; Claim value >= 100K
18107,CLM-00018107,25339,BILL-00025339,6745,PAT-0006745,3,INS003,CarePlus Health,5,DEP005,Pediatrics,135487.31,0.0,135487.31,Rejected,Coverage Limit Exceeded,10.0,2026-01-06,2026-01-16,30,0,0,15,10,0,55,High,Rejected claim; Rejected value >= 25K; Claim value >= 100K
18622,CLM-00018622,26029,BILL-00026029,13906,PAT-0013906,5,INS005,LifeCare Insurance,2,DEP002,Cardiology,135449.34,0.0,135449.34,Rejected,Incorrect Coding,23.0,2024-06-22,2024-07-15,30,0,0,15,10,0,55,High,Rejected claim; Rejected value >= 25K; Claim value >= 100K
17864,CLM-00017864,25018,BILL-00025018,20513,PAT-0020513,4,INS004,National Health Plan,5,DEP005,Pediatrics,135217.22,0.0,135217.22,Rejected,Policy Exclusion,13.0,2023-04-11,2023-04-24,30,0,0,15,10,0,55,High,Rejected claim; Rejected value >= 25K; Claim value >= 100K
11547,CLM-00011547,16151,BILL-00016151,14695,PAT-0014695,1,INS001,HealthSecure Insurance,1,DEP001,Emergency,135173.34,0.0,135173.34,Rejected,Policy Exclusion,9.0,2025-03-01,2025-03-10,30,0,0,15,10,0,55,High,Rejected claim; Rejected value >= 25K; Claim value >= 100K
20401,CLM-00020401,28530,BILL-00028530,3844,PAT-0003844,4,INS004,National Health Plan,1,DEP001,Emergency,135015.86,0.0,135015.86,Rejected,Incorrect Coding,11.0,2024-09-18,2024-09-29,30,0,0,15,10,0,55,High,Rejected claim; Rejected value >= 25K; Claim value >= 100K
11942,CLM-00011942,16695,BILL-00016695,10394,PAT-0010394,3,INS003,CarePlus Health,4,DEP004,Orthopedics,134931.29,0.0,134931.29,Rejected,Policy Exclusion,11.0,2024-12-24,2025-01-04,30,0,0,15,10,0,55,High,Rejected claim; Rejected value >= 25K; Claim value >= 100K
13198,CLM-00013198,18424,BILL-00018424,19236,PAT-0019236,4,INS004,National Health Plan,2,DEP002,Cardiology,134263.19,0.0,134263.19,Rejected,Incorrect Coding,23.0,2025-11-13,2025-12-06,30,0,0,15,10,0,55,High,Rejected claim; Rejected value >= 25K; Claim value >= 100K
4437,CLM-00004437,6269,BILL-00006269,24486,PAT-0024486,1,INS001,HealthSecure Insurance,9,DEP009,ENT,133700.13,0.0,133700.13,Rejected,Duplicate Claim,14.0,2023-07-02,2023-07-16,30,0,0,15,10,0,55,High,Rejected claim; Rejected value >= 25K; Claim value >= 100K
25144,CLM-00025144,35202,BILL-00035202,9121,PAT-0009121,4,INS004,National Health Plan,9,DEP009,ENT,133226.3,0.0,133226.3,Rejected,Incorrect Coding,23.0,2025-08-26,2025-09-18,30,0,0,15,10,0,55,High,Rejected claim; Rejected value >= 25K; Claim value >= 100K
2906,CLM-00002906,4108,BILL-00004108,22029,PAT-0022029,3,INS003,CarePlus Health,6,DEP006,General Medicine,133212.37,0.0,133212.37,Rejected,Duplicate Claim,5.0,2024-01-15,2024-01-20,30,0,0,15,10,0,55,High,Rejected claim; Rejected value >= 25K; Claim value >= 100K
16345,CLM-00016345,22896,BILL-00022896,11149,PAT-0011149,5,INS005,LifeCare Insurance,2,DEP002,Cardiology,133193.67,0.0,133193.67,Rejected,Policy Exclusion,8.0,2023-08-20,2023-08-28,30,0,0,15,10,0,55,High,Rejected claim; Rejected value >= 25K; Claim value >= 100K
9314,CLM-00009314,13016,BILL-00013016,5514,PAT-0005514,2,INS002,MediShield Assurance,1,DEP001,Emergency,132881.6,0.0,132881.6,Rejected,Policy Exclusion,18.0,2026-09-01,2026-09-19,30,0,0,15,10,0,55,High,Rejected claim; Rejected value >= 25K; Claim value >= 100K
34705,CLM-00034705,48569,BILL-00048569,23077,PAT-0023077,5,INS005,LifeCare Insurance,4,DEP004,Orthopedics,132690.63,0.0,132690.63,Rejected,Missing Documentation,6.0,2025-05-24,2025-05-30,30,0,0,15,10,0,55,High,Rejected claim; Rejected value >= 25K; Claim value >= 100K
32052,CLM-00032052,44838,BILL-00044838,13220,PAT-0013220,4,INS004,National Health Plan,3,DEP003,Neurology,132660.09,0.0,132660.09,Rejected,Policy Exclusion,10.0,2023-11-12,2023-11-22,30,0,0,15,10,0,55,High,Rejected claim; Rejected value >= 25K; Claim value >= 100K
17666,CLM-00017666,24738,BILL-00024738,21941,PAT-0021941,4,INS004,National Health Plan,9,DEP009,ENT,132560.61,0.0,132560.61,Rejected,Incorrect Coding,24.0,2024-05-13,2024-06-06,30,0,0,15,10,0,55,High,Rejected claim; Rejected value >= 25K; Claim value >= 100K
9129,CLM-00009129,12758,BILL-00012758,16171,PAT-0016171,1,INS001,HealthSecure Insurance,9,DEP009,ENT,132358.26,0.0,132358.26,Rejected,Duplicate Claim,8.0,2023-02-12,2023-02-20,30,0,0,15,10,0,55,High,Rejected claim; Rejected value >= 25K; Claim value >= 100K
28759,CLM-00028759,40254,BILL-00040254,22664,PAT-0022664,5,INS005,LifeCare Insurance,9,DEP009,ENT,132354.67,0.0,132354.67,Rejected,Pre-authorization Missing,8.0,2025-02-03,2025-02-11,30,0,0,15,10,0,55,High,Rejected claim; Rejected value >= 25K; Claim value >= 100K
9354,CLM-00009354,13073,BILL-00013073,12640,PAT-0012640,5,INS005,LifeCare Insurance,4,DEP004,Orthopedics,131815.71,0.0,131815.71,Rejected,Missing Documentation,22.0,2026-09-27,2026-10-19,30,0,0,15,10,0,55,High,Rejected claim; Rejected value >= 25K; Claim value >= 100K
32725,CLM-00032725,45763,BILL-00045763,19733,PAT-0019733,2,INS002,MediShield Assurance,3,DEP003,Neurology,131420.7,0.0,131420.7,Rejected,Incorrect Coding,23.0,2023-07-13,2023-08-05,30,0,0,15,10,0,55,High,Rejected claim; Rejected value >= 25K; Claim value >= 100K
4836,CLM-00004836,6798,BILL-00006798,18599,PAT-0018599,3,INS003,CarePlus Health,6,DEP006,General Medicine,131350.79,0.0,131350.79,Rejected,Missing Documentation,10.0,2025-03-01,2025-03-11,30,0,0,15,10,0,55,High,Rejected claim; Rejected value >= 25K; Claim value >= 100K
8597,CLM-00008597,11996,BILL-00011996,12723,PAT-0012723,5,INS005,LifeCare Insurance,6,DEP006,General Medicine,131074.03,0.0,131074.03,Rejected,Incorrect Coding,14.0,2025-11-19,2025-12-03,30,0,0,15,10,0,55,High,Rejected claim; Rejected value >= 25K; Claim value >= 100K
714,CLM-00000714,1024,BILL-00001024,19475,PAT-0019475,3,INS003,CarePlus Health,7,DEP007,Oncology,131023.64,0.0,131023.64,Rejected,Coverage Limit Exceeded,11.0,2023-02-15,2023-02-26,30,0,0,15,10,0,55,High,Rejected claim; Rejected value >= 25K; Claim value >= 100K
4412,CLM-00004412,6239,BILL-00006239,22546,PAT-0022546,1,INS001,HealthSecure Insurance,10,DEP010,Dermatology,130950.01,0.0,130950.01,Rejected,Missing Documentation,19.0,2026-03-17,2026-04-05,30,0,0,15,10,0,55,High,Rejected claim; Rejected value >= 25K; Claim value >= 100K
8422,CLM-00008422,11765,BILL-00011765,10183,PAT-0010183,1,INS001,HealthSecure Insurance,7,DEP007,Oncology,130705.87,0.0,130705.87,Rejected,Pre-authorization Missing,7.0,2023-04-04,2023-04-11,30,0,0,15,10,0,55,High,Rejected claim; Rejected value >= 25K; Claim value >= 100K
18819,CLM-00018819,26293,BILL-00026293,50,PAT-0000050,3,INS003,CarePlus Health,10,DEP010,Dermatology,130394.51,0.0,130394.51,Rejected,Incorrect Coding,15.0,2024-02-11,2024-02-26,30,0,0,15,10,0,55,High,Rejected claim; Rejected value >= 25K; Claim value >= 100K
23109,CLM-00023109,32277,BILL-00032277,8823,PAT-0008823,4,INS004,National Health Plan,3,DEP003,Neurology,130103.76,0.0,130103.76,Rejected,Incorrect Coding,8.0,2025-12-03,2025-12-11,30,0,0,15,10,0,55,High,Rejected claim; Rejected value >= 25K; Claim value >= 100K
26072,CLM-00026072,36492,BILL-00036492,18916,PAT-0018916,3,INS003,CarePlus Health,5,DEP005,Pediatrics,129976.76,0.0,129976.76,Rejected,Coverage Limit Exceeded,15.0,2026-07-28,2026-08-12,30,0,0,15,10,0,55,High,Rejected claim; Rejected value >= 25K; Claim value >= 100K
4095,CLM-00004095,5761,BILL-00005761,12867,PAT-0012867,4,INS004,National Health Plan,10,DEP010,Dermatology,129949.97,0.0,129949.97,Rejected,Incorrect Coding,9.0,2025-01-23,2025-02-01,30,0,0,15,10,0,55,High,Rejected claim; Rejected value >= 25K; Claim value >= 100K
9896,CLM-00009896,13847,BILL-00013847,20185,PAT-0020185,2,INS002,MediShield Assurance,7,DEP007,Oncology,129798.96,0.0,129798.96,Rejected,Pre-authorization Missing,14.0,2026-02-25,2026-03-11,30,0,0,15,10,0,55,High,Rejected claim; Rejected value >= 25K; Claim value >= 100K
23797,CLM-00023797,33285,BILL-00033285,24877,PAT-0024877,1,INS001,HealthSecure Insurance,2,DEP002,Cardiology,129321.58,0.0,129321.58,Rejected,Incorrect Coding,7.0,2023-02-06,2023-02-13,30,0,0,15,10,0,55,High,Rejected claim; Rejected value >= 25K; Claim value >= 100K
1368,CLM-00001368,1920,BILL-00001920,19100,PAT-0019100,5,INS005,LifeCare Insurance,10,DEP010,Dermatology,129223.3,0.0,129223.3,Rejected,Policy Exclusion,25.0,2023-08-06,2023-08-31,30,0,0,15,10,0,55,High,Rejected claim; Rejected value >= 25K; Claim value >= 100K
32937,CLM-00032937,46051,BILL-00046051,16393,PAT-0016393,1,INS001,HealthSecure Insurance,1,DEP001,Emergency,129191.65,0.0,129191.65,Rejected,Missing Documentation,6.0,2026-05-06,2026-05-12,30,0,0,15,10,0,55,High,Rejected claim; Rejected value >= 25K; Claim value >= 100K
9959,CLM-00009959,13940,BILL-00013940,5999,PAT-0005999,5,INS005,LifeCare Insurance,4,DEP004,Orthopedics,128574.72,0.0,128574.72,Rejected,Duplicate Claim,19.0,2024-04-21,2024-05-10,30,0,0,15,10,0,55,High,Rejected claim; Rejected value >= 25K; Claim value >= 100K
34480,CLM-00034480,48247,BILL-00048247,10024,PAT-0010024,1,INS001,HealthSecure Insurance,6,DEP006,General Medicine,128482.51,0.0,128482.51,Rejected,Missing Documentation,22.0,2023-09-24,2023-10-16,30,0,0,15,10,0,55,High,Rejected claim; Rejected value >= 25K; Claim value >= 100K
26990,CLM-00026990,37771,BILL-00037771,21427,PAT-0021427,3,INS003,CarePlus Health,7,DEP007,Oncology,128338.72,0.0,128338.72,Rejected,Incorrect Coding,16.0,2024-04-13,2024-04-29,30,0,0,15,10,0,55,High,Rejected claim; Rejected value >= 25K; Claim value >= 100K
26812,CLM-00026812,37521,BILL-00037521,12028,PAT-0012028,5,INS005,LifeCare Insurance,6,DEP006,General Medicine,128328.13,0.0,128328.13,Rejected,Missing Documentation,23.0,2026-02-09,2026-03-04,30,0,0,15,10,0,55,High,Rejected claim; Rejected value >= 25K; Claim value >= 100K
21524,CLM-00021524,30106,BILL-00030106,9000,PAT-0009000,1,INS001,HealthSecure Insurance,7,DEP007,Oncology,128303.1,0.0,128303.1,Rejected,Duplicate Claim,18.0,2026-07-19,2026-08-06,30,0,0,15,10,0,55,High,Rejected claim; Rejected value >= 25K; Claim value >= 100K
16341,CLM-00016341,22889,BILL-00022889,10505,PAT-0010505,3,INS003,CarePlus Health,4,DEP004,Orthopedics,127747.43,0.0,127747.43,Rejected,Incorrect Coding,9.0,2024-04-21,2024-04-30,30,0,0,15,10,0,55,High,Rejected claim; Rejected value >= 25K; Claim value >= 100K
26638,CLM-00026638,37283,BILL-00037283,12575,PAT-0012575,5,INS005,LifeCare Insurance,1,DEP001,Emergency,127492.82,0.0,127492.82,Rejected,Policy Exclusion,24.0,2023-02-15,2023-03-11,30,0,0,15,10,0,55,High,Rejected claim; Rejected value >= 25K; Claim value >= 100K
5226,CLM-00005226,7336,BILL-00007336,1201,PAT-0001201,1,INS001,HealthSecure Insurance,10,DEP010,Dermatology,127468.34,0.0,127468.34,Rejected,Incorrect Coding,21.0,2025-08-31,2025-09-21,30,0,0,15,10,0,55,High,Rejected claim; Rejected value >= 25K; Claim value >= 100K
9378,CLM-00009378,13103,BILL-00013103,19485,PAT-0019485,5,INS005,LifeCare Insurance,6,DEP006,General Medicine,127348.35,0.0,127348.35,Rejected,Missing Documentation,15.0,2023-04-12,2023-04-27,30,0,0,15,10,0,55,High,Rejected claim; Rejected value >= 25K; Claim value >= 100K
11962,CLM-00011962,16716,BILL-00016716,289,PAT-0000289,5,INS005,LifeCare Insurance,1,DEP001,Emergency,126869.61,0.0,126869.61,Rejected,Incorrect Coding,22.0,2025-01-02,2025-01-24,30,0,0,15,10,0,55,High,Rejected claim; Rejected value >= 25K; Claim value >= 100K
9670,CLM-00009670,13520,BILL-00013520,16396,PAT-0016396,2,INS002,MediShield Assurance,6,DEP006,General Medicine,126867.27,0.0,126867.27,Rejected,Pre-authorization Missing,22.0,2025-04-10,2025-05-02,30,0,0,15,10,0,55,High,Rejected claim; Rejected value >= 25K; Claim value >= 100K
16920,CLM-00016920,23697,BILL-00023697,20739,PAT-0020739,2,INS002,MediShield Assurance,6,DEP006,General Medicine,126864.79,0.0,126864.79,Rejected,Duplicate Claim,12.0,2025-10-24,2025-11-05,30,0,0,15,10,0,55,High,Rejected claim; Rejected value >= 25K; Claim value >= 100K
32658,CLM-00032658,45670,BILL-00045670,17407,PAT-0017407,4,INS004,National Health Plan,7,DEP007,Oncology,126667.12,0.0,126667.12,Rejected,Policy Exclusion,9.0,2026-02-15,2026-02-24,30,0,0,15,10,0,55,High,Rejected claim; Rejected value >= 25K; Claim value >= 100K
10327,CLM-00010327,14457,BILL-00014457,24967,PAT-0024967,5,INS005,LifeCare Insurance,2,DEP002,Cardiology,126626.38,0.0,126626.38,Rejected,Pre-authorization Missing,18.0,2025-09-25,2025-10-13,30,0,0,15,10,0,55,High,Rejected claim; Rejected value >= 25K; Claim value >= 100K
15078,CLM-00015078,21093,BILL-00021093,9277,PAT-0009277,2,INS002,MediShield Assurance,9,DEP009,ENT,126231.95,0.0,126231.95,Rejected,Missing Documentation,13.0,2026-06-07,2026-06-20,30,0,0,15,10,0,55,High,Rejected claim; Rejected value >= 25K; Claim value >= 100K
32590,CLM-00032590,45580,BILL-00045580,3244,PAT-0003244,5,INS005,LifeCare Insurance,8,DEP008,Gynecology,125980.96,0.0,125980.96,Rejected,Coverage Limit Exceeded,21.0,2024-03-06,2024-03-27,30,0,0,15,10,0,55,High,Rejected claim; Rejected value >= 25K; Claim value >= 100K
1997,CLM-00001997,2808,BILL-00002808,4292,PAT-0004292,2,INS002,MediShield Assurance,7,DEP007,Oncology,125824.24,0.0,125824.24,Rejected,Pre-authorization Missing,7.0,2025-09-28,2025-10-05,30,0,0,15,10,0,55,High,Rejected claim; Rejected value >= 25K; Claim value >= 100K
23859,CLM-00023859,33393,BILL-00033393,5952,PAT-0005952,5,INS005,LifeCare Insurance,6,DEP006,General Medicine,125766.06,0.0,125766.06,Rejected,Pre-authorization Missing,5.0,2024-01-24,2024-01-29,30,0,0,15,10,0,55,High,Rejected claim; Rejected value >= 25K; Claim value >= 100K
21522,CLM-00021522,30104,BILL-00030104,1612,PAT-0001612,3,INS003,CarePlus Health,7,DEP007,Oncology,125412.24,0.0,125412.24,Rejected,Incorrect Coding,22.0,2024-09-12,2024-10-04,30,0,0,15,10,0,55,High,Rejected claim; Rejected value >= 25K; Claim value >= 100K
28811,CLM-00028811,40337,BILL-00040337,88,PAT-0000088,3,INS003,CarePlus Health,7,DEP007,Oncology,125139.05,0.0,125139.05,Rejected,Duplicate Claim,16.0,2026-04-20,2026-05-06,30,0,0,15,10,0,55,High,Rejected claim; Rejected value >= 25K; Claim value >= 100K
18267,CLM-00018267,25550,BILL-00025550,1141,PAT-0001141,4,INS004,National Health Plan,7,DEP007,Oncology,125132.06,0.0,125132.06,Rejected,Missing Documentation,15.0,2025-03-01,2025-03-16,30,0,0,15,10,0,55,High,Rejected claim; Rejected value >= 25K; Claim value >= 100K
10297,CLM-00010297,14418,BILL-00014418,9472,PAT-0009472,2,INS002,MediShield Assurance,8,DEP008,Gynecology,124975.17,0.0,124975.17,Rejected,Pre-authorization Missing,16.0,2026-03-12,2026-03-28,30,0,0,15,10,0,55,High,Rejected claim; Rejected value >= 25K; Claim value >= 100K
1225,CLM-00001225,1723,BILL-00001723,12983,PAT-0012983,1,INS001,HealthSecure Insurance,8,DEP008,Gynecology,124871.19,0.0,124871.19,Rejected,Duplicate Claim,9.0,2026-02-04,2026-02-13,30,0,0,15,10,0,55,High,Rejected claim; Rejected value >= 25K; Claim value >= 100K
20953,CLM-00020953,29301,BILL-00029301,23069,PAT-0023069,4,INS004,National Health Plan,10,DEP010,Dermatology,124867.88,0.0,124867.88,Rejected,Duplicate Claim,9.0,2026-03-10,2026-03-19,30,0,0,15,10,0,55,High,Rejected claim; Rejected value >= 25K; Claim value >= 100K
14856,CLM-00014856,20794,BILL-00020794,7901,PAT-0007901,3,INS003,CarePlus Health,3,DEP003,Neurology,124644.12,0.0,124644.12,Rejected,Policy Exclusion,13.0,2026-09-27,2026-10-10,30,0,0,15,10,0,55,High,Rejected claim; Rejected value >= 25K; Claim value >= 100K
30797,CLM-00030797,43110,BILL-00043110,14723,PAT-0014723,5,INS005,LifeCare Insurance,10,DEP010,Dermatology,124627.79,0.0,124627.79,Rejected,Missing Documentation,22.0,2024-04-08,2024-04-30,30,0,0,15,10,0,55,High,Rejected claim; Rejected value >= 25K; Claim value >= 100K
6045,CLM-00006045,8470,BILL-00008470,16783,PAT-0016783,3,INS003,CarePlus Health,6,DEP006,General Medicine,124445.8,0.0,124445.8,Rejected,Duplicate Claim,15.0,2025-03-21,2025-04-05,30,0,0,15,10,0,55,High,Rejected claim; Rejected value >= 25K; Claim value >= 100K
5588,CLM-00005588,7836,BILL-00007836,8269,PAT-0008269,3,INS003,CarePlus Health,2,DEP002,Cardiology,123965.99,0.0,123965.99,Rejected,Incorrect Coding,18.0,2023-08-23,2023-09-10,30,0,0,15,10,0,55,High,Rejected claim; Rejected value >= 25K; Claim value >= 100K
26480,CLM-00026480,37054,BILL-00037054,21506,PAT-0021506,2,INS002,MediShield Assurance,7,DEP007,Oncology,123555.04,0.0,123555.04,Rejected,Duplicate Claim,6.0,2026-04-12,2026-04-18,30,0,0,15,10,0,55,High,Rejected claim; Rejected value >= 25K; Claim value >= 100K
22253,CLM-00022253,31104,BILL-00031104,21176,PAT-0021176,5,INS005,LifeCare Insurance,9,DEP009,ENT,123423.02,0.0,123423.02,Rejected,Missing Documentation,15.0,2025-05-06,2025-05-21,30,0,0,15,10,0,55,High,Rejected claim; Rejected value >= 25K; Claim value >= 100K
32295,CLM-00032295,45172,BILL-00045172,3671,PAT-0003671,4,INS004,National Health Plan,8,DEP008,Gynecology,123149.66,0.0,123149.66,Rejected,Duplicate Claim,18.0,2023-09-07,2023-09-25,30,0,0,15,10,0,55,High,Rejected claim; Rejected value >= 25K; Claim value >= 100K
27051,CLM-00027051,37855,BILL-00037855,20097,PAT-0020097,2,INS002,MediShield Assurance,6,DEP006,General Medicine,122513.45,0.0,122513.45,Rejected,Pre-authorization Missing,7.0,2026-09-20,2026-09-27,30,0,0,15,10,0,55,High,Rejected claim; Rejected value >= 25K; Claim value >= 100K
15605,CLM-00015605,21860,BILL-00021860,5757,PAT-0005757,5,INS005,LifeCare Insurance,6,DEP006,General Medicine,121807.51,0.0,121807.51,Rejected,Incorrect Coding,6.0,2025-03-18,2025-03-24,30,0,0,15,10,0,55,High,Rejected claim; Rejected value >= 25K; Claim value >= 100K
15776,CLM-00015776,22110,BILL-00022110,3857,PAT-0003857,5,INS005,LifeCare Insurance,8,DEP008,Gynecology,121605.46,0.0,121605.46,Rejected,Coverage Limit Exceeded,8.0,2023-10-20,2023-10-28,30,0,0,15,10,0,55,High,Rejected claim; Rejected value >= 25K; Claim value >= 100K
34426,CLM-00034426,48167,BILL-00048167,3528,PAT-0003528,1,INS001,HealthSecure Insurance,9,DEP009,ENT,121414.83,0.0,121414.83,Rejected,Coverage Limit Exceeded,8.0,2024-05-14,2024-05-22,30,0,0,15,10,0,55,High,Rejected claim; Rejected value >= 25K; Claim value >= 100K
3767,CLM-00003767,5325,BILL-00005325,11862,PAT-0011862,3,INS003,CarePlus Health,1,DEP001,Emergency,121316.06,0.0,121316.06,Rejected,Incorrect Coding,14.0,2024-09-17,2024-10-01,30,0,0,15,10,0,55,High,Rejected claim; Rejected value >= 25K; Claim value >= 100K
16227,CLM-00016227,22729,BILL-00022729,5791,PAT-0005791,3,INS003,CarePlus Health,9,DEP009,ENT,121078.56,0.0,121078.56,Rejected,Missing Documentation,6.0,2025-01-28,2025-02-03,30,0,0,15,10,0,55,High,Rejected claim; Rejected value >= 25K; Claim value >= 100K
31582,CLM-00031582,44180,BILL-00044180,21279,PAT-0021279,5,INS005,LifeCare Insurance,7,DEP007,Oncology,120831.03,0.0,120831.03,Rejected,Missing Documentation,18.0,2025-06-28,2025-07-16,30,0,0,15,10,0,55,High,Rejected claim; Rejected value >= 25K; Claim value >= 100K
24804,CLM-00024804,34727,BILL-00034727,4741,PAT-0004741,4,INS004,National Health Plan,4,DEP004,Orthopedics,120742.29,0.0,120742.29,Rejected,Policy Exclusion,18.0,2026-06-12,2026-06-30,30,0,0,15,10,0,55,High,Rejected claim; Rejected value >= 25K; Claim value >= 100K
9474,CLM-00009474,13232,BILL-00013232,20154,PAT-0020154,5,INS005,LifeCare Insurance,6,DEP006,General Medicine,120575.89,0.0,120575.89,Rejected,Missing Documentation,16.0,2024-03-19,2024-04-04,30,0,0,15,10,0,55,High,Rejected claim; Rejected value >= 25K; Claim value >= 100K
215,CLM-00000215,306,BILL-00000306,23702,PAT-0023702,4,INS004,National Health Plan,8,DEP008,Gynecology,120567.48,0.0,120567.48,Rejected,Pre-authorization Missing,10.0,2024-11-26,2024-12-06,30,0,0,15,10,0,55,High,Rejected claim; Rejected value >= 25K; Claim value >= 100K
19778,CLM-00019778,27657,BILL-00027657,8669,PAT-0008669,3,INS003,CarePlus Health,2,DEP002,Cardiology,120514.39,0.0,120514.39,Rejected,Coverage Limit Exceeded,21.0,2025-08-04,2025-08-25,30,0,0,15,10,0,55,High,Rejected claim; Rejected value >= 25K; Claim value >= 100K
26182,CLM-00026182,36643,BILL-00036643,14091,PAT-0014091,4,INS004,National Health Plan,3,DEP003,Neurology,120252.52,0.0,120252.52,Rejected,Incorrect Coding,14.0,2023-08-12,2023-08-26,30,0,0,15,10,0,55,High,Rejected claim; Rejected value >= 25K; Claim value >= 100K
25722,CLM-00025722,36006,BILL-00036006,15358,PAT-0015358,3,INS003,CarePlus Health,1,DEP001,Emergency,119934.54,0.0,119934.54,Rejected,Policy Exclusion,7.0,2025-06-28,2025-07-05,30,0,0,15,10,0,55,High,Rejected claim; Rejected value >= 25K; Claim value >= 100K
35095,CLM-00035095,49134,BILL-00049134,19319,PAT-0019319,5,INS005,LifeCare Insurance,1,DEP001,Emergency,119620.66,0.0,119620.66,Rejected,Coverage Limit Exceeded,22.0,2025-09-06,2025-09-28,30,0,0,15,10,0,55,High,Rejected claim; Rejected value >= 25K; Claim value >= 100K
30079,CLM-00030079,42113,BILL-00042113,12139,PAT-0012139,4,INS004,National Health Plan,7,DEP007,Oncology,119443.97,0.0,119443.97,Rejected,Missing Documentation,24.0,2025-09-30,2025-10-24,30,0,0,15,10,0,55,High,Rejected claim; Rejected value >= 25K; Claim value >= 100K
32163,CLM-00032163,44987,BILL-00044987,15905,PAT-0015905,1,INS001,HealthSecure Insurance,4,DEP004,Orthopedics,119276.38,0.0,119276.38,Rejected,Duplicate Claim,17.0,2025-04-02,2025-04-19,30,0,0,15,10,0,55,High,Rejected claim; Rejected value >= 25K; Claim value >= 100K
8102,CLM-00008102,11316,BILL-00011316,20060,PAT-0020060,2,INS002,MediShield Assurance,9,DEP009,ENT,118759.23,0.0,118759.23,Rejected,Duplicate Claim,21.0,2025-12-28,2026-01-18,30,0,0,15,10,0,55,High,Rejected claim; Rejected value >= 25K; Claim value >= 100K
19992,CLM-00019992,27960,BILL-00027960,15159,PAT-0015159,2,INS002,MediShield Assurance,3,DEP003,Neurology,118649.79,0.0,118649.79,Rejected,Policy Exclusion,17.0,2024-12-07,2024-12-24,30,0,0,15,10,0,55,High,Rejected claim; Rejected value >= 25K; Claim value >= 100K
29786,CLM-00029786,41697,BILL-00041697,3191,PAT-0003191,1,INS001,HealthSecure Insurance,5,DEP005,Pediatrics,118578.34,0.0,118578.34,Rejected,Policy Exclusion,7.0,2026-06-26,2026-07-03,30,0,0,15,10,0,55,High,Rejected claim; Rejected value >= 25K; Claim value >= 100K
16340,CLM-00016340,22888,BILL-00022888,6547,PAT-0006547,3,INS003,CarePlus Health,2,DEP002,Cardiology,118479.83,0.0,118479.83,Rejected,Coverage Limit Exceeded,22.0,2023-07-16,2023-08-07,30,0,0,15,10,0,55,High,Rejected claim; Rejected value >= 25K; Claim value >= 100K
36269,CLM-00035914,50790,BILL-00050251,3642,PAT-0003642,1,INS001,HealthSecure Insurance,3,DEP003,Neurology,118242.61,0.0,118242.61,Rejected,Policy Exclusion,12.0,2026-10-01,2026-10-13,30,0,0,15,10,0,55,High,Rejected claim; Rejected value >= 25K; Claim value >= 100K
21345,CLM-00021345,29848,BILL-00029848,21182,PAT-0021182,2,INS002,MediShield Assurance,4,DEP004,Orthopedics,118155.58,0.0,118155.58,Rejected,Pre-authorization Missing,22.0,2025-01-26,2025-02-17,30,0,0,15,10,0,55,High,Rejected claim; Rejected value >= 25K; Claim value >= 100K
21124,CLM-00021124,29532,BILL-00029532,5420,PAT-0005420,4,INS004,National Health Plan,2,DEP002,Cardiology,118107.18,0.0,118107.18,Rejected,Pre-authorization Missing,7.0,2024-11-11,2024-11-18,30,0,0,15,10,0,55,High,Rejected claim; Rejected value >= 25K; Claim value >= 100K
3244,CLM-00003244,4562,BILL-00004562,12319,PAT-0012319,4,INS004,National Health Plan,10,DEP010,Dermatology,118012.22,0.0,118012.22,Rejected,Coverage Limit Exceeded,14.0,2025-04-21,2025-05-05,30,0,0,15,10,0,55,High,Rejected claim; Rejected value >= 25K; Claim value >= 100K
7071,CLM-00007071,9876,BILL-00009876,20326,PAT-0020326,3,INS003,CarePlus Health,8,DEP008,Gynecology,117808.44,0.0,117808.44,Rejected,Missing Documentation,22.0,2024-10-16,2024-11-07,30,0,0,15,10,0,55,High,Rejected claim; Rejected value >= 25K; Claim value >= 100K
13202,CLM-00013202,18430,BILL-00018430,475,PAT-0000475,2,INS002,MediShield Assurance,9,DEP009,ENT,117640.97,0.0,117640.97,Rejected,Incorrect Coding,15.0,2025-08-30,2025-09-14,30,0,0,15,10,0,55,High,Rejected claim; Rejected value >= 25K; Claim value >= 100K
24084,CLM-00024084,33691,BILL-00033691,12704,PAT-0012704,3,INS003,CarePlus Health,9,DEP009,ENT,117454.53,0.0,117454.53,Rejected,Coverage Limit Exceeded,23.0,2024-04-08,2024-05-01,30,0,0,15,10,0,55,High,Rejected claim; Rejected value >= 25K; Claim value >= 100K
29290,CLM-00029290,41021,BILL-00041021,2178,PAT-0002178,1,INS001,HealthSecure Insurance,4,DEP004,Orthopedics,117402.84,0.0,117402.84,Rejected,Duplicate Claim,25.0,2026-08-12,2026-09-06,30,0,0,15,10,0,55,High,Rejected claim; Rejected value >= 25K; Claim value >= 100K
26710,CLM-00026710,37389,BILL-00037389,23617,PAT-0023617,5,INS005,LifeCare Insurance,4,DEP004,Orthopedics,117127.81,0.0,117127.81,Rejected,Missing Documentation,21.0,2024-04-10,2024-05-01,30,0,0,15,10,0,55,High,Rejected claim; Rejected value >= 25K; Claim value >= 100K
23066,CLM-00023066,32221,BILL-00032221,21882,PAT-0021882,2,INS002,MediShield Assurance,3,DEP003,Neurology,117084.42,0.0,117084.42,Rejected,Missing Documentation,8.0,2023-06-02,2023-06-10,30,0,0,15,10,0,55,High,Rejected claim; Rejected value >= 25K; Claim value >= 100K
33391,CLM-00033391,46696,BILL-00046696,11083,PAT-0011083,3,INS003,CarePlus Health,5,DEP005,Pediatrics,116982.84,0.0,116982.84,Rejected,Duplicate Claim,23.0,2023-10-30,2023-11-22,30,0,0,15,10,0,55,High,Rejected claim; Rejected value >= 25K; Claim value >= 100K
23755,CLM-00023755,33226,BILL-00033226,14204,PAT-0014204,1,INS001,HealthSecure Insurance,9,DEP009,ENT,116964.17,0.0,116964.17,Rejected,Incorrect Coding,13.0,2023-05-29,2023-06-11,30,0,0,15,10,0,55,High,Rejected claim; Rejected value >= 25K; Claim value >= 100K
32150,CLM-00032150,44971,BILL-00044971,13259,PAT-0013259,2,INS002,MediShield Assurance,7,DEP007,Oncology,116725.47,0.0,116725.47,Rejected,Duplicate Claim,12.0,2025-12-28,2026-01-09,30,0,0,15,10,0,55,High,Rejected claim; Rejected value >= 25K; Claim value >= 100K
22094,CLM-00022094,30895,BILL-00030895,19821,PAT-0019821,3,INS003,CarePlus Health,1,DEP001,Emergency,116713.72,0.0,116713.72,Rejected,Policy Exclusion,20.0,2024-07-08,2024-07-28,30,0,0,15,10,0,55,High,Rejected claim; Rejected value >= 25K; Claim value >= 100K
15206,CLM-00015206,21276,BILL-00021276,10138,PAT-0010138,5,INS005,LifeCare Insurance,10,DEP010,Dermatology,116515.03,0.0,116515.03,Rejected,Coverage Limit Exceeded,15.0,2025-11-27,2025-12-12,30,0,0,15,10,0,55,High,Rejected claim; Rejected value >= 25K; Claim value >= 100K
30827,CLM-00030827,43151,BILL-00043151,10388,PAT-0010388,2,INS002,MediShield Assurance,9,DEP009,ENT,116514.27,0.0,116514.27,Rejected,Policy Exclusion,5.0,2026-06-03,2026-06-08,30,0,0,15,10,0,55,High,Rejected claim; Rejected value >= 25K; Claim value >= 100K
7955,CLM-00007955,11117,BILL-00011117,7038,PAT-0007038,1,INS001,HealthSecure Insurance,3,DEP003,Neurology,116363.96,0.0,116363.96,Rejected,Missing Documentation,15.0,2023-05-24,2023-06-08,30,0,0,15,10,0,55,High,Rejected claim; Rejected value >= 25K; Claim value >= 100K
5364,CLM-00005364,7527,BILL-00007527,12964,PAT-0012964,5,INS005,LifeCare Insurance,6,DEP006,General Medicine,116337.67,0.0,116337.67,Rejected,Missing Documentation,10.0,2024-10-11,2024-10-21,30,0,0,15,10,0,55,High,Rejected claim; Rejected value >= 25K; Claim value >= 100K
20250,CLM-00020250,28316,BILL-00028316,8983,PAT-0008983,2,INS002,MediShield Assurance,9,DEP009,ENT,116037.3,0.0,116037.3,Rejected,Missing Documentation,17.0,2023-12-24,2024-01-10,30,0,0,15,10,0,55,High,Rejected claim; Rejected value >= 25K; Claim value >= 100K
4602,CLM-00004602,6500,BILL-00006500,10980,PAT-0010980,3,INS003,CarePlus Health,2,DEP002,Cardiology,115738.27,0.0,115738.27,Rejected,Pre-authorization Missing,21.0,2025-05-04,2025-05-25,30,0,0,15,10,0,55,High,Rejected claim; Rejected value >= 25K; Claim value >= 100K
30101,CLM-00030101,42148,BILL-00042148,22821,PAT-0022821,4,INS004,National Health Plan,5,DEP005,Pediatrics,115350.41,0.0,115350.41,Rejected,Missing Documentation,13.0,2026-05-02,2026-05-15,30,0,0,15,10,0,55,High,Rejected claim; Rejected value >= 25K; Claim value >= 100K
863,CLM-00000863,1219,BILL-00001219,6990,PAT-0006990,5,INS005,LifeCare Insurance,5,DEP005,Pediatrics,115213.51,0.0,115213.51,Rejected,Policy Exclusion,17.0,2025-05-11,2025-05-28,30,0,0,15,10,0,55,High,Rejected claim; Rejected value >= 25K; Claim value >= 100K
23699,CLM-00023699,33153,BILL-00033153,5474,PAT-0005474,3,INS003,CarePlus Health,1,DEP001,Emergency,115007.54,0.0,115007.54,Rejected,Missing Documentation,18.0,2025-05-15,2025-06-02,30,0,0,15,10,0,55,High,Rejected claim; Rejected value >= 25K; Claim value >= 100K
9140,CLM-00009140,12772,BILL-00012772,19778,PAT-0019778,3,INS003,CarePlus Health,8,DEP008,Gynecology,114460.16,0.0,114460.16,Rejected,Missing Documentation,23.0,2025-06-19,2025-07-12,30,0,0,15,10,0,55,High,Rejected claim; Rejected value >= 25K; Claim value >= 100K
28243,CLM-00028243,39520,BILL-00039520,11374,PAT-0011374,3,INS003,CarePlus Health,6,DEP006,General Medicine,113982.0,0.0,113982.0,Rejected,Incorrect Coding,15.0,2024-04-19,2024-05-04,30,0,0,15,10,0,55,High,Rejected claim; Rejected value >= 25K; Claim value >= 100K
7656,CLM-00007656,10692,BILL-00010692,16814,PAT-0016814,3,INS003,CarePlus Health,3,DEP003,Neurology,113457.39,0.0,113457.39,Rejected,Pre-authorization Missing,23.0,2025-07-31,2025-08-23,30,0,0,15,10,0,55,High,Rejected claim; Rejected value >= 25K; Claim value >= 100K
20097,CLM-00020097,28113,BILL-00028113,16296,PAT-0016296,3,INS003,CarePlus Health,4,DEP004,Orthopedics,113272.03,0.0,113272.03,Rejected,Duplicate Claim,22.0,2024-08-27,2024-09-18,30,0,0,15,10,0,55,High,Rejected claim; Rejected value >= 25K; Claim value >= 100K
19965,CLM-00019965,27925,BILL-00027925,14782,PAT-0014782,2,INS002,MediShield Assurance,9,DEP009,ENT,113071.84,0.0,113071.84,Rejected,Missing Documentation,6.0,2025-08-22,2025-08-28,30,0,0,15,10,0,55,High,Rejected claim; Rejected value >= 25K; Claim value >= 100K
29056,CLM-00029056,40696,BILL-00040696,14135,PAT-0014135,2,INS002,MediShield Assurance,4,DEP004,Orthopedics,113012.65,0.0,113012.65,Rejected,Pre-authorization Missing,17.0,2025-09-07,2025-09-24,30,0,0,15,10,0,55,High,Rejected claim; Rejected value >= 25K; Claim value >= 100K
24571,CLM-00024571,34396,BILL-00034396,12016,PAT-0012016,3,INS003,CarePlus Health,3,DEP003,Neurology,112810.42,0.0,112810.42,Rejected,Missing Documentation,19.0,2025-01-12,2025-01-31,30,0,0,15,10,0,55,High,Rejected claim; Rejected value >= 25K; Claim value >= 100K
34920,CLM-00034920,48886,BILL-00048886,6486,PAT-0006486,4,INS004,National Health Plan,10,DEP010,Dermatology,112631.55,0.0,112631.55,Rejected,Policy Exclusion,5.0,2026-03-18,2026-03-23,30,0,0,15,10,0,55,High,Rejected claim; Rejected value >= 25K; Claim value >= 100K
31886,CLM-00031886,44613,BILL-00044613,13142,PAT-0013142,2,INS002,MediShield Assurance,10,DEP010,Dermatology,112516.78,0.0,112516.78,Rejected,Duplicate Claim,18.0,2024-08-08,2024-08-26,30,0,0,15,10,0,55,High,Rejected claim; Rejected value >= 25K; Claim value >= 100K
7029,CLM-00007029,9819,BILL-00009819,19734,PAT-0019734,5,INS005,LifeCare Insurance,2,DEP002,Cardiology,112464.92,0.0,112464.92,Rejected,Missing Documentation,14.0,2026-04-07,2026-04-21,30,0,0,15,10,0,55,High,Rejected claim; Rejected value >= 25K; Claim value >= 100K
8173,CLM-00008173,11426,BILL-00011426,24869,PAT-0024869,2,INS002,MediShield Assurance,2,DEP002,Cardiology,112430.22,0.0,112430.22,Rejected,Pre-authorization Missing,19.0,2023-10-26,2023-11-14,30,0,0,15,10,0,55,High,Rejected claim; Rejected value >= 25K; Claim value >= 100K
5923,CLM-00005923,8303,BILL-00008303,23879,PAT-0023879,1,INS001,HealthSecure Insurance,2,DEP002,Cardiology,112063.39,0.0,112063.39,Rejected,Incorrect Coding,25.0,2024-08-12,2024-09-06,30,0,0,15,10,0,55,High,Rejected claim; Rejected value >= 25K; Claim value >= 100K
14906,CLM-00014906,20865,BILL-00020865,7958,PAT-0007958,1,INS001,HealthSecure Insurance,10,DEP010,Dermatology,111943.81,0.0,111943.81,Rejected,Coverage Limit Exceeded,25.0,2025-07-27,2025-08-21,30,0,0,15,10,0,55,High,Rejected claim; Rejected value >= 25K; Claim value >= 100K
14863,CLM-00014863,20803,BILL-00020803,14986,PAT-0014986,3,INS003,CarePlus Health,3,DEP003,Neurology,111814.55,0.0,111814.55,Rejected,Incorrect Coding,21.0,2023-01-30,2023-02-20,30,0,0,15,10,0,55,High,Rejected claim; Rejected value >= 25K; Claim value >= 100K
21531,CLM-00021531,30115,BILL-00030115,13446,PAT-0013446,4,INS004,National Health Plan,2,DEP002,Cardiology,111452.07,0.0,111452.07,Rejected,Policy Exclusion,25.0,2024-09-01,2024-09-26,30,0,0,15,10,0,55,High,Rejected claim; Rejected value >= 25K; Claim value >= 100K
26298,CLM-00026298,36803,BILL-00036803,22760,PAT-0022760,3,INS003,CarePlus Health,7,DEP007,Oncology,110793.72,0.0,110793.72,Rejected,Coverage Limit Exceeded,12.0,2024-05-25,2024-06-06,30,0,0,15,10,0,55,High,Rejected claim; Rejected value >= 25K; Claim value >= 100K
13311,CLM-00013311,18585,BILL-00018585,2336,PAT-0002336,3,INS003,CarePlus Health,7,DEP007,Oncology,110732.07,0.0,110732.07,Rejected,Policy Exclusion,9.0,2024-05-13,2024-05-22,30,0,0,15,10,0,55,High,Rejected claim; Rejected value >= 25K; Claim value >= 100K
9917,CLM-00009917,13873,BILL-00013873,21560,PAT-0021560,3,INS003,CarePlus Health,1,DEP001,Emergency,110562.58,0.0,110562.58,Rejected,Pre-authorization Missing,14.0,2023-07-21,2023-08-04,30,0,0,15,10,0,55,High,Rejected claim; Rejected value >= 25K; Claim value >= 100K
18224,CLM-00018224,25489,BILL-00025489,11761,PAT-0011761,1,INS001,HealthSecure Insurance,1,DEP001,Emergency,110522.13,0.0,110522.13,Rejected,Duplicate Claim,7.0,2024-01-25,2024-02-01,30,0,0,15,10,0,55,High,Rejected claim; Rejected value >= 25K; Claim value >= 100K
27187,CLM-00027187,38045,BILL-00038045,23418,PAT-0023418,2,INS002,MediShield Assurance,7,DEP007,Oncology,110281.9,0.0,110281.9,Rejected,Duplicate Claim,21.0,2024-02-07,2024-02-28,30,0,0,15,10,0,55,High,Rejected claim; Rejected value >= 25K; Claim value >= 100K
3851,CLM-00003851,5432,BILL-00005432,3336,PAT-0003336,1,INS001,HealthSecure Insurance,2,DEP002,Cardiology,110240.5,0.0,110240.5,Rejected,Duplicate Claim,8.0,2025-10-10,2025-10-18,30,0,0,15,10,0,55,High,Rejected claim; Rejected value >= 25K; Claim value >= 100K
29439,CLM-00029439,41220,BILL-00041220,10041,PAT-0010041,5,INS005,LifeCare Insurance,8,DEP008,Gynecology,110164.3,0.0,110164.3,Rejected,Duplicate Claim,7.0,2023-11-05,2023-11-12,30,0,0,15,10,0,55,High,Rejected claim; Rejected value >= 25K; Claim value >= 100K
19703,CLM-00019703,27542,BILL-00027542,11091,PAT-0011091,2,INS002,MediShield Assurance,3,DEP003,Neurology,110032.77,0.0,110032.77,Rejected,Coverage Limit Exceeded,25.0,2025-01-22,2025-02-16,30,0,0,15,10,0,55,High,Rejected claim; Rejected value >= 25K; Claim value >= 100K
23075,CLM-00023075,32232,BILL-00032232,23498,PAT-0023498,1,INS001,HealthSecure Insurance,5,DEP005,Pediatrics,109718.48,0.0,109718.48,Rejected,Coverage Limit Exceeded,20.0,2025-07-30,2025-08-19,30,0,0,15,10,0,55,High,Rejected claim; Rejected value >= 25K; Claim value >= 100K
29546,CLM-00029546,41371,BILL-00041371,22904,PAT-0022904,5,INS005,LifeCare Insurance,9,DEP009,ENT,109577.04,0.0,109577.04,Rejected,Coverage Limit Exceeded,7.0,2024-12-03,2024-12-10,30,0,0,15,10,0,55,High,Rejected claim; Rejected value >= 25K; Claim value >= 100K
7009,CLM-00007009,9793,BILL-00009793,12531,PAT-0012531,5,INS005,LifeCare Insurance,6,DEP006,General Medicine,109573.55,0.0,109573.55,Rejected,Coverage Limit Exceeded,15.0,2023-02-14,2023-03-01,30,0,0,15,10,0,55,High,Rejected claim; Rejected value >= 25K; Claim value >= 100K
4696,CLM-00004696,6613,BILL-00006613,694,PAT-0000694,3,INS003,CarePlus Health,4,DEP004,Orthopedics,109000.29,0.0,109000.29,Rejected,Missing Documentation,23.0,2023-07-28,2023-08-20,30,0,0,15,10,0,55,High,Rejected claim; Rejected value >= 25K; Claim value >= 100K
10963,CLM-00010963,15345,BILL-00015345,20420,PAT-0020420,5,INS005,LifeCare Insurance,4,DEP004,Orthopedics,108857.68,0.0,108857.68,Rejected,Missing Documentation,24.0,2025-08-23,2025-09-16,30,0,0,15,10,0,55,High,Rejected claim; Rejected value >= 25K; Claim value >= 100K
1743,CLM-00001743,2460,BILL-00002460,22956,PAT-0022956,2,INS002,MediShield Assurance,6,DEP006,General Medicine,108851.49,0.0,108851.49,Rejected,Missing Documentation,11.0,2025-03-07,2025-03-18,30,0,0,15,10,0,55,High,Rejected claim; Rejected value >= 25K; Claim value >= 100K
1871,CLM-00001871,2624,BILL-00002624,17107,PAT-0017107,2,INS002,MediShield Assurance,9,DEP009,ENT,108420.45,0.0,108420.45,Rejected,Duplicate Claim,20.0,2024-11-11,2024-12-01,30,0,0,15,10,0,55,High,Rejected claim; Rejected value >= 25K; Claim value >= 100K
5657,CLM-00005657,7936,BILL-00007936,22954,PAT-0022954,5,INS005,LifeCare Insurance,3,DEP003,Neurology,108317.61,0.0,108317.61,Rejected,Policy Exclusion,12.0,2023-04-13,2023-04-25,30,0,0,15,10,0,55,High,Rejected claim; Rejected value >= 25K; Claim value >= 100K
30348,CLM-00030348,42480,BILL-00042480,10657,PAT-0010657,5,INS005,LifeCare Insurance,10,DEP010,Dermatology,108299.75,0.0,108299.75,Rejected,Pre-authorization Missing,6.0,2026-03-28,2026-04-03,30,0,0,15,10,0,55,High,Rejected claim; Rejected value >= 25K; Claim value >= 100K
13162,CLM-00013162,18372,BILL-00018372,18014,PAT-0018014,4,INS004,National Health Plan,9,DEP009,ENT,108068.33,0.0,108068.33,Rejected,Missing Documentation,24.0,2026-02-09,2026-03-05,30,0,0,15,10,0,55,High,Rejected claim; Rejected value >= 25K; Claim value >= 100K
10485,CLM-00010485,14690,BILL-00014690,24585,PAT-0024585,5,INS005,LifeCare Insurance,8,DEP008,Gynecology,107082.45,0.0,107082.45,Rejected,Policy Exclusion,19.0,2024-10-09,2024-10-28,30,0,0,15,10,0,55,High,Rejected claim; Rejected value >= 25K; Claim value >= 100K
15886,CLM-00015886,22246,BILL-00022246,17745,PAT-0017745,3,INS003,CarePlus Health,6,DEP006,General Medicine,106989.37,0.0,106989.37,Rejected,Duplicate Claim,16.0,2023-04-24,2023-05-10,30,0,0,15,10,0,55,High,Rejected claim; Rejected value >= 25K; Claim value >= 100K
12861,CLM-00012861,17965,BILL-00017965,564,PAT-0000564,5,INS005,LifeCare Insurance,10,DEP010,Dermatology,106790.71,0.0,106790.71,Rejected,Missing Documentation,20.0,2026-02-25,2026-03-17,30,0,0,15,10,0,55,High,Rejected claim; Rejected value >= 25K; Claim value >= 100K
19503,CLM-00019503,27280,BILL-00027280,24463,PAT-0024463,4,INS004,National Health Plan,2,DEP002,Cardiology,106260.93,0.0,106260.93,Rejected,Missing Documentation,20.0,2024-08-20,2024-09-09,30,0,0,15,10,0,55,High,Rejected claim; Rejected value >= 25K; Claim value >= 100K
19321,CLM-00019321,27014,BILL-00027014,7037,PAT-0007037,1,INS001,HealthSecure Insurance,7,DEP007,Oncology,105973.79,0.0,105973.79,Rejected,Missing Documentation,24.0,2025-02-26,2025-03-22,30,0,0,15,10,0,55,High,Rejected claim; Rejected value >= 25K; Claim value >= 100K
24936,CLM-00024936,34920,BILL-00034920,1491,PAT-0001491,4,INS004,National Health Plan,10,DEP010,Dermatology,105938.17,0.0,105938.17,Rejected,Incorrect Coding,20.0,2026-02-14,2026-03-06,30,0,0,15,10,0,55,High,Rejected claim; Rejected value >= 25K; Claim value >= 100K
3343,CLM-00003343,4703,BILL-00004703,3265,PAT-0003265,4,INS004,National Health Plan,3,DEP003,Neurology,105841.9,0.0,105841.9,Rejected,Policy Exclusion,5.0,2026-03-04,2026-03-09,30,0,0,15,10,0,55,High,Rejected claim; Rejected value >= 25K; Claim value >= 100K
31145,CLM-00031145,43593,BILL-00043593,7298,PAT-0007298,4,INS004,National Health Plan,5,DEP005,Pediatrics,105668.36,0.0,105668.36,Rejected,Pre-authorization Missing,23.0,2025-10-11,2025-11-03,30,0,0,15,10,0,55,High,Rejected claim; Rejected value >= 25K; Claim value >= 100K
4046,CLM-00004046,5694,BILL-00005694,13906,PAT-0013906,5,INS005,LifeCare Insurance,8,DEP008,Gynecology,105253.86,0.0,105253.86,Rejected,Duplicate Claim,16.0,2026-06-07,2026-06-23,30,0,0,15,10,0,55,High,Rejected claim; Rejected value >= 25K; Claim value >= 100K
24925,CLM-00024925,34903,BILL-00034903,8492,PAT-0008492,4,INS004,National Health Plan,2,DEP002,Cardiology,105224.75,0.0,105224.75,Rejected,Coverage Limit Exceeded,25.0,2023-10-12,2023-11-06,30,0,0,15,10,0,55,High,Rejected claim; Rejected value >= 25K; Claim value >= 100K
2536,CLM-00002536,3572,BILL-00003572,6979,PAT-0006979,3,INS003,CarePlus Health,4,DEP004,Orthopedics,104855.87,0.0,104855.87,Rejected,Pre-authorization Missing,16.0,2024-12-14,2024-12-30,30,0,0,15,10,0,55,High,Rejected claim; Rejected value >= 25K; Claim value >= 100K
32726,CLM-00032726,45764,BILL-00045764,17935,PAT-0017935,5,INS005,LifeCare Insurance,4,DEP004,Orthopedics,104530.58,0.0,104530.58,Rejected,Missing Documentation,24.0,2024-01-26,2024-02-19,30,0,0,15,10,0,55,High,Rejected claim; Rejected value >= 25K; Claim value >= 100K
16783,CLM-00016783,23499,BILL-00023499,12925,PAT-0012925,2,INS002,MediShield Assurance,3,DEP003,Neurology,104457.69,0.0,104457.69,Rejected,Coverage Limit Exceeded,12.0,2025-03-01,2025-03-13,30,0,0,15,10,0,55,High,Rejected claim; Rejected value >= 25K; Claim value >= 100K
12096,CLM-00012096,16907,BILL-00016907,9832,PAT-0009832,2,INS002,MediShield Assurance,3,DEP003,Neurology,104409.92,0.0,104409.92,Rejected,Pre-authorization Missing,17.0,2026-03-30,2026-04-16,30,0,0,15,10,0,55,High,Rejected claim; Rejected value >= 25K; Claim value >= 100K
4945,CLM-00004945,6955,BILL-00006955,12551,PAT-0012551,3,INS003,CarePlus Health,3,DEP003,Neurology,104402.91,0.0,104402.91,Rejected,Duplicate Claim,5.0,2025-10-24,2025-10-29,30,0,0,15,10,0,55,High,Rejected claim; Rejected value >= 25K; Claim value >= 100K
5493,CLM-00005493,7714,BILL-00007714,19910,PAT-0019910,3,INS003,CarePlus Health,10,DEP010,Dermatology,104333.08,0.0,104333.08,Rejected,Missing Documentation,23.0,2026-06-18,2026-07-11,30,0,0,15,10,0,55,High,Rejected claim; Rejected value >= 25K; Claim value >= 100K
32194,CLM-00032194,45035,BILL-00045035,1572,PAT-0001572,2,INS002,MediShield Assurance,7,DEP007,Oncology,103763.72,0.0,103763.72,Rejected,Duplicate Claim,25.0,2026-08-18,2026-09-12,30,0,0,15,10,0,55,High,Rejected claim; Rejected value >= 25K; Claim value >= 100K
9537,CLM-00009537,13323,BILL-00013323,22777,PAT-0022777,5,INS005,LifeCare Insurance,3,DEP003,Neurology,103722.55,0.0,103722.55,Rejected,Missing Documentation,13.0,2026-02-09,2026-02-22,30,0,0,15,10,0,55,High,Rejected claim; Rejected value >= 25K; Claim value >= 100K
2879,CLM-00002879,4073,BILL-00004073,3045,PAT-0003045,2,INS002,MediShield Assurance,7,DEP007,Oncology,103673.14,0.0,103673.14,Rejected,Coverage Limit Exceeded,20.0,2026-06-01,2026-06-21,30,0,0,15,10,0,55,High,Rejected claim; Rejected value >= 25K; Claim value >= 100K
4608,CLM-00004608,6507,BILL-00006507,1179,PAT-0001179,2,INS002,MediShield Assurance,8,DEP008,Gynecology,103577.57,0.0,103577.57,Rejected,Incorrect Coding,17.0,2023-04-16,2023-05-03,30,0,0,15,10,0,55,High,Rejected claim; Rejected value >= 25K; Claim value >= 100K
20788,CLM-00020788,29062,BILL-00029062,10880,PAT-0010880,4,INS004,National Health Plan,8,DEP008,Gynecology,103260.06,0.0,103260.06,Rejected,Missing Documentation,7.0,2023-03-04,2023-03-11,30,0,0,15,10,0,55,High,Rejected claim; Rejected value >= 25K; Claim value >= 100K
22400,CLM-00022400,31313,BILL-00031313,4873,PAT-0004873,2,INS002,MediShield Assurance,9,DEP009,ENT,103108.46,0.0,103108.46,Rejected,Pre-authorization Missing,24.0,2026-09-19,2026-10-13,30,0,0,15,10,0,55,High,Rejected claim; Rejected value >= 25K; Claim value >= 100K
6064,CLM-00006064,8493,BILL-00008493,5498,PAT-0005498,3,INS003,CarePlus Health,6,DEP006,General Medicine,102822.36,0.0,102822.36,Rejected,Policy Exclusion,15.0,2023-03-18,2023-04-02,30,0,0,15,10,0,55,High,Rejected claim; Rejected value >= 25K; Claim value >= 100K
8842,CLM-00008842,12349,BILL-00012349,15635,PAT-0015635,2,INS002,MediShield Assurance,6,DEP006,General Medicine,102771.74,0.0,102771.74,Rejected,Missing Documentation,21.0,2025-06-27,2025-07-18,30,0,0,15,10,0,55,High,Rejected claim; Rejected value >= 25K; Claim value >= 100K
23721,CLM-00023721,33180,BILL-00033180,13704,PAT-0013704,1,INS001,HealthSecure Insurance,5,DEP005,Pediatrics,102747.15,0.0,102747.15,Rejected,Pre-authorization Missing,14.0,2024-04-20,2024-05-04,30,0,0,15,10,0,55,High,Rejected claim; Rejected value >= 25K; Claim value >= 100K
7844,CLM-00007844,10967,BILL-00010967,15356,PAT-0015356,2,INS002,MediShield Assurance,9,DEP009,ENT,102445.15,0.0,102445.15,Rejected,Incorrect Coding,12.0,2026-03-10,2026-03-22,30,0,0,15,10,0,55,High,Rejected claim; Rejected value >= 25K; Claim value >= 100K
29686,CLM-00029686,41557,BILL-00041557,2263,PAT-0002263,4,INS004,National Health Plan,7,DEP007,Oncology,102299.72,0.0,102299.72,Rejected,Policy Exclusion,19.0,2024-05-10,2024-05-29,30,0,0,15,10,0,55,High,Rejected claim; Rejected value >= 25K; Claim value >= 100K
17145,CLM-00017145,23995,BILL-00023995,22849,PAT-0022849,5,INS005,LifeCare Insurance,2,DEP002,Cardiology,102211.09,0.0,102211.09,Rejected,Policy Exclusion,12.0,2024-03-14,2024-03-26,30,0,0,15,10,0,55,High,Rejected claim; Rejected value >= 25K; Claim value >= 100K
631,CLM-00000631,897,BILL-00000897,22663,PAT-0022663,3,INS003,CarePlus Health,9,DEP009,ENT,102134.78,0.0,102134.78,Rejected,Coverage Limit Exceeded,10.0,2026-08-19,2026-08-29,30,0,0,15,10,0,55,High,Rejected claim; Rejected value >= 25K; Claim value >= 100K
15110,CLM-00015110,21144,BILL-00021144,7707,PAT-0007707,2,INS002,MediShield Assurance,2,DEP002,Cardiology,102053.22,0.0,102053.22,Rejected,Duplicate Claim,22.0,2025-12-10,2026-01-01,30,0,0,15,10,0,55,High,Rejected claim; Rejected value >= 25K; Claim value >= 100K
64,CLM-00000064,88,BILL-00000088,24694,PAT-0024694,2,INS002,MediShield Assurance,6,DEP006,General Medicine,101668.84,0.0,101668.84,Rejected,Missing Documentation,9.0,2024-11-27,2024-12-06,30,0,0,15,10,0,55,High,Rejected claim; Rejected value >= 25K; Claim value >= 100K
13650,CLM-00013650,19064,BILL-00019064,14733,PAT-0014733,3,INS003,CarePlus Health,4,DEP004,Orthopedics,101487.89,0.0,101487.89,Rejected,Coverage Limit Exceeded,16.0,2025-07-08,2025-07-24,30,0,0,15,10,0,55,High,Rejected claim; Rejected value >= 25K; Claim value >= 100K
18972,CLM-00018972,26527,BILL-00026527,17112,PAT-0017112,3,INS003,CarePlus Health,10,DEP010,Dermatology,101449.69,0.0,101449.69,Rejected,Missing Documentation,11.0,2025-11-16,2025-11-27,30,0,0,15,10,0,55,High,Rejected claim; Rejected value >= 25K; Claim value >= 100K
9268,CLM-00009268,12949,BILL-00012949,11679,PAT-0011679,1,INS001,HealthSecure Insurance,6,DEP006,General Medicine,101208.24,0.0,101208.24,Rejected,Policy Exclusion,10.0,2024-07-09,2024-07-19,30,0,0,15,10,0,55,High,Rejected claim; Rejected value >= 25K; Claim value >= 100K
1845,CLM-00001845,2596,BILL-00002596,1368,PAT-0001368,1,INS001,HealthSecure Insurance,8,DEP008,Gynecology,101175.22,0.0,101175.22,Rejected,Incorrect Coding,17.0,2023-03-22,2023-04-08,30,0,0,15,10,0,55,High,Rejected claim; Rejected value >= 25K; Claim value >= 100K
26301,CLM-00026301,36807,BILL-00036807,10193,PAT-0010193,1,INS001,HealthSecure Insurance,1,DEP001,Emergency,101046.36,0.0,101046.36,Rejected,Missing Documentation,6.0,2023-06-17,2023-06-23,30,0,0,15,10,0,55,High,Rejected claim; Rejected value >= 25K; Claim value >= 100K
5250,CLM-00005250,7369,BILL-00007369,19038,PAT-0019038,3,INS003,CarePlus Health,4,DEP004,Orthopedics,100978.98,0.0,100978.98,Rejected,Policy Exclusion,17.0,2025-12-28,2026-01-14,30,0,0,15,10,0,55,High,Rejected claim; Rejected value >= 25K; Claim value >= 100K
22547,CLM-00022547,31501,BILL-00031501,18711,PAT-0018711,4,INS004,National Health Plan,7,DEP007,Oncology,100890.06,0.0,100890.06,Rejected,Incorrect Coding,5.0,2025-02-06,2025-02-11,30,0,0,15,10,0,55,High,Rejected claim; Rejected value >= 25K; Claim value >= 100K
6289,CLM-00006289,8802,BILL-00008802,19751,PAT-0019751,3,INS003,CarePlus Health,10,DEP010,Dermatology,100685.58,0.0,100685.58,Rejected,Pre-authorization Missing,6.0,2023-07-26,2023-08-01,30,0,0,15,10,0,55,High,Rejected claim; Rejected value >= 25K; Claim value >= 100K
21239,CLM-00021239,29690,BILL-00029690,2124,PAT-0002124,4,INS004,National Health Plan,10,DEP010,Dermatology,100233.95,0.0,100233.95,Rejected,Pre-authorization Missing,17.0,2023-09-15,2023-10-02,30,0,0,15,10,0,55,High,Rejected claim; Rejected value >= 25K; Claim value >= 100K
5823,CLM-00005823,8165,BILL-00008165,24613,PAT-0024613,3,INS003,CarePlus Health,3,DEP003,Neurology,99998.22,0.0,99998.22,Rejected,Duplicate Claim,17.0,2023-12-15,2024-01-01,30,0,0,15,0,0,45,High,Rejected claim; Rejected value >= 25K
5053,CLM-00005053,7093,BILL-00007093,23131,PAT-0023131,1,INS001,HealthSecure Insurance,9,DEP009,ENT,99799.84,0.0,99799.84,Rejected,Pre-authorization Missing,14.0,2025-12-16,2025-12-30,30,0,0,15,0,0,45,High,Rejected claim; Rejected value >= 25K
30461,CLM-00030461,42634,BILL-00042634,5514,PAT-0005514,1,INS001,HealthSecure Insurance,9,DEP009,ENT,99785.63,0.0,99785.63,Rejected,Missing Documentation,20.0,2026-07-27,2026-08-16,30,0,0,15,0,0,45,High,Rejected claim; Rejected value >= 25K
163,CLM-00000163,225,BILL-00000225,24653,PAT-0024653,5,INS005,LifeCare Insurance,10,DEP010,Dermatology,99773.58,0.0,99773.58,Rejected,Missing Documentation,20.0,2025-03-03,2025-03-23,30,0,0,15,0,0,45,High,Rejected claim; Rejected value >= 25K
28606,CLM-00028606,40040,BILL-00040040,14425,PAT-0014425,1,INS001,HealthSecure Insurance,10,DEP010,Dermatology,99763.15,0.0,99763.15,Rejected,Duplicate Claim,23.0,2025-09-07,2025-09-30,30,0,0,15,0,0,45,High,Rejected claim; Rejected value >= 25K
30408,CLM-00030408,42561,BILL-00042561,4873,PAT-0004873,5,INS005,LifeCare Insurance,9,DEP009,ENT,99595.23,0.0,99595.23,Rejected,Incorrect Coding,16.0,2025-01-06,2025-01-22,30,0,0,15,0,0,45,High,Rejected claim; Rejected value >= 25K
27914,CLM-00027914,39054,BILL-00039054,19753,PAT-0019753,5,INS005,LifeCare Insurance,3,DEP003,Neurology,99544.52,0.0,99544.52,Rejected,Incorrect Coding,22.0,2023-12-25,2024-01-16,30,0,0,15,0,0,45,High,Rejected claim; Rejected value >= 25K
11494,CLM-00011494,16084,BILL-00016084,18570,PAT-0018570,1,INS001,HealthSecure Insurance,6,DEP006,General Medicine,99542.75,0.0,99542.75,Rejected,Duplicate Claim,19.0,2025-07-31,2025-08-19,30,0,0,15,0,0,45,High,Rejected claim; Rejected value >= 25K
6879,CLM-00006879,9622,BILL-00009622,13263,PAT-0013263,2,INS002,MediShield Assurance,4,DEP004,Orthopedics,99395.87,0.0,99395.87,Rejected,Policy Exclusion,8.0,2025-09-20,2025-09-28,30,0,0,15,0,0,45,High,Rejected claim; Rejected value >= 25K
24941,CLM-00024941,34926,BILL-00034926,14011,PAT-0014011,1,INS001,HealthSecure Insurance,7,DEP007,Oncology,99283.05,0.0,99283.05,Rejected,Incorrect Coding,15.0,2023-01-15,2023-01-30,30,0,0,15,0,0,45,High,Rejected claim; Rejected value >= 25K
32560,CLM-00032560,45535,BILL-00045535,11740,PAT-0011740,1,INS001,HealthSecure Insurance,9,DEP009,ENT,99187.11,0.0,99187.11,Rejected,Duplicate Claim,24.0,2025-02-06,2025-03-02,30,0,0,15,0,0,45,High,Rejected claim; Rejected value >= 25K
34603,CLM-00034603,48423,BILL-00048423,6239,PAT-0006239,4,INS004,National Health Plan,6,DEP006,General Medicine,99184.99,0.0,99184.99,Rejected,Pre-authorization Missing,12.0,2025-02-11,2025-02-23,30,0,0,15,0,0,45,High,Rejected claim; Rejected value >= 25K
34350,CLM-00034350,48066,BILL-00048066,979,PAT-0000979,1,INS001,HealthSecure Insurance,8,DEP008,Gynecology,99116.37,0.0,99116.37,Rejected,Policy Exclusion,6.0,2024-05-01,2024-05-07,30,0,0,15,0,0,45,High,Rejected claim; Rejected value >= 25K
4110,CLM-00004110,5784,BILL-00005784,275,PAT-0000275,4,INS004,National Health Plan,4,DEP004,Orthopedics,99081.24,0.0,99081.24,Rejected,Incorrect Coding,15.0,2024-05-21,2024-06-05,30,0,0,15,0,0,45,High,Rejected claim; Rejected value >= 25K
31344,CLM-00031344,43853,BILL-00043853,24735,PAT-0024735,4,INS004,National Health Plan,4,DEP004,Orthopedics,98914.38,0.0,98914.38,Rejected,Incorrect Coding,6.0,2023-08-04,2023-08-10,30,0,0,15,0,0,45,High,Rejected claim; Rejected value >= 25K
25903,CLM-00025903,36254,BILL-00036254,16301,PAT-0016301,1,INS001,HealthSecure Insurance,4,DEP004,Orthopedics,98913.2,0.0,98913.2,Rejected,Coverage Limit Exceeded,17.0,2023-10-11,2023-10-28,30,0,0,15,0,0,45,High,Rejected claim; Rejected value >= 25K
25928,CLM-00025928,36285,BILL-00036285,255,PAT-0000255,4,INS004,National Health Plan,8,DEP008,Gynecology,98739.42,0.0,98739.42,Rejected,Policy Exclusion,17.0,2025-10-26,2025-11-12,30,0,0,15,0,0,45,High,Rejected claim; Rejected value >= 25K
22574,CLM-00022574,31536,BILL-00031536,18565,PAT-0018565,5,INS005,LifeCare Insurance,2,DEP002,Cardiology,98613.75,0.0,98613.75,Rejected,Policy Exclusion,23.0,2025-02-26,2025-03-21,30,0,0,15,0,0,45,High,Rejected claim; Rejected value >= 25K
22866,CLM-00022866,31944,BILL-00031944,10497,PAT-0010497,2,INS002,MediShield Assurance,9,DEP009,ENT,98497.62,0.0,98497.62,Rejected,Duplicate Claim,18.0,2025-07-14,2025-08-01,30,0,0,15,0,0,45,High,Rejected claim; Rejected value >= 25K
28330,CLM-00028330,39637,BILL-00039637,15855,PAT-0015855,4,INS004,National Health Plan,4,DEP004,Orthopedics,98328.71,0.0,98328.71,Rejected,Pre-authorization Missing,5.0,2026-03-29,2026-04-03,30,0,0,15,0,0,45,High,Rejected claim; Rejected value >= 25K
4623,CLM-00004623,6525,BILL-00006525,6506,PAT-0006506,2,INS002,MediShield Assurance,10,DEP010,Dermatology,98312.26,0.0,98312.26,Rejected,Duplicate Claim,17.0,2023-05-06,2023-05-23,30,0,0,15,0,0,45,High,Rejected claim; Rejected value >= 25K
9387,CLM-00009387,13113,BILL-00013113,3359,PAT-0003359,5,INS005,LifeCare Insurance,6,DEP006,General Medicine,98174.73,0.0,98174.73,Rejected,Pre-authorization Missing,17.0,2023-03-04,2023-03-21,30,0,0,15,0,0,45,High,Rejected claim; Rejected value >= 25K
26172,CLM-00026172,36628,BILL-00036628,21616,PAT-0021616,5,INS005,LifeCare Insurance,10,DEP010,Dermatology,97991.93,0.0,97991.93,Rejected,Incorrect Coding,6.0,2024-03-07,2024-03-13,30,0,0,15,0,0,45,High,Rejected claim; Rejected value >= 25K
21717,CLM-00021717,30365,BILL-00030365,11168,PAT-0011168,1,INS001,HealthSecure Insurance,10,DEP010,Dermatology,97832.23,0.0,97832.23,Rejected,Coverage Limit Exceeded,15.0,2026-05-21,2026-06-05,30,0,0,15,0,0,45,High,Rejected claim; Rejected value >= 25K
34388,CLM-00034388,48116,BILL-00048116,15986,PAT-0015986,2,INS002,MediShield Assurance,6,DEP006,General Medicine,97739.63,0.0,97739.63,Rejected,Missing Documentation,21.0,2024-01-24,2024-02-14,30,0,0,15,0,0,45,High,Rejected claim; Rejected value >= 25K
25074,CLM-00025074,35107,BILL-00035107,13912,PAT-0013912,2,INS002,MediShield Assurance,7,DEP007,Oncology,97645.24,0.0,97645.24,Rejected,Policy Exclusion,10.0,2024-12-24,2025-01-03,30,0,0,15,0,0,45,High,Rejected claim; Rejected value >= 25K
11601,CLM-00011601,16221,BILL-00016221,9240,PAT-0009240,5,INS005,LifeCare Insurance,2,DEP002,Cardiology,97298.42,0.0,97298.42,Rejected,Incorrect Coding,24.0,2024-06-05,2024-06-29,30,0,0,15,0,0,45,High,Rejected claim; Rejected value >= 25K
36281,CLM-00035926,50811,BILL-00050272,17795,PAT-0017795,5,INS005,LifeCare Insurance,2,DEP002,Cardiology,97242.04,0.0,97242.04,Rejected,Pre-authorization Missing,20.0,2026-10-02,2026-10-22,30,0,0,15,0,0,45,High,Rejected claim; Rejected value >= 25K
22107,CLM-00022107,30912,BILL-00030912,11686,PAT-0011686,4,INS004,National Health Plan,10,DEP010,Dermatology,227415.69,130340.61,97075.08,Partially Approved,Policy Exclusion,36.0,2024-04-29,2024-06-04,0,0,10,15,10,10,45,High,Partially approved; Rejected value >= 25K; Claim value >= 100K; Processing > 30 days
578,CLM-00000578,825,BILL-00000825,14835,PAT-0014835,2,INS002,MediShield Assurance,6,DEP006,General Medicine,97048.7,0.0,97048.7,Rejected,Policy Exclusion,13.0,2025-07-08,2025-07-21,30,0,0,15,0,0,45,High,Rejected claim; Rejected value >= 25K
14712,CLM-00014712,20579,BILL-00020579,20664,PAT-0020664,4,INS004,National Health Plan,6,DEP006,General Medicine,97028.44,0.0,97028.44,Rejected,Policy Exclusion,25.0,2023-01-30,2023-02-24,30,0,0,15,0,0,45,High,Rejected claim; Rejected value >= 25K
19628,CLM-00019628,27443,BILL-00027443,15886,PAT-0015886,3,INS003,CarePlus Health,5,DEP005,Pediatrics,96994.61,0.0,96994.61,Rejected,Duplicate Claim,20.0,2024-02-23,2024-03-14,30,0,0,15,0,0,45,High,Rejected claim; Rejected value >= 25K
25234,CLM-00025234,35313,BILL-00035313,24556,PAT-0024556,5,INS005,LifeCare Insurance,2,DEP002,Cardiology,96689.93,0.0,96689.93,Rejected,Pre-authorization Missing,18.0,2024-12-25,2025-01-12,30,0,0,15,0,0,45,High,Rejected claim; Rejected value >= 25K
23375,CLM-00023375,32677,BILL-00032677,21661,PAT-0021661,3,INS003,CarePlus Health,3,DEP003,Neurology,96614.79,0.0,96614.79,Rejected,Pre-authorization Missing,25.0,2025-09-28,2025-10-23,30,0,0,15,0,0,45,High,Rejected claim; Rejected value >= 25K
5469,CLM-00005469,7677,BILL-00007677,19002,PAT-0019002,3,INS003,CarePlus Health,3,DEP003,Neurology,96595.29,0.0,96595.29,Rejected,Policy Exclusion,21.0,2023-06-05,2023-06-26,30,0,0,15,0,0,45,High,Rejected claim; Rejected value >= 25K
34763,CLM-00034763,48668,BILL-00048668,14710,PAT-0014710,4,INS004,National Health Plan,7,DEP007,Oncology,96390.36,0.0,96390.36,Rejected,Duplicate Claim,11.0,2024-05-24,2024-06-04,30,0,0,15,0,0,45,High,Rejected claim; Rejected value >= 25K
16284,CLM-00016284,22813,BILL-00022813,24220,PAT-0024220,5,INS005,LifeCare Insurance,5,DEP005,Pediatrics,96350.7,0.0,96350.7,Rejected,Duplicate Claim,5.0,2026-03-12,2026-03-17,30,0,0,15,0,0,45,High,Rejected claim; Rejected value >= 25K
8219,CLM-00008219,11482,BILL-00011482,12598,PAT-0012598,2,INS002,MediShield Assurance,1,DEP001,Emergency,96180.33,0.0,96180.33,Rejected,Policy Exclusion,12.0,2023-01-16,2023-01-28,30,0,0,15,0,0,45,High,Rejected claim; Rejected value >= 25K
1346,CLM-00001346,1885,BILL-00001885,19866,PAT-0019866,5,INS005,LifeCare Insurance,1,DEP001,Emergency,95979.96,0.0,95979.96,Rejected,Duplicate Claim,18.0,2026-03-15,2026-04-02,30,0,0,15,0,0,45,High,Rejected claim; Rejected value >= 25K
15885,CLM-00015885,22244,BILL-00022244,22076,PAT-0022076,2,INS002,MediShield Assurance,5,DEP005,Pediatrics,95973.44,0.0,95973.44,Rejected,Missing Documentation,17.0,2026-03-17,2026-04-03,30,0,0,15,0,0,45,High,Rejected claim; Rejected value >= 25K
27039,CLM-00027039,37842,BILL-00037842,5412,PAT-0005412,3,INS003,CarePlus Health,6,DEP006,General Medicine,95876.81,0.0,95876.81,Rejected,Duplicate Claim,21.0,2025-07-20,2025-08-10,30,0,0,15,0,0,45,High,Rejected claim; Rejected value >= 25K
36515,CLM-00036400,51146,BILL-00050967,8383,PAT-0008383,5,INS005,LifeCare Insurance,9,DEP009,ENT,95818.43,0.0,95818.43,Rejected,Pre-authorization Missing,21.0,2026-10-06,2026-10-27,30,0,0,15,0,0,45,High,Rejected claim; Rejected value >= 25K
14061,CLM-00014061,19634,BILL-00019634,3984,PAT-0003984,1,INS001,HealthSecure Insurance,2,DEP002,Cardiology,95817.79,0.0,95817.79,Rejected,Coverage Limit Exceeded,15.0,2026-07-15,2026-07-30,30,0,0,15,0,0,45,High,Rejected claim; Rejected value >= 25K
339,CLM-00000339,493,BILL-00000493,17691,PAT-0017691,5,INS005,LifeCare Insurance,3,DEP003,Neurology,95709.54,0.0,95709.54,Rejected,Policy Exclusion,8.0,2023-03-16,2023-03-24,30,0,0,15,0,0,45,High,Rejected claim; Rejected value >= 25K
29668,CLM-00029668,41534,BILL-00041534,16369,PAT-0016369,4,INS004,National Health Plan,9,DEP009,ENT,95672.64,0.0,95672.64,Rejected,Incorrect Coding,25.0,2026-08-07,2026-09-01,30,0,0,15,0,0,45,High,Rejected claim; Rejected value >= 25K
8000,CLM-00008000,11178,BILL-00011178,8165,PAT-0008165,4,INS004,National Health Plan,5,DEP005,Pediatrics,95348.12,0.0,95348.12,Rejected,Policy Exclusion,25.0,2023-07-14,2023-08-08,30,0,0,15,0,0,45,High,Rejected claim; Rejected value >= 25K
35356,CLM-00035356,49497,BILL-00049497,10527,PAT-0010527,2,INS002,MediShield Assurance,2,DEP002,Cardiology,223920.08,128585.41,95334.67,Partially Approved,Policy Exclusion,39.0,2024-01-27,2024-03-06,0,0,10,15,10,10,45,High,Partially approved; Rejected value >= 25K; Claim value >= 100K; Processing > 30 days
17714,CLM-00017714,24803,BILL-00024803,15466,PAT-0015466,2,INS002,MediShield Assurance,4,DEP004,Orthopedics,95220.44,0.0,95220.44,Rejected,Incorrect Coding,5.0,2024-07-27,2024-08-01,30,0,0,15,0,0,45,High,Rejected claim; Rejected value >= 25K
2393,CLM-00002393,3360,BILL-00003360,15930,PAT-0015930,1,INS001,HealthSecure Insurance,1,DEP001,Emergency,95020.12,0.0,95020.12,Rejected,Coverage Limit Exceeded,14.0,2026-06-17,2026-07-01,30,0,0,15,0,0,45,High,Rejected claim; Rejected value >= 25K
9081,CLM-00009081,12687,BILL-00012687,9411,PAT-0009411,3,INS003,CarePlus Health,6,DEP006,General Medicine,94770.68,0.0,94770.68,Rejected,Missing Documentation,23.0,2023-05-10,2023-06-02,30,0,0,15,0,0,45,High,Rejected claim; Rejected value >= 25K
3095,CLM-00003095,4370,BILL-00004370,12882,PAT-0012882,3,INS003,CarePlus Health,4,DEP004,Orthopedics,94715.69,0.0,94715.69,Rejected,Duplicate Claim,20.0,2023-08-28,2023-09-17,30,0,0,15,0,0,45,High,Rejected claim; Rejected value >= 25K
12618,CLM-00012618,17625,BILL-00017625,671,PAT-0000671,1,INS001,HealthSecure Insurance,10,DEP010,Dermatology,94685.03,0.0,94685.03,Rejected,Missing Documentation,21.0,2025-04-23,2025-05-14,30,0,0,15,0,0,45,High,Rejected claim; Rejected value >= 25K
7760,CLM-00007760,10846,BILL-00010846,23611,PAT-0023611,4,INS004,National Health Plan,1,DEP001,Emergency,94204.09,0.0,94204.09,Rejected,Coverage Limit Exceeded,13.0,2023-04-27,2023-05-10,30,0,0,15,0,0,45,High,Rejected claim; Rejected value >= 25K
18736,CLM-00018736,26179,BILL-00026179,14022,PAT-0014022,5,INS005,LifeCare Insurance,10,DEP010,Dermatology,94189.99,0.0,94189.99,Rejected,Missing Documentation,11.0,2024-12-20,2024-12-31,30,0,0,15,0,0,45,High,Rejected claim; Rejected value >= 25K
5726,CLM-00005726,8037,BILL-00008037,9539,PAT-0009539,5,INS005,LifeCare Insurance,5,DEP005,Pediatrics,94083.26,0.0,94083.26,Rejected,Incorrect Coding,12.0,2025-02-02,2025-02-14,30,0,0,15,0,0,45,High,Rejected claim; Rejected value >= 25K
33502,CLM-00033502,46865,BILL-00046865,19035,PAT-0019035,1,INS001,HealthSecure Insurance,4,DEP004,Orthopedics,93849.71,0.0,93849.71,Rejected,Pre-authorization Missing,23.0,2024-08-03,2024-08-26,30,0,0,15,0,0,45,High,Rejected claim; Rejected value >= 25K
4498,CLM-00004498,6358,BILL-00006358,7751,PAT-0007751,2,INS002,MediShield Assurance,6,DEP006,General Medicine,93722.14,0.0,93722.14,Rejected,Pre-authorization Missing,14.0,2023-03-25,2023-04-08,30,0,0,15,0,0,45,High,Rejected claim; Rejected value >= 25K
8653,CLM-00008653,12070,BILL-00012070,9584,PAT-0009584,1,INS001,HealthSecure Insurance,10,DEP010,Dermatology,93550.46,0.0,93550.46,Rejected,Coverage Limit Exceeded,9.0,2023-03-05,2023-03-14,30,0,0,15,0,0,45,High,Rejected claim; Rejected value >= 25K
9442,CLM-00009442,13181,BILL-00013181,15470,PAT-0015470,5,INS005,LifeCare Insurance,9,DEP009,ENT,93422.93,0.0,93422.93,Rejected,Duplicate Claim,15.0,2025-10-21,2025-11-05,30,0,0,15,0,0,45,High,Rejected claim; Rejected value >= 25K
13477,CLM-00013477,18819,BILL-00018819,14892,PAT-0014892,2,INS002,MediShield Assurance,10,DEP010,Dermatology,93213.09,0.0,93213.09,Rejected,Policy Exclusion,5.0,2024-10-03,2024-10-08,30,0,0,15,0,0,45,High,Rejected claim; Rejected value >= 25K
23927,CLM-00023927,33491,BILL-00033491,17025,PAT-0017025,3,INS003,CarePlus Health,10,DEP010,Dermatology,93077.31,0.0,93077.31,Rejected,Coverage Limit Exceeded,10.0,2025-05-25,2025-06-04,30,0,0,15,0,0,45,High,Rejected claim; Rejected value >= 25K
23117,CLM-00023117,32288,BILL-00032288,9057,PAT-0009057,4,INS004,National Health Plan,7,DEP007,Oncology,93073.95,0.0,93073.95,Rejected,Missing Documentation,11.0,2023-08-19,2023-08-30,30,0,0,15,0,0,45,High,Rejected claim; Rejected value >= 25K
10471,CLM-00010471,14671,BILL-00014671,18267,PAT-0018267,5,INS005,LifeCare Insurance,6,DEP006,General Medicine,92738.89,0.0,92738.89,Rejected,Policy Exclusion,19.0,2025-03-03,2025-03-22,30,0,0,15,0,0,45,High,Rejected claim; Rejected value >= 25K
14026,CLM-00014026,19577,BILL-00019577,20554,PAT-0020554,4,INS004,National Health Plan,5,DEP005,Pediatrics,92705.6,0.0,92705.6,Rejected,Incorrect Coding,6.0,2023-11-19,2023-11-25,30,0,0,15,0,0,45,High,Rejected claim; Rejected value >= 25K
4631,CLM-00004631,6534,BILL-00006534,22695,PAT-0022695,2,INS002,MediShield Assurance,6,DEP006,General Medicine,92685.13,0.0,92685.13,Rejected,Incorrect Coding,22.0,2023-10-07,2023-10-29,30,0,0,15,0,0,45,High,Rejected claim; Rejected value >= 25K
31334,CLM-00031334,43843,BILL-00043843,24534,PAT-0024534,2,INS002,MediShield Assurance,8,DEP008,Gynecology,92583.77,0.0,92583.77,Rejected,Duplicate Claim,22.0,2025-11-10,2025-12-02,30,0,0,15,0,0,45,High,Rejected claim; Rejected value >= 25K
30873,CLM-00030873,43213,BILL-00043213,13722,PAT-0013722,5,INS005,LifeCare Insurance,3,DEP003,Neurology,92031.18,0.0,92031.18,Rejected,Incorrect Coding,5.0,2025-10-23,2025-10-28,30,0,0,15,0,0,45,High,Rejected claim; Rejected value >= 25K
4417,CLM-00004417,6246,BILL-00006246,4387,PAT-0004387,4,INS004,National Health Plan,8,DEP008,Gynecology,92030.23,0.0,92030.23,Rejected,Pre-authorization Missing,7.0,2024-01-22,2024-01-29,30,0,0,15,0,0,45,High,Rejected claim; Rejected value >= 25K
36763,CLM-00036648,51491,BILL-00051312,7269,PAT-0007269,4,INS004,National Health Plan,9,DEP009,ENT,91993.98,0.0,91993.98,Rejected,Pre-authorization Missing,12.0,2026-10-04,2026-10-16,30,0,0,15,0,0,45,High,Rejected claim; Rejected value >= 25K
25925,CLM-00025925,36281,BILL-00036281,8196,PAT-0008196,3,INS003,CarePlus Health,5,DEP005,Pediatrics,91992.27,0.0,91992.27,Rejected,Missing Documentation,5.0,2026-09-12,2026-09-17,30,0,0,15,0,0,45,High,Rejected claim; Rejected value >= 25K
9374,CLM-00009374,13099,BILL-00013099,2545,PAT-0002545,3,INS003,CarePlus Health,1,DEP001,Emergency,91969.1,0.0,91969.1,Rejected,Incorrect Coding,13.0,2023-12-13,2023-12-26,30,0,0,15,0,0,45,High,Rejected claim; Rejected value >= 25K
9255,CLM-00009255,12930,BILL-00012930,22364,PAT-0022364,4,INS004,National Health Plan,6,DEP006,General Medicine,91928.82,0.0,91928.82,Rejected,Coverage Limit Exceeded,15.0,2023-10-29,2023-11-13,30,0,0,15,0,0,45,High,Rejected claim; Rejected value >= 25K
165,CLM-00000165,228,BILL-00000228,15302,PAT-0015302,4,INS004,National Health Plan,6,DEP006,General Medicine,91922.8,0.0,91922.8,Rejected,Missing Documentation,14.0,2025-03-15,2025-03-29,30,0,0,15,0,0,45,High,Rejected claim; Rejected value >= 25K
20437,CLM-00020437,28593,BILL-00028593,1206,PAT-0001206,3,INS003,CarePlus Health,7,DEP007,Oncology,91806.9,0.0,91806.9,Rejected,Incorrect Coding,17.0,2025-06-28,2025-07-15,30,0,0,15,0,0,45,High,Rejected claim; Rejected value >= 25K
1055,CLM-00001055,1481,BILL-00001481,24039,PAT-0024039,5,INS005,LifeCare Insurance,4,DEP004,Orthopedics,91750.29,0.0,91750.29,Rejected,Duplicate Claim,9.0,2023-01-28,2023-02-06,30,0,0,15,0,0,45,High,Rejected claim; Rejected value >= 25K
26103,CLM-00026103,36530,BILL-00036530,14955,PAT-0014955,2,INS002,MediShield Assurance,5,DEP005,Pediatrics,91673.04,0.0,91673.04,Rejected,Policy Exclusion,16.0,2024-12-23,2025-01-08,30,0,0,15,0,0,45,High,Rejected claim; Rejected value >= 25K
23245,CLM-00023245,32476,BILL-00032476,4165,PAT-0004165,3,INS003,CarePlus Health,2,DEP002,Cardiology,91623.44,0.0,91623.44,Rejected,Coverage Limit Exceeded,17.0,2023-01-07,2023-01-24,30,0,0,15,0,0,45,High,Rejected claim; Rejected value >= 25K
31983,CLM-00031983,44738,BILL-00044738,19194,PAT-0019194,5,INS005,LifeCare Insurance,7,DEP007,Oncology,91575.55,0.0,91575.55,Rejected,Policy Exclusion,6.0,2024-06-17,2024-06-23,30,0,0,15,0,0,45,High,Rejected claim; Rejected value >= 25K
16793,CLM-00016793,23512,BILL-00023512,3474,PAT-0003474,1,INS001,HealthSecure Insurance,4,DEP004,Orthopedics,91378.88,0.0,91378.88,Rejected,Incorrect Coding,23.0,2026-05-13,2026-06-05,30,0,0,15,0,0,45,High,Rejected claim; Rejected value >= 25K
35639,CLM-00035639,49888,BILL-00049888,1835,PAT-0001835,5,INS005,LifeCare Insurance,1,DEP001,Emergency,91306.42,0.0,91306.42,Rejected,Policy Exclusion,16.0,2024-09-08,2024-09-24,30,0,0,15,0,0,45,High,Rejected claim; Rejected value >= 25K
992,CLM-00000992,1396,BILL-00001396,6344,PAT-0006344,5,INS005,LifeCare Insurance,1,DEP001,Emergency,244149.68,153049.2,91100.48,Partially Approved,Missing Documentation,35.0,2024-11-29,2025-01-03,0,0,10,15,10,10,45,High,Partially approved; Rejected value >= 25K; Claim value >= 100K; Processing > 30 days
16355,CLM-00016355,22912,BILL-00022912,12610,PAT-0012610,5,INS005,LifeCare Insurance,4,DEP004,Orthopedics,91100.38,0.0,91100.38,Rejected,Missing Documentation,12.0,2025-03-15,2025-03-27,30,0,0,15,0,0,45,High,Rejected claim; Rejected value >= 25K
22722,CLM-00022722,31747,BILL-00031747,4942,PAT-0004942,1,INS001,HealthSecure Insurance,3,DEP003,Neurology,91071.0,0.0,91071.0,Rejected,Policy Exclusion,21.0,2025-06-24,2025-07-15,30,0,0,15,0,0,45,High,Rejected claim; Rejected value >= 25K
29943,CLM-00029943,41920,BILL-00041920,4273,PAT-0004273,5,INS005,LifeCare Insurance,1,DEP001,Emergency,91052.4,0.0,91052.4,Rejected,Pre-authorization Missing,20.0,2026-01-21,2026-02-10,30,0,0,15,0,0,45,High,Rejected claim; Rejected value >= 25K
13704,CLM-00013704,19139,BILL-00019139,6273,PAT-0006273,4,INS004,National Health Plan,1,DEP001,Emergency,90865.34,0.0,90865.34,Rejected,Policy Exclusion,19.0,2024-08-22,2024-09-10,30,0,0,15,0,0,45,High,Rejected claim; Rejected value >= 25K
23300,CLM-00023300,32560,BILL-00032560,19022,PAT-0019022,2,INS002,MediShield Assurance,6,DEP006,General Medicine,90856.01,0.0,90856.01,Rejected,Incorrect Coding,9.0,2023-12-19,2023-12-28,30,0,0,15,0,0,45,High,Rejected claim; Rejected value >= 25K
34834,CLM-00034834,48767,BILL-00048767,24437,PAT-0024437,5,INS005,LifeCare Insurance,4,DEP004,Orthopedics,90848.98,0.0,90848.98,Rejected,Duplicate Claim,18.0,2026-01-22,2026-02-09,30,0,0,15,0,0,45,High,Rejected claim; Rejected value >= 25K
5852,CLM-00005852,8213,BILL-00008213,10233,PAT-0010233,4,INS004,National Health Plan,4,DEP004,Orthopedics,90841.66,0.0,90841.66,Rejected,Incorrect Coding,22.0,2023-08-22,2023-09-13,30,0,0,15,0,0,45,High,Rejected claim; Rejected value >= 25K
23324,CLM-00023324,32600,BILL-00032600,14406,PAT-0014406,4,INS004,National Health Plan,4,DEP004,Orthopedics,90791.05,0.0,90791.05,Rejected,Incorrect Coding,13.0,2023-01-21,2023-02-03,30,0,0,15,0,0,45,High,Rejected claim; Rejected value >= 25K
5319,CLM-00005319,7456,BILL-00007456,17378,PAT-0017378,4,INS004,National Health Plan,5,DEP005,Pediatrics,206176.7,115470.6,90706.1,Partially Approved,Duplicate Claim,40.0,2026-02-18,2026-03-30,0,0,10,15,10,10,45,High,Partially approved; Rejected value >= 25K; Claim value >= 100K; Processing > 30 days
20461,CLM-00020461,28625,BILL-00028625,4552,PAT-0004552,3,INS003,CarePlus Health,10,DEP010,Dermatology,90555.09,0.0,90555.09,Rejected,Coverage Limit Exceeded,7.0,2026-01-30,2026-02-06,30,0,0,15,0,0,45,High,Rejected claim; Rejected value >= 25K
32586,CLM-00032586,45575,BILL-00045575,9079,PAT-0009079,5,INS005,LifeCare Insurance,4,DEP004,Orthopedics,90396.03,0.0,90396.03,Rejected,Incorrect Coding,13.0,2024-01-11,2024-01-24,30,0,0,15,0,0,45,High,Rejected claim; Rejected value >= 25K
16240,CLM-00016240,22745,BILL-00022745,9045,PAT-0009045,3,INS003,CarePlus Health,10,DEP010,Dermatology,90324.19,0.0,90324.19,Rejected,Pre-authorization Missing,17.0,2025-06-18,2025-07-05,30,0,0,15,0,0,45,High,Rejected claim; Rejected value >= 25K
6482,CLM-00006482,9050,BILL-00009050,4399,PAT-0004399,1,INS001,HealthSecure Insurance,1,DEP001,Emergency,90295.04,0.0,90295.04,Rejected,Coverage Limit Exceeded,6.0,2024-10-02,2024-10-08,30,0,0,15,0,0,45,High,Rejected claim; Rejected value >= 25K
25617,CLM-00025617,35867,BILL-00035867,14175,PAT-0014175,4,INS004,National Health Plan,6,DEP006,General Medicine,90199.04,0.0,90199.04,Rejected,Policy Exclusion,17.0,2025-01-20,2025-02-06,30,0,0,15,0,0,45,High,Rejected claim; Rejected value >= 25K
27073,CLM-00027073,37882,BILL-00037882,592,PAT-0000592,2,INS002,MediShield Assurance,3,DEP003,Neurology,90081.07,0.0,90081.07,Rejected,Policy Exclusion,8.0,2023-07-14,2023-07-22,30,0,0,15,0,0,45,High,Rejected claim; Rejected value >= 25K
6790,CLM-00006790,9494,BILL-00009494,2381,PAT-0002381,5,INS005,LifeCare Insurance,3,DEP003,Neurology,90024.3,0.0,90024.3,Rejected,Incorrect Coding,14.0,2023-07-25,2023-08-08,30,0,0,15,0,0,45,High,Rejected claim; Rejected value >= 25K
31774,CLM-00031774,44447,BILL-00044447,17288,PAT-0017288,5,INS005,LifeCare Insurance,3,DEP003,Neurology,90017.22,0.0,90017.22,Rejected,Pre-authorization Missing,14.0,2023-06-12,2023-06-26,30,0,0,15,0,0,45,High,Rejected claim; Rejected value >= 25K
13662,CLM-00013662,19080,BILL-00019080,1181,PAT-0001181,4,INS004,National Health Plan,3,DEP003,Neurology,89996.33,0.0,89996.33,Rejected,Coverage Limit Exceeded,6.0,2024-04-02,2024-04-08,30,0,0,15,0,0,45,High,Rejected claim; Rejected value >= 25K
20007,CLM-00020007,27981,BILL-00027981,1860,PAT-0001860,1,INS001,HealthSecure Insurance,7,DEP007,Oncology,89785.54,0.0,89785.54,Rejected,Incorrect Coding,10.0,2026-04-18,2026-04-28,30,0,0,15,0,0,45,High,Rejected claim; Rejected value >= 25K
31138,CLM-00031138,43585,BILL-00043585,20635,PAT-0020635,1,INS001,HealthSecure Insurance,5,DEP005,Pediatrics,89660.3,0.0,89660.3,Rejected,Incorrect Coding,24.0,2024-12-15,2025-01-08,30,0,0,15,0,0,45,High,Rejected claim; Rejected value >= 25K
23612,CLM-00023612,33020,BILL-00033020,21964,PAT-0021964,4,INS004,National Health Plan,9,DEP009,ENT,89507.8,0.0,89507.8,Rejected,Coverage Limit Exceeded,8.0,2026-07-04,2026-07-12,30,0,0,15,0,0,45,High,Rejected claim; Rejected value >= 25K
29799,CLM-00029799,41715,BILL-00041715,4995,PAT-0004995,3,INS003,CarePlus Health,9,DEP009,ENT,89493.77,0.0,89493.77,Rejected,Missing Documentation,8.0,2024-07-29,2024-08-06,30,0,0,15,0,0,45,High,Rejected claim; Rejected value >= 25K
24912,CLM-00024912,34885,BILL-00034885,21955,PAT-0021955,4,INS004,National Health Plan,5,DEP005,Pediatrics,89491.06,0.0,89491.06,Rejected,Policy Exclusion,8.0,2023-09-10,2023-09-18,30,0,0,15,0,0,45,High,Rejected claim; Rejected value >= 25K
11772,CLM-00011772,16466,BILL-00016466,24022,PAT-0024022,4,INS004,National Health Plan,2,DEP002,Cardiology,89344.95,0.0,89344.95,Rejected,Incorrect Coding,20.0,2024-03-07,2024-03-27,30,0,0,15,0,0,45,High,Rejected claim; Rejected value >= 25K
19383,CLM-00019383,27112,BILL-00027112,16870,PAT-0016870,3,INS003,CarePlus Health,2,DEP002,Cardiology,89310.28,0.0,89310.28,Rejected,Incorrect Coding,9.0,2023-04-01,2023-04-10,30,0,0,15,0,0,45,High,Rejected claim; Rejected value >= 25K
21232,CLM-00021232,29677,BILL-00029677,20967,PAT-0020967,1,INS001,HealthSecure Insurance,2,DEP002,Cardiology,89204.75,0.0,89204.75,Rejected,Incorrect Coding,22.0,2024-09-28,2024-10-20,30,0,0,15,0,0,45,High,Rejected claim; Rejected value >= 25K
24089,CLM-00024089,33702,BILL-00033702,21943,PAT-0021943,2,INS002,MediShield Assurance,10,DEP010,Dermatology,89024.15,0.0,89024.15,Rejected,Coverage Limit Exceeded,15.0,2026-09-03,2026-09-18,30,0,0,15,0,0,45,High,Rejected claim; Rejected value >= 25K
19793,CLM-00019793,27680,BILL-00027680,3659,PAT-0003659,1,INS001,HealthSecure Insurance,5,DEP005,Pediatrics,88927.78,0.0,88927.78,Rejected,Missing Documentation,14.0,2024-08-06,2024-08-20,30,0,0,15,0,0,45,High,Rejected claim; Rejected value >= 25K
19726,CLM-00019726,27573,BILL-00027573,10409,PAT-0010409,1,INS001,HealthSecure Insurance,7,DEP007,Oncology,88806.19,0.0,88806.19,Rejected,Policy Exclusion,9.0,2025-10-01,2025-10-10,30,0,0,15,0,0,45,High,Rejected claim; Rejected value >= 25K
2016,CLM-00002016,2832,BILL-00002832,12122,PAT-0012122,5,INS005,LifeCare Insurance,6,DEP006,General Medicine,88572.0,0.0,88572.0,Rejected,Coverage Limit Exceeded,7.0,2024-03-25,2024-04-01,30,0,0,15,0,0,45,High,Rejected claim; Rejected value >= 25K
17042,CLM-00017042,23863,BILL-00023863,6854,PAT-0006854,1,INS001,HealthSecure Insurance,7,DEP007,Oncology,88469.85,0.0,88469.85,Rejected,Duplicate Claim,21.0,2024-10-15,2024-11-05,30,0,0,15,0,0,45,High,Rejected claim; Rejected value >= 25K
8131,CLM-00008131,11359,BILL-00011359,15738,PAT-0015738,5,INS005,LifeCare Insurance,7,DEP007,Oncology,88453.39,0.0,88453.39,Rejected,Incorrect Coding,10.0,2025-08-24,2025-09-03,30,0,0,15,0,0,45,High,Rejected claim; Rejected value >= 25K
4542,CLM-00004542,6415,BILL-00006415,5887,PAT-0005887,2,INS002,MediShield Assurance,1,DEP001,Emergency,88361.11,0.0,88361.11,Rejected,Incorrect Coding,18.0,2025-07-08,2025-07-26,30,0,0,15,0,0,45,High,Rejected claim; Rejected value >= 25K
15959,CLM-00015959,22356,BILL-00022356,1616,PAT-0001616,4,INS004,National Health Plan,9,DEP009,ENT,88319.61,0.0,88319.61,Rejected,Incorrect Coding,11.0,2023-10-05,2023-10-16,30,0,0,15,0,0,45,High,Rejected claim; Rejected value >= 25K
14541,CLM-00014541,20299,BILL-00020299,11019,PAT-0011019,5,INS005,LifeCare Insurance,10,DEP010,Dermatology,88210.36,0.0,88210.36,Rejected,Duplicate Claim,11.0,2024-08-15,2024-08-26,30,0,0,15,0,0,45,High,Rejected claim; Rejected value >= 25K
27476,CLM-00027476,38440,BILL-00038440,12844,PAT-0012844,4,INS004,National Health Plan,4,DEP004,Orthopedics,202447.66,114300.69,88146.97,Partially Approved,Incorrect Coding,35.0,2023-06-27,2023-08-01,0,0,10,15,10,10,45,High,Partially approved; Rejected value >= 25K; Claim value >= 100K; Processing > 30 days
3820,CLM-00003820,5392,BILL-00005392,21660,PAT-0021660,2,INS002,MediShield Assurance,6,DEP006,General Medicine,88106.52,0.0,88106.52,Rejected,Policy Exclusion,23.0,2025-12-12,2026-01-04,30,0,0,15,0,0,45,High,Rejected claim; Rejected value >= 25K
16964,CLM-00016964,23755,BILL-00023755,23790,PAT-0023790,5,INS005,LifeCare Insurance,7,DEP007,Oncology,87941.2,0.0,87941.2,Rejected,Duplicate Claim,12.0,2023-10-29,2023-11-10,30,0,0,15,0,0,45,High,Rejected claim; Rejected value >= 25K
27381,CLM-00027381,38318,BILL-00038318,21178,PAT-0021178,4,INS004,National Health Plan,7,DEP007,Oncology,87913.49,0.0,87913.49,Rejected,Policy Exclusion,12.0,2026-05-03,2026-05-15,30,0,0,15,0,0,45,High,Rejected claim; Rejected value >= 25K
36756,CLM-00036641,51478,BILL-00051299,25042,PAT-0025109,3,INS003,CarePlus Health,9,DEP009,ENT,87730.04,0.0,87730.04,Rejected,Policy Exclusion,19.0,2026-10-09,2026-10-28,30,0,0,15,0,0,45,High,Rejected claim; Rejected value >= 25K
33530,CLM-00033530,46906,BILL-00046906,9200,PAT-0009200,5,INS005,LifeCare Insurance,1,DEP001,Emergency,87725.18,0.0,87725.18,Rejected,Pre-authorization Missing,8.0,2026-02-20,2026-02-28,30,0,0,15,0,0,45,High,Rejected claim; Rejected value >= 25K
13257,CLM-00013257,18509,BILL-00018509,5703,PAT-0005703,5,INS005,LifeCare Insurance,3,DEP003,Neurology,87623.33,0.0,87623.33,Rejected,Incorrect Coding,11.0,2023-05-16,2023-05-27,30,0,0,15,0,0,45,High,Rejected claim; Rejected value >= 25K
2419,CLM-00002419,3397,BILL-00003397,19932,PAT-0019932,2,INS002,MediShield Assurance,7,DEP007,Oncology,87527.01,0.0,87527.01,Rejected,Missing Documentation,15.0,2025-07-15,2025-07-30,30,0,0,15,0,0,45,High,Rejected claim; Rejected value >= 25K
30421,CLM-00030421,42577,BILL-00042577,3326,PAT-0003326,4,INS004,National Health Plan,7,DEP007,Oncology,87461.15,0.0,87461.15,Rejected,Pre-authorization Missing,19.0,2023-03-16,2023-04-04,30,0,0,15,0,0,45,High,Rejected claim; Rejected value >= 25K
32744,CLM-00032744,45787,BILL-00045787,13026,PAT-0013026,1,INS001,HealthSecure Insurance,9,DEP009,ENT,87380.88,0.0,87380.88,Rejected,Incorrect Coding,12.0,2023-09-27,2023-10-09,30,0,0,15,0,0,45,High,Rejected claim; Rejected value >= 25K
18255,CLM-00018255,25532,BILL-00025532,3727,PAT-0003727,2,INS002,MediShield Assurance,2,DEP002,Cardiology,87246.69,0.0,87246.69,Rejected,Incorrect Coding,23.0,2025-06-19,2025-07-12,30,0,0,15,0,0,45,High,Rejected claim; Rejected value >= 25K
36697,CLM-00036582,51401,BILL-00051222,7403,PAT-0007403,4,INS004,National Health Plan,1,DEP001,Emergency,87242.45,0.0,87242.45,Rejected,Incorrect Coding,23.0,2026-10-06,2026-10-29,30,0,0,15,0,0,45,High,Rejected claim; Rejected value >= 25K
35003,CLM-00035003,49001,BILL-00049001,17088,PAT-0017088,4,INS004,National Health Plan,5,DEP005,Pediatrics,87111.8,0.0,87111.8,Rejected,Incorrect Coding,24.0,2023-04-26,2023-05-20,30,0,0,15,0,0,45,High,Rejected claim; Rejected value >= 25K
15754,CLM-00015754,22081,BILL-00022081,13177,PAT-0013177,1,INS001,HealthSecure Insurance,8,DEP008,Gynecology,87075.9,0.0,87075.9,Rejected,Incorrect Coding,23.0,2025-01-29,2025-02-21,30,0,0,15,0,0,45,High,Rejected claim; Rejected value >= 25K
25467,CLM-00025467,35645,BILL-00035645,4873,PAT-0004873,4,INS004,National Health Plan,4,DEP004,Orthopedics,87041.28,0.0,87041.28,Rejected,Duplicate Claim,9.0,2026-02-12,2026-02-21,30,0,0,15,0,0,45,High,Rejected claim; Rejected value >= 25K
34136,CLM-00034136,47754,BILL-00047754,9447,PAT-0009447,4,INS004,National Health Plan,7,DEP007,Oncology,86909.56,0.0,86909.56,Rejected,Missing Documentation,11.0,2026-07-03,2026-07-14,30,0,0,15,0,0,45,High,Rejected claim; Rejected value >= 25K
11323,CLM-00011323,15849,BILL-00015849,3508,PAT-0003508,3,INS003,CarePlus Health,4,DEP004,Orthopedics,86892.9,0.0,86892.9,Rejected,Pre-authorization Missing,20.0,2023-06-25,2023-07-15,30,0,0,15,0,0,45,High,Rejected claim; Rejected value >= 25K
18498,CLM-00018498,25865,BILL-00025865,16405,PAT-0016405,4,INS004,National Health Plan,1,DEP001,Emergency,196390.0,109546.3,86843.7,Partially Approved,Duplicate Claim,33.0,2026-03-17,2026-04-19,0,0,10,15,10,10,45,High,Partially approved; Rejected value >= 25K; Claim value >= 100K; Processing > 30 days
3387,CLM-00003387,4764,BILL-00004764,5917,PAT-0005917,2,INS002,MediShield Assurance,2,DEP002,Cardiology,86733.9,0.0,86733.9,Rejected,Missing Documentation,15.0,2026-06-03,2026-06-18,30,0,0,15,0,0,45,High,Rejected claim; Rejected value >= 25K
21078,CLM-00021078,29470,BILL-00029470,13099,PAT-0013099,2,INS002,MediShield Assurance,9,DEP009,ENT,86712.3,0.0,86712.3,Rejected,Policy Exclusion,22.0,2024-02-08,2024-03-01,30,0,0,15,0,0,45,High,Rejected claim; Rejected value >= 25K
5651,CLM-00005651,7927,BILL-00007927,23880,PAT-0023880,4,INS004,National Health Plan,9,DEP009,ENT,86669.42,0.0,86669.42,Rejected,Incorrect Coding,5.0,2025-01-22,2025-01-27,30,0,0,15,0,0,45,High,Rejected claim; Rejected value >= 25K
16778,CLM-00016778,23491,BILL-00023491,22644,PAT-0022644,5,INS005,LifeCare Insurance,6,DEP006,General Medicine,86531.56,0.0,86531.56,Rejected,Missing Documentation,5.0,2023-08-24,2023-08-29,30,0,0,15,0,0,45,High,Rejected claim; Rejected value >= 25K
10612,CLM-00010612,14866,BILL-00014866,11906,PAT-0011906,4,INS004,National Health Plan,5,DEP005,Pediatrics,86445.45,0.0,86445.45,Rejected,Coverage Limit Exceeded,22.0,2024-04-24,2024-05-16,30,0,0,15,0,0,45,High,Rejected claim; Rejected value >= 25K
33564,CLM-00033564,46947,BILL-00046947,11550,PAT-0011550,5,INS005,LifeCare Insurance,5,DEP005,Pediatrics,86443.05,0.0,86443.05,Rejected,Pre-authorization Missing,21.0,2026-06-12,2026-07-03,30,0,0,15,0,0,45,High,Rejected claim; Rejected value >= 25K
33406,CLM-00033406,46720,BILL-00046720,22421,PAT-0022421,1,INS001,HealthSecure Insurance,5,DEP005,Pediatrics,231747.47,145374.39,86373.08,Partially Approved,Policy Exclusion,41.0,2023-10-16,2023-11-26,0,0,10,15,10,10,45,High,Partially approved; Rejected value >= 25K; Claim value >= 100K; Processing > 30 days
11615,CLM-00011615,16243,BILL-00016243,3857,PAT-0003857,5,INS005,LifeCare Insurance,2,DEP002,Cardiology,86315.49,0.0,86315.49,Rejected,Missing Documentation,6.0,2025-12-01,2025-12-07,30,0,0,15,0,0,45,High,Rejected claim; Rejected value >= 25K
5888,CLM-00005888,8261,BILL-00008261,14626,PAT-0014626,5,INS005,LifeCare Insurance,4,DEP004,Orthopedics,86085.88,0.0,86085.88,Rejected,Pre-authorization Missing,13.0,2023-01-14,2023-01-27,30,0,0,15,0,0,45,High,Rejected claim; Rejected value >= 25K
22583,CLM-00022583,31548,BILL-00031548,24392,PAT-0024392,5,INS005,LifeCare Insurance,2,DEP002,Cardiology,86065.72,0.0,86065.72,Rejected,Policy Exclusion,10.0,2026-03-23,2026-04-02,30,0,0,15,0,0,45,High,Rejected claim; Rejected value >= 25K
16715,CLM-00016715,23400,BILL-00023400,20498,PAT-0020498,4,INS004,National Health Plan,5,DEP005,Pediatrics,86048.3,0.0,86048.3,Rejected,Coverage Limit Exceeded,7.0,2025-01-27,2025-02-03,30,0,0,15,0,0,45,High,Rejected claim; Rejected value >= 25K
11427,CLM-00011427,15986,BILL-00015986,136,PAT-0000136,5,INS005,LifeCare Insurance,4,DEP004,Orthopedics,86022.24,0.0,86022.24,Rejected,Pre-authorization Missing,17.0,2026-04-19,2026-05-06,30,0,0,15,0,0,45,High,Rejected claim; Rejected value >= 25K
6381,CLM-00006381,8920,BILL-00008920,19297,PAT-0019297,3,INS003,CarePlus Health,2,DEP002,Cardiology,85983.23,0.0,85983.23,Rejected,Policy Exclusion,25.0,2023-04-13,2023-05-08,30,0,0,15,0,0,45,High,Rejected claim; Rejected value >= 25K
33009,CLM-00033009,46152,BILL-00046152,13154,PAT-0013154,1,INS001,HealthSecure Insurance,8,DEP008,Gynecology,85977.93,0.0,85977.93,Rejected,Pre-authorization Missing,14.0,2024-05-02,2024-05-16,30,0,0,15,0,0,45,High,Rejected claim; Rejected value >= 25K
9011,CLM-00009011,12582,BILL-00012582,1409,PAT-0001409,2,INS002,MediShield Assurance,6,DEP006,General Medicine,85929.66,0.0,85929.66,Rejected,Duplicate Claim,25.0,2023-04-29,2023-05-24,30,0,0,15,0,0,45,High,Rejected claim; Rejected value >= 25K
35827,CLM-00035827,50129,BILL-00050129,20714,PAT-0020714,4,INS004,National Health Plan,4,DEP004,Orthopedics,85880.02,0.0,85880.02,Rejected,Coverage Limit Exceeded,18.0,2026-09-28,2026-10-16,30,0,0,15,0,0,45,High,Rejected claim; Rejected value >= 25K
8894,CLM-00008894,12416,BILL-00012416,2849,PAT-0002849,1,INS001,HealthSecure Insurance,8,DEP008,Gynecology,85859.9,0.0,85859.9,Rejected,Missing Documentation,22.0,2024-10-10,2024-11-01,30,0,0,15,0,0,45,High,Rejected claim; Rejected value >= 25K
11200,CLM-00011200,15676,BILL-00015676,2249,PAT-0002249,4,INS004,National Health Plan,2,DEP002,Cardiology,85601.8,0.0,85601.8,Rejected,Duplicate Claim,8.0,2024-09-06,2024-09-14,30,0,0,15,0,0,45,High,Rejected claim; Rejected value >= 25K
20142,CLM-00020142,28173,BILL-00028173,4356,PAT-0004356,4,INS004,National Health Plan,3,DEP003,Neurology,85499.77,0.0,85499.77,Rejected,Incorrect Coding,18.0,2023-05-01,2023-05-19,30,0,0,15,0,0,45,High,Rejected claim; Rejected value >= 25K
14453,CLM-00014453,20176,BILL-00020176,24685,PAT-0024685,5,INS005,LifeCare Insurance,7,DEP007,Oncology,85401.16,0.0,85401.16,Rejected,Policy Exclusion,12.0,2026-02-12,2026-02-24,30,0,0,15,0,0,45,High,Rejected claim; Rejected value >= 25K
22883,CLM-00022883,31963,BILL-00031963,14820,PAT-0014820,4,INS004,National Health Plan,2,DEP002,Cardiology,85219.69,0.0,85219.69,Rejected,Policy Exclusion,10.0,2023-01-09,2023-01-19,30,0,0,15,0,0,45,High,Rejected claim; Rejected value >= 25K
1781,CLM-00001781,2503,BILL-00002503,14870,PAT-0014870,3,INS003,CarePlus Health,7,DEP007,Oncology,189040.21,104153.32,84886.89,Partially Approved,Incorrect Coding,36.0,2023-09-27,2023-11-02,0,0,10,15,10,10,45,High,Partially approved; Rejected value >= 25K; Claim value >= 100K; Processing > 30 days
13790,CLM-00013790,19259,BILL-00019259,18216,PAT-0018216,1,INS001,HealthSecure Insurance,2,DEP002,Cardiology,84871.08,0.0,84871.08,Rejected,Duplicate Claim,11.0,2024-10-15,2024-10-26,30,0,0,15,0,0,45,High,Rejected claim; Rejected value >= 25K
30422,CLM-00030422,42578,BILL-00042578,6473,PAT-0006473,4,INS004,National Health Plan,3,DEP003,Neurology,84862.59,0.0,84862.59,Rejected,Duplicate Claim,16.0,2023-07-22,2023-08-07,30,0,0,15,0,0,45,High,Rejected claim; Rejected value >= 25K
31644,CLM-00031644,44262,BILL-00044262,6732,PAT-0006732,1,INS001,HealthSecure Insurance,7,DEP007,Oncology,84832.22,0.0,84832.22,Rejected,Coverage Limit Exceeded,13.0,2025-08-24,2025-09-06,30,0,0,15,0,0,45,High,Rejected claim; Rejected value >= 25K
32652,CLM-00032652,45662,BILL-00045662,16724,PAT-0016724,5,INS005,LifeCare Insurance,4,DEP004,Orthopedics,84821.54,0.0,84821.54,Rejected,Coverage Limit Exceeded,8.0,2025-09-08,2025-09-16,30,0,0,15,0,0,45,High,Rejected claim; Rejected value >= 25K
17841,CLM-00017841,24982,BILL-00024982,24008,PAT-0024008,5,INS005,LifeCare Insurance,1,DEP001,Emergency,84714.8,0.0,84714.8,Rejected,Coverage Limit Exceeded,5.0,2026-04-09,2026-04-14,30,0,0,15,0,0,45,High,Rejected claim; Rejected value >= 25K
647,CLM-00000647,922,BILL-00000922,16536,PAT-0016536,1,INS001,HealthSecure Insurance,9,DEP009,ENT,84676.32,0.0,84676.32,Rejected,Coverage Limit Exceeded,22.0,2026-09-21,2026-10-13,30,0,0,15,0,0,45,High,Rejected claim; Rejected value >= 25K
1394,CLM-00001394,1958,BILL-00001958,20400,PAT-0020400,2,INS002,MediShield Assurance,6,DEP006,General Medicine,84624.13,0.0,84624.13,Rejected,Policy Exclusion,10.0,2023-06-02,2023-06-12,30,0,0,15,0,0,45,High,Rejected claim; Rejected value >= 25K
14016,CLM-00014016,19566,BILL-00019566,12876,PAT-0012876,1,INS001,HealthSecure Insurance,5,DEP005,Pediatrics,84558.83,0.0,84558.83,Rejected,Coverage Limit Exceeded,20.0,2025-01-17,2025-02-06,30,0,0,15,0,0,45,High,Rejected claim; Rejected value >= 25K
16542,CLM-00016542,23172,BILL-00023172,14499,PAT-0014499,1,INS001,HealthSecure Insurance,4,DEP004,Orthopedics,84299.64,0.0,84299.64,Rejected,Incorrect Coding,25.0,2025-01-05,2025-01-30,30,0,0,15,0,0,45,High,Rejected claim; Rejected value >= 25K
29324,CLM-00029324,41071,BILL-00041071,19254,PAT-0019254,4,INS004,National Health Plan,1,DEP001,Emergency,84220.51,0.0,84220.51,Rejected,Duplicate Claim,11.0,2025-07-04,2025-07-15,30,0,0,15,0,0,45,High,Rejected claim; Rejected value >= 25K
15806,CLM-00015806,22146,BILL-00022146,7373,PAT-0007373,4,INS004,National Health Plan,5,DEP005,Pediatrics,84177.93,0.0,84177.93,Rejected,Incorrect Coding,20.0,2026-05-20,2026-06-09,30,0,0,15,0,0,45,High,Rejected claim; Rejected value >= 25K
9984,CLM-00009984,13972,BILL-00013972,21730,PAT-0021730,5,INS005,LifeCare Insurance,9,DEP009,ENT,84164.01,0.0,84164.01,Rejected,Policy Exclusion,15.0,2024-02-07,2024-02-22,30,0,0,15,0,0,45,High,Rejected claim; Rejected value >= 25K
7969,CLM-00007969,11137,BILL-00011137,19596,PAT-0019596,3,INS003,CarePlus Health,2,DEP002,Cardiology,84121.44,0.0,84121.44,Rejected,Pre-authorization Missing,21.0,2025-05-15,2025-06-05,30,0,0,15,0,0,45,High,Rejected claim; Rejected value >= 25K
34976,CLM-00034976,48962,BILL-00048962,21880,PAT-0021880,2,INS002,MediShield Assurance,4,DEP004,Orthopedics,84076.34,0.0,84076.34,Rejected,Policy Exclusion,10.0,2023-05-10,2023-05-20,30,0,0,15,0,0,45,High,Rejected claim; Rejected value >= 25K
222,CLM-00000222,317,BILL-00000317,7115,PAT-0007115,3,INS003,CarePlus Health,8,DEP008,Gynecology,83925.36,0.0,83925.36,Rejected,Duplicate Claim,21.0,2025-09-24,2025-10-15,30,0,0,15,0,0,45,High,Rejected claim; Rejected value >= 25K
26186,CLM-00026186,36647,BILL-00036647,3295,PAT-0003295,1,INS001,HealthSecure Insurance,6,DEP006,General Medicine,83882.7,0.0,83882.7,Rejected,Incorrect Coding,5.0,2024-09-16,2024-09-21,30,0,0,15,0,0,45,High,Rejected claim; Rejected value >= 25K
13891,CLM-00013891,19401,BILL-00019401,22405,PAT-0022405,2,INS002,MediShield Assurance,8,DEP008,Gynecology,83872.81,0.0,83872.81,Rejected,Duplicate Claim,16.0,2026-05-16,2026-06-01,30,0,0,15,0,0,45,High,Rejected claim; Rejected value >= 25K
31832,CLM-00031832,44535,BILL-00044535,11736,PAT-0011736,2,INS002,MediShield Assurance,7,DEP007,Oncology,83807.89,0.0,83807.89,Rejected,Coverage Limit Exceeded,12.0,2024-04-05,2024-04-17,30,0,0,15,0,0,45,High,Rejected claim; Rejected value >= 25K
2589,CLM-00002589,3652,BILL-00003652,10065,PAT-0010065,1,INS001,HealthSecure Insurance,3,DEP003,Neurology,83750.17,0.0,83750.17,Rejected,Coverage Limit Exceeded,17.0,2026-08-26,2026-09-12,30,0,0,15,0,0,45,High,Rejected claim; Rejected value >= 25K
24094,CLM-00024094,33711,BILL-00033711,4190,PAT-0004190,4,INS004,National Health Plan,6,DEP006,General Medicine,83745.95,0.0,83745.95,Rejected,Incorrect Coding,18.0,2024-04-01,2024-04-19,30,0,0,15,0,0,45,High,Rejected claim; Rejected value >= 25K
28289,CLM-00028289,39579,BILL-00039579,22518,PAT-0022518,1,INS001,HealthSecure Insurance,10,DEP010,Dermatology,83684.77,0.0,83684.77,Rejected,Missing Documentation,8.0,2024-03-28,2024-04-05,30,0,0,15,0,0,45,High,Rejected claim; Rejected value >= 25K
35644,CLM-00035644,49895,BILL-00049895,13460,PAT-0013460,5,INS005,LifeCare Insurance,3,DEP003,Neurology,83415.85,0.0,83415.85,Rejected,Policy Exclusion,5.0,2026-07-28,2026-08-02,30,0,0,15,0,0,45,High,Rejected claim; Rejected value >= 25K
27978,CLM-00027978,39141,BILL-00039141,16532,PAT-0016532,3,INS003,CarePlus Health,4,DEP004,Orthopedics,83361.07,0.0,83361.07,Rejected,Pre-authorization Missing,9.0,2024-04-04,2024-04-13,30,0,0,15,0,0,45,High,Rejected claim; Rejected value >= 25K
21143,CLM-00021143,29558,BILL-00029558,9424,PAT-0009424,5,INS005,LifeCare Insurance,8,DEP008,Gynecology,83328.25,0.0,83328.25,Rejected,Incorrect Coding,7.0,2024-07-03,2024-07-10,30,0,0,15,0,0,45,High,Rejected claim; Rejected value >= 25K
4756,CLM-00004756,6693,BILL-00006693,14834,PAT-0014834,1,INS001,HealthSecure Insurance,1,DEP001,Emergency,83304.66,0.0,83304.66,Rejected,Duplicate Claim,24.0,2026-05-17,2026-06-10,30,0,0,15,0,0,45,High,Rejected claim; Rejected value >= 25K
13465,CLM-00013465,18800,BILL-00018800,4945,PAT-0004945,5,INS005,LifeCare Insurance,2,DEP002,Cardiology,83259.46,0.0,83259.46,Rejected,Incorrect Coding,17.0,2026-07-09,2026-07-26,30,0,0,15,0,0,45,High,Rejected claim; Rejected value >= 25K
4709,CLM-00004709,6629,BILL-00006629,16610,PAT-0016610,4,INS004,National Health Plan,4,DEP004,Orthopedics,83169.09,0.0,83169.09,Rejected,Pre-authorization Missing,19.0,2023-12-25,2024-01-13,30,0,0,15,0,0,45,High,Rejected claim; Rejected value >= 25K
33577,CLM-00033577,46964,BILL-00046964,18645,PAT-0018645,1,INS001,HealthSecure Insurance,6,DEP006,General Medicine,83134.88,0.0,83134.88,Rejected,Duplicate Claim,5.0,2024-05-30,2024-06-04,30,0,0,15,0,0,45,High,Rejected claim; Rejected value >= 25K
24881,CLM-00024881,34843,BILL-00034843,6533,PAT-0006533,3,INS003,CarePlus Health,9,DEP009,ENT,83084.29,0.0,83084.29,Rejected,Pre-authorization Missing,25.0,2023-03-21,2023-04-15,30,0,0,15,0,0,45,High,Rejected claim; Rejected value >= 25K
912,CLM-00000912,1288,BILL-00001288,3728,PAT-0003728,1,INS001,HealthSecure Insurance,6,DEP006,General Medicine,83034.46,0.0,83034.46,Rejected,Duplicate Claim,18.0,2025-04-06,2025-04-24,30,0,0,15,0,0,45,High,Rejected claim; Rejected value >= 25K
2674,CLM-00002674,3768,BILL-00003768,17326,PAT-0017326,2,INS002,MediShield Assurance,6,DEP006,General Medicine,82992.24,0.0,82992.24,Rejected,Incorrect Coding,19.0,2024-08-27,2024-09-15,30,0,0,15,0,0,45,High,Rejected claim; Rejected value >= 25K
9905,CLM-00009905,13856,BILL-00013856,10472,PAT-0010472,1,INS001,HealthSecure Insurance,3,DEP003,Neurology,82948.63,0.0,82948.63,Rejected,Duplicate Claim,23.0,2024-11-06,2024-11-29,30,0,0,15,0,0,45,High,Rejected claim; Rejected value >= 25K
19396,CLM-00019396,27132,BILL-00027132,2391,PAT-0002391,2,INS002,MediShield Assurance,9,DEP009,ENT,82931.36,0.0,82931.36,Rejected,Duplicate Claim,17.0,2024-09-17,2024-10-04,30,0,0,15,0,0,45,High,Rejected claim; Rejected value >= 25K
33214,CLM-00033214,46443,BILL-00046443,4717,PAT-0004717,5,INS005,LifeCare Insurance,2,DEP002,Cardiology,82856.85,0.0,82856.85,Rejected,Coverage Limit Exceeded,25.0,2025-11-29,2025-12-24,30,0,0,15,0,0,45,High,Rejected claim; Rejected value >= 25K
32086,CLM-00032086,44879,BILL-00044879,15998,PAT-0015998,5,INS005,LifeCare Insurance,1,DEP001,Emergency,200142.88,117336.56,82806.32,Partially Approved,Pre-authorization Missing,41.0,2024-10-01,2024-11-11,0,0,10,15,10,10,45,High,Partially approved; Rejected value >= 25K; Claim value >= 100K; Processing > 30 days
11586,CLM-00011586,16203,BILL-00016203,1201,PAT-0001201,5,INS005,LifeCare Insurance,3,DEP003,Neurology,82793.4,0.0,82793.4,Rejected,Incorrect Coding,13.0,2025-03-27,2025-04-09,30,0,0,15,0,0,45,High,Rejected claim; Rejected value >= 25K
18094,CLM-00018094,25316,BILL-00025316,12029,PAT-0012029,3,INS003,CarePlus Health,9,DEP009,ENT,82689.1,0.0,82689.1,Rejected,Policy Exclusion,20.0,2026-05-07,2026-05-27,30,0,0,15,0,0,45,High,Rejected claim; Rejected value >= 25K
36259,CLM-00035904,50777,BILL-00050238,10232,PAT-0010232,2,INS002,MediShield Assurance,3,DEP003,Neurology,82387.9,0.0,82387.9,Rejected,Duplicate Claim,13.0,2026-09-30,2026-10-13,30,0,0,15,0,0,45,High,Rejected claim; Rejected value >= 25K
3103,CLM-00003103,4378,BILL-00004378,13527,PAT-0013527,4,INS004,National Health Plan,3,DEP003,Neurology,82244.97,0.0,82244.97,Rejected,Policy Exclusion,8.0,2023-11-30,2023-12-08,30,0,0,15,0,0,45,High,Rejected claim; Rejected value >= 25K
28683,CLM-00028683,40143,BILL-00040143,7202,PAT-0007202,2,INS002,MediShield Assurance,5,DEP005,Pediatrics,82196.09,0.0,82196.09,Rejected,Coverage Limit Exceeded,21.0,2024-05-13,2024-06-03,30,0,0,15,0,0,45,High,Rejected claim; Rejected value >= 25K
15462,CLM-00015462,21656,BILL-00021656,1742,PAT-0001742,2,INS002,MediShield Assurance,3,DEP003,Neurology,82132.4,0.0,82132.4,Rejected,Coverage Limit Exceeded,5.0,2025-06-13,2025-06-18,30,0,0,15,0,0,45,High,Rejected claim; Rejected value >= 25K
26329,CLM-00026329,36841,BILL-00036841,14766,PAT-0014766,3,INS003,CarePlus Health,9,DEP009,ENT,185422.1,103294.35,82127.75,Partially Approved,Duplicate Claim,41.0,2023-04-08,2023-05-19,0,0,10,15,10,10,45,High,Partially approved; Rejected value >= 25K; Claim value >= 100K; Processing > 30 days
33962,CLM-00033962,47503,BILL-00047503,14469,PAT-0014469,3,INS003,CarePlus Health,5,DEP005,Pediatrics,82046.13,0.0,82046.13,Rejected,Duplicate Claim,13.0,2023-08-10,2023-08-23,30,0,0,15,0,0,45,High,Rejected claim; Rejected value >= 25K
4969,CLM-00004969,6981,BILL-00006981,4021,PAT-0004021,4,INS004,National Health Plan,1,DEP001,Emergency,81975.11,0.0,81975.11,Rejected,Coverage Limit Exceeded,16.0,2024-04-15,2024-05-01,30,0,0,15,0,0,45,High,Rejected claim; Rejected value >= 25K
23773,CLM-00023773,33255,BILL-00033255,15951,PAT-0015951,5,INS005,LifeCare Insurance,10,DEP010,Dermatology,81970.51,0.0,81970.51,Rejected,Incorrect Coding,19.0,2024-01-11,2024-01-30,30,0,0,15,0,0,45,High,Rejected claim; Rejected value >= 25K
23935,CLM-00023935,33500,BILL-00033500,15851,PAT-0015851,1,INS001,HealthSecure Insurance,2,DEP002,Cardiology,81910.57,0.0,81910.57,Rejected,Policy Exclusion,10.0,2025-11-11,2025-11-21,30,0,0,15,0,0,45,High,Rejected claim; Rejected value >= 25K
18759,CLM-00018759,26211,BILL-00026211,22109,PAT-0022109,1,INS001,HealthSecure Insurance,2,DEP002,Cardiology,81812.98,0.0,81812.98,Rejected,Incorrect Coding,22.0,2025-09-20,2025-10-12,30,0,0,15,0,0,45,High,Rejected claim; Rejected value >= 25K
31765,CLM-00031765,44432,BILL-00044432,9717,PAT-0009717,2,INS002,MediShield Assurance,4,DEP004,Orthopedics,81769.89,0.0,81769.89,Rejected,Duplicate Claim,10.0,2024-12-24,2025-01-03,30,0,0,15,0,0,45,High,Rejected claim; Rejected value >= 25K
14529,CLM-00014529,20285,BILL-00020285,6354,PAT-0006354,4,INS004,National Health Plan,5,DEP005,Pediatrics,81679.95,0.0,81679.95,Rejected,Policy Exclusion,21.0,2026-06-01,2026-06-22,30,0,0,15,0,0,45,High,Rejected claim; Rejected value >= 25K
22275,CLM-00022275,31139,BILL-00031139,16233,PAT-0016233,4,INS004,National Health Plan,6,DEP006,General Medicine,81637.44,0.0,81637.44,Rejected,Policy Exclusion,25.0,2026-09-09,2026-10-04,30,0,0,15,0,0,45,High,Rejected claim; Rejected value >= 25K
4772,CLM-00004772,6716,BILL-00006716,2095,PAT-0002095,3,INS003,CarePlus Health,9,DEP009,ENT,81623.27,0.0,81623.27,Rejected,Missing Documentation,8.0,2025-07-09,2025-07-17,30,0,0,15,0,0,45,High,Rejected claim; Rejected value >= 25K
12184,CLM-00012184,17027,BILL-00017027,7261,PAT-0007261,4,INS004,National Health Plan,6,DEP006,General Medicine,81610.57,0.0,81610.57,Rejected,Duplicate Claim,20.0,2024-04-15,2024-05-05,30,0,0,15,0,0,45,High,Rejected claim; Rejected value >= 25K
9553,CLM-00009553,13350,BILL-00013350,20716,PAT-0020716,3,INS003,CarePlus Health,1,DEP001,Emergency,81463.8,0.0,81463.8,Rejected,Incorrect Coding,12.0,2024-11-09,2024-11-21,30,0,0,15,0,0,45,High,Rejected claim; Rejected value >= 25K
36335,CLM-00035980,50890,BILL-00050351,24803,PAT-0024803,4,INS004,National Health Plan,2,DEP002,Cardiology,81417.11,0.0,81417.11,Rejected,Incorrect Coding,14.0,2026-09-29,2026-10-13,30,0,0,15,0,0,45,High,Rejected claim; Rejected value >= 25K
22585,CLM-00022585,31552,BILL-00031552,17378,PAT-0017378,3,INS003,CarePlus Health,9,DEP009,ENT,81307.68,0.0,81307.68,Rejected,Incorrect Coding,10.0,2025-01-15,2025-01-25,30,0,0,15,0,0,45,High,Rejected claim; Rejected value >= 25K
11587,CLM-00011587,16204,BILL-00016204,8651,PAT-0008651,1,INS001,HealthSecure Insurance,10,DEP010,Dermatology,81254.24,0.0,81254.24,Rejected,Incorrect Coding,24.0,2026-05-11,2026-06-04,30,0,0,15,0,0,45,High,Rejected claim; Rejected value >= 25K
27647,CLM-00027647,38690,BILL-00038690,15091,PAT-0015091,4,INS004,National Health Plan,3,DEP003,Neurology,81239.72,0.0,81239.72,Rejected,Missing Documentation,10.0,2024-09-07,2024-09-17,30,0,0,15,0,0,45,High,Rejected claim; Rejected value >= 25K
9860,CLM-00009860,13788,BILL-00013788,21859,PAT-0021859,1,INS001,HealthSecure Insurance,7,DEP007,Oncology,81095.31,0.0,81095.31,Rejected,Duplicate Claim,16.0,2026-04-01,2026-04-17,30,0,0,15,0,0,45,High,Rejected claim; Rejected value >= 25K
22691,CLM-00022691,31708,BILL-00031708,5762,PAT-0005762,1,INS001,HealthSecure Insurance,8,DEP008,Gynecology,81066.06,0.0,81066.06,Rejected,Pre-authorization Missing,6.0,2026-07-08,2026-07-14,30,0,0,15,0,0,45,High,Rejected claim; Rejected value >= 25K
34644,CLM-00034644,48484,BILL-00048484,10198,PAT-0010198,1,INS001,HealthSecure Insurance,9,DEP009,ENT,81020.61,0.0,81020.61,Rejected,Duplicate Claim,23.0,2023-07-16,2023-08-08,30,0,0,15,0,0,45,High,Rejected claim; Rejected value >= 25K
31664,CLM-00031664,44291,BILL-00044291,1330,PAT-0001330,4,INS004,National Health Plan,5,DEP005,Pediatrics,81019.87,0.0,81019.87,Rejected,Coverage Limit Exceeded,24.0,2024-11-27,2024-12-21,30,0,0,15,0,0,45,High,Rejected claim; Rejected value >= 25K
5100,CLM-00005100,7150,BILL-00007150,22476,PAT-0022476,1,INS001,HealthSecure Insurance,2,DEP002,Cardiology,81009.05,0.0,81009.05,Rejected,Pre-authorization Missing,22.0,2025-11-06,2025-11-28,30,0,0,15,0,0,45,High,Rejected claim; Rejected value >= 25K
20888,CLM-00020888,29208,BILL-00029208,22589,PAT-0022589,4,INS004,National Health Plan,1,DEP001,Emergency,80997.96,0.0,80997.96,Rejected,Coverage Limit Exceeded,12.0,2023-02-05,2023-02-17,30,0,0,15,0,0,45,High,Rejected claim; Rejected value >= 25K
18725,CLM-00018725,26167,BILL-00026167,3,PAT-0000003,3,INS003,CarePlus Health,9,DEP009,ENT,80981.64,0.0,80981.64,Rejected,Pre-authorization Missing,15.0,2025-03-18,2025-04-02,30,0,0,15,0,0,45,High,Rejected claim; Rejected value >= 25K
756,CLM-00000756,1082,BILL-00001082,20738,PAT-0020738,4,INS004,National Health Plan,1,DEP001,Emergency,80981.48,0.0,80981.48,Rejected,Missing Documentation,15.0,2023-07-20,2023-08-04,30,0,0,15,0,0,45,High,Rejected claim; Rejected value >= 25K
21114,CLM-00021114,29521,BILL-00029521,15763,PAT-0015763,1,INS001,HealthSecure Insurance,10,DEP010,Dermatology,80947.22,0.0,80947.22,Rejected,Pre-authorization Missing,7.0,2025-12-08,2025-12-15,30,0,0,15,0,0,45,High,Rejected claim; Rejected value >= 25K
31513,CLM-00031513,44082,BILL-00044082,11318,PAT-0011318,5,INS005,LifeCare Insurance,3,DEP003,Neurology,80692.14,0.0,80692.14,Rejected,Missing Documentation,9.0,2025-02-02,2025-02-11,30,0,0,15,0,0,45,High,Rejected claim; Rejected value >= 25K
36386,CLM-00036031,50971,BILL-00050432,12227,PAT-0012227,5,INS005,LifeCare Insurance,10,DEP010,Dermatology,80451.71,0.0,80451.71,Rejected,Incorrect Coding,14.0,2026-09-26,2026-10-10,30,0,0,15,0,0,45,High,Rejected claim; Rejected value >= 25K
26366,CLM-00026366,36897,BILL-00036897,14579,PAT-0014579,3,INS003,CarePlus Health,8,DEP008,Gynecology,80432.06,0.0,80432.06,Rejected,Policy Exclusion,13.0,2024-02-09,2024-02-22,30,0,0,15,0,0,45,High,Rejected claim; Rejected value >= 25K
516,CLM-00000516,727,BILL-00000727,8256,PAT-0008256,3,INS003,CarePlus Health,3,DEP003,Neurology,80346.59,0.0,80346.59,Rejected,Pre-authorization Missing,7.0,2024-07-08,2024-07-15,30,0,0,15,0,0,45,High,Rejected claim; Rejected value >= 25K
11459,CLM-00011459,16033,BILL-00016033,17492,PAT-0017492,4,INS004,National Health Plan,9,DEP009,ENT,80307.06,0.0,80307.06,Rejected,Pre-authorization Missing,14.0,2025-01-13,2025-01-27,30,0,0,15,0,0,45,High,Rejected claim; Rejected value >= 25K
6148,CLM-00006148,8612,BILL-00008612,11476,PAT-0011476,5,INS005,LifeCare Insurance,8,DEP008,Gynecology,80015.89,0.0,80015.89,Rejected,Coverage Limit Exceeded,20.0,2024-01-12,2024-02-01,30,0,0,15,0,0,45,High,Rejected claim; Rejected value >= 25K
33699,CLM-00033699,47131,BILL-00047131,22092,PAT-0022092,2,INS002,MediShield Assurance,3,DEP003,Neurology,79695.04,0.0,79695.04,Rejected,Policy Exclusion,7.0,2024-01-14,2024-01-21,30,0,0,15,0,0,45,High,Rejected claim; Rejected value >= 25K
2836,CLM-00002836,4012,BILL-00004012,1192,PAT-0001192,4,INS004,National Health Plan,4,DEP004,Orthopedics,79660.55,0.0,79660.55,Rejected,Missing Documentation,23.0,2026-07-01,2026-07-24,30,0,0,15,0,0,45,High,Rejected claim; Rejected value >= 25K
13924,CLM-00013924,19442,BILL-00019442,8673,PAT-0008673,1,INS001,HealthSecure Insurance,8,DEP008,Gynecology,79504.93,0.0,79504.93,Rejected,Incorrect Coding,14.0,2024-04-17,2024-05-01,30,0,0,15,0,0,45,High,Rejected claim; Rejected value >= 25K
4899,CLM-00004899,6887,BILL-00006887,22113,PAT-0022113,5,INS005,LifeCare Insurance,10,DEP010,Dermatology,79325.11,0.0,79325.11,Rejected,Incorrect Coding,6.0,2023-02-13,2023-02-19,30,0,0,15,0,0,45,High,Rejected claim; Rejected value >= 25K
2773,CLM-00002773,3914,BILL-00003914,20401,PAT-0020401,2,INS002,MediShield Assurance,2,DEP002,Cardiology,79274.52,0.0,79274.52,Rejected,Incorrect Coding,14.0,2024-05-23,2024-06-06,30,0,0,15,0,0,45,High,Rejected claim; Rejected value >= 25K
28489,CLM-00028489,39867,BILL-00039867,3791,PAT-0003791,4,INS004,National Health Plan,8,DEP008,Gynecology,79267.63,0.0,79267.63,Rejected,Duplicate Claim,19.0,2025-08-28,2025-09-16,30,0,0,15,0,0,45,High,Rejected claim; Rejected value >= 25K
29793,CLM-00029793,41705,BILL-00041705,11958,PAT-0011958,1,INS001,HealthSecure Insurance,2,DEP002,Cardiology,79123.25,0.0,79123.25,Rejected,Policy Exclusion,9.0,2023-01-27,2023-02-05,30,0,0,15,0,0,45,High,Rejected claim; Rejected value >= 25K
12371,CLM-00012371,17285,BILL-00017285,12402,PAT-0012402,2,INS002,MediShield Assurance,6,DEP006,General Medicine,79112.3,0.0,79112.3,Rejected,Policy Exclusion,10.0,2024-08-24,2024-09-03,30,0,0,15,0,0,45,High,Rejected claim; Rejected value >= 25K
29445,CLM-00029445,41228,BILL-00041228,14928,PAT-0014928,3,INS003,CarePlus Health,5,DEP005,Pediatrics,79037.4,0.0,79037.4,Rejected,Coverage Limit Exceeded,9.0,2025-05-04,2025-05-13,30,0,0,15,0,0,45,High,Rejected claim; Rejected value >= 25K
29560,CLM-00029560,41393,BILL-00041393,2991,PAT-0002991,5,INS005,LifeCare Insurance,9,DEP009,ENT,79037.28,0.0,79037.28,Rejected,Pre-authorization Missing,22.0,2023-07-11,2023-08-02,30,0,0,15,0,0,45,High,Rejected claim; Rejected value >= 25K
16553,CLM-00016553,23186,BILL-00023186,21144,PAT-0021144,5,INS005,LifeCare Insurance,10,DEP010,Dermatology,79031.74,0.0,79031.74,Rejected,Coverage Limit Exceeded,25.0,2024-02-05,2024-03-01,30,0,0,15,0,0,45,High,Rejected claim; Rejected value >= 25K
2079,CLM-00002079,2934,BILL-00002934,2849,PAT-0002849,5,INS005,LifeCare Insurance,2,DEP002,Cardiology,78980.44,0.0,78980.44,Rejected,Coverage Limit Exceeded,11.0,2025-12-02,2025-12-13,30,0,0,15,0,0,45,High,Rejected claim; Rejected value >= 25K
19538,CLM-00019538,27321,BILL-00027321,16648,PAT-0016648,4,INS004,National Health Plan,2,DEP002,Cardiology,78780.06,0.0,78780.06,Rejected,Policy Exclusion,9.0,2025-10-06,2025-10-15,30,0,0,15,0,0,45,High,Rejected claim; Rejected value >= 25K
10668,CLM-00010668,14938,BILL-00014938,23654,PAT-0023654,5,INS005,LifeCare Insurance,10,DEP010,Dermatology,78762.83,0.0,78762.83,Rejected,Missing Documentation,20.0,2025-09-04,2025-09-24,30,0,0,15,0,0,45,High,Rejected claim; Rejected value >= 25K
562,CLM-00000562,798,BILL-00000798,7394,PAT-0007394,3,INS003,CarePlus Health,8,DEP008,Gynecology,78632.51,0.0,78632.51,Rejected,Incorrect Coding,6.0,2025-06-22,2025-06-28,30,0,0,15,0,0,45,High,Rejected claim; Rejected value >= 25K
8342,CLM-00008342,11650,BILL-00011650,3859,PAT-0003859,1,INS001,HealthSecure Insurance,3,DEP003,Neurology,198632.77,120047.21,78585.56,Partially Approved,Coverage Limit Exceeded,36.0,2026-02-22,2026-03-30,0,0,10,15,10,10,45,High,Partially approved; Rejected value >= 25K; Claim value >= 100K; Processing > 30 days
16673,CLM-00016673,23347,BILL-00023347,15782,PAT-0015782,4,INS004,National Health Plan,5,DEP005,Pediatrics,78418.86,0.0,78418.86,Rejected,Missing Documentation,8.0,2024-06-22,2024-06-30,30,0,0,15,0,0,45,High,Rejected claim; Rejected value >= 25K
9188,CLM-00009188,12846,BILL-00012846,15511,PAT-0015511,4,INS004,National Health Plan,8,DEP008,Gynecology,78405.25,0.0,78405.25,Rejected,Coverage Limit Exceeded,19.0,2023-10-01,2023-10-20,30,0,0,15,0,0,45,High,Rejected claim; Rejected value >= 25K
30535,CLM-00030535,42744,BILL-00042744,20523,PAT-0020523,4,INS004,National Health Plan,8,DEP008,Gynecology,78399.73,0.0,78399.73,Rejected,Coverage Limit Exceeded,24.0,2024-08-15,2024-09-08,30,0,0,15,0,0,45,High,Rejected claim; Rejected value >= 25K
25102,CLM-00025102,35145,BILL-00035145,11418,PAT-0011418,3,INS003,CarePlus Health,8,DEP008,Gynecology,78399.48,0.0,78399.48,Rejected,Incorrect Coding,16.0,2026-05-05,2026-05-21,30,0,0,15,0,0,45,High,Rejected claim; Rejected value >= 25K
33323,CLM-00033323,46604,BILL-00046604,2324,PAT-0002324,3,INS003,CarePlus Health,8,DEP008,Gynecology,78280.38,0.0,78280.38,Rejected,Policy Exclusion,9.0,2024-04-05,2024-04-14,30,0,0,15,0,0,45,High,Rejected claim; Rejected value >= 25K
12536,CLM-00012536,17515,BILL-00017515,6108,PAT-0006108,4,INS004,National Health Plan,10,DEP010,Dermatology,184403.32,106162.01,78241.31,Partially Approved,Incorrect Coding,35.0,2025-03-29,2025-05-03,0,0,10,15,10,10,45,High,Partially approved; Rejected value >= 25K; Claim value >= 100K; Processing > 30 days
25426,CLM-00025426,35577,BILL-00035577,17819,PAT-0017819,1,INS001,HealthSecure Insurance,3,DEP003,Neurology,78225.66,0.0,78225.66,Rejected,Policy Exclusion,10.0,2025-01-01,2025-01-11,30,0,0,15,0,0,45,High,Rejected claim; Rejected value >= 25K
4147,CLM-00004147,5841,BILL-00005841,15854,PAT-0015854,2,INS002,MediShield Assurance,8,DEP008,Gynecology,78154.37,0.0,78154.37,Rejected,Incorrect Coding,16.0,2024-01-20,2024-02-05,30,0,0,15,0,0,45,High,Rejected claim; Rejected value >= 25K
27200,CLM-00027200,38064,BILL-00038064,19918,PAT-0019918,2,INS002,MediShield Assurance,1,DEP001,Emergency,78104.23,0.0,78104.23,Rejected,Pre-authorization Missing,7.0,2026-05-01,2026-05-08,30,0,0,15,0,0,45,High,Rejected claim; Rejected value >= 25K
5004,CLM-00005004,7025,BILL-00007025,16217,PAT-0016217,4,INS004,National Health Plan,2,DEP002,Cardiology,78032.37,0.0,78032.37,Rejected,Pre-authorization Missing,5.0,2023-12-13,2023-12-18,30,0,0,15,0,0,45,High,Rejected claim; Rejected value >= 25K
12839,CLM-00012839,17931,BILL-00017931,22672,PAT-0022672,5,INS005,LifeCare Insurance,6,DEP006,General Medicine,77997.03,0.0,77997.03,Rejected,Duplicate Claim,17.0,2024-07-08,2024-07-25,30,0,0,15,0,0,45,High,Rejected claim; Rejected value >= 25K
1009,CLM-00001009,1421,BILL-00001421,8103,PAT-0008103,4,INS004,National Health Plan,3,DEP003,Neurology,77996.66,0.0,77996.66,Rejected,Missing Documentation,19.0,2023-08-23,2023-09-11,30,0,0,15,0,0,45,High,Rejected claim; Rejected value >= 25K
8579,CLM-00008579,11968,BILL-00011968,2381,PAT-0002381,1,INS001,HealthSecure Insurance,9,DEP009,ENT,77934.22,0.0,77934.22,Rejected,Coverage Limit Exceeded,20.0,2025-07-26,2025-08-15,30,0,0,15,0,0,45,High,Rejected claim; Rejected value >= 25K
5431,CLM-00005431,7622,BILL-00007622,6920,PAT-0006920,3,INS003,CarePlus Health,8,DEP008,Gynecology,77760.99,0.0,77760.99,Rejected,Missing Documentation,18.0,2024-09-16,2024-10-04,30,0,0,15,0,0,45,High,Rejected claim; Rejected value >= 25K
30972,CLM-00030972,43346,BILL-00043346,2535,PAT-0002535,3,INS003,CarePlus Health,10,DEP010,Dermatology,77721.9,0.0,77721.9,Rejected,Missing Documentation,19.0,2026-01-19,2026-02-07,30,0,0,15,0,0,45,High,Rejected claim; Rejected value >= 25K
9088,CLM-00009088,12704,BILL-00012704,18909,PAT-0018909,2,INS002,MediShield Assurance,4,DEP004,Orthopedics,77700.77,0.0,77700.77,Rejected,Duplicate Claim,9.0,2023-06-06,2023-06-15,30,0,0,15,0,0,45,High,Rejected claim; Rejected value >= 25K
3763,CLM-00003763,5317,BILL-00005317,4284,PAT-0004284,5,INS005,LifeCare Insurance,8,DEP008,Gynecology,77655.73,0.0,77655.73,Rejected,Pre-authorization Missing,21.0,2024-07-09,2024-07-30,30,0,0,15,0,0,45,High,Rejected claim; Rejected value >= 25K
29055,CLM-00029055,40695,BILL-00040695,19708,PAT-0019708,1,INS001,HealthSecure Insurance,10,DEP010,Dermatology,77470.94,0.0,77470.94,Rejected,Pre-authorization Missing,11.0,2025-04-08,2025-04-19,30,0,0,15,0,0,45,High,Rejected claim; Rejected value >= 25K
13048,CLM-00013048,18222,BILL-00018222,13742,PAT-0013742,1,INS001,HealthSecure Insurance,7,DEP007,Oncology,77470.52,0.0,77470.52,Rejected,Policy Exclusion,22.0,2025-08-25,2025-09-16,30,0,0,15,0,0,45,High,Rejected claim; Rejected value >= 25K
19746,CLM-00019746,27608,BILL-00027608,3210,PAT-0003210,4,INS004,National Health Plan,3,DEP003,Neurology,77461.52,0.0,77461.52,Rejected,Coverage Limit Exceeded,7.0,2023-08-02,2023-08-09,30,0,0,15,0,0,45,High,Rejected claim; Rejected value >= 25K
27136,CLM-00027136,37964,BILL-00037964,12061,PAT-0012061,1,INS001,HealthSecure Insurance,1,DEP001,Emergency,77453.2,0.0,77453.2,Rejected,Pre-authorization Missing,5.0,2025-11-28,2025-12-03,30,0,0,15,0,0,45,High,Rejected claim; Rejected value >= 25K
3213,CLM-00003213,4524,BILL-00004524,22758,PAT-0022758,1,INS001,HealthSecure Insurance,8,DEP008,Gynecology,77256.31,0.0,77256.31,Rejected,Duplicate Claim,16.0,2026-08-29,2026-09-14,30,0,0,15,0,0,45,High,Rejected claim; Rejected value >= 25K
2845,CLM-00002845,4029,BILL-00004029,575,PAT-0000575,1,INS001,HealthSecure Insurance,3,DEP003,Neurology,77217.31,0.0,77217.31,Rejected,Coverage Limit Exceeded,6.0,2026-06-25,2026-07-01,30,0,0,15,0,0,45,High,Rejected claim; Rejected value >= 25K
23452,CLM-00023452,32787,BILL-00032787,923,PAT-0000923,1,INS001,HealthSecure Insurance,6,DEP006,General Medicine,77197.83,0.0,77197.83,Rejected,Incorrect Coding,18.0,2024-12-19,2025-01-06,30,0,0,15,0,0,45,High,Rejected claim; Rejected value >= 25K
3659,CLM-00003659,5151,BILL-00005151,9015,PAT-0009015,3,INS003,CarePlus Health,3,DEP003,Neurology,77142.67,0.0,77142.67,Rejected,Missing Documentation,17.0,2023-09-24,2023-10-11,30,0,0,15,0,0,45,High,Rejected claim; Rejected value >= 25K
4452,CLM-00004452,6289,BILL-00006289,17854,PAT-0017854,3,INS003,CarePlus Health,7,DEP007,Oncology,76990.79,0.0,76990.79,Rejected,Pre-authorization Missing,18.0,2025-10-08,2025-10-26,30,0,0,15,0,0,45,High,Rejected claim; Rejected value >= 25K
25919,CLM-00025919,36275,BILL-00036275,6005,PAT-0006005,4,INS004,National Health Plan,2,DEP002,Cardiology,76768.22,0.0,76768.22,Rejected,Incorrect Coding,15.0,2026-02-04,2026-02-19,30,0,0,15,0,0,45,High,Rejected claim; Rejected value >= 25K
3579,CLM-00003579,5035,BILL-00005035,608,PAT-0000608,4,INS004,National Health Plan,6,DEP006,General Medicine,76627.68,0.0,76627.68,Rejected,Incorrect Coding,8.0,2023-08-27,2023-09-04,30,0,0,15,0,0,45,High,Rejected claim; Rejected value >= 25K
11023,CLM-00011023,15433,BILL-00015433,4135,PAT-0004135,1,INS001,HealthSecure Insurance,7,DEP007,Oncology,76476.41,0.0,76476.41,Rejected,Policy Exclusion,19.0,2023-04-07,2023-04-26,30,0,0,15,0,0,45,High,Rejected claim; Rejected value >= 25K
8391,CLM-00008391,11717,BILL-00011717,15733,PAT-0015733,1,INS001,HealthSecure Insurance,10,DEP010,Dermatology,76468.98,0.0,76468.98,Rejected,Missing Documentation,12.0,2024-06-12,2024-06-24,30,0,0,15,0,0,45,High,Rejected claim; Rejected value >= 25K
32478,CLM-00032478,45422,BILL-00045422,18523,PAT-0018523,2,INS002,MediShield Assurance,9,DEP009,ENT,76451.38,0.0,76451.38,Rejected,Duplicate Claim,8.0,2024-07-26,2024-08-03,30,0,0,15,0,0,45,High,Rejected claim; Rejected value >= 25K
18295,CLM-00018295,25586,BILL-00025586,5062,PAT-0005062,3,INS003,CarePlus Health,8,DEP008,Gynecology,76180.07,0.0,76180.07,Rejected,Incorrect Coding,8.0,2023-06-05,2023-06-13,30,0,0,15,0,0,45,High,Rejected claim; Rejected value >= 25K
15135,CLM-00015135,21178,BILL-00021178,4785,PAT-0004785,2,INS002,MediShield Assurance,10,DEP010,Dermatology,187026.52,110909.76,76116.76,Partially Approved,Missing Documentation,40.0,2024-11-27,2025-01-06,0,0,10,15,10,10,45,High,Partially approved; Rejected value >= 25K; Claim value >= 100K; Processing > 30 days
18441,CLM-00018441,25787,BILL-00025787,7771,PAT-0007771,3,INS003,CarePlus Health,4,DEP004,Orthopedics,76032.19,0.0,76032.19,Rejected,Coverage Limit Exceeded,15.0,2025-11-22,2025-12-07,30,0,0,15,0,0,45,High,Rejected claim; Rejected value >= 25K
16218,CLM-00016218,22717,BILL-00022717,1279,PAT-0001279,2,INS002,MediShield Assurance,7,DEP007,Oncology,75920.9,0.0,75920.9,Rejected,Missing Documentation,10.0,2025-11-21,2025-12-01,30,0,0,15,0,0,45,High,Rejected claim; Rejected value >= 25K
26006,CLM-00026006,36405,BILL-00036405,4179,PAT-0004179,4,INS004,National Health Plan,6,DEP006,General Medicine,75809.45,0.0,75809.45,Rejected,Pre-authorization Missing,22.0,2024-10-08,2024-10-30,30,0,0,15,0,0,45,High,Rejected claim; Rejected value >= 25K
17507,CLM-00017507,24512,BILL-00024512,10896,PAT-0010896,2,INS002,MediShield Assurance,6,DEP006,General Medicine,75727.34,0.0,75727.34,Rejected,Pre-authorization Missing,21.0,2025-08-31,2025-09-21,30,0,0,15,0,0,45,High,Rejected claim; Rejected value >= 25K
28973,CLM-00028973,40581,BILL-00040581,5342,PAT-0005342,1,INS001,HealthSecure Insurance,10,DEP010,Dermatology,75679.38,0.0,75679.38,Rejected,Policy Exclusion,11.0,2024-11-02,2024-11-13,30,0,0,15,0,0,45,High,Rejected claim; Rejected value >= 25K
8883,CLM-00008883,12405,BILL-00012405,8429,PAT-0008429,1,INS001,HealthSecure Insurance,9,DEP009,ENT,75666.59,0.0,75666.59,Rejected,Pre-authorization Missing,8.0,2026-08-05,2026-08-13,30,0,0,15,0,0,45,High,Rejected claim; Rejected value >= 25K
1430,CLM-00001430,2010,BILL-00002010,23938,PAT-0023938,4,INS004,National Health Plan,7,DEP007,Oncology,75635.13,0.0,75635.13,Rejected,Incorrect Coding,17.0,2024-05-05,2024-05-22,30,0,0,15,0,0,45,High,Rejected claim; Rejected value >= 25K
10798,CLM-00010798,15120,BILL-00015120,19565,PAT-0019565,2,INS002,MediShield Assurance,10,DEP010,Dermatology,75584.57,0.0,75584.57,Rejected,Missing Documentation,17.0,2024-10-08,2024-10-25,30,0,0,15,0,0,45,High,Rejected claim; Rejected value >= 25K
3225,CLM-00003225,4538,BILL-00004538,7167,PAT-0007167,5,INS005,LifeCare Insurance,10,DEP010,Dermatology,75523.3,0.0,75523.3,Rejected,Duplicate Claim,12.0,2025-10-08,2025-10-20,30,0,0,15,0,0,45,High,Rejected claim; Rejected value >= 25K
29013,CLM-00029013,40640,BILL-00040640,408,PAT-0000408,1,INS001,HealthSecure Insurance,7,DEP007,Oncology,75401.24,0.0,75401.24,Rejected,Pre-authorization Missing,14.0,2023-03-21,2023-04-04,30,0,0,15,0,0,45,High,Rejected claim; Rejected value >= 25K
22993,CLM-00022993,32125,BILL-00032125,22825,PAT-0022825,5,INS005,LifeCare Insurance,6,DEP006,General Medicine,75368.86,0.0,75368.86,Rejected,Coverage Limit Exceeded,14.0,2023-06-15,2023-06-29,30,0,0,15,0,0,45,High,Rejected claim; Rejected value >= 25K
4039,CLM-00004039,5682,BILL-00005682,17730,PAT-0017730,4,INS004,National Health Plan,10,DEP010,Dermatology,75245.27,0.0,75245.27,Rejected,Coverage Limit Exceeded,9.0,2025-08-16,2025-08-25,30,0,0,15,0,0,45,High,Rejected claim; Rejected value >= 25K
34093,CLM-00034093,47691,BILL-00047691,16089,PAT-0016089,3,INS003,CarePlus Health,5,DEP005,Pediatrics,75204.46,0.0,75204.46,Rejected,Incorrect Coding,5.0,2023-10-19,2023-10-24,30,0,0,15,0,0,45,High,Rejected claim; Rejected value >= 25K
16773,CLM-00016773,23481,BILL-00023481,5831,PAT-0005831,5,INS005,LifeCare Insurance,1,DEP001,Emergency,175487.75,100311.07,75176.68,Partially Approved,Duplicate Claim,37.0,2023-12-22,2024-01-28,0,0,10,15,10,10,45,High,Partially approved; Rejected value >= 25K; Claim value >= 100K; Processing > 30 days
24796,CLM-00024796,34716,BILL-00034716,21363,PAT-0021363,5,INS005,LifeCare Insurance,6,DEP006,General Medicine,75077.01,0.0,75077.01,Rejected,Coverage Limit Exceeded,18.0,2023-11-09,2023-11-27,30,0,0,15,0,0,45,High,Rejected claim; Rejected value >= 25K
32028,CLM-00032028,44805,BILL-00044805,4182,PAT-0004182,5,INS005,LifeCare Insurance,8,DEP008,Gynecology,75016.19,0.0,75016.19,Rejected,Duplicate Claim,9.0,2025-05-02,2025-05-11,30,0,0,15,0,0,45,High,Rejected claim; Rejected value >= 25K
30430,CLM-00030430,42592,BILL-00042592,6447,PAT-0006447,1,INS001,HealthSecure Insurance,9,DEP009,ENT,74965.02,0.0,74965.02,Rejected,Duplicate Claim,23.0,2025-08-08,2025-08-31,30,0,0,15,0,0,45,High,Rejected claim; Rejected value >= 25K
18472,CLM-00018472,25831,BILL-00025831,12500,PAT-0012500,1,INS001,HealthSecure Insurance,10,DEP010,Dermatology,74962.61,0.0,74962.61,Rejected,Coverage Limit Exceeded,14.0,2023-12-31,2024-01-14,30,0,0,15,0,0,45,High,Rejected claim; Rejected value >= 25K
28995,CLM-00028995,40615,BILL-00040615,13224,PAT-0013224,2,INS002,MediShield Assurance,1,DEP001,Emergency,74958.84,0.0,74958.84,Rejected,Duplicate Claim,20.0,2023-08-06,2023-08-26,30,0,0,15,0,0,45,High,Rejected claim; Rejected value >= 25K
10313,CLM-00010313,14439,BILL-00014439,5017,PAT-0005017,4,INS004,National Health Plan,7,DEP007,Oncology,74947.01,0.0,74947.01,Rejected,Duplicate Claim,25.0,2025-01-26,2025-02-20,30,0,0,15,0,0,45,High,Rejected claim; Rejected value >= 25K
15578,CLM-00015578,21826,BILL-00021826,14440,PAT-0014440,5,INS005,LifeCare Insurance,9,DEP009,ENT,74876.0,0.0,74876.0,Rejected,Coverage Limit Exceeded,18.0,2025-11-07,2025-11-25,30,0,0,15,0,0,45,High,Rejected claim; Rejected value >= 25K
21453,CLM-00021453,30005,BILL-00030005,13750,PAT-0013750,5,INS005,LifeCare Insurance,7,DEP007,Oncology,74869.83,0.0,74869.83,Rejected,Pre-authorization Missing,11.0,2025-03-06,2025-03-17,30,0,0,15,0,0,45,High,Rejected claim; Rejected value >= 25K
17428,CLM-00017428,24397,BILL-00024397,16018,PAT-0016018,2,INS002,MediShield Assurance,3,DEP003,Neurology,74853.16,0.0,74853.16,Rejected,Pre-authorization Missing,15.0,2023-04-15,2023-04-30,30,0,0,15,0,0,45,High,Rejected claim; Rejected value >= 25K
2954,CLM-00002954,4180,BILL-00004180,19087,PAT-0019087,1,INS001,HealthSecure Insurance,7,DEP007,Oncology,74765.67,0.0,74765.67,Rejected,Duplicate Claim,20.0,2023-03-31,2023-04-20,30,0,0,15,0,0,45,High,Rejected claim; Rejected value >= 25K
29345,CLM-00029345,41104,BILL-00041104,23761,PAT-0023761,4,INS004,National Health Plan,6,DEP006,General Medicine,74656.46,0.0,74656.46,Rejected,Duplicate Claim,24.0,2026-03-27,2026-04-20,30,0,0,15,0,0,45,High,Rejected claim; Rejected value >= 25K
36066,CLM-00036255,50490,BILL-00050766,9698,PAT-0009698,4,INS004,National Health Plan,8,DEP008,Gynecology,74480.65,0.0,74480.65,Rejected,Missing Documentation,6.0,2026-10-05,2026-10-11,30,0,0,15,0,0,45,High,Rejected claim; Rejected value >= 25K
31187,CLM-00031187,43646,BILL-00043646,23845,PAT-0023845,5,INS005,LifeCare Insurance,6,DEP006,General Medicine,74437.78,0.0,74437.78,Rejected,Duplicate Claim,14.0,2023-04-21,2023-05-05,30,0,0,15,0,0,45,High,Rejected claim; Rejected value >= 25K
27745,CLM-00027745,38822,BILL-00038822,22466,PAT-0022466,2,INS002,MediShield Assurance,1,DEP001,Emergency,74322.42,0.0,74322.42,Rejected,Coverage Limit Exceeded,19.0,2024-10-02,2024-10-21,30,0,0,15,0,0,45,High,Rejected claim; Rejected value >= 25K
25526,CLM-00025526,35738,BILL-00035738,21622,PAT-0021622,1,INS001,HealthSecure Insurance,4,DEP004,Orthopedics,169649.66,95345.06,74304.6,Partially Approved,Duplicate Claim,36.0,2026-01-03,2026-02-08,0,0,10,15,10,10,45,High,Partially approved; Rejected value >= 25K; Claim value >= 100K; Processing > 30 days
13413,CLM-00013413,18730,BILL-00018730,22283,PAT-0022283,2,INS002,MediShield Assurance,2,DEP002,Cardiology,74290.95,0.0,74290.95,Rejected,Missing Documentation,19.0,2025-06-18,2025-07-07,30,0,0,15,0,0,45,High,Rejected claim; Rejected value >= 25K
12008,CLM-00012008,16781,BILL-00016781,23037,PAT-0023037,5,INS005,LifeCare Insurance,1,DEP001,Emergency,74053.62,0.0,74053.62,Rejected,Incorrect Coding,17.0,2026-03-15,2026-04-01,30,0,0,15,0,0,45,High,Rejected claim; Rejected value >= 25K
2746,CLM-00002746,3876,BILL-00003876,497,PAT-0000497,5,INS005,LifeCare Insurance,3,DEP003,Neurology,74033.24,0.0,74033.24,Rejected,Duplicate Claim,6.0,2023-08-17,2023-08-23,30,0,0,15,0,0,45,High,Rejected claim; Rejected value >= 25K
20957,CLM-00020957,29306,BILL-00029306,23806,PAT-0023806,3,INS003,CarePlus Health,4,DEP004,Orthopedics,73954.78,0.0,73954.78,Rejected,Missing Documentation,24.0,2025-06-26,2025-07-20,30,0,0,15,0,0,45,High,Rejected claim; Rejected value >= 25K
9220,CLM-00009220,12886,BILL-00012886,13537,PAT-0013537,3,INS003,CarePlus Health,2,DEP002,Cardiology,73939.54,0.0,73939.54,Rejected,Coverage Limit Exceeded,21.0,2026-08-03,2026-08-24,30,0,0,15,0,0,45,High,Rejected claim; Rejected value >= 25K
11910,CLM-00011910,16646,BILL-00016646,5436,PAT-0005436,3,INS003,CarePlus Health,4,DEP004,Orthopedics,73817.2,0.0,73817.2,Rejected,Coverage Limit Exceeded,14.0,2024-08-13,2024-08-27,30,0,0,15,0,0,45,High,Rejected claim; Rejected value >= 25K
21025,CLM-00021025,29407,BILL-00029407,854,PAT-0000854,1,INS001,HealthSecure Insurance,7,DEP007,Oncology,73813.67,0.0,73813.67,Rejected,Duplicate Claim,15.0,2023-08-02,2023-08-17,30,0,0,15,0,0,45,High,Rejected claim; Rejected value >= 25K
16519,CLM-00016519,23142,BILL-00023142,176,PAT-0000176,3,INS003,CarePlus Health,9,DEP009,ENT,73797.2,0.0,73797.2,Rejected,Duplicate Claim,19.0,2023-09-14,2023-10-03,30,0,0,15,0,0,45,High,Rejected claim; Rejected value >= 25K
27689,CLM-00027689,38744,BILL-00038744,22690,PAT-0022690,1,INS001,HealthSecure Insurance,5,DEP005,Pediatrics,73581.2,0.0,73581.2,Rejected,Coverage Limit Exceeded,18.0,2026-05-15,2026-06-02,30,0,0,15,0,0,45,High,Rejected claim; Rejected value >= 25K
23514,CLM-00023514,32869,BILL-00032869,23206,PAT-0023206,2,INS002,MediShield Assurance,6,DEP006,General Medicine,73578.07,0.0,73578.07,Rejected,Coverage Limit Exceeded,19.0,2024-09-23,2024-10-12,30,0,0,15,0,0,45,High,Rejected claim; Rejected value >= 25K
9511,CLM-00009511,13288,BILL-00013288,24412,PAT-0024412,4,INS004,National Health Plan,7,DEP007,Oncology,73531.98,0.0,73531.98,Rejected,Pre-authorization Missing,6.0,2024-06-17,2024-06-23,30,0,0,15,0,0,45,High,Rejected claim; Rejected value >= 25K
27311,CLM-00027311,38228,BILL-00038228,9562,PAT-0009562,2,INS002,MediShield Assurance,6,DEP006,General Medicine,73508.52,0.0,73508.52,Rejected,Missing Documentation,14.0,2023-06-28,2023-07-12,30,0,0,15,0,0,45,High,Rejected claim; Rejected value >= 25K
27135,CLM-00027135,37962,BILL-00037962,12098,PAT-0012098,4,INS004,National Health Plan,1,DEP001,Emergency,73475.74,0.0,73475.74,Rejected,Missing Documentation,25.0,2024-06-27,2024-07-22,30,0,0,15,0,0,45,High,Rejected claim; Rejected value >= 25K
18250,CLM-00018250,25526,BILL-00025526,18680,PAT-0018680,1,INS001,HealthSecure Insurance,6,DEP006,General Medicine,73210.85,0.0,73210.85,Rejected,Pre-authorization Missing,19.0,2026-02-09,2026-02-28,30,0,0,15,0,0,45,High,Rejected claim; Rejected value >= 25K
14420,CLM-00014420,20136,BILL-00020136,19175,PAT-0019175,4,INS004,National Health Plan,4,DEP004,Orthopedics,73154.32,0.0,73154.32,Rejected,Coverage Limit Exceeded,25.0,2024-01-18,2024-02-12,30,0,0,15,0,0,45,High,Rejected claim; Rejected value >= 25K
14867,CLM-00014867,20808,BILL-00020808,8361,PAT-0008361,2,INS002,MediShield Assurance,10,DEP010,Dermatology,73124.58,0.0,73124.58,Rejected,Policy Exclusion,9.0,2023-07-07,2023-07-16,30,0,0,15,0,0,45,High,Rejected claim; Rejected value >= 25K
6778,CLM-00006778,9471,BILL-00009471,19956,PAT-0019956,5,INS005,LifeCare Insurance,6,DEP006,General Medicine,73084.6,0.0,73084.6,Rejected,Incorrect Coding,25.0,2025-07-31,2025-08-25,30,0,0,15,0,0,45,High,Rejected claim; Rejected value >= 25K
2651,CLM-00002651,3731,BILL-00003731,2183,PAT-0002183,1,INS001,HealthSecure Insurance,10,DEP010,Dermatology,73044.29,0.0,73044.29,Rejected,Incorrect Coding,15.0,2024-08-10,2024-08-25,30,0,0,15,0,0,45,High,Rejected claim; Rejected value >= 25K
8671,CLM-00008671,12096,BILL-00012096,4503,PAT-0004503,4,INS004,National Health Plan,8,DEP008,Gynecology,72886.71,0.0,72886.71,Rejected,Incorrect Coding,6.0,2026-02-25,2026-03-03,30,0,0,15,0,0,45,High,Rejected claim; Rejected value >= 25K
28100,CLM-00028100,39310,BILL-00039310,3234,PAT-0003234,1,INS001,HealthSecure Insurance,4,DEP004,Orthopedics,72722.37,0.0,72722.37,Rejected,Duplicate Claim,8.0,2023-08-24,2023-09-01,30,0,0,15,0,0,45,High,Rejected claim; Rejected value >= 25K
26563,CLM-00026563,37175,BILL-00037175,3224,PAT-0003224,5,INS005,LifeCare Insurance,7,DEP007,Oncology,72696.6,0.0,72696.6,Rejected,Coverage Limit Exceeded,21.0,2026-04-03,2026-04-24,30,0,0,15,0,0,45,High,Rejected claim; Rejected value >= 25K
25097,CLM-00025097,35137,BILL-00035137,11761,PAT-0011761,4,INS004,National Health Plan,4,DEP004,Orthopedics,72662.82,0.0,72662.82,Rejected,Incorrect Coding,11.0,2026-02-01,2026-02-12,30,0,0,15,0,0,45,High,Rejected claim; Rejected value >= 25K
5932,CLM-00005932,8318,BILL-00008318,5220,PAT-0005220,5,INS005,LifeCare Insurance,10,DEP010,Dermatology,72562.11,0.0,72562.11,Rejected,Incorrect Coding,17.0,2023-03-06,2023-03-23,30,0,0,15,0,0,45,High,Rejected claim; Rejected value >= 25K
16494,CLM-00016494,23108,BILL-00023108,18300,PAT-0018300,5,INS005,LifeCare Insurance,4,DEP004,Orthopedics,72517.17,0.0,72517.17,Rejected,Incorrect Coding,5.0,2023-12-23,2023-12-28,30,0,0,15,0,0,45,High,Rejected claim; Rejected value >= 25K
23825,CLM-00023825,33336,BILL-00033336,20925,PAT-0020925,4,INS004,National Health Plan,4,DEP004,Orthopedics,72484.37,0.0,72484.37,Rejected,Incorrect Coding,23.0,2026-05-27,2026-06-19,30,0,0,15,0,0,45,High,Rejected claim; Rejected value >= 25K
6314,CLM-00006314,8836,BILL-00008836,21478,PAT-0021478,5,INS005,LifeCare Insurance,5,DEP005,Pediatrics,72444.23,0.0,72444.23,Rejected,Pre-authorization Missing,14.0,2024-06-09,2024-06-23,30,0,0,15,0,0,45,High,Rejected claim; Rejected value >= 25K
23114,CLM-00023114,32285,BILL-00032285,15286,PAT-0015286,5,INS005,LifeCare Insurance,1,DEP001,Emergency,72383.67,0.0,72383.67,Rejected,Pre-authorization Missing,8.0,2024-12-07,2024-12-15,30,0,0,15,0,0,45,High,Rejected claim; Rejected value >= 25K
36330,CLM-00035975,50880,BILL-00050341,3967,PAT-0003967,1,INS001,HealthSecure Insurance,4,DEP004,Orthopedics,72375.63,0.0,72375.63,Rejected,Missing Documentation,19.0,2026-10-02,2026-10-21,30,0,0,15,0,0,45,High,Rejected claim; Rejected value >= 25K
17779,CLM-00017779,24896,BILL-00024896,23755,PAT-0023755,5,INS005,LifeCare Insurance,3,DEP003,Neurology,72369.59,0.0,72369.59,Rejected,Missing Documentation,13.0,2023-11-26,2023-12-09,30,0,0,15,0,0,45,High,Rejected claim; Rejected value >= 25K
33350,CLM-00033350,46640,BILL-00046640,24244,PAT-0024244,4,INS004,National Health Plan,2,DEP002,Cardiology,72341.17,0.0,72341.17,Rejected,Policy Exclusion,25.0,2025-04-20,2025-05-15,30,0,0,15,0,0,45,High,Rejected claim; Rejected value >= 25K
16125,CLM-00016125,22582,BILL-00022582,16731,PAT-0016731,2,INS002,MediShield Assurance,6,DEP006,General Medicine,72292.44,0.0,72292.44,Rejected,Duplicate Claim,20.0,2025-12-28,2026-01-17,30,0,0,15,0,0,45,High,Rejected claim; Rejected value >= 25K
5205,CLM-00005205,7302,BILL-00007302,21172,PAT-0021172,5,INS005,LifeCare Insurance,5,DEP005,Pediatrics,72012.16,0.0,72012.16,Rejected,Missing Documentation,23.0,2026-02-01,2026-02-24,30,0,0,15,0,0,45,High,Rejected claim; Rejected value >= 25K
3636,CLM-00003636,5117,BILL-00005117,21410,PAT-0021410,4,INS004,National Health Plan,6,DEP006,General Medicine,71961.83,0.0,71961.83,Rejected,Coverage Limit Exceeded,16.0,2025-06-21,2025-07-07,30,0,0,15,0,0,45,High,Rejected claim; Rejected value >= 25K
5774,CLM-00005774,8097,BILL-00008097,1860,PAT-0001860,3,INS003,CarePlus Health,9,DEP009,ENT,71813.94,0.0,71813.94,Rejected,Duplicate Claim,11.0,2024-05-12,2024-05-23,30,0,0,15,0,0,45,High,Rejected claim; Rejected value >= 25K
23055,CLM-00023055,32208,BILL-00032208,11847,PAT-0011847,3,INS003,CarePlus Health,6,DEP006,General Medicine,71744.96,0.0,71744.96,Rejected,Duplicate Claim,16.0,2025-06-20,2025-07-06,30,0,0,15,0,0,45,High,Rejected claim; Rejected value >= 25K
32432,CLM-00032432,45358,BILL-00045358,15239,PAT-0015239,1,INS001,HealthSecure Insurance,4,DEP004,Orthopedics,71621.53,0.0,71621.53,Rejected,Pre-authorization Missing,19.0,2023-10-16,2023-11-04,30,0,0,15,0,0,45,High,Rejected claim; Rejected value >= 25K
26588,CLM-00026588,37222,BILL-00037222,16376,PAT-0016376,3,INS003,CarePlus Health,8,DEP008,Gynecology,71511.51,0.0,71511.51,Rejected,Incorrect Coding,21.0,2026-06-27,2026-07-18,30,0,0,15,0,0,45,High,Rejected claim; Rejected value >= 25K
14088,CLM-00014088,19675,BILL-00019675,22587,PAT-0022587,1,INS001,HealthSecure Insurance,4,DEP004,Orthopedics,71509.89,0.0,71509.89,Rejected,Pre-authorization Missing,5.0,2024-05-03,2024-05-08,30,0,0,15,0,0,45,High,Rejected claim; Rejected value >= 25K
35031,CLM-00035031,49044,BILL-00049044,20617,PAT-0020617,1,INS001,HealthSecure Insurance,1,DEP001,Emergency,181824.73,110331.77,71492.96,Partially Approved,Incorrect Coding,33.0,2025-08-05,2025-09-07,0,0,10,15,10,10,45,High,Partially approved; Rejected value >= 25K; Claim value >= 100K; Processing > 30 days
4751,CLM-00004751,6687,BILL-00006687,4469,PAT-0004469,1,INS001,HealthSecure Insurance,7,DEP007,Oncology,71457.93,0.0,71457.93,Rejected,Pre-authorization Missing,8.0,2024-05-28,2024-06-05,30,0,0,15,0,0,45,High,Rejected claim; Rejected value >= 25K
19564,CLM-00019564,27355,BILL-00027355,22000,PAT-0022000,2,INS002,MediShield Assurance,1,DEP001,Emergency,71203.62,0.0,71203.62,Rejected,Policy Exclusion,24.0,2025-05-16,2025-06-09,30,0,0,15,0,0,45,High,Rejected claim; Rejected value >= 25K
5363,CLM-00005363,7525,BILL-00007525,12426,PAT-0012426,5,INS005,LifeCare Insurance,7,DEP007,Oncology,71177.2,0.0,71177.2,Rejected,Policy Exclusion,20.0,2023-03-07,2023-03-27,30,0,0,15,0,0,45,High,Rejected claim; Rejected value >= 25K
7558,CLM-00007558,10575,BILL-00010575,169,PAT-0000169,2,INS002,MediShield Assurance,8,DEP008,Gynecology,71141.0,0.0,71141.0,Rejected,Missing Documentation,9.0,2026-04-24,2026-05-03,30,0,0,15,0,0,45,High,Rejected claim; Rejected value >= 25K
15657,CLM-00015657,21945,BILL-00021945,7797,PAT-0007797,3,INS003,CarePlus Health,2,DEP002,Cardiology,71089.5,0.0,71089.5,Rejected,Policy Exclusion,10.0,2026-02-02,2026-02-12,30,0,0,15,0,0,45,High,Rejected claim; Rejected value >= 25K
25460,CLM-00025460,35636,BILL-00035636,13705,PAT-0013705,2,INS002,MediShield Assurance,3,DEP003,Neurology,71026.86,0.0,71026.86,Rejected,Incorrect Coding,18.0,2026-04-27,2026-05-15,30,0,0,15,0,0,45,High,Rejected claim; Rejected value >= 25K
14948,CLM-00014948,20922,BILL-00020922,12759,PAT-0012759,5,INS005,LifeCare Insurance,7,DEP007,Oncology,70974.72,0.0,70974.72,Rejected,Coverage Limit Exceeded,5.0,2026-06-28,2026-07-03,30,0,0,15,0,0,45,High,Rejected claim; Rejected value >= 25K
25749,CLM-00025749,36039,BILL-00036039,17685,PAT-0017685,1,INS001,HealthSecure Insurance,6,DEP006,General Medicine,70964.06,0.0,70964.06,Rejected,Incorrect Coding,8.0,2024-06-29,2024-07-07,30,0,0,15,0,0,45,High,Rejected claim; Rejected value >= 25K
23287,CLM-00023287,32541,BILL-00032541,6317,PAT-0006317,3,INS003,CarePlus Health,2,DEP002,Cardiology,70959.36,0.0,70959.36,Rejected,Coverage Limit Exceeded,5.0,2025-12-13,2025-12-18,30,0,0,15,0,0,45,High,Rejected claim; Rejected value >= 25K
9133,CLM-00009133,12764,BILL-00012764,17914,PAT-0017914,5,INS005,LifeCare Insurance,7,DEP007,Oncology,70956.03,0.0,70956.03,Rejected,Duplicate Claim,15.0,2023-12-01,2023-12-16,30,0,0,15,0,0,45,High,Rejected claim; Rejected value >= 25K
17411,CLM-00017411,24372,BILL-00024372,10211,PAT-0010211,5,INS005,LifeCare Insurance,8,DEP008,Gynecology,70915.54,0.0,70915.54,Rejected,Missing Documentation,7.0,2026-03-24,2026-03-31,30,0,0,15,0,0,45,High,Rejected claim; Rejected value >= 25K
14087,CLM-00014087,19674,BILL-00019674,6699,PAT-0006699,3,INS003,CarePlus Health,1,DEP001,Emergency,70786.55,0.0,70786.55,Rejected,Policy Exclusion,13.0,2024-03-09,2024-03-22,30,0,0,15,0,0,45,High,Rejected claim; Rejected value >= 25K
14697,CLM-00014697,20553,BILL-00020553,6661,PAT-0006661,1,INS001,HealthSecure Insurance,4,DEP004,Orthopedics,172135.27,101371.26,70764.01,Partially Approved,Coverage Limit Exceeded,45.0,2025-04-21,2025-06-05,0,0,10,15,10,10,45,High,Partially approved; Rejected value >= 25K; Claim value >= 100K; Processing > 30 days
27916,CLM-00027916,39057,BILL-00039057,12071,PAT-0012071,3,INS003,CarePlus Health,7,DEP007,Oncology,190955.7,120213.63,70742.07,Partially Approved,Incorrect Coding,44.0,2024-01-15,2024-02-28,0,0,10,15,10,10,45,High,Partially approved; Rejected value >= 25K; Claim value >= 100K; Processing > 30 days
28255,CLM-00028255,39536,BILL-00039536,24346,PAT-0024346,4,INS004,National Health Plan,7,DEP007,Oncology,70698.82,0.0,70698.82,Rejected,Policy Exclusion,10.0,2024-11-06,2024-11-16,30,0,0,15,0,0,45,High,Rejected claim; Rejected value >= 25K
18923,CLM-00018923,26458,BILL-00026458,20463,PAT-0020463,2,INS002,MediShield Assurance,4,DEP004,Orthopedics,70697.03,0.0,70697.03,Rejected,Missing Documentation,20.0,2026-05-16,2026-06-05,30,0,0,15,0,0,45,High,Rejected claim; Rejected value >= 25K
11116,CLM-00011116,15555,BILL-00015555,21549,PAT-0021549,1,INS001,HealthSecure Insurance,10,DEP010,Dermatology,70682.48,0.0,70682.48,Rejected,Coverage Limit Exceeded,25.0,2024-09-28,2024-10-23,30,0,0,15,0,0,45,High,Rejected claim; Rejected value >= 25K
15982,CLM-00015982,22383,BILL-00022383,925,PAT-0000925,1,INS001,HealthSecure Insurance,3,DEP003,Neurology,70664.99,0.0,70664.99,Rejected,Duplicate Claim,14.0,2025-06-10,2025-06-24,30,0,0,15,0,0,45,High,Rejected claim; Rejected value >= 25K
10527,CLM-00010527,14740,BILL-00014740,21991,PAT-0021991,3,INS003,CarePlus Health,3,DEP003,Neurology,70612.33,0.0,70612.33,Rejected,Policy Exclusion,11.0,2025-08-22,2025-09-02,30,0,0,15,0,0,45,High,Rejected claim; Rejected value >= 25K
29846,CLM-00029846,41787,BILL-00041787,12756,PAT-0012756,4,INS004,National Health Plan,10,DEP010,Dermatology,70569.81,0.0,70569.81,Rejected,Missing Documentation,5.0,2023-02-09,2023-02-14,30,0,0,15,0,0,45,High,Rejected claim; Rejected value >= 25K
20263,CLM-00020263,28336,BILL-00028336,16808,PAT-0016808,1,INS001,HealthSecure Insurance,3,DEP003,Neurology,70462.11,0.0,70462.11,Rejected,Pre-authorization Missing,6.0,2023-01-21,2023-01-27,30,0,0,15,0,0,45,High,Rejected claim; Rejected value >= 25K
32040,CLM-00032040,44821,BILL-00044821,3243,PAT-0003243,1,INS001,HealthSecure Insurance,2,DEP002,Cardiology,191541.06,121096.4,70444.66,Partially Approved,Policy Exclusion,41.0,2026-02-17,2026-03-30,0,0,10,15,10,10,45,High,Partially approved; Rejected value >= 25K; Claim value >= 100K; Processing > 30 days
16775,CLM-00016775,23484,BILL-00023484,19547,PAT-0019547,1,INS001,HealthSecure Insurance,3,DEP003,Neurology,70210.52,0.0,70210.52,Rejected,Policy Exclusion,8.0,2026-08-30,2026-09-07,30,0,0,15,0,0,45,High,Rejected claim; Rejected value >= 25K
27130,CLM-00027130,37955,BILL-00037955,20903,PAT-0020903,2,INS002,MediShield Assurance,7,DEP007,Oncology,216569.47,146407.17,70162.3,Partially Approved,Coverage Limit Exceeded,42.0,2023-10-28,2023-12-09,0,0,10,15,10,10,45,High,Partially approved; Rejected value >= 25K; Claim value >= 100K; Processing > 30 days
11702,CLM-00011702,16369,BILL-00016369,10431,PAT-0010431,1,INS001,HealthSecure Insurance,9,DEP009,ENT,70143.56,0.0,70143.56,Rejected,Policy Exclusion,24.0,2023-04-03,2023-04-27,30,0,0,15,0,0,45,High,Rejected claim; Rejected value >= 25K
11793,CLM-00011793,16490,BILL-00016490,18848,PAT-0018848,4,INS004,National Health Plan,6,DEP006,General Medicine,70117.13,0.0,70117.13,Rejected,Incorrect Coding,16.0,2025-12-17,2026-01-02,30,0,0,15,0,0,45,High,Rejected claim; Rejected value >= 25K
16071,CLM-00016071,22505,BILL-00022505,18630,PAT-0018630,5,INS005,LifeCare Insurance,1,DEP001,Emergency,70084.44,0.0,70084.44,Rejected,Policy Exclusion,20.0,2025-06-30,2025-07-20,30,0,0,15,0,0,45,High,Rejected claim; Rejected value >= 25K
20453,CLM-00020453,28615,BILL-00028615,2984,PAT-0002984,5,INS005,LifeCare Insurance,8,DEP008,Gynecology,70005.9,0.0,70005.9,Rejected,Pre-authorization Missing,7.0,2026-03-28,2026-04-04,30,0,0,15,0,0,45,High,Rejected claim; Rejected value >= 25K
24248,CLM-00024248,33930,BILL-00033930,12332,PAT-0012332,2,INS002,MediShield Assurance,9,DEP009,ENT,69948.91,0.0,69948.91,Rejected,Duplicate Claim,11.0,2025-02-04,2025-02-15,30,0,0,15,0,0,45,High,Rejected claim; Rejected value >= 25K
625,CLM-00000625,889,BILL-00000889,16919,PAT-0016919,2,INS002,MediShield Assurance,3,DEP003,Neurology,176070.05,106122.11,69947.94,Partially Approved,Missing Documentation,36.0,2023-09-09,2023-10-15,0,0,10,15,10,10,45,High,Partially approved; Rejected value >= 25K; Claim value >= 100K; Processing > 30 days
23954,CLM-00023954,33526,BILL-00033526,22523,PAT-0022523,3,INS003,CarePlus Health,2,DEP002,Cardiology,69927.07,0.0,69927.07,Rejected,Incorrect Coding,25.0,2024-08-31,2024-09-25,30,0,0,15,0,0,45,High,Rejected claim; Rejected value >= 25K
19305,CLM-00019305,26991,BILL-00026991,8363,PAT-0008363,2,INS002,MediShield Assurance,5,DEP005,Pediatrics,69892.39,0.0,69892.39,Rejected,Incorrect Coding,19.0,2023-04-21,2023-05-10,30,0,0,15,0,0,45,High,Rejected claim; Rejected value >= 25K
29190,CLM-00029190,40882,BILL-00040882,17690,PAT-0017690,1,INS001,HealthSecure Insurance,1,DEP001,Emergency,184529.56,114663.98,69865.58,Partially Approved,Coverage Limit Exceeded,37.0,2023-01-30,2023-03-08,0,0,10,15,10,10,45,High,Partially approved; Rejected value >= 25K; Claim value >= 100K; Processing > 30 days
17233,CLM-00017233,24115,BILL-00024115,3598,PAT-0003598,2,INS002,MediShield Assurance,5,DEP005,Pediatrics,69799.51,0.0,69799.51,Rejected,Duplicate Claim,24.0,2025-05-11,2025-06-04,30,0,0,15,0,0,45,High,Rejected claim; Rejected value >= 25K
1241,CLM-00001241,1744,BILL-00001744,6076,PAT-0006076,4,INS004,National Health Plan,3,DEP003,Neurology,69798.91,0.0,69798.91,Rejected,Missing Documentation,11.0,2023-03-07,2023-03-18,30,0,0,15,0,0,45,High,Rejected claim; Rejected value >= 25K
15662,CLM-00015662,21953,BILL-00021953,3784,PAT-0003784,1,INS001,HealthSecure Insurance,8,DEP008,Gynecology,69724.79,0.0,69724.79,Rejected,Duplicate Claim,18.0,2024-10-23,2024-11-10,30,0,0,15,0,0,45,High,Rejected claim; Rejected value >= 25K
22176,CLM-00022176,31008,BILL-00031008,10555,PAT-0010555,1,INS001,HealthSecure Insurance,3,DEP003,Neurology,160633.41,90983.05,69650.36,Partially Approved,Duplicate Claim,31.0,2024-10-20,2024-11-20,0,0,10,15,10,10,45,High,Partially approved; Rejected value >= 25K; Claim value >= 100K; Processing > 30 days
3869,CLM-00003869,5458,BILL-00005458,11327,PAT-0011327,1,INS001,HealthSecure Insurance,7,DEP007,Oncology,69616.19,0.0,69616.19,Rejected,Coverage Limit Exceeded,16.0,2024-05-20,2024-06-05,30,0,0,15,0,0,45,High,Rejected claim; Rejected value >= 25K
21145,CLM-00021145,29560,BILL-00029560,10714,PAT-0010714,2,INS002,MediShield Assurance,10,DEP010,Dermatology,69587.59,0.0,69587.59,Rejected,Policy Exclusion,14.0,2023-05-29,2023-06-12,30,0,0,15,0,0,45,High,Rejected claim; Rejected value >= 25K
6533,CLM-00006533,9126,BILL-00009126,18785,PAT-0018785,3,INS003,CarePlus Health,9,DEP009,ENT,69531.5,0.0,69531.5,Rejected,Coverage Limit Exceeded,11.0,2025-12-02,2025-12-13,30,0,0,15,0,0,45,High,Rejected claim; Rejected value >= 25K
19731,CLM-00019731,27582,BILL-00027582,12183,PAT-0012183,1,INS001,HealthSecure Insurance,9,DEP009,ENT,69498.46,0.0,69498.46,Rejected,Coverage Limit Exceeded,22.0,2025-08-06,2025-08-28,30,0,0,15,0,0,45,High,Rejected claim; Rejected value >= 25K
35178,CLM-00035178,49246,BILL-00049246,8255,PAT-0008255,5,INS005,LifeCare Insurance,5,DEP005,Pediatrics,69476.21,0.0,69476.21,Rejected,Incorrect Coding,15.0,2025-12-05,2025-12-20,30,0,0,15,0,0,45,High,Rejected claim; Rejected value >= 25K
113,CLM-00000113,155,BILL-00000155,1198,PAT-0001198,2,INS002,MediShield Assurance,3,DEP003,Neurology,69401.85,0.0,69401.85,Rejected,Incorrect Coding,15.0,2025-12-08,2025-12-23,30,0,0,15,0,0,45,High,Rejected claim; Rejected value >= 25K
15602,CLM-00015602,21855,BILL-00021855,20859,PAT-0020859,3,INS003,CarePlus Health,9,DEP009,ENT,69354.73,0.0,69354.73,Rejected,Missing Documentation,8.0,2025-08-07,2025-08-15,30,0,0,15,0,0,45,High,Rejected claim; Rejected value >= 25K
1460,CLM-00001460,2057,BILL-00002057,24268,PAT-0024268,2,INS002,MediShield Assurance,4,DEP004,Orthopedics,69252.45,0.0,69252.45,Rejected,Incorrect Coding,17.0,2024-05-30,2024-06-16,30,0,0,15,0,0,45,High,Rejected claim; Rejected value >= 25K
22000,CLM-00022000,30757,BILL-00030757,16439,PAT-0016439,3,INS003,CarePlus Health,7,DEP007,Oncology,69166.16,0.0,69166.16,Rejected,Pre-authorization Missing,24.0,2023-11-02,2023-11-26,30,0,0,15,0,0,45,High,Rejected claim; Rejected value >= 25K
28592,CLM-00028592,40021,BILL-00040021,16742,PAT-0016742,1,INS001,HealthSecure Insurance,3,DEP003,Neurology,69154.57,0.0,69154.57,Rejected,Policy Exclusion,12.0,2023-03-02,2023-03-14,30,0,0,15,0,0,45,High,Rejected claim; Rejected value >= 25K
30829,CLM-00030829,43154,BILL-00043154,20498,PAT-0020498,2,INS002,MediShield Assurance,8,DEP008,Gynecology,185472.21,116496.97,68975.24,Partially Approved,Coverage Limit Exceeded,34.0,2025-10-28,2025-12-01,0,0,10,15,10,10,45,High,Partially approved; Rejected value >= 25K; Claim value >= 100K; Processing > 30 days
6240,CLM-00006240,8740,BILL-00008740,11340,PAT-0011340,3,INS003,CarePlus Health,1,DEP001,Emergency,68870.46,0.0,68870.46,Rejected,Policy Exclusion,12.0,2023-12-01,2023-12-13,30,0,0,15,0,0,45,High,Rejected claim; Rejected value >= 25K
1478,CLM-00001478,2084,BILL-00002084,9285,PAT-0009285,2,INS002,MediShield Assurance,2,DEP002,Cardiology,68832.13,0.0,68832.13,Rejected,Pre-authorization Missing,11.0,2024-01-16,2024-01-27,30,0,0,15,0,0,45,High,Rejected claim; Rejected value >= 25K
18241,CLM-00018241,25512,BILL-00025512,14687,PAT-0014687,3,INS003,CarePlus Health,1,DEP001,Emergency,68754.36,0.0,68754.36,Rejected,Policy Exclusion,12.0,2024-05-10,2024-05-22,30,0,0,15,0,0,45,High,Rejected claim; Rejected value >= 25K
1039,CLM-00001039,1458,BILL-00001458,17667,PAT-0017667,5,INS005,LifeCare Insurance,3,DEP003,Neurology,153316.13,84572.19,68743.94,Partially Approved,Duplicate Claim,34.0,2023-12-19,2024-01-22,0,0,10,15,10,10,45,High,Partially approved; Rejected value >= 25K; Claim value >= 100K; Processing > 30 days
11409,CLM-00011409,15961,BILL-00015961,21102,PAT-0021102,2,INS002,MediShield Assurance,4,DEP004,Orthopedics,181044.2,112310.41,68733.79,Partially Approved,Duplicate Claim,45.0,2026-03-12,2026-04-26,0,0,10,15,10,10,45,High,Partially approved; Rejected value >= 25K; Claim value >= 100K; Processing > 30 days
29514,CLM-00029514,41320,BILL-00041320,6152,PAT-0006152,5,INS005,LifeCare Insurance,6,DEP006,General Medicine,68698.74,0.0,68698.74,Rejected,Duplicate Claim,15.0,2023-08-30,2023-09-14,30,0,0,15,0,0,45,High,Rejected claim; Rejected value >= 25K
2984,CLM-00002984,4213,BILL-00004213,16723,PAT-0016723,5,INS005,LifeCare Insurance,3,DEP003,Neurology,68532.26,0.0,68532.26,Rejected,Incorrect Coding,14.0,2026-09-12,2026-09-26,30,0,0,15,0,0,45,High,Rejected claim; Rejected value >= 25K
35497,CLM-00035497,49697,BILL-00049697,16263,PAT-0016263,1,INS001,HealthSecure Insurance,6,DEP006,General Medicine,68523.36,0.0,68523.36,Rejected,Policy Exclusion,19.0,2023-01-25,2023-02-13,30,0,0,15,0,0,45,High,Rejected claim; Rejected value >= 25K
27460,CLM-00027460,38424,BILL-00038424,2452,PAT-0002452,2,INS002,MediShield Assurance,1,DEP001,Emergency,68479.03,0.0,68479.03,Rejected,Pre-authorization Missing,11.0,2024-08-31,2024-09-11,30,0,0,15,0,0,45,High,Rejected claim; Rejected value >= 25K
23831,CLM-00023831,33347,BILL-00033347,18878,PAT-0018878,2,INS002,MediShield Assurance,4,DEP004,Orthopedics,68377.64,0.0,68377.64,Rejected,Duplicate Claim,8.0,2025-02-10,2025-02-18,30,0,0,15,0,0,45,High,Rejected claim; Rejected value >= 25K
18547,CLM-00018547,25931,BILL-00025931,598,PAT-0000598,2,INS002,MediShield Assurance,8,DEP008,Gynecology,68375.12,0.0,68375.12,Rejected,Policy Exclusion,12.0,2026-03-12,2026-03-24,30,0,0,15,0,0,45,High,Rejected claim; Rejected value >= 25K
14125,CLM-00014125,19733,BILL-00019733,2732,PAT-0002732,1,INS001,HealthSecure Insurance,9,DEP009,ENT,213413.59,145043.91,68369.68,Partially Approved,Policy Exclusion,33.0,2025-01-25,2025-02-27,0,0,10,15,10,10,45,High,Partially approved; Rejected value >= 25K; Claim value >= 100K; Processing > 30 days
3250,CLM-00003250,4573,BILL-00004573,5422,PAT-0005422,4,INS004,National Health Plan,8,DEP008,Gynecology,68364.2,0.0,68364.2,Rejected,Duplicate Claim,5.0,2024-11-20,2024-11-25,30,0,0,15,0,0,45,High,Rejected claim; Rejected value >= 25K
24433,CLM-00024433,34193,BILL-00034193,20066,PAT-0020066,1,INS001,HealthSecure Insurance,10,DEP010,Dermatology,68357.62,0.0,68357.62,Rejected,Missing Documentation,13.0,2025-01-20,2025-02-02,30,0,0,15,0,0,45,High,Rejected claim; Rejected value >= 25K
34005,CLM-00034005,47570,BILL-00047570,10985,PAT-0010985,2,INS002,MediShield Assurance,5,DEP005,Pediatrics,68209.9,0.0,68209.9,Rejected,Policy Exclusion,11.0,2024-05-06,2024-05-17,30,0,0,15,0,0,45,High,Rejected claim; Rejected value >= 25K
1728,CLM-00001728,2437,BILL-00002437,21766,PAT-0021766,2,INS002,MediShield Assurance,6,DEP006,General Medicine,165313.41,97143.12,68170.29,Partially Approved,Policy Exclusion,44.0,2023-09-26,2023-11-09,0,0,10,15,10,10,45,High,Partially approved; Rejected value >= 25K; Claim value >= 100K; Processing > 30 days
18482,CLM-00018482,25846,BILL-00025846,2808,PAT-0002808,4,INS004,National Health Plan,8,DEP008,Gynecology,68062.71,0.0,68062.71,Rejected,Duplicate Claim,16.0,2026-02-28,2026-03-16,30,0,0,15,0,0,45,High,Rejected claim; Rejected value >= 25K
13885,CLM-00013885,19394,BILL-00019394,2269,PAT-0002269,4,INS004,National Health Plan,3,DEP003,Neurology,68062.35,0.0,68062.35,Rejected,Incorrect Coding,24.0,2025-10-28,2025-11-21,30,0,0,15,0,0,45,High,Rejected claim; Rejected value >= 25K
27171,CLM-00027171,38020,BILL-00038020,15690,PAT-0015690,2,INS002,MediShield Assurance,3,DEP003,Neurology,68056.93,0.0,68056.93,Rejected,Pre-authorization Missing,6.0,2025-08-26,2025-09-01,30,0,0,15,0,0,45,High,Rejected claim; Rejected value >= 25K
2204,CLM-00002204,3101,BILL-00003101,24766,PAT-0024766,4,INS004,National Health Plan,3,DEP003,Neurology,68011.94,0.0,68011.94,Rejected,Pre-authorization Missing,20.0,2023-10-01,2023-10-21,30,0,0,15,0,0,45,High,Rejected claim; Rejected value >= 25K
35837,CLM-00035837,50145,BILL-00050145,8209,PAT-0008209,1,INS001,HealthSecure Insurance,2,DEP002,Cardiology,68009.44,0.0,68009.44,Rejected,Incorrect Coding,13.0,2026-10-01,2026-10-14,30,0,0,15,0,0,45,High,Rejected claim; Rejected value >= 25K
11554,CLM-00011554,16159,BILL-00016159,15120,PAT-0015120,3,INS003,CarePlus Health,5,DEP005,Pediatrics,67994.17,0.0,67994.17,Rejected,Duplicate Claim,12.0,2024-04-13,2024-04-25,30,0,0,15,0,0,45,High,Rejected claim; Rejected value >= 25K
27031,CLM-00027031,37834,BILL-00037834,7266,PAT-0007266,5,INS005,LifeCare Insurance,5,DEP005,Pediatrics,67903.6,0.0,67903.6,Rejected,Duplicate Claim,16.0,2024-04-04,2024-04-20,30,0,0,15,0,0,45,High,Rejected claim; Rejected value >= 25K
33232,CLM-00033232,46467,BILL-00046467,20245,PAT-0020245,4,INS004,National Health Plan,8,DEP008,Gynecology,67838.65,0.0,67838.65,Rejected,Missing Documentation,25.0,2025-02-10,2025-03-07,30,0,0,15,0,0,45,High,Rejected claim; Rejected value >= 25K
6377,CLM-00006377,8916,BILL-00008916,1743,PAT-0001743,1,INS001,HealthSecure Insurance,5,DEP005,Pediatrics,164962.87,97126.72,67836.15,Partially Approved,Pre-authorization Missing,38.0,2025-01-04,2025-02-11,0,0,10,15,10,10,45,High,Partially approved; Rejected value >= 25K; Claim value >= 100K; Processing > 30 days
15397,CLM-00015397,21561,BILL-00021561,5239,PAT-0005239,1,INS001,HealthSecure Insurance,4,DEP004,Orthopedics,67733.09,0.0,67733.09,Rejected,Pre-authorization Missing,7.0,2025-01-30,2025-02-06,30,0,0,15,0,0,45,High,Rejected claim; Rejected value >= 25K
26709,CLM-00026709,37388,BILL-00037388,15325,PAT-0015325,1,INS001,HealthSecure Insurance,10,DEP010,Dermatology,67617.34,0.0,67617.34,Rejected,Duplicate Claim,9.0,2024-08-13,2024-08-22,30,0,0,15,0,0,45,High,Rejected claim; Rejected value >= 25K
34491,CLM-00034491,48264,BILL-00048264,19587,PAT-0019587,5,INS005,LifeCare Insurance,10,DEP010,Dermatology,67545.43,0.0,67545.43,Rejected,Policy Exclusion,21.0,2026-02-25,2026-03-18,30,0,0,15,0,0,45,High,Rejected claim; Rejected value >= 25K
34165,CLM-00034165,47799,BILL-00047799,19993,PAT-0019993,1,INS001,HealthSecure Insurance,1,DEP001,Emergency,67356.49,0.0,67356.49,Rejected,Missing Documentation,13.0,2025-11-24,2025-12-07,30,0,0,15,0,0,45,High,Rejected claim; Rejected value >= 25K
10548,CLM-00010548,14774,BILL-00014774,23086,PAT-0023086,4,INS004,National Health Plan,6,DEP006,General Medicine,179280.78,111934.43,67346.35,Partially Approved,Missing Documentation,40.0,2025-01-01,2025-02-10,0,0,10,15,10,10,45,High,Partially approved; Rejected value >= 25K; Claim value >= 100K; Processing > 30 days
33277,CLM-00033277,46536,BILL-00046536,16773,PAT-0016773,1,INS001,HealthSecure Insurance,3,DEP003,Neurology,67218.54,0.0,67218.54,Rejected,Coverage Limit Exceeded,11.0,2025-01-22,2025-02-02,30,0,0,15,0,0,45,High,Rejected claim; Rejected value >= 25K
24648,CLM-00024648,34504,BILL-00034504,20625,PAT-0020625,5,INS005,LifeCare Insurance,8,DEP008,Gynecology,67176.09,0.0,67176.09,Rejected,Pre-authorization Missing,16.0,2025-03-13,2025-03-29,30,0,0,15,0,0,45,High,Rejected claim; Rejected value >= 25K
13388,CLM-00013388,18693,BILL-00018693,6259,PAT-0006259,5,INS005,LifeCare Insurance,1,DEP001,Emergency,67174.6,0.0,67174.6,Rejected,Missing Documentation,22.0,2023-02-19,2023-03-13,30,0,0,15,0,0,45,High,Rejected claim; Rejected value >= 25K
32623,CLM-00032623,45621,BILL-00045621,9541,PAT-0009541,1,INS001,HealthSecure Insurance,1,DEP001,Emergency,67153.68,0.0,67153.68,Rejected,Incorrect Coding,15.0,2024-07-30,2024-08-14,30,0,0,15,0,0,45,High,Rejected claim; Rejected value >= 25K
13262,CLM-00013262,18514,BILL-00018514,2471,PAT-0002471,5,INS005,LifeCare Insurance,9,DEP009,ENT,67039.69,0.0,67039.69,Rejected,Incorrect Coding,9.0,2023-04-28,2023-05-07,30,0,0,15,0,0,45,High,Rejected claim; Rejected value >= 25K
13577,CLM-00013577,18963,BILL-00018963,7379,PAT-0007379,2,INS002,MediShield Assurance,6,DEP006,General Medicine,67003.88,0.0,67003.88,Rejected,Coverage Limit Exceeded,7.0,2024-11-29,2024-12-06,30,0,0,15,0,0,45,High,Rejected claim; Rejected value >= 25K
36626,CLM-00036511,51302,BILL-00051123,13845,PAT-0013845,1,INS001,HealthSecure Insurance,2,DEP002,Cardiology,66956.31,0.0,66956.31,Rejected,Coverage Limit Exceeded,8.0,2026-10-01,2026-10-09,30,0,0,15,0,0,45,High,Rejected claim; Rejected value >= 25K
11948,CLM-00011948,16701,BILL-00016701,16819,PAT-0016819,3,INS003,CarePlus Health,9,DEP009,ENT,66889.92,0.0,66889.92,Rejected,Coverage Limit Exceeded,18.0,2024-09-11,2024-09-29,30,0,0,15,0,0,45,High,Rejected claim; Rejected value >= 25K
11530,CLM-00011530,16125,BILL-00016125,22608,PAT-0022608,1,INS001,HealthSecure Insurance,4,DEP004,Orthopedics,66797.23,0.0,66797.23,Rejected,Coverage Limit Exceeded,20.0,2023-08-12,2023-09-01,30,0,0,15,0,0,45,High,Rejected claim; Rejected value >= 25K
27446,CLM-00027446,38406,BILL-00038406,18605,PAT-0018605,1,INS001,HealthSecure Insurance,8,DEP008,Gynecology,66725.41,0.0,66725.41,Rejected,Incorrect Coding,25.0,2025-12-18,2026-01-12,30,0,0,15,0,0,45,High,Rejected claim; Rejected value >= 25K
7150,CLM-00007150,9987,BILL-00009987,9111,PAT-0009111,4,INS004,National Health Plan,4,DEP004,Orthopedics,66688.07,0.0,66688.07,Rejected,Coverage Limit Exceeded,6.0,2023-08-08,2023-08-14,30,0,0,15,0,0,45,High,Rejected claim; Rejected value >= 25K
30148,CLM-00030148,42210,BILL-00042210,2822,PAT-0002822,1,INS001,HealthSecure Insurance,5,DEP005,Pediatrics,196344.2,129663.49,66680.71,Partially Approved,Policy Exclusion,36.0,2026-07-09,2026-08-14,0,0,10,15,10,10,45,High,Partially approved; Rejected value >= 25K; Claim value >= 100K; Processing > 30 days
2347,CLM-00002347,3303,BILL-00003303,17166,PAT-0017166,4,INS004,National Health Plan,6,DEP006,General Medicine,66601.95,0.0,66601.95,Rejected,Coverage Limit Exceeded,22.0,2024-06-23,2024-07-15,30,0,0,15,0,0,45,High,Rejected claim; Rejected value >= 25K
30392,CLM-00030392,42540,BILL-00042540,17891,PAT-0017891,4,INS004,National Health Plan,9,DEP009,ENT,66589.67,0.0,66589.67,Rejected,Policy Exclusion,25.0,2026-09-25,2026-10-20,30,0,0,15,0,0,45,High,Rejected claim; Rejected value >= 25K
11276,CLM-00011276,15784,BILL-00015784,19450,PAT-0019450,4,INS004,National Health Plan,1,DEP001,Emergency,218057.58,151535.88,66521.7,Partially Approved,Missing Documentation,31.0,2025-03-31,2025-05-01,0,0,10,15,10,10,45,High,Partially approved; Rejected value >= 25K; Claim value >= 100K; Processing > 30 days
3186,CLM-00003186,4489,BILL-00004489,14313,PAT-0014313,3,INS003,CarePlus Health,7,DEP007,Oncology,66512.24,0.0,66512.24,Rejected,Coverage Limit Exceeded,7.0,2024-11-04,2024-11-11,30,0,0,15,0,0,45,High,Rejected claim; Rejected value >= 25K
5911,CLM-00005911,8287,BILL-00008287,11151,PAT-0011151,2,INS002,MediShield Assurance,8,DEP008,Gynecology,66472.28,0.0,66472.28,Rejected,Pre-authorization Missing,15.0,2025-03-06,2025-03-21,30,0,0,15,0,0,45,High,Rejected claim; Rejected value >= 25K
21496,CLM-00021496,30063,BILL-00030063,10651,PAT-0010651,1,INS001,HealthSecure Insurance,9,DEP009,ENT,66450.41,0.0,66450.41,Rejected,Pre-authorization Missing,22.0,2023-05-20,2023-06-11,30,0,0,15,0,0,45,High,Rejected claim; Rejected value >= 25K
6271,CLM-00006271,8782,BILL-00008782,16791,PAT-0016791,2,INS002,MediShield Assurance,2,DEP002,Cardiology,66344.85,0.0,66344.85,Rejected,Coverage Limit Exceeded,19.0,2024-11-19,2024-12-08,30,0,0,15,0,0,45,High,Rejected claim; Rejected value >= 25K
22004,CLM-00022004,30763,BILL-00030763,520,PAT-0000520,3,INS003,CarePlus Health,5,DEP005,Pediatrics,151130.98,84793.28,66337.7,Partially Approved,Policy Exclusion,34.0,2024-11-21,2024-12-25,0,0,10,15,10,10,45,High,Partially approved; Rejected value >= 25K; Claim value >= 100K; Processing > 30 days
24733,CLM-00024733,34616,BILL-00034616,9516,PAT-0009516,1,INS001,HealthSecure Insurance,2,DEP002,Cardiology,66323.84,0.0,66323.84,Rejected,Pre-authorization Missing,21.0,2023-03-11,2023-04-01,30,0,0,15,0,0,45,High,Rejected claim; Rejected value >= 25K
13886,CLM-00013886,19395,BILL-00019395,14537,PAT-0014537,4,INS004,National Health Plan,1,DEP001,Emergency,66297.83,0.0,66297.83,Rejected,Incorrect Coding,10.0,2026-02-26,2026-03-08,30,0,0,15,0,0,45,High,Rejected claim; Rejected value >= 25K
31382,CLM-00031382,43910,BILL-00043910,12548,PAT-0012548,5,INS005,LifeCare Insurance,5,DEP005,Pediatrics,66286.82,0.0,66286.82,Rejected,Duplicate Claim,23.0,2025-11-12,2025-12-05,30,0,0,15,0,0,45,High,Rejected claim; Rejected value >= 25K
10249,CLM-00010249,14343,BILL-00014343,524,PAT-0000524,5,INS005,LifeCare Insurance,4,DEP004,Orthopedics,66216.41,0.0,66216.41,Rejected,Incorrect Coding,20.0,2023-11-20,2023-12-10,30,0,0,15,0,0,45,High,Rejected claim; Rejected value >= 25K
161,CLM-00000161,223,BILL-00000223,10417,PAT-0010417,1,INS001,HealthSecure Insurance,9,DEP009,ENT,66198.49,0.0,66198.49,Rejected,Missing Documentation,5.0,2024-05-26,2024-05-31,30,0,0,15,0,0,45,High,Rejected claim; Rejected value >= 25K
6889,CLM-00006889,9636,BILL-00009636,12169,PAT-0012169,5,INS005,LifeCare Insurance,10,DEP010,Dermatology,66177.07,0.0,66177.07,Rejected,Pre-authorization Missing,6.0,2025-11-11,2025-11-17,30,0,0,15,0,0,45,High,Rejected claim; Rejected value >= 25K
34629,CLM-00034629,48464,BILL-00048464,5974,PAT-0005974,5,INS005,LifeCare Insurance,7,DEP007,Oncology,66083.19,0.0,66083.19,Rejected,Missing Documentation,16.0,2023-10-21,2023-11-06,30,0,0,15,0,0,45,High,Rejected claim; Rejected value >= 25K
15821,CLM-00015821,22166,BILL-00022166,12246,PAT-0012246,5,INS005,LifeCare Insurance,6,DEP006,General Medicine,205056.5,139012.2,66044.3,Partially Approved,Coverage Limit Exceeded,35.0,2023-09-11,2023-10-16,0,0,10,15,10,10,45,High,Partially approved; Rejected value >= 25K; Claim value >= 100K; Processing > 30 days
4415,CLM-00004415,6244,BILL-00006244,8742,PAT-0008742,3,INS003,CarePlus Health,7,DEP007,Oncology,65970.5,0.0,65970.5,Rejected,Pre-authorization Missing,8.0,2025-08-23,2025-08-31,30,0,0,15,0,0,45,High,Rejected claim; Rejected value >= 25K
21435,CLM-00021435,29978,BILL-00029978,2738,PAT-0002738,2,INS002,MediShield Assurance,10,DEP010,Dermatology,65956.77,0.0,65956.77,Rejected,Missing Documentation,8.0,2025-04-04,2025-04-12,30,0,0,15,0,0,45,High,Rejected claim; Rejected value >= 25K
12269,CLM-00012269,17146,BILL-00017146,17143,PAT-0017143,3,INS003,CarePlus Health,1,DEP001,Emergency,65945.28,0.0,65945.28,Rejected,Duplicate Claim,9.0,2023-10-14,2023-10-23,30,0,0,15,0,0,45,High,Rejected claim; Rejected value >= 25K
34709,CLM-00034709,48573,BILL-00048573,18528,PAT-0018528,5,INS005,LifeCare Insurance,3,DEP003,Neurology,65875.72,0.0,65875.72,Rejected,Duplicate Claim,25.0,2023-10-14,2023-11-08,30,0,0,15,0,0,45,High,Rejected claim; Rejected value >= 25K
12726,CLM-00012726,17779,BILL-00017779,19985,PAT-0019985,2,INS002,MediShield Assurance,9,DEP009,ENT,65872.37,0.0,65872.37,Rejected,Incorrect Coding,8.0,2025-01-31,2025-02-08,30,0,0,15,0,0,45,High,Rejected claim; Rejected value >= 25K
18826,CLM-00018826,26302,BILL-00026302,17896,PAT-0017896,5,INS005,LifeCare Insurance,3,DEP003,Neurology,65870.23,0.0,65870.23,Rejected,Policy Exclusion,17.0,2025-07-02,2025-07-19,30,0,0,15,0,0,45,High,Rejected claim; Rejected value >= 25K
29469,CLM-00029469,41263,BILL-00041263,6074,PAT-0006074,4,INS004,National Health Plan,6,DEP006,General Medicine,65825.5,0.0,65825.5,Rejected,Pre-authorization Missing,14.0,2026-05-19,2026-06-02,30,0,0,15,0,0,45,High,Rejected claim; Rejected value >= 25K
14797,CLM-00014797,20717,BILL-00020717,20828,PAT-0020828,3,INS003,CarePlus Health,3,DEP003,Neurology,65823.02,0.0,65823.02,Rejected,Coverage Limit Exceeded,6.0,2024-08-05,2024-08-11,30,0,0,15,0,0,45,High,Rejected claim; Rejected value >= 25K
33245,CLM-00033245,46488,BILL-00046488,3825,PAT-0003825,4,INS004,National Health Plan,9,DEP009,ENT,154191.9,88371.22,65820.68,Partially Approved,Policy Exclusion,41.0,2024-05-17,2024-06-27,0,0,10,15,10,10,45,High,Partially approved; Rejected value >= 25K; Claim value >= 100K; Processing > 30 days
1365,CLM-00001365,1916,BILL-00001916,5508,PAT-0005508,1,INS001,HealthSecure Insurance,3,DEP003,Neurology,65779.74,0.0,65779.74,Rejected,Pre-authorization Missing,10.0,2025-06-03,2025-06-13,30,0,0,15,0,0,45,High,Rejected claim; Rejected value >= 25K
16436,CLM-00016436,23024,BILL-00023024,17430,PAT-0017430,2,INS002,MediShield Assurance,6,DEP006,General Medicine,190699.51,124985.78,65713.73,Partially Approved,Policy Exclusion,42.0,2025-12-17,2026-01-28,0,0,10,15,10,10,45,High,Partially approved; Rejected value >= 25K; Claim value >= 100K; Processing > 30 days
7357,CLM-00007357,10283,BILL-00010283,6756,PAT-0006756,5,INS005,LifeCare Insurance,2,DEP002,Cardiology,65620.35,0.0,65620.35,Rejected,Duplicate Claim,12.0,2025-05-22,2025-06-03,30,0,0,15,0,0,45,High,Rejected claim; Rejected value >= 25K
3471,CLM-00003471,4888,BILL-00004888,5182,PAT-0005182,4,INS004,National Health Plan,10,DEP010,Dermatology,65573.27,0.0,65573.27,Rejected,Pre-authorization Missing,7.0,2023-10-11,2023-10-18,30,0,0,15,0,0,45,High,Rejected claim; Rejected value >= 25K
6276,CLM-00006276,8787,BILL-00008787,9219,PAT-0009219,4,INS004,National Health Plan,7,DEP007,Oncology,65556.45,0.0,65556.45,Rejected,Pre-authorization Missing,22.0,2026-07-24,2026-08-15,30,0,0,15,0,0,45,High,Rejected claim; Rejected value >= 25K
34846,CLM-00034846,48781,BILL-00048781,14898,PAT-0014898,1,INS001,HealthSecure Insurance,2,DEP002,Cardiology,65515.25,0.0,65515.25,Rejected,Pre-authorization Missing,19.0,2023-10-20,2023-11-08,30,0,0,15,0,0,45,High,Rejected claim; Rejected value >= 25K
7510,CLM-00007510,10506,BILL-00010506,22030,PAT-0022030,2,INS002,MediShield Assurance,9,DEP009,ENT,65457.98,0.0,65457.98,Rejected,Coverage Limit Exceeded,7.0,2025-08-19,2025-08-26,30,0,0,15,0,0,45,High,Rejected claim; Rejected value >= 25K
9295,CLM-00009295,12992,BILL-00012992,3430,PAT-0003430,3,INS003,CarePlus Health,9,DEP009,ENT,187793.4,122420.4,65373.0,Partially Approved,Pre-authorization Missing,42.0,2024-12-19,2025-01-30,0,0,10,15,10,10,45,High,Partially approved; Rejected value >= 25K; Claim value >= 100K; Processing > 30 days
34085,CLM-00034085,47681,BILL-00047681,15895,PAT-0015895,5,INS005,LifeCare Insurance,1,DEP001,Emergency,65357.61,0.0,65357.61,Rejected,Incorrect Coding,20.0,2023-06-20,2023-07-10,30,0,0,15,0,0,45,High,Rejected claim; Rejected value >= 25K
30684,CLM-00030684,42949,BILL-00042949,23520,PAT-0023520,3,INS003,CarePlus Health,5,DEP005,Pediatrics,178530.35,113251.82,65278.53,Partially Approved,Incorrect Coding,38.0,2023-06-16,2023-07-24,0,0,10,15,10,10,45,High,Partially approved; Rejected value >= 25K; Claim value >= 100K; Processing > 30 days
5359,CLM-00005359,7521,BILL-00007521,1936,PAT-0001936,3,INS003,CarePlus Health,9,DEP009,ENT,147691.14,82507.59,65183.55,Partially Approved,Missing Documentation,38.0,2025-10-07,2025-11-14,0,0,10,15,10,10,45,High,Partially approved; Rejected value >= 25K; Claim value >= 100K; Processing > 30 days
7533,CLM-00007533,10540,BILL-00010540,24889,PAT-0024889,3,INS003,CarePlus Health,7,DEP007,Oncology,188977.19,123922.55,65054.64,Partially Approved,Coverage Limit Exceeded,37.0,2024-01-01,2024-02-07,0,0,10,15,10,10,45,High,Partially approved; Rejected value >= 25K; Claim value >= 100K; Processing > 30 days
5342,CLM-00005342,7489,BILL-00007489,24718,PAT-0024718,4,INS004,National Health Plan,3,DEP003,Neurology,65019.96,0.0,65019.96,Rejected,Coverage Limit Exceeded,12.0,2024-06-01,2024-06-13,30,0,0,15,0,0,45,High,Rejected claim; Rejected value >= 25K
32002,CLM-00032002,44768,BILL-00044768,12970,PAT-0012970,3,INS003,CarePlus Health,5,DEP005,Pediatrics,64936.38,0.0,64936.38,Rejected,Duplicate Claim,18.0,2023-04-28,2023-05-16,30,0,0,15,0,0,45,High,Rejected claim; Rejected value >= 25K
24598,CLM-00024598,34437,BILL-00034437,2995,PAT-0002995,1,INS001,HealthSecure Insurance,2,DEP002,Cardiology,64873.26,0.0,64873.26,Rejected,Policy Exclusion,7.0,2026-05-01,2026-05-08,30,0,0,15,0,0,45,High,Rejected claim; Rejected value >= 25K
26541,CLM-00026541,37139,BILL-00037139,8763,PAT-0008763,5,INS005,LifeCare Insurance,9,DEP009,ENT,64815.65,0.0,64815.65,Rejected,Incorrect Coding,6.0,2023-12-25,2023-12-31,30,0,0,15,0,0,45,High,Rejected claim; Rejected value >= 25K
14219,CLM-00014219,19852,BILL-00019852,20109,PAT-0020109,4,INS004,National Health Plan,8,DEP008,Gynecology,64788.97,0.0,64788.97,Rejected,Pre-authorization Missing,18.0,2025-01-08,2025-01-26,30,0,0,15,0,0,45,High,Rejected claim; Rejected value >= 25K
15102,CLM-00015102,21134,BILL-00021134,20930,PAT-0020930,1,INS001,HealthSecure Insurance,6,DEP006,General Medicine,155389.29,90614.16,64775.13,Partially Approved,Coverage Limit Exceeded,39.0,2026-05-09,2026-06-17,0,0,10,15,10,10,45,High,Partially approved; Rejected value >= 25K; Claim value >= 100K; Processing > 30 days
10538,CLM-00010538,14759,BILL-00014759,19742,PAT-0019742,4,INS004,National Health Plan,3,DEP003,Neurology,64716.23,0.0,64716.23,Rejected,Coverage Limit Exceeded,21.0,2026-05-31,2026-06-21,30,0,0,15,0,0,45,High,Rejected claim; Rejected value >= 25K
11129,CLM-00011129,15574,BILL-00015574,925,PAT-0000925,4,INS004,National Health Plan,10,DEP010,Dermatology,64690.32,0.0,64690.32,Rejected,Duplicate Claim,24.0,2024-10-27,2024-11-20,30,0,0,15,0,0,45,High,Rejected claim; Rejected value >= 25K
8874,CLM-00008874,12393,BILL-00012393,9438,PAT-0009438,1,INS001,HealthSecure Insurance,2,DEP002,Cardiology,64678.13,0.0,64678.13,Rejected,Pre-authorization Missing,8.0,2025-12-01,2025-12-09,30,0,0,15,0,0,45,High,Rejected claim; Rejected value >= 25K
32869,CLM-00032869,45964,BILL-00045964,8835,PAT-0008835,2,INS002,MediShield Assurance,6,DEP006,General Medicine,64649.93,0.0,64649.93,Rejected,Pre-authorization Missing,6.0,2024-11-15,2024-11-21,30,0,0,15,0,0,45,High,Rejected claim; Rejected value >= 25K
33110,CLM-00033110,46301,BILL-00046301,15076,PAT-0015076,5,INS005,LifeCare Insurance,9,DEP009,ENT,64614.39,0.0,64614.39,Rejected,Coverage Limit Exceeded,7.0,2026-09-05,2026-09-12,30,0,0,15,0,0,45,High,Rejected claim; Rejected value >= 25K
29671,CLM-00029671,41539,BILL-00041539,23677,PAT-0023677,1,INS001,HealthSecure Insurance,5,DEP005,Pediatrics,64585.5,0.0,64585.5,Rejected,Policy Exclusion,8.0,2026-05-24,2026-06-01,30,0,0,15,0,0,45,High,Rejected claim; Rejected value >= 25K
320,CLM-00000320,464,BILL-00000464,3104,PAT-0003104,3,INS003,CarePlus Health,7,DEP007,Oncology,64534.11,0.0,64534.11,Rejected,Incorrect Coding,16.0,2025-03-17,2025-04-02,30,0,0,15,0,0,45,High,Rejected claim; Rejected value >= 25K
16368,CLM-00016368,22929,BILL-00022929,24826,PAT-0024826,1,INS001,HealthSecure Insurance,2,DEP002,Cardiology,64517.98,0.0,64517.98,Rejected,Missing Documentation,14.0,2025-07-09,2025-07-23,30,0,0,15,0,0,45,High,Rejected claim; Rejected value >= 25K
16636,CLM-00016636,23295,BILL-00023295,23403,PAT-0023403,2,INS002,MediShield Assurance,2,DEP002,Cardiology,64484.68,0.0,64484.68,Rejected,Coverage Limit Exceeded,19.0,2025-03-20,2025-04-08,30,0,0,15,0,0,45,High,Rejected claim; Rejected value >= 25K
33601,CLM-00033601,46993,BILL-00046993,15190,PAT-0015190,2,INS002,MediShield Assurance,5,DEP005,Pediatrics,64480.98,0.0,64480.98,Rejected,Incorrect Coding,24.0,2026-02-18,2026-03-14,30,0,0,15,0,0,45,High,Rejected claim; Rejected value >= 25K
10117,CLM-00010117,14168,BILL-00014168,11306,PAT-0011306,5,INS005,LifeCare Insurance,5,DEP005,Pediatrics,64370.35,0.0,64370.35,Rejected,Coverage Limit Exceeded,19.0,2024-06-05,2024-06-24,30,0,0,15,0,0,45,High,Rejected claim; Rejected value >= 25K
27815,CLM-00027815,38920,BILL-00038920,2316,PAT-0002316,2,INS002,MediShield Assurance,2,DEP002,Cardiology,64347.2,0.0,64347.2,Rejected,Coverage Limit Exceeded,21.0,2024-03-18,2024-04-08,30,0,0,15,0,0,45,High,Rejected claim; Rejected value >= 25K
34334,CLM-00034334,48041,BILL-00048041,24362,PAT-0024362,1,INS001,HealthSecure Insurance,1,DEP001,Emergency,158025.09,93709.85,64315.24,Partially Approved,Policy Exclusion,35.0,2024-07-02,2024-08-06,0,0,10,15,10,10,45,High,Partially approved; Rejected value >= 25K; Claim value >= 100K; Processing > 30 days
22676,CLM-00022676,31686,BILL-00031686,10291,PAT-0010291,3,INS003,CarePlus Health,9,DEP009,ENT,64310.16,0.0,64310.16,Rejected,Duplicate Claim,24.0,2025-05-17,2025-06-10,30,0,0,15,0,0,45,High,Rejected claim; Rejected value >= 25K
21000,CLM-00021000,29367,BILL-00029367,7178,PAT-0007178,5,INS005,LifeCare Insurance,4,DEP004,Orthopedics,64288.52,0.0,64288.52,Rejected,Incorrect Coding,19.0,2023-06-27,2023-07-16,30,0,0,15,0,0,45,High,Rejected claim; Rejected value >= 25K
27692,CLM-00027692,38749,BILL-00038749,21330,PAT-0021330,4,INS004,National Health Plan,4,DEP004,Orthopedics,64256.86,0.0,64256.86,Rejected,Policy Exclusion,14.0,2023-08-23,2023-09-06,30,0,0,15,0,0,45,High,Rejected claim; Rejected value >= 25K
27075,CLM-00027075,37884,BILL-00037884,23208,PAT-0023208,5,INS005,LifeCare Insurance,2,DEP002,Cardiology,160952.49,96703.54,64248.95,Partially Approved,Incorrect Coding,41.0,2025-08-06,2025-09-16,0,0,10,15,10,10,45,High,Partially approved; Rejected value >= 25K; Claim value >= 100K; Processing > 30 days
17080,CLM-00017080,23911,BILL-00023911,11760,PAT-0011760,4,INS004,National Health Plan,8,DEP008,Gynecology,64220.44,0.0,64220.44,Rejected,Duplicate Claim,15.0,2024-04-25,2024-05-10,30,0,0,15,0,0,45,High,Rejected claim; Rejected value >= 25K
23038,CLM-00023038,32190,BILL-00032190,9079,PAT-0009079,3,INS003,CarePlus Health,8,DEP008,Gynecology,64206.72,0.0,64206.72,Rejected,Missing Documentation,16.0,2025-01-06,2025-01-22,30,0,0,15,0,0,45,High,Rejected claim; Rejected value >= 25K
11138,CLM-00011138,15590,BILL-00015590,11628,PAT-0011628,1,INS001,HealthSecure Insurance,4,DEP004,Orthopedics,64090.16,0.0,64090.16,Rejected,Incorrect Coding,23.0,2026-04-17,2026-05-10,30,0,0,15,0,0,45,High,Rejected claim; Rejected value >= 25K
6921,CLM-00006921,9680,BILL-00009680,9957,PAT-0009957,4,INS004,National Health Plan,8,DEP008,Gynecology,64079.97,0.0,64079.97,Rejected,Pre-authorization Missing,17.0,2023-04-19,2023-05-06,30,0,0,15,0,0,45,High,Rejected claim; Rejected value >= 25K
22516,CLM-00022516,31464,BILL-00031464,21680,PAT-0021680,5,INS005,LifeCare Insurance,8,DEP008,Gynecology,63929.09,0.0,63929.09,Rejected,Policy Exclusion,18.0,2023-08-09,2023-08-27,30,0,0,15,0,0,45,High,Rejected claim; Rejected value >= 25K
34419,CLM-00034419,48156,BILL-00048156,16257,PAT-0016257,1,INS001,HealthSecure Insurance,10,DEP010,Dermatology,63903.78,0.0,63903.78,Rejected,Coverage Limit Exceeded,5.0,2024-09-19,2024-09-24,30,0,0,15,0,0,45,High,Rejected claim; Rejected value >= 25K
26654,CLM-00026654,37303,BILL-00037303,110,PAT-0000110,1,INS001,HealthSecure Insurance,5,DEP005,Pediatrics,63821.58,0.0,63821.58,Rejected,Pre-authorization Missing,12.0,2024-05-08,2024-05-20,30,0,0,15,0,0,45,High,Rejected claim; Rejected value >= 25K
31945,CLM-00031945,44690,BILL-00044690,6075,PAT-0006075,3,INS003,CarePlus Health,4,DEP004,Orthopedics,63788.64,0.0,63788.64,Rejected,Missing Documentation,11.0,2023-01-16,2023-01-27,30,0,0,15,0,0,45,High,Rejected claim; Rejected value >= 25K
34111,CLM-00034111,47717,BILL-00047717,23331,PAT-0023331,1,INS001,HealthSecure Insurance,4,DEP004,Orthopedics,63693.18,0.0,63693.18,Rejected,Coverage Limit Exceeded,11.0,2026-08-06,2026-08-17,30,0,0,15,0,0,45,High,Rejected claim; Rejected value >= 25K
9536,CLM-00009536,13321,BILL-00013321,7719,PAT-0007719,4,INS004,National Health Plan,7,DEP007,Oncology,63620.97,0.0,63620.97,Rejected,Coverage Limit Exceeded,6.0,2025-02-25,2025-03-03,30,0,0,15,0,0,45,High,Rejected claim; Rejected value >= 25K
14790,CLM-00014790,20708,BILL-00020708,6061,PAT-0006061,2,INS002,MediShield Assurance,2,DEP002,Cardiology,63595.95,0.0,63595.95,Rejected,Policy Exclusion,19.0,2025-12-13,2026-01-01,30,0,0,15,0,0,45,High,Rejected claim; Rejected value >= 25K
7001,CLM-00007001,9781,BILL-00009781,8324,PAT-0008324,4,INS004,National Health Plan,4,DEP004,Orthopedics,63556.67,0.0,63556.67,Rejected,Incorrect Coding,24.0,2024-03-26,2024-04-19,30,0,0,15,0,0,45,High,Rejected claim; Rejected value >= 25K
26736,CLM-00026736,37427,BILL-00037427,8168,PAT-0008168,5,INS005,LifeCare Insurance,4,DEP004,Orthopedics,152095.35,88593.66,63501.69,Partially Approved,Missing Documentation,38.0,2025-10-31,2025-12-08,0,0,10,15,10,10,45,High,Partially approved; Rejected value >= 25K; Claim value >= 100K; Processing > 30 days
36722,CLM-00036607,51429,BILL-00051250,5422,PAT-0005422,5,INS005,LifeCare Insurance,1,DEP001,Emergency,63465.72,0.0,63465.72,Rejected,Coverage Limit Exceeded,10.0,2026-10-08,2026-10-18,30,0,0,15,0,0,45,High,Rejected claim; Rejected value >= 25K
31461,CLM-00031461,44017,BILL-00044017,6704,PAT-0006704,3,INS003,CarePlus Health,2,DEP002,Cardiology,63282.32,0.0,63282.32,Rejected,Pre-authorization Missing,12.0,2024-04-21,2024-05-03,30,0,0,15,0,0,45,High,Rejected claim; Rejected value >= 25K
11751,CLM-00011751,16437,BILL-00016437,9349,PAT-0009349,2,INS002,MediShield Assurance,8,DEP008,Gynecology,216024.6,152834.05,63190.55,Partially Approved,Policy Exclusion,40.0,2024-11-10,2024-12-20,0,0,10,15,10,10,45,High,Partially approved; Rejected value >= 25K; Claim value >= 100K; Processing > 30 days
16970,CLM-00016970,23762,BILL-00023762,10127,PAT-0010127,5,INS005,LifeCare Insurance,1,DEP001,Emergency,154798.48,91628.42,63170.06,Partially Approved,Missing Documentation,38.0,2024-08-27,2024-10-04,0,0,10,15,10,10,45,High,Partially approved; Rejected value >= 25K; Claim value >= 100K; Processing > 30 days
13503,CLM-00013503,18856,BILL-00018856,16540,PAT-0016540,1,INS001,HealthSecure Insurance,5,DEP005,Pediatrics,63110.19,0.0,63110.19,Rejected,Coverage Limit Exceeded,9.0,2026-05-17,2026-05-26,30,0,0,15,0,0,45,High,Rejected claim; Rejected value >= 25K
15956,CLM-00015956,22349,BILL-00022349,1155,PAT-0001155,1,INS001,HealthSecure Insurance,6,DEP006,General Medicine,63067.15,0.0,63067.15,Rejected,Policy Exclusion,21.0,2023-06-07,2023-06-28,30,0,0,15,0,0,45,High,Rejected claim; Rejected value >= 25K
9207,CLM-00009207,12869,BILL-00012869,1898,PAT-0001898,2,INS002,MediShield Assurance,6,DEP006,General Medicine,63061.94,0.0,63061.94,Rejected,Missing Documentation,18.0,2025-03-14,2025-04-01,30,0,0,15,0,0,45,High,Rejected claim; Rejected value >= 25K
4786,CLM-00004786,6732,BILL-00006732,22400,PAT-0022400,1,INS001,HealthSecure Insurance,8,DEP008,Gynecology,63031.39,0.0,63031.39,Rejected,Incorrect Coding,21.0,2025-06-19,2025-07-10,30,0,0,15,0,0,45,High,Rejected claim; Rejected value >= 25K
1201,CLM-00001201,1691,BILL-00001691,828,PAT-0000828,5,INS005,LifeCare Insurance,5,DEP005,Pediatrics,63014.53,0.0,63014.53,Rejected,Incorrect Coding,21.0,2024-11-30,2024-12-21,30,0,0,15,0,0,45,High,Rejected claim; Rejected value >= 25K
28468,CLM-00028468,39836,BILL-00039836,12157,PAT-0012157,4,INS004,National Health Plan,3,DEP003,Neurology,62948.61,0.0,62948.61,Rejected,Coverage Limit Exceeded,6.0,2025-11-13,2025-11-19,30,0,0,15,0,0,45,High,Rejected claim; Rejected value >= 25K
23309,CLM-00023309,32580,BILL-00032580,1676,PAT-0001676,3,INS003,CarePlus Health,5,DEP005,Pediatrics,62902.89,0.0,62902.89,Rejected,Incorrect Coding,13.0,2024-09-05,2024-09-18,30,0,0,15,0,0,45,High,Rejected claim; Rejected value >= 25K
10705,CLM-00010705,14988,BILL-00014988,2974,PAT-0002974,4,INS004,National Health Plan,8,DEP008,Gynecology,62843.44,0.0,62843.44,Rejected,Missing Documentation,13.0,2024-01-04,2024-01-17,30,0,0,15,0,0,45,High,Rejected claim; Rejected value >= 25K
22091,CLM-00022091,30892,BILL-00030892,12198,PAT-0012198,3,INS003,CarePlus Health,2,DEP002,Cardiology,62739.1,0.0,62739.1,Rejected,Missing Documentation,25.0,2024-04-08,2024-05-03,30,0,0,15,0,0,45,High,Rejected claim; Rejected value >= 25K
34773,CLM-00034773,48682,BILL-00048682,5751,PAT-0005751,2,INS002,MediShield Assurance,5,DEP005,Pediatrics,62677.42,0.0,62677.42,Rejected,Missing Documentation,9.0,2026-02-07,2026-02-16,30,0,0,15,0,0,45,High,Rejected claim; Rejected value >= 25K
6797,CLM-00006797,9502,BILL-00009502,22359,PAT-0022359,5,INS005,LifeCare Insurance,1,DEP001,Emergency,62638.64,0.0,62638.64,Rejected,Duplicate Claim,18.0,2025-10-18,2025-11-05,30,0,0,15,0,0,45,High,Rejected claim; Rejected value >= 25K
32300,CLM-00032300,45178,BILL-00045178,7183,PAT-0007183,5,INS005,LifeCare Insurance,1,DEP001,Emergency,62548.5,0.0,62548.5,Rejected,Missing Documentation,17.0,2023-06-29,2023-07-16,30,0,0,15,0,0,45,High,Rejected claim; Rejected value >= 25K
19262,CLM-00019262,26925,BILL-00026925,23787,PAT-0023787,4,INS004,National Health Plan,2,DEP002,Cardiology,62503.19,0.0,62503.19,Rejected,Missing Documentation,12.0,2024-05-11,2024-05-23,30,0,0,15,0,0,45,High,Rejected claim; Rejected value >= 25K
29005,CLM-00029005,40630,BILL-00040630,17481,PAT-0017481,2,INS002,MediShield Assurance,10,DEP010,Dermatology,62498.06,0.0,62498.06,Rejected,Policy Exclusion,13.0,2023-04-06,2023-04-19,30,0,0,15,0,0,45,High,Rejected claim; Rejected value >= 25K
27658,CLM-00027658,38706,BILL-00038706,13723,PAT-0013723,5,INS005,LifeCare Insurance,3,DEP003,Neurology,62491.59,0.0,62491.59,Rejected,Duplicate Claim,21.0,2023-05-27,2023-06-17,30,0,0,15,0,0,45,High,Rejected claim; Rejected value >= 25K
17784,CLM-00017784,24901,BILL-00024901,6106,PAT-0006106,1,INS001,HealthSecure Insurance,7,DEP007,Oncology,62428.94,0.0,62428.94,Rejected,Missing Documentation,10.0,2026-04-14,2026-04-24,30,0,0,15,0,0,45,High,Rejected claim; Rejected value >= 25K
33852,CLM-00033852,47338,BILL-00047338,22145,PAT-0022145,5,INS005,LifeCare Insurance,10,DEP010,Dermatology,62421.18,0.0,62421.18,Rejected,Missing Documentation,19.0,2026-01-26,2026-02-14,30,0,0,15,0,0,45,High,Rejected claim; Rejected value >= 25K
34129,CLM-00034129,47743,BILL-00047743,17173,PAT-0017173,5,INS005,LifeCare Insurance,3,DEP003,Neurology,62410.98,0.0,62410.98,Rejected,Incorrect Coding,23.0,2025-12-05,2025-12-28,30,0,0,15,0,0,45,High,Rejected claim; Rejected value >= 25K
28150,CLM-00028150,39385,BILL-00039385,18855,PAT-0018855,4,INS004,National Health Plan,1,DEP001,Emergency,62391.58,0.0,62391.58,Rejected,Missing Documentation,5.0,2026-02-01,2026-02-06,30,0,0,15,0,0,45,High,Rejected claim; Rejected value >= 25K
9431,CLM-00009431,13169,BILL-00013169,22812,PAT-0022812,3,INS003,CarePlus Health,2,DEP002,Cardiology,62381.6,0.0,62381.6,Rejected,Duplicate Claim,18.0,2023-06-11,2023-06-29,30,0,0,15,0,0,45,High,Rejected claim; Rejected value >= 25K
28782,CLM-00028782,40288,BILL-00040288,14015,PAT-0014015,2,INS002,MediShield Assurance,9,DEP009,ENT,62356.54,0.0,62356.54,Rejected,Policy Exclusion,7.0,2023-08-15,2023-08-22,30,0,0,15,0,0,45,High,Rejected claim; Rejected value >= 25K
3354,CLM-00003354,4715,BILL-00004715,3214,PAT-0003214,4,INS004,National Health Plan,8,DEP008,Gynecology,62338.65,0.0,62338.65,Rejected,Coverage Limit Exceeded,8.0,2026-07-18,2026-07-26,30,0,0,15,0,0,45,High,Rejected claim; Rejected value >= 25K
32131,CLM-00032131,44945,BILL-00044945,8288,PAT-0008288,5,INS005,LifeCare Insurance,2,DEP002,Cardiology,62289.38,0.0,62289.38,Rejected,Policy Exclusion,17.0,2024-02-12,2024-02-29,30,0,0,15,0,0,45,High,Rejected claim; Rejected value >= 25K
10810,CLM-00010810,15137,BILL-00015137,20692,PAT-0020692,5,INS005,LifeCare Insurance,1,DEP001,Emergency,62257.29,0.0,62257.29,Rejected,Policy Exclusion,15.0,2026-04-18,2026-05-03,30,0,0,15,0,0,45,High,Rejected claim; Rejected value >= 25K
26976,CLM-00026976,37752,BILL-00037752,20128,PAT-0020128,4,INS004,National Health Plan,8,DEP008,Gynecology,62233.8,0.0,62233.8,Rejected,Pre-authorization Missing,5.0,2023-04-21,2023-04-26,30,0,0,15,0,0,45,High,Rejected claim; Rejected value >= 25K
10161,CLM-00010161,14225,BILL-00014225,1362,PAT-0001362,5,INS005,LifeCare Insurance,5,DEP005,Pediatrics,62207.9,0.0,62207.9,Rejected,Incorrect Coding,13.0,2025-11-28,2025-12-11,30,0,0,15,0,0,45,High,Rejected claim; Rejected value >= 25K
13783,CLM-00013783,19247,BILL-00019247,11218,PAT-0011218,4,INS004,National Health Plan,8,DEP008,Gynecology,62134.79,0.0,62134.79,Rejected,Coverage Limit Exceeded,9.0,2026-04-17,2026-04-26,30,0,0,15,0,0,45,High,Rejected claim; Rejected value >= 25K
14583,CLM-00014583,20372,BILL-00020372,6316,PAT-0006316,5,INS005,LifeCare Insurance,6,DEP006,General Medicine,62127.39,0.0,62127.39,Rejected,Pre-authorization Missing,17.0,2025-12-11,2025-12-28,30,0,0,15,0,0,45,High,Rejected claim; Rejected value >= 25K
21178,CLM-00021178,29599,BILL-00029599,305,PAT-0000305,2,INS002,MediShield Assurance,6,DEP006,General Medicine,61968.45,0.0,61968.45,Rejected,Pre-authorization Missing,14.0,2025-12-31,2026-01-14,30,0,0,15,0,0,45,High,Rejected claim; Rejected value >= 25K
23188,CLM-00023188,32395,BILL-00032395,15854,PAT-0015854,2,INS002,MediShield Assurance,4,DEP004,Orthopedics,185039.98,123089.77,61950.21,Partially Approved,Incorrect Coding,45.0,2023-01-25,2023-03-11,0,0,10,15,10,10,45,High,Partially approved; Rejected value >= 25K; Claim value >= 100K; Processing > 30 days
28366,CLM-00028366,39685,BILL-00039685,14742,PAT-0014742,5,INS005,LifeCare Insurance,8,DEP008,Gynecology,61920.69,0.0,61920.69,Rejected,Policy Exclusion,6.0,2025-02-20,2025-02-26,30,0,0,15,0,0,45,High,Rejected claim; Rejected value >= 25K
17459,CLM-00017459,24444,BILL-00024444,12496,PAT-0012496,2,INS002,MediShield Assurance,9,DEP009,ENT,61915.21,0.0,61915.21,Rejected,Duplicate Claim,19.0,2026-06-07,2026-06-26,30,0,0,15,0,0,45,High,Rejected claim; Rejected value >= 25K
14531,CLM-00014531,20287,BILL-00020287,202,PAT-0000202,3,INS003,CarePlus Health,2,DEP002,Cardiology,61857.45,0.0,61857.45,Rejected,Pre-authorization Missing,13.0,2023-08-04,2023-08-17,30,0,0,15,0,0,45,High,Rejected claim; Rejected value >= 25K
11732,CLM-00011732,16411,BILL-00016411,22622,PAT-0022622,5,INS005,LifeCare Insurance,2,DEP002,Cardiology,216034.7,154211.07,61823.63,Partially Approved,Policy Exclusion,35.0,2025-12-16,2026-01-20,0,0,10,15,10,10,45,High,Partially approved; Rejected value >= 25K; Claim value >= 100K; Processing > 30 days
27054,CLM-00027054,37859,BILL-00037859,828,PAT-0000828,4,INS004,National Health Plan,2,DEP002,Cardiology,61804.38,0.0,61804.38,Rejected,Coverage Limit Exceeded,17.0,2025-06-15,2025-07-02,30,0,0,15,0,0,45,High,Rejected claim; Rejected value >= 25K
26365,CLM-00026365,36896,BILL-00036896,20060,PAT-0020060,1,INS001,HealthSecure Insurance,8,DEP008,Gynecology,247341.76,185596.97,61744.79,Partially Approved,Incorrect Coding,33.0,2025-12-26,2026-01-28,0,0,10,15,10,10,45,High,Partially approved; Rejected value >= 25K; Claim value >= 100K; Processing > 30 days
12865,CLM-00012865,17973,BILL-00017973,10905,PAT-0010905,1,INS001,HealthSecure Insurance,5,DEP005,Pediatrics,61736.58,0.0,61736.58,Rejected,Incorrect Coding,8.0,2025-05-24,2025-06-01,30,0,0,15,0,0,45,High,Rejected claim; Rejected value >= 25K
21384,CLM-00021384,29905,BILL-00029905,19712,PAT-0019712,2,INS002,MediShield Assurance,9,DEP009,ENT,61626.89,0.0,61626.89,Rejected,Missing Documentation,15.0,2026-06-05,2026-06-20,30,0,0,15,0,0,45,High,Rejected claim; Rejected value >= 25K
34123,CLM-00034123,47733,BILL-00047733,23148,PAT-0023148,5,INS005,LifeCare Insurance,6,DEP006,General Medicine,61503.2,0.0,61503.2,Rejected,Missing Documentation,17.0,2025-03-23,2025-04-09,30,0,0,15,0,0,45,High,Rejected claim; Rejected value >= 25K
3385,CLM-00003385,4761,BILL-00004761,16751,PAT-0016751,2,INS002,MediShield Assurance,7,DEP007,Oncology,61490.73,0.0,61490.73,Rejected,Duplicate Claim,25.0,2024-12-20,2025-01-14,30,0,0,15,0,0,45,High,Rejected claim; Rejected value >= 25K
33891,CLM-00033891,47396,BILL-00047396,11876,PAT-0011876,3,INS003,CarePlus Health,1,DEP001,Emergency,61487.87,0.0,61487.87,Rejected,Incorrect Coding,6.0,2024-07-06,2024-07-12,30,0,0,15,0,0,45,High,Rejected claim; Rejected value >= 25K
19259,CLM-00019259,26922,BILL-00026922,24458,PAT-0024458,4,INS004,National Health Plan,7,DEP007,Oncology,142698.61,81219.28,61479.33,Partially Approved,Coverage Limit Exceeded,39.0,2026-08-30,2026-10-08,0,0,10,15,10,10,45,High,Partially approved; Rejected value >= 25K; Claim value >= 100K; Processing > 30 days
9801,CLM-00009801,13713,BILL-00013713,9393,PAT-0009393,1,INS001,HealthSecure Insurance,1,DEP001,Emergency,61473.21,0.0,61473.21,Rejected,Coverage Limit Exceeded,20.0,2024-12-26,2025-01-15,30,0,0,15,0,0,45,High,Rejected claim; Rejected value >= 25K
34941,CLM-00034941,48914,BILL-00048914,17981,PAT-0017981,5,INS005,LifeCare Insurance,10,DEP010,Dermatology,61351.33,0.0,61351.33,Rejected,Coverage Limit Exceeded,24.0,2025-01-20,2025-02-13,30,0,0,15,0,0,45,High,Rejected claim; Rejected value >= 25K
1779,CLM-00001779,2501,BILL-00002501,22319,PAT-0022319,3,INS003,CarePlus Health,10,DEP010,Dermatology,61350.27,0.0,61350.27,Rejected,Policy Exclusion,14.0,2024-01-06,2024-01-20,30,0,0,15,0,0,45,High,Rejected claim; Rejected value >= 25K
17571,CLM-00017571,24597,BILL-00024597,2108,PAT-0002108,4,INS004,National Health Plan,10,DEP010,Dermatology,61331.95,0.0,61331.95,Rejected,Policy Exclusion,7.0,2025-11-14,2025-11-21,30,0,0,15,0,0,45,High,Rejected claim; Rejected value >= 25K
2779,CLM-00002779,3924,BILL-00003924,16370,PAT-0016370,1,INS001,HealthSecure Insurance,7,DEP007,Oncology,61314.53,0.0,61314.53,Rejected,Coverage Limit Exceeded,20.0,2026-03-29,2026-04-18,30,0,0,15,0,0,45,High,Rejected claim; Rejected value >= 25K
13597,CLM-00013597,18993,BILL-00018993,21291,PAT-0021291,4,INS004,National Health Plan,5,DEP005,Pediatrics,160873.46,99565.01,61308.45,Partially Approved,Pre-authorization Missing,33.0,2026-03-23,2026-04-25,0,0,10,15,10,10,45,High,Partially approved; Rejected value >= 25K; Claim value >= 100K; Processing > 30 days
25459,CLM-00025459,35635,BILL-00035635,13977,PAT-0013977,2,INS002,MediShield Assurance,3,DEP003,Neurology,198967.32,137669.35,61297.97,Partially Approved,Duplicate Claim,38.0,2023-12-14,2024-01-21,0,0,10,15,10,10,45,High,Partially approved; Rejected value >= 25K; Claim value >= 100K; Processing > 30 days
34250,CLM-00034250,47921,BILL-00047921,4342,PAT-0004342,2,INS002,MediShield Assurance,6,DEP006,General Medicine,61279.75,0.0,61279.75,Rejected,Coverage Limit Exceeded,15.0,2026-06-11,2026-06-26,30,0,0,15,0,0,45,High,Rejected claim; Rejected value >= 25K
18084,CLM-00018084,25304,BILL-00025304,2143,PAT-0002143,3,INS003,CarePlus Health,8,DEP008,Gynecology,170962.85,109693.04,61269.81,Partially Approved,Duplicate Claim,45.0,2026-05-03,2026-06-17,0,0,10,15,10,10,45,High,Partially approved; Rejected value >= 25K; Claim value >= 100K; Processing > 30 days
26024,CLM-00026024,36427,BILL-00036427,9893,PAT-0009893,5,INS005,LifeCare Insurance,5,DEP005,Pediatrics,61192.41,0.0,61192.41,Rejected,Duplicate Claim,9.0,2023-11-03,2023-11-12,30,0,0,15,0,0,45,High,Rejected claim; Rejected value >= 25K
22876,CLM-00022876,31955,BILL-00031955,19117,PAT-0019117,4,INS004,National Health Plan,6,DEP006,General Medicine,139103.8,77995.02,61108.78,Partially Approved,Incorrect Coding,43.0,2024-11-11,2024-12-24,0,0,10,15,10,10,45,High,Partially approved; Rejected value >= 25K; Claim value >= 100K; Processing > 30 days
20569,CLM-00020569,28763,BILL-00028763,4702,PAT-0004702,1,INS001,HealthSecure Insurance,7,DEP007,Oncology,61076.01,0.0,61076.01,Rejected,Incorrect Coding,5.0,2026-03-28,2026-04-02,30,0,0,15,0,0,45,High,Rejected claim; Rejected value >= 25K
6189,CLM-00006189,8672,BILL-00008672,2821,PAT-0002821,4,INS004,National Health Plan,6,DEP006,General Medicine,61041.37,0.0,61041.37,Rejected,Coverage Limit Exceeded,7.0,2025-03-19,2025-03-26,30,0,0,15,0,0,45,High,Rejected claim; Rejected value >= 25K
7252,CLM-00007252,10131,BILL-00010131,15971,PAT-0015971,1,INS001,HealthSecure Insurance,4,DEP004,Orthopedics,61036.72,0.0,61036.72,Rejected,Coverage Limit Exceeded,5.0,2023-01-25,2023-01-30,30,0,0,15,0,0,45,High,Rejected claim; Rejected value >= 25K
7647,CLM-00007647,10681,BILL-00010681,4868,PAT-0004868,4,INS004,National Health Plan,6,DEP006,General Medicine,61024.32,0.0,61024.32,Rejected,Missing Documentation,12.0,2024-01-28,2024-02-09,30,0,0,15,0,0,45,High,Rejected claim; Rejected value >= 25K
3128,CLM-00003128,4417,BILL-00004417,21853,PAT-0021853,5,INS005,LifeCare Insurance,6,DEP006,General Medicine,61023.3,0.0,61023.3,Rejected,Duplicate Claim,7.0,2025-03-29,2025-04-05,30,0,0,15,0,0,45,High,Rejected claim; Rejected value >= 25K
10840,CLM-00010840,15180,BILL-00015180,15893,PAT-0015893,3,INS003,CarePlus Health,9,DEP009,ENT,61009.14,0.0,61009.14,Rejected,Pre-authorization Missing,5.0,2024-09-10,2024-09-15,30,0,0,15,0,0,45,High,Rejected claim; Rejected value >= 25K
26701,CLM-00026701,37380,BILL-00037380,15289,PAT-0015289,2,INS002,MediShield Assurance,6,DEP006,General Medicine,60920.22,0.0,60920.22,Rejected,Duplicate Claim,17.0,2025-09-24,2025-10-11,30,0,0,15,0,0,45,High,Rejected claim; Rejected value >= 25K
5535,CLM-00005535,7766,BILL-00007766,4637,PAT-0004637,3,INS003,CarePlus Health,6,DEP006,General Medicine,60917.43,0.0,60917.43,Rejected,Policy Exclusion,9.0,2025-03-02,2025-03-11,30,0,0,15,0,0,45,High,Rejected claim; Rejected value >= 25K
13386,CLM-00013386,18691,BILL-00018691,8511,PAT-0008511,5,INS005,LifeCare Insurance,3,DEP003,Neurology,146657.34,85746.51,60910.83,Partially Approved,Duplicate Claim,39.0,2026-09-05,2026-10-14,0,0,10,15,10,10,45,High,Partially approved; Rejected value >= 25K; Claim value >= 100K; Processing > 30 days
1380,CLM-00001380,1937,BILL-00001937,12627,PAT-0012627,5,INS005,LifeCare Insurance,1,DEP001,Emergency,60877.69,0.0,60877.69,Rejected,Policy Exclusion,14.0,2026-07-22,2026-08-05,30,0,0,15,0,0,45,High,Rejected claim; Rejected value >= 25K
33755,CLM-00033755,47208,BILL-00047208,12795,PAT-0012795,4,INS004,National Health Plan,10,DEP010,Dermatology,60781.96,0.0,60781.96,Rejected,Duplicate Claim,25.0,2023-10-25,2023-11-19,30,0,0,15,0,0,45,High,Rejected claim; Rejected value >= 25K
24554,CLM-00024554,34369,BILL-00034369,18588,PAT-0018588,2,INS002,MediShield Assurance,9,DEP009,ENT,60666.09,0.0,60666.09,Rejected,Incorrect Coding,12.0,2026-09-26,2026-10-08,30,0,0,15,0,0,45,High,Rejected claim; Rejected value >= 25K
21619,CLM-00021619,30227,BILL-00030227,5816,PAT-0005816,2,INS002,MediShield Assurance,3,DEP003,Neurology,60663.85,0.0,60663.85,Rejected,Incorrect Coding,20.0,2024-01-05,2024-01-25,30,0,0,15,0,0,45,High,Rejected claim; Rejected value >= 25K
1566,CLM-00001566,2209,BILL-00002209,7014,PAT-0007014,2,INS002,MediShield Assurance,8,DEP008,Gynecology,60629.04,0.0,60629.04,Rejected,Coverage Limit Exceeded,14.0,2023-05-07,2023-05-21,30,0,0,15,0,0,45,High,Rejected claim; Rejected value >= 25K
12718,CLM-00012718,17771,BILL-00017771,21045,PAT-0021045,2,INS002,MediShield Assurance,8,DEP008,Gynecology,60582.71,0.0,60582.71,Rejected,Coverage Limit Exceeded,16.0,2023-10-20,2023-11-05,30,0,0,15,0,0,45,High,Rejected claim; Rejected value >= 25K
30945,CLM-00030945,43309,BILL-00043309,11354,PAT-0011354,4,INS004,National Health Plan,9,DEP009,ENT,60564.12,0.0,60564.12,Rejected,Missing Documentation,15.0,2026-09-12,2026-09-27,30,0,0,15,0,0,45,High,Rejected claim; Rejected value >= 25K
14325,CLM-00014325,20002,BILL-00020002,15277,PAT-0015277,3,INS003,CarePlus Health,5,DEP005,Pediatrics,60549.93,0.0,60549.93,Rejected,Pre-authorization Missing,18.0,2024-08-18,2024-09-05,30,0,0,15,0,0,45,High,Rejected claim; Rejected value >= 25K
15219,CLM-00015219,21292,BILL-00021292,12984,PAT-0012984,3,INS003,CarePlus Health,3,DEP003,Neurology,60515.32,0.0,60515.32,Rejected,Pre-authorization Missing,11.0,2026-08-18,2026-08-29,30,0,0,15,0,0,45,High,Rejected claim; Rejected value >= 25K
14552,CLM-00014552,20318,BILL-00020318,16150,PAT-0016150,4,INS004,National Health Plan,7,DEP007,Oncology,60400.63,0.0,60400.63,Rejected,Coverage Limit Exceeded,11.0,2023-01-31,2023-02-11,30,0,0,15,0,0,45,High,Rejected claim; Rejected value >= 25K
29234,CLM-00029234,40940,BILL-00040940,17277,PAT-0017277,3,INS003,CarePlus Health,9,DEP009,ENT,60284.69,0.0,60284.69,Rejected,Duplicate Claim,15.0,2026-08-29,2026-09-13,30,0,0,15,0,0,45,High,Rejected claim; Rejected value >= 25K
6894,CLM-00006894,9643,BILL-00009643,15535,PAT-0015535,2,INS002,MediShield Assurance,4,DEP004,Orthopedics,60263.93,0.0,60263.93,Rejected,Policy Exclusion,21.0,2024-04-26,2024-05-17,30,0,0,15,0,0,45,High,Rejected claim; Rejected value >= 25K
29026,CLM-00029026,40657,BILL-00040657,2902,PAT-0002902,2,INS002,MediShield Assurance,3,DEP003,Neurology,60253.11,0.0,60253.11,Rejected,Duplicate Claim,5.0,2025-02-11,2025-02-16,30,0,0,15,0,0,45,High,Rejected claim; Rejected value >= 25K
23872,CLM-00023872,33411,BILL-00033411,2681,PAT-0002681,3,INS003,CarePlus Health,5,DEP005,Pediatrics,60192.62,0.0,60192.62,Rejected,Coverage Limit Exceeded,13.0,2024-12-31,2025-01-13,30,0,0,15,0,0,45,High,Rejected claim; Rejected value >= 25K
13642,CLM-00013642,19052,BILL-00019052,11264,PAT-0011264,1,INS001,HealthSecure Insurance,10,DEP010,Dermatology,60054.35,0.0,60054.35,Rejected,Missing Documentation,21.0,2026-02-14,2026-03-07,30,0,0,15,0,0,45,High,Rejected claim; Rejected value >= 25K
22643,CLM-00022643,31638,BILL-00031638,23715,PAT-0023715,3,INS003,CarePlus Health,5,DEP005,Pediatrics,60022.25,0.0,60022.25,Rejected,Policy Exclusion,13.0,2023-02-02,2023-02-15,30,0,0,15,0,0,45,High,Rejected claim; Rejected value >= 25K
30044,CLM-00030044,42068,BILL-00042068,14004,PAT-0014004,1,INS001,HealthSecure Insurance,1,DEP001,Emergency,171222.89,111231.23,59991.66,Partially Approved,Duplicate Claim,33.0,2024-03-04,2024-04-06,0,0,10,15,10,10,45,High,Partially approved; Rejected value >= 25K; Claim value >= 100K; Processing > 30 days
16737,CLM-00016737,23427,BILL-00023427,21931,PAT-0021931,4,INS004,National Health Plan,5,DEP005,Pediatrics,141405.12,81440.93,59964.19,Partially Approved,Incorrect Coding,38.0,2026-01-26,2026-03-05,0,0,10,15,10,10,45,High,Partially approved; Rejected value >= 25K; Claim value >= 100K; Processing > 30 days
33948,CLM-00033948,47480,BILL-00047480,20634,PAT-0020634,2,INS002,MediShield Assurance,4,DEP004,Orthopedics,59939.67,0.0,59939.67,Rejected,Duplicate Claim,22.0,2025-01-12,2025-02-03,30,0,0,15,0,0,45,High,Rejected claim; Rejected value >= 25K
20879,CLM-00020879,29194,BILL-00029194,13516,PAT-0013516,5,INS005,LifeCare Insurance,4,DEP004,Orthopedics,59912.44,0.0,59912.44,Rejected,Duplicate Claim,16.0,2023-05-08,2023-05-24,30,0,0,15,0,0,45,High,Rejected claim; Rejected value >= 25K
24362,CLM-00024362,34086,BILL-00034086,4444,PAT-0004444,4,INS004,National Health Plan,9,DEP009,ENT,59900.3,0.0,59900.3,Rejected,Duplicate Claim,20.0,2026-08-02,2026-08-22,30,0,0,15,0,0,45,High,Rejected claim; Rejected value >= 25K
26458,CLM-00026458,37024,BILL-00037024,2724,PAT-0002724,2,INS002,MediShield Assurance,4,DEP004,Orthopedics,59816.52,0.0,59816.52,Rejected,Coverage Limit Exceeded,8.0,2023-06-27,2023-07-05,30,0,0,15,0,0,45,High,Rejected claim; Rejected value >= 25K
22522,CLM-00022522,31473,BILL-00031473,7546,PAT-0007546,4,INS004,National Health Plan,5,DEP005,Pediatrics,59805.98,0.0,59805.98,Rejected,Coverage Limit Exceeded,24.0,2026-07-03,2026-07-27,30,0,0,15,0,0,45,High,Rejected claim; Rejected value >= 25K
8573,CLM-00008573,11961,BILL-00011961,6202,PAT-0006202,1,INS001,HealthSecure Insurance,5,DEP005,Pediatrics,59792.39,0.0,59792.39,Rejected,Pre-authorization Missing,12.0,2025-05-05,2025-05-17,30,0,0,15,0,0,45,High,Rejected claim; Rejected value >= 25K
12564,CLM-00012564,17553,BILL-00017553,24006,PAT-0024006,3,INS003,CarePlus Health,2,DEP002,Cardiology,59789.26,0.0,59789.26,Rejected,Coverage Limit Exceeded,15.0,2026-04-29,2026-05-14,30,0,0,15,0,0,45,High,Rejected claim; Rejected value >= 25K
25991,CLM-00025991,36380,BILL-00036380,10091,PAT-0010091,3,INS003,CarePlus Health,6,DEP006,General Medicine,59771.54,0.0,59771.54,Rejected,Policy Exclusion,25.0,2025-09-27,2025-10-22,30,0,0,15,0,0,45,High,Rejected claim; Rejected value >= 25K
18136,CLM-00018136,25371,BILL-00025371,15145,PAT-0015145,3,INS003,CarePlus Health,10,DEP010,Dermatology,159365.18,99597.01,59768.17,Partially Approved,Missing Documentation,44.0,2025-04-03,2025-05-17,0,0,10,15,10,10,45,High,Partially approved; Rejected value >= 25K; Claim value >= 100K; Processing > 30 days
35679,CLM-00035679,49939,BILL-00049939,6025,PAT-0006025,2,INS002,MediShield Assurance,1,DEP001,Emergency,59688.51,0.0,59688.51,Rejected,Policy Exclusion,6.0,2025-03-18,2025-03-24,30,0,0,15,0,0,45,High,Rejected claim; Rejected value >= 25K
7321,CLM-00007321,10233,BILL-00010233,1118,PAT-0001118,2,INS002,MediShield Assurance,9,DEP009,ENT,146095.27,86412.92,59682.35,Partially Approved,Coverage Limit Exceeded,41.0,2026-01-08,2026-02-18,0,0,10,15,10,10,45,High,Partially approved; Rejected value >= 25K; Claim value >= 100K; Processing > 30 days
2815,CLM-00002815,3983,BILL-00003983,566,PAT-0000566,2,INS002,MediShield Assurance,7,DEP007,Oncology,244266.85,184594.05,59672.8,Partially Approved,Duplicate Claim,33.0,2025-08-27,2025-09-29,0,0,10,15,10,10,45,High,Partially approved; Rejected value >= 25K; Claim value >= 100K; Processing > 30 days
24947,CLM-00024947,34935,BILL-00034935,8222,PAT-0008222,1,INS001,HealthSecure Insurance,4,DEP004,Orthopedics,59663.73,0.0,59663.73,Rejected,Duplicate Claim,17.0,2025-12-03,2025-12-20,30,0,0,15,0,0,45,High,Rejected claim; Rejected value >= 25K
35729,CLM-00035729,49999,BILL-00049999,13741,PAT-0013741,3,INS003,CarePlus Health,2,DEP002,Cardiology,59647.01,0.0,59647.01,Rejected,Missing Documentation,7.0,2023-08-10,2023-08-17,30,0,0,15,0,0,45,High,Rejected claim; Rejected value >= 25K
31069,CLM-00031069,43492,BILL-00043492,19382,PAT-0019382,1,INS001,HealthSecure Insurance,7,DEP007,Oncology,59638.04,0.0,59638.04,Rejected,Missing Documentation,9.0,2025-02-11,2025-02-20,30,0,0,15,0,0,45,High,Rejected claim; Rejected value >= 25K
15275,CLM-00015275,21374,BILL-00021374,10105,PAT-0010105,1,INS001,HealthSecure Insurance,10,DEP010,Dermatology,59635.52,0.0,59635.52,Rejected,Incorrect Coding,17.0,2026-08-16,2026-09-02,30,0,0,15,0,0,45,High,Rejected claim; Rejected value >= 25K
5900,CLM-00005900,8274,BILL-00008274,11088,PAT-0011088,4,INS004,National Health Plan,4,DEP004,Orthopedics,152535.68,92946.41,59589.27,Partially Approved,Coverage Limit Exceeded,36.0,2025-05-16,2025-06-21,0,0,10,15,10,10,45,High,Partially approved; Rejected value >= 25K; Claim value >= 100K; Processing > 30 days
16438,CLM-00016438,23026,BILL-00023026,4876,PAT-0004876,5,INS005,LifeCare Insurance,4,DEP004,Orthopedics,59547.79,0.0,59547.79,Rejected,Policy Exclusion,11.0,2025-05-09,2025-05-20,30,0,0,15,0,0,45,High,Rejected claim; Rejected value >= 25K
17172,CLM-00017172,24032,BILL-00024032,2164,PAT-0002164,4,INS004,National Health Plan,4,DEP004,Orthopedics,59523.31,0.0,59523.31,Rejected,Missing Documentation,11.0,2026-07-03,2026-07-14,30,0,0,15,0,0,45,High,Rejected claim; Rejected value >= 25K
23973,CLM-00023973,33552,BILL-00033552,15528,PAT-0015528,2,INS002,MediShield Assurance,10,DEP010,Dermatology,59494.35,0.0,59494.35,Rejected,Coverage Limit Exceeded,24.0,2025-09-30,2025-10-24,30,0,0,15,0,0,45,High,Rejected claim; Rejected value >= 25K
20423,CLM-00020423,28572,BILL-00028572,24058,PAT-0024058,5,INS005,LifeCare Insurance,4,DEP004,Orthopedics,59437.38,0.0,59437.38,Rejected,Coverage Limit Exceeded,17.0,2025-08-03,2025-08-20,30,0,0,15,0,0,45,High,Rejected claim; Rejected value >= 25K
1936,CLM-00001936,2720,BILL-00002720,14157,PAT-0014157,5,INS005,LifeCare Insurance,1,DEP001,Emergency,191649.74,132213.97,59435.77,Partially Approved,Pre-authorization Missing,36.0,2023-12-21,2024-01-26,0,0,10,15,10,10,45,High,Partially approved; Rejected value >= 25K; Claim value >= 100K; Processing > 30 days
22403,CLM-00022403,31317,BILL-00031317,15293,PAT-0015293,5,INS005,LifeCare Insurance,10,DEP010,Dermatology,59424.54,0.0,59424.54,Rejected,Coverage Limit Exceeded,7.0,2025-09-25,2025-10-02,30,0,0,15,0,0,45,High,Rejected claim; Rejected value >= 25K
24385,CLM-00024385,34120,BILL-00034120,1738,PAT-0001738,3,INS003,CarePlus Health,3,DEP003,Neurology,59384.59,0.0,59384.59,Rejected,Missing Documentation,10.0,2026-09-22,2026-10-02,30,0,0,15,0,0,45,High,Rejected claim; Rejected value >= 25K
24215,CLM-00024215,33887,BILL-00033887,21993,PAT-0021993,5,INS005,LifeCare Insurance,3,DEP003,Neurology,59332.94,0.0,59332.94,Rejected,Pre-authorization Missing,16.0,2025-05-31,2025-06-16,30,0,0,15,0,0,45,High,Rejected claim; Rejected value >= 25K
10068,CLM-00010068,14094,BILL-00014094,10937,PAT-0010937,4,INS004,National Health Plan,3,DEP003,Neurology,59292.62,0.0,59292.62,Rejected,Pre-authorization Missing,14.0,2025-07-02,2025-07-16,30,0,0,15,0,0,45,High,Rejected claim; Rejected value >= 25K
16595,CLM-00016595,23239,BILL-00023239,24427,PAT-0024427,5,INS005,LifeCare Insurance,7,DEP007,Oncology,59270.1,0.0,59270.1,Rejected,Policy Exclusion,24.0,2026-08-31,2026-09-24,30,0,0,15,0,0,45,High,Rejected claim; Rejected value >= 25K
19193,CLM-00019193,26829,BILL-00026829,15374,PAT-0015374,1,INS001,HealthSecure Insurance,10,DEP010,Dermatology,59241.19,0.0,59241.19,Rejected,Coverage Limit Exceeded,22.0,2023-02-20,2023-03-14,30,0,0,15,0,0,45,High,Rejected claim; Rejected value >= 25K
17077,CLM-00017077,23908,BILL-00023908,18,PAT-0000018,5,INS005,LifeCare Insurance,6,DEP006,General Medicine,59236.81,0.0,59236.81,Rejected,Coverage Limit Exceeded,14.0,2025-01-04,2025-01-18,30,0,0,15,0,0,45,High,Rejected claim; Rejected value >= 25K
36265,CLM-00035910,50785,BILL-00050246,374,PAT-0000374,5,INS005,LifeCare Insurance,3,DEP003,Neurology,59229.04,0.0,59229.04,Rejected,Missing Documentation,22.0,2026-10-01,2026-10-23,30,0,0,15,0,0,45,High,Rejected claim; Rejected value >= 25K
11162,CLM-00011162,15622,BILL-00015622,9652,PAT-0009652,4,INS004,National Health Plan,4,DEP004,Orthopedics,59228.47,0.0,59228.47,Rejected,Missing Documentation,19.0,2023-04-13,2023-05-02,30,0,0,15,0,0,45,High,Rejected claim; Rejected value >= 25K
36634,CLM-00036519,51311,BILL-00051132,7404,PAT-0007404,1,INS001,HealthSecure Insurance,3,DEP003,Neurology,59222.63,0.0,59222.63,Rejected,Duplicate Claim,5.0,2026-10-08,2026-10-13,30,0,0,15,0,0,45,High,Rejected claim; Rejected value >= 25K
28249,CLM-00028249,39528,BILL-00039528,3974,PAT-0003974,4,INS004,National Health Plan,10,DEP010,Dermatology,59190.31,0.0,59190.31,Rejected,Missing Documentation,24.0,2023-07-15,2023-08-08,30,0,0,15,0,0,45,High,Rejected claim; Rejected value >= 25K
33039,CLM-00033039,46191,BILL-00046191,8836,PAT-0008836,3,INS003,CarePlus Health,5,DEP005,Pediatrics,59159.59,0.0,59159.59,Rejected,Incorrect Coding,14.0,2026-06-22,2026-07-06,30,0,0,15,0,0,45,High,Rejected claim; Rejected value >= 25K
3283,CLM-00003283,4620,BILL-00004620,7196,PAT-0007196,3,INS003,CarePlus Health,10,DEP010,Dermatology,58964.29,0.0,58964.29,Rejected,Missing Documentation,17.0,2025-06-04,2025-06-21,30,0,0,15,0,0,45,High,Rejected claim; Rejected value >= 25K
7385,CLM-00007385,10322,BILL-00010322,11441,PAT-0011441,1,INS001,HealthSecure Insurance,8,DEP008,Gynecology,58936.47,0.0,58936.47,Rejected,Coverage Limit Exceeded,23.0,2023-09-07,2023-09-30,30,0,0,15,0,0,45,High,Rejected claim; Rejected value >= 25K
30022,CLM-00030022,42038,BILL-00042038,17372,PAT-0017372,1,INS001,HealthSecure Insurance,10,DEP010,Dermatology,58933.13,0.0,58933.13,Rejected,Duplicate Claim,16.0,2023-01-09,2023-01-25,30,0,0,15,0,0,45,High,Rejected claim; Rejected value >= 25K
5743,CLM-00005743,8058,BILL-00008058,22978,PAT-0022978,1,INS001,HealthSecure Insurance,10,DEP010,Dermatology,175089.93,116189.33,58900.6,Partially Approved,Duplicate Claim,44.0,2023-01-30,2023-03-15,0,0,10,15,10,10,45,High,Partially approved; Rejected value >= 25K; Claim value >= 100K; Processing > 30 days
21354,CLM-00021354,29860,BILL-00029860,23718,PAT-0023718,1,INS001,HealthSecure Insurance,6,DEP006,General Medicine,58864.95,0.0,58864.95,Rejected,Incorrect Coding,14.0,2024-01-20,2024-02-03,30,0,0,15,0,0,45,High,Rejected claim; Rejected value >= 25K
36040,CLM-00036229,50451,BILL-00050727,22667,PAT-0022667,5,INS005,LifeCare Insurance,3,DEP003,Neurology,58839.86,0.0,58839.86,Rejected,Policy Exclusion,15.0,2026-10-03,2026-10-18,30,0,0,15,0,0,45,High,Rejected claim; Rejected value >= 25K
5165,CLM-00005165,7243,BILL-00007243,11750,PAT-0011750,1,INS001,HealthSecure Insurance,2,DEP002,Cardiology,58823.97,0.0,58823.97,Rejected,Missing Documentation,22.0,2023-11-26,2023-12-18,30,0,0,15,0,0,45,High,Rejected claim; Rejected value >= 25K
32950,CLM-00032950,46073,BILL-00046073,23547,PAT-0023547,4,INS004,National Health Plan,8,DEP008,Gynecology,58800.07,0.0,58800.07,Rejected,Coverage Limit Exceeded,20.0,2025-09-17,2025-10-07,30,0,0,15,0,0,45,High,Rejected claim; Rejected value >= 25K
9213,CLM-00009213,12878,BILL-00012878,17251,PAT-0017251,3,INS003,CarePlus Health,7,DEP007,Oncology,58726.57,0.0,58726.57,Rejected,Incorrect Coding,16.0,2026-06-03,2026-06-19,30,0,0,15,0,0,45,High,Rejected claim; Rejected value >= 25K
21597,CLM-00021597,30202,BILL-00030202,4410,PAT-0004410,1,INS001,HealthSecure Insurance,4,DEP004,Orthopedics,58702.9,0.0,58702.9,Rejected,Incorrect Coding,25.0,2024-06-21,2024-07-16,30,0,0,15,0,0,45,High,Rejected claim; Rejected value >= 25K
34486,CLM-00034486,48259,BILL-00048259,23632,PAT-0023632,5,INS005,LifeCare Insurance,1,DEP001,Emergency,58616.37,0.0,58616.37,Rejected,Coverage Limit Exceeded,16.0,2024-08-14,2024-08-30,30,0,0,15,0,0,45,High,Rejected claim; Rejected value >= 25K
25473,CLM-00025473,35653,BILL-00035653,1711,PAT-0001711,4,INS004,National Health Plan,4,DEP004,Orthopedics,58576.49,0.0,58576.49,Rejected,Duplicate Claim,19.0,2023-03-27,2023-04-15,30,0,0,15,0,0,45,High,Rejected claim; Rejected value >= 25K
16036,CLM-00016036,22461,BILL-00022461,15564,PAT-0015564,5,INS005,LifeCare Insurance,3,DEP003,Neurology,58547.15,0.0,58547.15,Rejected,Incorrect Coding,8.0,2024-12-14,2024-12-22,30,0,0,15,0,0,45,High,Rejected claim; Rejected value >= 25K
18913,CLM-00018913,26442,BILL-00026442,19376,PAT-0019376,4,INS004,National Health Plan,2,DEP002,Cardiology,58496.49,0.0,58496.49,Rejected,Incorrect Coding,11.0,2024-09-22,2024-10-03,30,0,0,15,0,0,45,High,Rejected claim; Rejected value >= 25K
19151,CLM-00019151,26771,BILL-00026771,23820,PAT-0023820,1,INS001,HealthSecure Insurance,8,DEP008,Gynecology,58485.51,0.0,58485.51,Rejected,Policy Exclusion,23.0,2024-03-25,2024-04-17,30,0,0,15,0,0,45,High,Rejected claim; Rejected value >= 25K
15533,CLM-00015533,21765,BILL-00021765,8700,PAT-0008700,5,INS005,LifeCare Insurance,9,DEP009,ENT,58404.97,0.0,58404.97,Rejected,Policy Exclusion,21.0,2025-06-05,2025-06-26,30,0,0,15,0,0,45,High,Rejected claim; Rejected value >= 25K
28215,CLM-00028215,39470,BILL-00039470,1602,PAT-0001602,3,INS003,CarePlus Health,10,DEP010,Dermatology,153515.14,95165.75,58349.39,Partially Approved,Policy Exclusion,32.0,2024-11-12,2024-12-14,0,0,10,15,10,10,45,High,Partially approved; Rejected value >= 25K; Claim value >= 100K; Processing > 30 days
35806,CLM-00035806,50101,BILL-00050101,18410,PAT-0018410,2,INS002,MediShield Assurance,2,DEP002,Cardiology,58255.33,0.0,58255.33,Rejected,Missing Documentation,13.0,2026-09-29,2026-10-12,30,0,0,15,0,0,45,High,Rejected claim; Rejected value >= 25K
21516,CLM-00021516,30093,BILL-00030093,24035,PAT-0024035,4,INS004,National Health Plan,1,DEP001,Emergency,58241.15,0.0,58241.15,Rejected,Coverage Limit Exceeded,19.0,2026-02-20,2026-03-11,30,0,0,15,0,0,45,High,Rejected claim; Rejected value >= 25K
2497,CLM-00002497,3512,BILL-00003512,21212,PAT-0021212,1,INS001,HealthSecure Insurance,2,DEP002,Cardiology,158916.28,100682.92,58233.36,Partially Approved,Missing Documentation,32.0,2025-07-09,2025-08-10,0,0,10,15,10,10,45,High,Partially approved; Rejected value >= 25K; Claim value >= 100K; Processing > 30 days
32333,CLM-00032333,45221,BILL-00045221,24170,PAT-0024170,4,INS004,National Health Plan,7,DEP007,Oncology,58176.93,0.0,58176.93,Rejected,Incorrect Coding,14.0,2024-04-12,2024-04-26,30,0,0,15,0,0,45,High,Rejected claim; Rejected value >= 25K
25361,CLM-00025361,35482,BILL-00035482,11429,PAT-0011429,5,INS005,LifeCare Insurance,6,DEP006,General Medicine,58154.81,0.0,58154.81,Rejected,Pre-authorization Missing,10.0,2024-09-20,2024-09-30,30,0,0,15,0,0,45,High,Rejected claim; Rejected value >= 25K
5998,CLM-00005998,8398,BILL-00008398,3037,PAT-0003037,2,INS002,MediShield Assurance,4,DEP004,Orthopedics,58146.51,0.0,58146.51,Rejected,Duplicate Claim,20.0,2023-10-25,2023-11-14,30,0,0,15,0,0,45,High,Rejected claim; Rejected value >= 25K
17698,CLM-00017698,24775,BILL-00024775,3056,PAT-0003056,2,INS002,MediShield Assurance,5,DEP005,Pediatrics,58138.34,0.0,58138.34,Rejected,Pre-authorization Missing,6.0,2025-10-03,2025-10-09,30,0,0,15,0,0,45,High,Rejected claim; Rejected value >= 25K
24220,CLM-00024220,33893,BILL-00033893,18904,PAT-0018904,3,INS003,CarePlus Health,3,DEP003,Neurology,58127.82,0.0,58127.82,Rejected,Missing Documentation,12.0,2025-02-24,2025-03-08,30,0,0,15,0,0,45,High,Rejected claim; Rejected value >= 25K
8289,CLM-00008289,11575,BILL-00011575,20966,PAT-0020966,1,INS001,HealthSecure Insurance,2,DEP002,Cardiology,58092.07,0.0,58092.07,Rejected,Missing Documentation,19.0,2024-02-05,2024-02-24,30,0,0,15,0,0,45,High,Rejected claim; Rejected value >= 25K
6660,CLM-00006660,9305,BILL-00009305,13058,PAT-0013058,5,INS005,LifeCare Insurance,7,DEP007,Oncology,213969.5,155919.05,58050.45,Partially Approved,Policy Exclusion,43.0,2025-06-11,2025-07-24,0,0,10,15,10,10,45,High,Partially approved; Rejected value >= 25K; Claim value >= 100K; Processing > 30 days
9621,CLM-00009621,13454,BILL-00013454,12396,PAT-0012396,3,INS003,CarePlus Health,6,DEP006,General Medicine,58035.6,0.0,58035.6,Rejected,Missing Documentation,19.0,2024-09-01,2024-09-20,30,0,0,15,0,0,45,High,Rejected claim; Rejected value >= 25K
35292,CLM-00035292,49405,BILL-00049405,15550,PAT-0015550,4,INS004,National Health Plan,6,DEP006,General Medicine,58028.15,0.0,58028.15,Rejected,Pre-authorization Missing,14.0,2024-12-18,2025-01-01,30,0,0,15,0,0,45,High,Rejected claim; Rejected value >= 25K
23125,CLM-00023125,32302,BILL-00032302,18577,PAT-0018577,1,INS001,HealthSecure Insurance,9,DEP009,ENT,58027.21,0.0,58027.21,Rejected,Policy Exclusion,10.0,2026-06-25,2026-07-05,30,0,0,15,0,0,45,High,Rejected claim; Rejected value >= 25K
20568,CLM-00020568,28762,BILL-00028762,15299,PAT-0015299,1,INS001,HealthSecure Insurance,7,DEP007,Oncology,58021.1,0.0,58021.1,Rejected,Duplicate Claim,9.0,2023-04-14,2023-04-23,30,0,0,15,0,0,45,High,Rejected claim; Rejected value >= 25K
26351,CLM-00026351,36878,BILL-00036878,17745,PAT-0017745,4,INS004,National Health Plan,9,DEP009,ENT,58006.68,0.0,58006.68,Rejected,Pre-authorization Missing,16.0,2024-06-22,2024-07-08,30,0,0,15,0,0,45,High,Rejected claim; Rejected value >= 25K
6568,CLM-00006568,9175,BILL-00009175,20614,PAT-0020614,1,INS001,HealthSecure Insurance,6,DEP006,General Medicine,137166.17,79184.64,57981.53,Partially Approved,Pre-authorization Missing,33.0,2024-01-02,2024-02-04,0,0,10,15,10,10,45,High,Partially approved; Rejected value >= 25K; Claim value >= 100K; Processing > 30 days
24714,CLM-00024714,34585,BILL-00034585,10024,PAT-0010024,3,INS003,CarePlus Health,9,DEP009,ENT,57962.05,0.0,57962.05,Rejected,Missing Documentation,5.0,2023-10-12,2023-10-17,30,0,0,15,0,0,45,High,Rejected claim; Rejected value >= 25K
27708,CLM-00027708,38770,BILL-00038770,8389,PAT-0008389,5,INS005,LifeCare Insurance,10,DEP010,Dermatology,57908.34,0.0,57908.34,Rejected,Pre-authorization Missing,24.0,2023-01-10,2023-02-03,30,0,0,15,0,0,45,High,Rejected claim; Rejected value >= 25K
30172,CLM-00030172,42242,BILL-00042242,12384,PAT-0012384,2,INS002,MediShield Assurance,3,DEP003,Neurology,57903.65,0.0,57903.65,Rejected,Policy Exclusion,20.0,2023-06-29,2023-07-19,30,0,0,15,0,0,45,High,Rejected claim; Rejected value >= 25K
9788,CLM-00009788,13694,BILL-00013694,1148,PAT-0001148,1,INS001,HealthSecure Insurance,5,DEP005,Pediatrics,57866.39,0.0,57866.39,Rejected,Missing Documentation,10.0,2024-09-23,2024-10-03,30,0,0,15,0,0,45,High,Rejected claim; Rejected value >= 25K
12677,CLM-00012677,17710,BILL-00017710,9492,PAT-0009492,1,INS001,HealthSecure Insurance,7,DEP007,Oncology,57808.21,0.0,57808.21,Rejected,Policy Exclusion,5.0,2025-03-24,2025-03-29,30,0,0,15,0,0,45,High,Rejected claim; Rejected value >= 25K
31492,CLM-00031492,44053,BILL-00044053,2357,PAT-0002357,3,INS003,CarePlus Health,2,DEP002,Cardiology,232238.76,174493.09,57745.67,Partially Approved,Missing Documentation,33.0,2023-02-20,2023-03-25,0,0,10,15,10,10,45,High,Partially approved; Rejected value >= 25K; Claim value >= 100K; Processing > 30 days
4203,CLM-00004203,5927,BILL-00005927,9208,PAT-0009208,2,INS002,MediShield Assurance,4,DEP004,Orthopedics,57737.18,0.0,57737.18,Rejected,Pre-authorization Missing,12.0,2025-08-22,2025-09-03,30,0,0,15,0,0,45,High,Rejected claim; Rejected value >= 25K
34133,CLM-00034133,47751,BILL-00047751,15357,PAT-0015357,3,INS003,CarePlus Health,8,DEP008,Gynecology,57729.61,0.0,57729.61,Rejected,Duplicate Claim,17.0,2023-09-17,2023-10-04,30,0,0,15,0,0,45,High,Rejected claim; Rejected value >= 25K
15001,CLM-00015001,20987,BILL-00020987,154,PAT-0000154,1,INS001,HealthSecure Insurance,1,DEP001,Emergency,57518.29,0.0,57518.29,Rejected,Incorrect Coding,13.0,2026-05-19,2026-06-01,30,0,0,15,0,0,45,High,Rejected claim; Rejected value >= 25K
11750,CLM-00011750,16436,BILL-00016436,15676,PAT-0015676,5,INS005,LifeCare Insurance,6,DEP006,General Medicine,57465.07,0.0,57465.07,Rejected,Coverage Limit Exceeded,7.0,2023-12-08,2023-12-15,30,0,0,15,0,0,45,High,Rejected claim; Rejected value >= 25K
26286,CLM-00026286,36781,BILL-00036781,21331,PAT-0021331,1,INS001,HealthSecure Insurance,10,DEP010,Dermatology,146310.85,88954.53,57356.32,Partially Approved,Missing Documentation,36.0,2024-09-06,2024-10-12,0,0,10,15,10,10,45,High,Partially approved; Rejected value >= 25K; Claim value >= 100K; Processing > 30 days
1703,CLM-00001703,2401,BILL-00002401,17305,PAT-0017305,3,INS003,CarePlus Health,9,DEP009,ENT,57321.59,0.0,57321.59,Rejected,Duplicate Claim,9.0,2025-03-29,2025-04-07,30,0,0,15,0,0,45,High,Rejected claim; Rejected value >= 25K
27279,CLM-00027279,38177,BILL-00038177,233,PAT-0000233,5,INS005,LifeCare Insurance,3,DEP003,Neurology,156509.12,99224.02,57285.1,Partially Approved,Policy Exclusion,42.0,2023-08-19,2023-09-30,0,0,10,15,10,10,45,High,Partially approved; Rejected value >= 25K; Claim value >= 100K; Processing > 30 days
25127,CLM-00025127,35177,BILL-00035177,899,PAT-0000899,4,INS004,National Health Plan,10,DEP010,Dermatology,57214.09,0.0,57214.09,Rejected,Duplicate Claim,25.0,2023-03-13,2023-04-07,30,0,0,15,0,0,45,High,Rejected claim; Rejected value >= 25K
35245,CLM-00035245,49338,BILL-00049338,18317,PAT-0018317,4,INS004,National Health Plan,10,DEP010,Dermatology,57086.36,0.0,57086.36,Rejected,Incorrect Coding,9.0,2023-04-16,2023-04-25,30,0,0,15,0,0,45,High,Rejected claim; Rejected value >= 25K
15492,CLM-00015492,21707,BILL-00021707,5627,PAT-0005627,4,INS004,National Health Plan,9,DEP009,ENT,57086.07,0.0,57086.07,Rejected,Policy Exclusion,9.0,2025-08-02,2025-08-11,30,0,0,15,0,0,45,High,Rejected claim; Rejected value >= 25K
27633,CLM-00027633,38668,BILL-00038668,22663,PAT-0022663,2,INS002,MediShield Assurance,5,DEP005,Pediatrics,57068.53,0.0,57068.53,Rejected,Coverage Limit Exceeded,9.0,2024-03-03,2024-03-12,30,0,0,15,0,0,45,High,Rejected claim; Rejected value >= 25K
28095,CLM-00028095,39304,BILL-00039304,14233,PAT-0014233,2,INS002,MediShield Assurance,3,DEP003,Neurology,57031.18,0.0,57031.18,Rejected,Missing Documentation,6.0,2026-07-28,2026-08-03,30,0,0,15,0,0,45,High,Rejected claim; Rejected value >= 25K
16324,CLM-00016324,22867,BILL-00022867,19515,PAT-0019515,1,INS001,HealthSecure Insurance,8,DEP008,Gynecology,57023.53,0.0,57023.53,Rejected,Coverage Limit Exceeded,21.0,2024-01-02,2024-01-23,30,0,0,15,0,0,45,High,Rejected claim; Rejected value >= 25K
23949,CLM-00023949,33520,BILL-00033520,3336,PAT-0003336,4,INS004,National Health Plan,4,DEP004,Orthopedics,57020.42,0.0,57020.42,Rejected,Policy Exclusion,17.0,2023-07-31,2023-08-17,30,0,0,15,0,0,45,High,Rejected claim; Rejected value >= 25K
6341,CLM-00006341,8871,BILL-00008871,12795,PAT-0012795,3,INS003,CarePlus Health,7,DEP007,Oncology,57015.47,0.0,57015.47,Rejected,Duplicate Claim,16.0,2024-05-09,2024-05-25,30,0,0,15,0,0,45,High,Rejected claim; Rejected value >= 25K
5230,CLM-00005230,7341,BILL-00007341,6560,PAT-0006560,3,INS003,CarePlus Health,8,DEP008,Gynecology,56981.63,0.0,56981.63,Rejected,Duplicate Claim,19.0,2023-01-11,2023-01-30,30,0,0,15,0,0,45,High,Rejected claim; Rejected value >= 25K
12948,CLM-00012948,18088,BILL-00018088,949,PAT-0000949,2,INS002,MediShield Assurance,9,DEP009,ENT,213982.58,157011.44,56971.14,Partially Approved,Policy Exclusion,38.0,2024-03-12,2024-04-19,0,0,10,15,10,10,45,High,Partially approved; Rejected value >= 25K; Claim value >= 100K; Processing > 30 days
26914,CLM-00026914,37659,BILL-00037659,15433,PAT-0015433,5,INS005,LifeCare Insurance,10,DEP010,Dermatology,56874.29,0.0,56874.29,Rejected,Duplicate Claim,24.0,2025-10-15,2025-11-08,30,0,0,15,0,0,45,High,Rejected claim; Rejected value >= 25K
2385,CLM-00002385,3352,BILL-00003352,10036,PAT-0010036,1,INS001,HealthSecure Insurance,9,DEP009,ENT,56775.12,0.0,56775.12,Rejected,Policy Exclusion,8.0,2023-01-19,2023-01-27,30,0,0,15,0,0,45,High,Rejected claim; Rejected value >= 25K
18631,CLM-00018631,26042,BILL-00026042,15552,PAT-0015552,4,INS004,National Health Plan,7,DEP007,Oncology,56771.72,0.0,56771.72,Rejected,Pre-authorization Missing,11.0,2023-05-01,2023-05-12,30,0,0,15,0,0,45,High,Rejected claim; Rejected value >= 25K
13737,CLM-00013737,19184,BILL-00019184,11494,PAT-0011494,4,INS004,National Health Plan,1,DEP001,Emergency,56762.96,0.0,56762.96,Rejected,Coverage Limit Exceeded,18.0,2024-01-23,2024-02-10,30,0,0,15,0,0,45,High,Rejected claim; Rejected value >= 25K
6396,CLM-00006396,8941,BILL-00008941,16369,PAT-0016369,2,INS002,MediShield Assurance,3,DEP003,Neurology,56719.44,0.0,56719.44,Rejected,Duplicate Claim,7.0,2023-10-18,2023-10-25,30,0,0,15,0,0,45,High,Rejected claim; Rejected value >= 25K
11069,CLM-00011069,15492,BILL-00015492,12376,PAT-0012376,2,INS002,MediShield Assurance,8,DEP008,Gynecology,56689.43,0.0,56689.43,Rejected,Incorrect Coding,12.0,2024-02-21,2024-03-04,30,0,0,15,0,0,45,High,Rejected claim; Rejected value >= 25K
5864,CLM-00005864,8229,BILL-00008229,2309,PAT-0002309,1,INS001,HealthSecure Insurance,5,DEP005,Pediatrics,56558.93,0.0,56558.93,Rejected,Incorrect Coding,12.0,2025-01-10,2025-01-22,30,0,0,15,0,0,45,High,Rejected claim; Rejected value >= 25K
7203,CLM-00007203,10065,BILL-00010065,5833,PAT-0005833,2,INS002,MediShield Assurance,3,DEP003,Neurology,56550.48,0.0,56550.48,Rejected,Duplicate Claim,13.0,2023-12-19,2024-01-01,30,0,0,15,0,0,45,High,Rejected claim; Rejected value >= 25K
24531,CLM-00024531,34338,BILL-00034338,12511,PAT-0012511,2,INS002,MediShield Assurance,6,DEP006,General Medicine,56527.22,0.0,56527.22,Rejected,Incorrect Coding,21.0,2024-11-03,2024-11-24,30,0,0,15,0,0,45,High,Rejected claim; Rejected value >= 25K
35553,CLM-00035553,49765,BILL-00049765,12440,PAT-0012440,1,INS001,HealthSecure Insurance,10,DEP010,Dermatology,56488.55,0.0,56488.55,Rejected,Policy Exclusion,10.0,2024-04-17,2024-04-27,30,0,0,15,0,0,45,High,Rejected claim; Rejected value >= 25K
17234,CLM-00017234,24116,BILL-00024116,13138,PAT-0013138,5,INS005,LifeCare Insurance,5,DEP005,Pediatrics,56487.37,0.0,56487.37,Rejected,Pre-authorization Missing,9.0,2024-09-29,2024-10-08,30,0,0,15,0,0,45,High,Rejected claim; Rejected value >= 25K
13395,CLM-00013395,18706,BILL-00018706,15872,PAT-0015872,2,INS002,MediShield Assurance,7,DEP007,Oncology,56481.92,0.0,56481.92,Rejected,Pre-authorization Missing,10.0,2026-01-10,2026-01-20,30,0,0,15,0,0,45,High,Rejected claim; Rejected value >= 25K
6058,CLM-00006058,8486,BILL-00008486,22372,PAT-0022372,3,INS003,CarePlus Health,8,DEP008,Gynecology,56355.02,0.0,56355.02,Rejected,Pre-authorization Missing,22.0,2024-02-11,2024-03-04,30,0,0,15,0,0,45,High,Rejected claim; Rejected value >= 25K
28232,CLM-00028232,39496,BILL-00039496,20356,PAT-0020356,5,INS005,LifeCare Insurance,5,DEP005,Pediatrics,56303.51,0.0,56303.51,Rejected,Coverage Limit Exceeded,14.0,2024-04-30,2024-05-14,30,0,0,15,0,0,45,High,Rejected claim; Rejected value >= 25K
9819,CLM-00009819,13734,BILL-00013734,14027,PAT-0014027,5,INS005,LifeCare Insurance,5,DEP005,Pediatrics,56296.65,0.0,56296.65,Rejected,Duplicate Claim,11.0,2025-06-12,2025-06-23,30,0,0,15,0,0,45,High,Rejected claim; Rejected value >= 25K
29970,CLM-00029970,41963,BILL-00041963,20592,PAT-0020592,4,INS004,National Health Plan,8,DEP008,Gynecology,56256.76,0.0,56256.76,Rejected,Missing Documentation,10.0,2023-11-04,2023-11-14,30,0,0,15,0,0,45,High,Rejected claim; Rejected value >= 25K
17690,CLM-00017690,24765,BILL-00024765,11075,PAT-0011075,4,INS004,National Health Plan,1,DEP001,Emergency,56212.8,0.0,56212.8,Rejected,Coverage Limit Exceeded,25.0,2025-11-26,2025-12-21,30,0,0,15,0,0,45,High,Rejected claim; Rejected value >= 25K
26314,CLM-00026314,36824,BILL-00036824,12671,PAT-0012671,5,INS005,LifeCare Insurance,5,DEP005,Pediatrics,56194.02,0.0,56194.02,Rejected,Incorrect Coding,14.0,2024-09-26,2024-10-10,30,0,0,15,0,0,45,High,Rejected claim; Rejected value >= 25K
26473,CLM-00026473,37043,BILL-00037043,20938,PAT-0020938,4,INS004,National Health Plan,8,DEP008,Gynecology,56128.46,0.0,56128.46,Rejected,Pre-authorization Missing,13.0,2024-04-24,2024-05-07,30,0,0,15,0,0,45,High,Rejected claim; Rejected value >= 25K
29249,CLM-00029249,40961,BILL-00040961,11591,PAT-0011591,1,INS001,HealthSecure Insurance,10,DEP010,Dermatology,56123.63,0.0,56123.63,Rejected,Duplicate Claim,25.0,2026-06-06,2026-07-01,30,0,0,15,0,0,45,High,Rejected claim; Rejected value >= 25K
33285,CLM-00033285,46553,BILL-00046553,666,PAT-0000666,4,INS004,National Health Plan,4,DEP004,Orthopedics,56107.25,0.0,56107.25,Rejected,Pre-authorization Missing,24.0,2026-07-17,2026-08-10,30,0,0,15,0,0,45,High,Rejected claim; Rejected value >= 25K
19784,CLM-00019784,27669,BILL-00027669,24369,PAT-0024369,4,INS004,National Health Plan,6,DEP006,General Medicine,55982.42,0.0,55982.42,Rejected,Duplicate Claim,12.0,2023-06-10,2023-06-22,30,0,0,15,0,0,45,High,Rejected claim; Rejected value >= 25K
28326,CLM-00028326,39630,BILL-00039630,13833,PAT-0013833,4,INS004,National Health Plan,6,DEP006,General Medicine,157173.48,101232.96,55940.52,Partially Approved,Duplicate Claim,32.0,2024-02-23,2024-03-26,0,0,10,15,10,10,45,High,Partially approved; Rejected value >= 25K; Claim value >= 100K; Processing > 30 days
6830,CLM-00006830,9548,BILL-00009548,23570,PAT-0023570,1,INS001,HealthSecure Insurance,1,DEP001,Emergency,146135.47,90222.49,55912.98,Partially Approved,Coverage Limit Exceeded,37.0,2023-09-14,2023-10-21,0,0,10,15,10,10,45,High,Partially approved; Rejected value >= 25K; Claim value >= 100K; Processing > 30 days
5988,CLM-00005988,8386,BILL-00008386,9621,PAT-0009621,5,INS005,LifeCare Insurance,1,DEP001,Emergency,138748.35,82842.22,55906.13,Partially Approved,Policy Exclusion,41.0,2023-01-14,2023-02-24,0,0,10,15,10,10,45,High,Partially approved; Rejected value >= 25K; Claim value >= 100K; Processing > 30 days
35711,CLM-00035711,49977,BILL-00049977,15355,PAT-0015355,3,INS003,CarePlus Health,8,DEP008,Gynecology,55871.93,0.0,55871.93,Rejected,Policy Exclusion,23.0,2025-08-18,2025-09-10,30,0,0,15,0,0,45,High,Rejected claim; Rejected value >= 25K
3938,CLM-00003938,5546,BILL-00005546,23882,PAT-0023882,2,INS002,MediShield Assurance,4,DEP004,Orthopedics,55842.49,0.0,55842.49,Rejected,Pre-authorization Missing,6.0,2024-09-27,2024-10-03,30,0,0,15,0,0,45,High,Rejected claim; Rejected value >= 25K
12641,CLM-00012641,17655,BILL-00017655,8053,PAT-0008053,3,INS003,CarePlus Health,9,DEP009,ENT,55838.77,0.0,55838.77,Rejected,Coverage Limit Exceeded,6.0,2025-12-11,2025-12-17,30,0,0,15,0,0,45,High,Rejected claim; Rejected value >= 25K
21197,CLM-00021197,29628,BILL-00029628,3189,PAT-0003189,3,INS003,CarePlus Health,9,DEP009,ENT,140109.28,84300.6,55808.68,Partially Approved,Incorrect Coding,44.0,2023-04-03,2023-05-17,0,0,10,15,10,10,45,High,Partially approved; Rejected value >= 25K; Claim value >= 100K; Processing > 30 days
18666,CLM-00018666,26087,BILL-00026087,14156,PAT-0014156,2,INS002,MediShield Assurance,6,DEP006,General Medicine,55777.69,0.0,55777.69,Rejected,Incorrect Coding,13.0,2026-03-18,2026-03-31,30,0,0,15,0,0,45,High,Rejected claim; Rejected value >= 25K
23442,CLM-00023442,32775,BILL-00032775,12419,PAT-0012419,1,INS001,HealthSecure Insurance,4,DEP004,Orthopedics,134995.25,79337.76,55657.49,Partially Approved,Policy Exclusion,42.0,2024-12-19,2025-01-30,0,0,10,15,10,10,45,High,Partially approved; Rejected value >= 25K; Claim value >= 100K; Processing > 30 days
7421,CLM-00007421,10383,BILL-00010383,23154,PAT-0023154,2,INS002,MediShield Assurance,6,DEP006,General Medicine,55605.09,0.0,55605.09,Rejected,Duplicate Claim,12.0,2023-04-12,2023-04-24,30,0,0,15,0,0,45,High,Rejected claim; Rejected value >= 25K
28789,CLM-00028789,40300,BILL-00040300,22422,PAT-0022422,3,INS003,CarePlus Health,4,DEP004,Orthopedics,55532.04,0.0,55532.04,Rejected,Duplicate Claim,17.0,2024-08-20,2024-09-06,30,0,0,15,0,0,45,High,Rejected claim; Rejected value >= 25K
35145,CLM-00035145,49201,BILL-00049201,7234,PAT-0007234,2,INS002,MediShield Assurance,3,DEP003,Neurology,55505.31,0.0,55505.31,Rejected,Incorrect Coding,25.0,2024-08-28,2024-09-22,30,0,0,15,0,0,45,High,Rejected claim; Rejected value >= 25K
24252,CLM-00024252,33936,BILL-00033936,17546,PAT-0017546,3,INS003,CarePlus Health,3,DEP003,Neurology,221188.4,165716.91,55471.49,Partially Approved,Policy Exclusion,38.0,2025-03-17,2025-04-24,0,0,10,15,10,10,45,High,Partially approved; Rejected value >= 25K; Claim value >= 100K; Processing > 30 days
12084,CLM-00012084,16884,BILL-00016884,3050,PAT-0003050,1,INS001,HealthSecure Insurance,1,DEP001,Emergency,134584.43,79130.06,55454.37,Partially Approved,Coverage Limit Exceeded,37.0,2026-03-12,2026-04-18,0,0,10,15,10,10,45,High,Partially approved; Rejected value >= 25K; Claim value >= 100K; Processing > 30 days
35367,CLM-00035367,49513,BILL-00049513,18524,PAT-0018524,3,INS003,CarePlus Health,4,DEP004,Orthopedics,55448.53,0.0,55448.53,Rejected,Pre-authorization Missing,17.0,2024-12-30,2025-01-16,30,0,0,15,0,0,45,High,Rejected claim; Rejected value >= 25K
23649,CLM-00023649,33076,BILL-00033076,22985,PAT-0022985,3,INS003,CarePlus Health,3,DEP003,Neurology,55422.98,0.0,55422.98,Rejected,Missing Documentation,20.0,2025-07-21,2025-08-10,30,0,0,15,0,0,45,High,Rejected claim; Rejected value >= 25K
31465,CLM-00031465,44021,BILL-00044021,4441,PAT-0004441,1,INS001,HealthSecure Insurance,6,DEP006,General Medicine,55414.56,0.0,55414.56,Rejected,Coverage Limit Exceeded,18.0,2024-11-25,2024-12-13,30,0,0,15,0,0,45,High,Rejected claim; Rejected value >= 25K
8638,CLM-00008638,12054,BILL-00012054,3119,PAT-0003119,2,INS002,MediShield Assurance,5,DEP005,Pediatrics,55339.36,0.0,55339.36,Rejected,Missing Documentation,6.0,2023-06-02,2023-06-08,30,0,0,15,0,0,45,High,Rejected claim; Rejected value >= 25K
33790,CLM-00033790,47251,BILL-00047251,13136,PAT-0013136,5,INS005,LifeCare Insurance,3,DEP003,Neurology,55335.92,0.0,55335.92,Rejected,Coverage Limit Exceeded,22.0,2024-05-28,2024-06-19,30,0,0,15,0,0,45,High,Rejected claim; Rejected value >= 25K
3585,CLM-00003585,5050,BILL-00005050,20711,PAT-0020711,2,INS002,MediShield Assurance,8,DEP008,Gynecology,55335.84,0.0,55335.84,Rejected,Policy Exclusion,10.0,2025-11-18,2025-11-28,30,0,0,15,0,0,45,High,Rejected claim; Rejected value >= 25K
33946,CLM-00033946,47478,BILL-00047478,5917,PAT-0005917,3,INS003,CarePlus Health,5,DEP005,Pediatrics,55326.95,0.0,55326.95,Rejected,Duplicate Claim,25.0,2026-04-08,2026-05-03,30,0,0,15,0,0,45,High,Rejected claim; Rejected value >= 25K
33098,CLM-00033098,46284,BILL-00046284,408,PAT-0000408,1,INS001,HealthSecure Insurance,6,DEP006,General Medicine,55323.27,0.0,55323.27,Rejected,Coverage Limit Exceeded,23.0,2026-09-01,2026-09-24,30,0,0,15,0,0,45,High,Rejected claim; Rejected value >= 25K
16038,CLM-00016038,22463,BILL-00022463,20018,PAT-0020018,1,INS001,HealthSecure Insurance,7,DEP007,Oncology,55301.33,0.0,55301.33,Rejected,Pre-authorization Missing,6.0,2025-05-29,2025-06-04,30,0,0,15,0,0,45,High,Rejected claim; Rejected value >= 25K
35237,CLM-00035237,49324,BILL-00049324,1780,PAT-0001780,2,INS002,MediShield Assurance,8,DEP008,Gynecology,55264.17,0.0,55264.17,Rejected,Policy Exclusion,12.0,2023-03-30,2023-04-11,30,0,0,15,0,0,45,High,Rejected claim; Rejected value >= 25K
28595,CLM-00028595,40025,BILL-00040025,11086,PAT-0011086,5,INS005,LifeCare Insurance,4,DEP004,Orthopedics,55262.49,0.0,55262.49,Rejected,Missing Documentation,14.0,2024-01-30,2024-02-13,30,0,0,15,0,0,45,High,Rejected claim; Rejected value >= 25K
20857,CLM-00020857,29165,BILL-00029165,11819,PAT-0011819,4,INS004,National Health Plan,9,DEP009,ENT,55256.15,0.0,55256.15,Rejected,Coverage Limit Exceeded,17.0,2024-04-10,2024-04-27,30,0,0,15,0,0,45,High,Rejected claim; Rejected value >= 25K
2293,CLM-00002293,3222,BILL-00003222,23720,PAT-0023720,4,INS004,National Health Plan,1,DEP001,Emergency,55248.01,0.0,55248.01,Rejected,Duplicate Claim,6.0,2024-09-25,2024-10-01,30,0,0,15,0,0,45,High,Rejected claim; Rejected value >= 25K
4248,CLM-00004248,5995,BILL-00005995,3732,PAT-0003732,1,INS001,HealthSecure Insurance,10,DEP010,Dermatology,55244.96,0.0,55244.96,Rejected,Policy Exclusion,21.0,2024-08-06,2024-08-27,30,0,0,15,0,0,45,High,Rejected claim; Rejected value >= 25K
28269,CLM-00028269,39552,BILL-00039552,16740,PAT-0016740,2,INS002,MediShield Assurance,9,DEP009,ENT,55216.12,0.0,55216.12,Rejected,Duplicate Claim,10.0,2023-01-27,2023-02-06,30,0,0,15,0,0,45,High,Rejected claim; Rejected value >= 25K
35169,CLM-00035169,49231,BILL-00049231,3509,PAT-0003509,2,INS002,MediShield Assurance,8,DEP008,Gynecology,55199.63,0.0,55199.63,Rejected,Missing Documentation,7.0,2026-07-23,2026-07-30,30,0,0,15,0,0,45,High,Rejected claim; Rejected value >= 25K
25438,CLM-00025438,35597,BILL-00035597,1883,PAT-0001883,3,INS003,CarePlus Health,7,DEP007,Oncology,55167.27,0.0,55167.27,Rejected,Missing Documentation,22.0,2025-05-08,2025-05-30,30,0,0,15,0,0,45,High,Rejected claim; Rejected value >= 25K
7615,CLM-00007615,10643,BILL-00010643,16659,PAT-0016659,3,INS003,CarePlus Health,6,DEP006,General Medicine,55143.18,0.0,55143.18,Rejected,Pre-authorization Missing,18.0,2026-09-26,2026-10-14,30,0,0,15,0,0,45,High,Rejected claim; Rejected value >= 25K
30090,CLM-00030090,42130,BILL-00042130,23922,PAT-0023922,3,INS003,CarePlus Health,1,DEP001,Emergency,135784.18,80642.45,55141.73,Partially Approved,Incorrect Coding,44.0,2025-09-20,2025-11-03,0,0,10,15,10,10,45,High,Partially approved; Rejected value >= 25K; Claim value >= 100K; Processing > 30 days
18299,CLM-00018299,25593,BILL-00025593,46,PAT-0000046,3,INS003,CarePlus Health,5,DEP005,Pediatrics,55120.75,0.0,55120.75,Rejected,Coverage Limit Exceeded,7.0,2025-03-17,2025-03-24,30,0,0,15,0,0,45,High,Rejected claim; Rejected value >= 25K
8860,CLM-00008860,12374,BILL-00012374,19821,PAT-0019821,1,INS001,HealthSecure Insurance,8,DEP008,Gynecology,55063.65,0.0,55063.65,Rejected,Incorrect Coding,9.0,2025-07-03,2025-07-12,30,0,0,15,0,0,45,High,Rejected claim; Rejected value >= 25K
19994,CLM-00019994,27962,BILL-00027962,18634,PAT-0018634,1,INS001,HealthSecure Insurance,7,DEP007,Oncology,55047.93,0.0,55047.93,Rejected,Pre-authorization Missing,12.0,2023-10-18,2023-10-30,30,0,0,15,0,0,45,High,Rejected claim; Rejected value >= 25K
28907,CLM-00028907,40479,BILL-00040479,1541,PAT-0001541,5,INS005,LifeCare Insurance,2,DEP002,Cardiology,55044.77,0.0,55044.77,Rejected,Incorrect Coding,13.0,2023-09-04,2023-09-17,30,0,0,15,0,0,45,High,Rejected claim; Rejected value >= 25K
34842,CLM-00034842,48776,BILL-00048776,14302,PAT-0014302,2,INS002,MediShield Assurance,10,DEP010,Dermatology,55037.61,0.0,55037.61,Rejected,Missing Documentation,15.0,2026-02-20,2026-03-07,30,0,0,15,0,0,45,High,Rejected claim; Rejected value >= 25K
33993,CLM-00033993,47552,BILL-00047552,9230,PAT-0009230,3,INS003,CarePlus Health,6,DEP006,General Medicine,55009.94,0.0,55009.94,Rejected,Coverage Limit Exceeded,15.0,2026-03-09,2026-03-24,30,0,0,15,0,0,45,High,Rejected claim; Rejected value >= 25K
11529,CLM-00011529,16124,BILL-00016124,12054,PAT-0012054,2,INS002,MediShield Assurance,8,DEP008,Gynecology,54977.11,0.0,54977.11,Rejected,Coverage Limit Exceeded,19.0,2026-04-19,2026-05-08,30,0,0,15,0,0,45,High,Rejected claim; Rejected value >= 25K
296,CLM-00000296,426,BILL-00000426,3313,PAT-0003313,4,INS004,National Health Plan,5,DEP005,Pediatrics,54945.34,0.0,54945.34,Rejected,Incorrect Coding,6.0,2025-05-25,2025-05-31,30,0,0,15,0,0,45,High,Rejected claim; Rejected value >= 25K
4868,CLM-00004868,6844,BILL-00006844,14329,PAT-0014329,3,INS003,CarePlus Health,1,DEP001,Emergency,54810.2,0.0,54810.2,Rejected,Missing Documentation,25.0,2024-04-19,2024-05-14,30,0,0,15,0,0,45,High,Rejected claim; Rejected value >= 25K
29280,CLM-00029280,41009,BILL-00041009,1337,PAT-0001337,5,INS005,LifeCare Insurance,5,DEP005,Pediatrics,54764.98,0.0,54764.98,Rejected,Duplicate Claim,17.0,2023-03-15,2023-04-01,30,0,0,15,0,0,45,High,Rejected claim; Rejected value >= 25K
7196,CLM-00007196,10054,BILL-00010054,3841,PAT-0003841,2,INS002,MediShield Assurance,4,DEP004,Orthopedics,54738.21,0.0,54738.21,Rejected,Coverage Limit Exceeded,12.0,2025-08-14,2025-08-26,30,0,0,15,0,0,45,High,Rejected claim; Rejected value >= 25K
29987,CLM-00029987,41990,BILL-00041990,8510,PAT-0008510,3,INS003,CarePlus Health,8,DEP008,Gynecology,54659.46,0.0,54659.46,Rejected,Pre-authorization Missing,14.0,2024-12-28,2025-01-11,30,0,0,15,0,0,45,High,Rejected claim; Rejected value >= 25K
28805,CLM-00028805,40328,BILL-00040328,11636,PAT-0011636,5,INS005,LifeCare Insurance,10,DEP010,Dermatology,54610.91,0.0,54610.91,Rejected,Coverage Limit Exceeded,14.0,2024-12-25,2025-01-08,30,0,0,15,0,0,45,High,Rejected claim; Rejected value >= 25K
22693,CLM-00022693,31711,BILL-00031711,1779,PAT-0001779,2,INS002,MediShield Assurance,4,DEP004,Orthopedics,54593.1,0.0,54593.1,Rejected,Duplicate Claim,9.0,2026-09-04,2026-09-13,30,0,0,15,0,0,45,High,Rejected claim; Rejected value >= 25K
26640,CLM-00026640,37286,BILL-00037286,2706,PAT-0002706,5,INS005,LifeCare Insurance,2,DEP002,Cardiology,54587.65,0.0,54587.65,Rejected,Pre-authorization Missing,6.0,2023-08-24,2023-08-30,30,0,0,15,0,0,45,High,Rejected claim; Rejected value >= 25K
12107,CLM-00012107,16922,BILL-00016922,7123,PAT-0007123,4,INS004,National Health Plan,7,DEP007,Oncology,54540.33,0.0,54540.33,Rejected,Incorrect Coding,7.0,2025-08-10,2025-08-17,30,0,0,15,0,0,45,High,Rejected claim; Rejected value >= 25K
17138,CLM-00017138,23988,BILL-00023988,8285,PAT-0008285,3,INS003,CarePlus Health,9,DEP009,ENT,54522.19,0.0,54522.19,Rejected,Missing Documentation,8.0,2024-08-21,2024-08-29,30,0,0,15,0,0,45,High,Rejected claim; Rejected value >= 25K
6380,CLM-00006380,8919,BILL-00008919,18002,PAT-0018002,1,INS001,HealthSecure Insurance,5,DEP005,Pediatrics,54511.79,0.0,54511.79,Rejected,Coverage Limit Exceeded,18.0,2025-08-20,2025-09-07,30,0,0,15,0,0,45,High,Rejected claim; Rejected value >= 25K
32326,CLM-00032326,45209,BILL-00045209,9096,PAT-0009096,5,INS005,LifeCare Insurance,2,DEP002,Cardiology,54507.01,0.0,54507.01,Rejected,Coverage Limit Exceeded,18.0,2025-05-09,2025-05-27,30,0,0,15,0,0,45,High,Rejected claim; Rejected value >= 25K
23182,CLM-00023182,32385,BILL-00032385,3639,PAT-0003639,4,INS004,National Health Plan,9,DEP009,ENT,54441.72,0.0,54441.72,Rejected,Incorrect Coding,18.0,2025-01-23,2025-02-10,30,0,0,15,0,0,45,High,Rejected claim; Rejected value >= 25K
19964,CLM-00019964,27924,BILL-00027924,9808,PAT-0009808,5,INS005,LifeCare Insurance,2,DEP002,Cardiology,54415.05,0.0,54415.05,Rejected,Duplicate Claim,25.0,2023-05-24,2023-06-18,30,0,0,15,0,0,45,High,Rejected claim; Rejected value >= 25K
29038,CLM-00029038,40672,BILL-00040672,12857,PAT-0012857,5,INS005,LifeCare Insurance,7,DEP007,Oncology,54413.61,0.0,54413.61,Rejected,Pre-authorization Missing,13.0,2026-03-13,2026-03-26,30,0,0,15,0,0,45,High,Rejected claim; Rejected value >= 25K
27673,CLM-00027673,38723,BILL-00038723,9878,PAT-0009878,5,INS005,LifeCare Insurance,2,DEP002,Cardiology,54366.74,0.0,54366.74,Rejected,Duplicate Claim,15.0,2023-08-16,2023-08-31,30,0,0,15,0,0,45,High,Rejected claim; Rejected value >= 25K
26001,CLM-00026001,36397,BILL-00036397,14840,PAT-0014840,1,INS001,HealthSecure Insurance,6,DEP006,General Medicine,54340.54,0.0,54340.54,Rejected,Missing Documentation,17.0,2023-07-02,2023-07-19,30,0,0,15,0,0,45,High,Rejected claim; Rejected value >= 25K
17227,CLM-00017227,24106,BILL-00024106,8226,PAT-0008226,5,INS005,LifeCare Insurance,9,DEP009,ENT,54243.37,0.0,54243.37,Rejected,Policy Exclusion,13.0,2023-06-01,2023-06-14,30,0,0,15,0,0,45,High,Rejected claim; Rejected value >= 25K
22145,CLM-00022145,30959,BILL-00030959,20504,PAT-0020504,5,INS005,LifeCare Insurance,1,DEP001,Emergency,54136.93,0.0,54136.93,Rejected,Policy Exclusion,25.0,2025-02-22,2025-03-19,30,0,0,15,0,0,45,High,Rejected claim; Rejected value >= 25K
7701,CLM-00007701,10755,BILL-00010755,18572,PAT-0018572,4,INS004,National Health Plan,4,DEP004,Orthopedics,202199.1,148122.99,54076.11,Partially Approved,Duplicate Claim,33.0,2024-11-18,2024-12-21,0,0,10,15,10,10,45,High,Partially approved; Rejected value >= 25K; Claim value >= 100K; Processing > 30 days
30349,CLM-00030349,42481,BILL-00042481,2416,PAT-0002416,4,INS004,National Health Plan,2,DEP002,Cardiology,122193.41,68168.32,54025.09,Partially Approved,Pre-authorization Missing,45.0,2024-05-18,2024-07-02,0,0,10,15,10,10,45,High,Partially approved; Rejected value >= 25K; Claim value >= 100K; Processing > 30 days
18337,CLM-00018337,25643,BILL-00025643,18456,PAT-0018456,2,INS002,MediShield Assurance,4,DEP004,Orthopedics,53927.17,0.0,53927.17,Rejected,Missing Documentation,19.0,2024-06-03,2024-06-22,30,0,0,15,0,0,45,High,Rejected claim; Rejected value >= 25K
3011,CLM-00003011,4247,BILL-00004247,681,PAT-0000681,2,INS002,MediShield Assurance,6,DEP006,General Medicine,53916.99,0.0,53916.99,Rejected,Pre-authorization Missing,15.0,2023-09-24,2023-10-09,30,0,0,15,0,0,45,High,Rejected claim; Rejected value >= 25K
30900,CLM-00030900,43247,BILL-00043247,10677,PAT-0010677,4,INS004,National Health Plan,4,DEP004,Orthopedics,53871.61,0.0,53871.61,Rejected,Incorrect Coding,13.0,2023-03-19,2023-04-01,30,0,0,15,0,0,45,High,Rejected claim; Rejected value >= 25K
8843,CLM-00008843,12350,BILL-00012350,10316,PAT-0010316,5,INS005,LifeCare Insurance,3,DEP003,Neurology,53821.77,0.0,53821.77,Rejected,Policy Exclusion,25.0,2024-12-01,2024-12-26,30,0,0,15,0,0,45,High,Rejected claim; Rejected value >= 25K
4689,CLM-00004689,6605,BILL-00006605,18907,PAT-0018907,3,INS003,CarePlus Health,10,DEP010,Dermatology,53816.36,0.0,53816.36,Rejected,Coverage Limit Exceeded,22.0,2023-04-30,2023-05-22,30,0,0,15,0,0,45,High,Rejected claim; Rejected value >= 25K
6111,CLM-00006111,8565,BILL-00008565,9998,PAT-0009998,4,INS004,National Health Plan,4,DEP004,Orthopedics,53763.82,0.0,53763.82,Rejected,Coverage Limit Exceeded,10.0,2025-12-19,2025-12-29,30,0,0,15,0,0,45,High,Rejected claim; Rejected value >= 25K
877,CLM-00000877,1237,BILL-00001237,22902,PAT-0022902,1,INS001,HealthSecure Insurance,5,DEP005,Pediatrics,125573.17,71845.64,53727.53,Partially Approved,Policy Exclusion,40.0,2024-03-08,2024-04-17,0,0,10,15,10,10,45,High,Partially approved; Rejected value >= 25K; Claim value >= 100K; Processing > 30 days
28770,CLM-00028770,40268,BILL-00040268,6756,PAT-0006756,5,INS005,LifeCare Insurance,9,DEP009,ENT,53654.48,0.0,53654.48,Rejected,Incorrect Coding,17.0,2025-05-03,2025-05-20,30,0,0,15,0,0,45,High,Rejected claim; Rejected value >= 25K
1699,CLM-00001699,2396,BILL-00002396,14488,PAT-0014488,3,INS003,CarePlus Health,4,DEP004,Orthopedics,53631.9,0.0,53631.9,Rejected,Coverage Limit Exceeded,10.0,2024-04-23,2024-05-03,30,0,0,15,0,0,45,High,Rejected claim; Rejected value >= 25K
30418,CLM-00030418,42573,BILL-00042573,19449,PAT-0019449,3,INS003,CarePlus Health,7,DEP007,Oncology,149376.31,95813.75,53562.56,Partially Approved,Pre-authorization Missing,40.0,2024-08-10,2024-09-19,0,0,10,15,10,10,45,High,Partially approved; Rejected value >= 25K; Claim value >= 100K; Processing > 30 days
36098,CLM-00036287,50537,BILL-00050814,25121,PAT-0025188,1,INS001,HealthSecure Insurance,7,DEP007,Oncology,53558.4,0.0,53558.4,Rejected,Incorrect Coding,13.0,2026-10-07,2026-10-20,30,0,0,15,0,0,45,High,Rejected claim; Rejected value >= 25K
20313,CLM-00020313,28406,BILL-00028406,10637,PAT-0010637,2,INS002,MediShield Assurance,6,DEP006,General Medicine,53524.06,0.0,53524.06,Rejected,Missing Documentation,16.0,2025-07-04,2025-07-20,30,0,0,15,0,0,45,High,Rejected claim; Rejected value >= 25K
21648,CLM-00021648,30271,BILL-00030271,3938,PAT-0003938,5,INS005,LifeCare Insurance,2,DEP002,Cardiology,53505.55,0.0,53505.55,Rejected,Incorrect Coding,20.0,2023-08-08,2023-08-28,30,0,0,15,0,0,45,High,Rejected claim; Rejected value >= 25K
8441,CLM-00008441,11789,BILL-00011789,732,PAT-0000732,5,INS005,LifeCare Insurance,8,DEP008,Gynecology,53496.85,0.0,53496.85,Rejected,Policy Exclusion,8.0,2025-11-14,2025-11-22,30,0,0,15,0,0,45,High,Rejected claim; Rejected value >= 25K
21612,CLM-00021612,30219,BILL-00030219,2831,PAT-0002831,5,INS005,LifeCare Insurance,2,DEP002,Cardiology,53421.51,0.0,53421.51,Rejected,Policy Exclusion,13.0,2025-06-29,2025-07-12,30,0,0,15,0,0,45,High,Rejected claim; Rejected value >= 25K
13454,CLM-00013454,18787,BILL-00018787,19495,PAT-0019495,2,INS002,MediShield Assurance,10,DEP010,Dermatology,53416.84,0.0,53416.84,Rejected,Policy Exclusion,18.0,2023-12-24,2024-01-11,30,0,0,15,0,0,45,High,Rejected claim; Rejected value >= 25K
27184,CLM-00027184,38041,BILL-00038041,6801,PAT-0006801,2,INS002,MediShield Assurance,9,DEP009,ENT,53404.17,0.0,53404.17,Rejected,Incorrect Coding,23.0,2023-04-05,2023-04-28,30,0,0,15,0,0,45,High,Rejected claim; Rejected value >= 25K
19024,CLM-00019024,26601,BILL-00026601,15332,PAT-0015332,4,INS004,National Health Plan,6,DEP006,General Medicine,53394.31,0.0,53394.31,Rejected,Duplicate Claim,17.0,2024-01-11,2024-01-28,30,0,0,15,0,0,45,High,Rejected claim; Rejected value >= 25K
6077,CLM-00006077,8515,BILL-00008515,3240,PAT-0003240,2,INS002,MediShield Assurance,10,DEP010,Dermatology,53384.11,0.0,53384.11,Rejected,Policy Exclusion,21.0,2026-09-09,2026-09-30,30,0,0,15,0,0,45,High,Rejected claim; Rejected value >= 25K
30424,CLM-00030424,42583,BILL-00042583,24370,PAT-0024370,5,INS005,LifeCare Insurance,5,DEP005,Pediatrics,53360.22,0.0,53360.22,Rejected,Coverage Limit Exceeded,7.0,2026-08-24,2026-08-31,30,0,0,15,0,0,45,High,Rejected claim; Rejected value >= 25K
10406,CLM-00010406,14569,BILL-00014569,22297,PAT-0022297,2,INS002,MediShield Assurance,10,DEP010,Dermatology,53350.05,0.0,53350.05,Rejected,Incorrect Coding,9.0,2024-07-24,2024-08-02,30,0,0,15,0,0,45,High,Rejected claim; Rejected value >= 25K
11173,CLM-00011173,15642,BILL-00015642,16977,PAT-0016977,5,INS005,LifeCare Insurance,2,DEP002,Cardiology,53326.43,0.0,53326.43,Rejected,Coverage Limit Exceeded,5.0,2024-02-29,2024-03-05,30,0,0,15,0,0,45,High,Rejected claim; Rejected value >= 25K
5742,CLM-00005742,8057,BILL-00008057,23079,PAT-0023079,5,INS005,LifeCare Insurance,10,DEP010,Dermatology,53310.69,0.0,53310.69,Rejected,Missing Documentation,5.0,2026-03-04,2026-03-09,30,0,0,15,0,0,45,High,Rejected claim; Rejected value >= 25K
28906,CLM-00028906,40477,BILL-00040477,11116,PAT-0011116,3,INS003,CarePlus Health,1,DEP001,Emergency,53285.0,0.0,53285.0,Rejected,Missing Documentation,7.0,2026-04-30,2026-05-07,30,0,0,15,0,0,45,High,Rejected claim; Rejected value >= 25K
2171,CLM-00002171,3058,BILL-00003058,21890,PAT-0021890,5,INS005,LifeCare Insurance,4,DEP004,Orthopedics,53253.6,0.0,53253.6,Rejected,Duplicate Claim,19.0,2026-01-15,2026-02-03,30,0,0,15,0,0,45,High,Rejected claim; Rejected value >= 25K
5025,CLM-00005025,7054,BILL-00007054,20492,PAT-0020492,1,INS001,HealthSecure Insurance,2,DEP002,Cardiology,53250.43,0.0,53250.43,Rejected,Coverage Limit Exceeded,17.0,2023-01-30,2023-02-16,30,0,0,15,0,0,45,High,Rejected claim; Rejected value >= 25K
8241,CLM-00008241,11510,BILL-00011510,12503,PAT-0012503,4,INS004,National Health Plan,7,DEP007,Oncology,53244.45,0.0,53244.45,Rejected,Coverage Limit Exceeded,21.0,2023-05-19,2023-06-09,30,0,0,15,0,0,45,High,Rejected claim; Rejected value >= 25K
14949,CLM-00014949,20923,BILL-00020923,16045,PAT-0016045,1,INS001,HealthSecure Insurance,10,DEP010,Dermatology,53240.13,0.0,53240.13,Rejected,Coverage Limit Exceeded,13.0,2026-09-25,2026-10-08,30,0,0,15,0,0,45,High,Rejected claim; Rejected value >= 25K
26750,CLM-00026750,37446,BILL-00037446,16869,PAT-0016869,3,INS003,CarePlus Health,7,DEP007,Oncology,121484.27,68245.67,53238.6,Partially Approved,Policy Exclusion,36.0,2023-01-24,2023-03-01,0,0,10,15,10,10,45,High,Partially approved; Rejected value >= 25K; Claim value >= 100K; Processing > 30 days
17709,CLM-00017709,24794,BILL-00024794,20691,PAT-0020691,5,INS005,LifeCare Insurance,9,DEP009,ENT,53227.42,0.0,53227.42,Rejected,Policy Exclusion,23.0,2023-08-05,2023-08-28,30,0,0,15,0,0,45,High,Rejected claim; Rejected value >= 25K
32046,CLM-00032046,44827,BILL-00044827,23842,PAT-0023842,3,INS003,CarePlus Health,5,DEP005,Pediatrics,53221.23,0.0,53221.23,Rejected,Policy Exclusion,13.0,2024-01-27,2024-02-09,30,0,0,15,0,0,45,High,Rejected claim; Rejected value >= 25K
8558,CLM-00008558,11938,BILL-00011938,18489,PAT-0018489,5,INS005,LifeCare Insurance,1,DEP001,Emergency,53196.84,0.0,53196.84,Rejected,Duplicate Claim,14.0,2023-12-21,2024-01-04,30,0,0,15,0,0,45,High,Rejected claim; Rejected value >= 25K
10878,CLM-00010878,15237,BILL-00015237,4948,PAT-0004948,4,INS004,National Health Plan,10,DEP010,Dermatology,53090.04,0.0,53090.04,Rejected,Policy Exclusion,22.0,2024-05-22,2024-06-13,30,0,0,15,0,0,45,High,Rejected claim; Rejected value >= 25K
6740,CLM-00006740,9419,BILL-00009419,14626,PAT-0014626,4,INS004,National Health Plan,7,DEP007,Oncology,53080.1,0.0,53080.1,Rejected,Coverage Limit Exceeded,10.0,2026-07-12,2026-07-22,30,0,0,15,0,0,45,High,Rejected claim; Rejected value >= 25K
14077,CLM-00014077,19660,BILL-00019660,8555,PAT-0008555,3,INS003,CarePlus Health,3,DEP003,Neurology,53079.16,0.0,53079.16,Rejected,Pre-authorization Missing,21.0,2025-07-14,2025-08-04,30,0,0,15,0,0,45,High,Rejected claim; Rejected value >= 25K
35596,CLM-00035596,49823,BILL-00049823,3315,PAT-0003315,4,INS004,National Health Plan,7,DEP007,Oncology,53076.27,0.0,53076.27,Rejected,Incorrect Coding,14.0,2026-08-18,2026-09-01,30,0,0,15,0,0,45,High,Rejected claim; Rejected value >= 25K
34175,CLM-00034175,47823,BILL-00047823,8856,PAT-0008856,3,INS003,CarePlus Health,1,DEP001,Emergency,53046.98,0.0,53046.98,Rejected,Duplicate Claim,23.0,2023-11-07,2023-11-30,30,0,0,15,0,0,45,High,Rejected claim; Rejected value >= 25K
18262,CLM-00018262,25539,BILL-00025539,15318,PAT-0015318,2,INS002,MediShield Assurance,7,DEP007,Oncology,53013.19,0.0,53013.19,Rejected,Incorrect Coding,20.0,2023-03-23,2023-04-12,30,0,0,15,0,0,45,High,Rejected claim; Rejected value >= 25K
20480,CLM-00020480,28652,BILL-00028652,7298,PAT-0007298,5,INS005,LifeCare Insurance,5,DEP005,Pediatrics,52988.18,0.0,52988.18,Rejected,Policy Exclusion,13.0,2024-03-31,2024-04-13,30,0,0,15,0,0,45,High,Rejected claim; Rejected value >= 25K
31998,CLM-00031998,44761,BILL-00044761,6091,PAT-0006091,2,INS002,MediShield Assurance,8,DEP008,Gynecology,52984.59,0.0,52984.59,Rejected,Coverage Limit Exceeded,8.0,2023-04-01,2023-04-09,30,0,0,15,0,0,45,High,Rejected claim; Rejected value >= 25K
20909,CLM-00020909,29234,BILL-00029234,19662,PAT-0019662,1,INS001,HealthSecure Insurance,10,DEP010,Dermatology,52976.94,0.0,52976.94,Rejected,Policy Exclusion,14.0,2024-03-03,2024-03-17,30,0,0,15,0,0,45,High,Rejected claim; Rejected value >= 25K
20037,CLM-00020037,28023,BILL-00028023,9231,PAT-0009231,3,INS003,CarePlus Health,1,DEP001,Emergency,52961.06,0.0,52961.06,Rejected,Missing Documentation,21.0,2026-07-26,2026-08-16,30,0,0,15,0,0,45,High,Rejected claim; Rejected value >= 25K
17239,CLM-00017239,24121,BILL-00024121,8451,PAT-0008451,5,INS005,LifeCare Insurance,2,DEP002,Cardiology,52937.23,0.0,52937.23,Rejected,Incorrect Coding,17.0,2025-07-12,2025-07-29,30,0,0,15,0,0,45,High,Rejected claim; Rejected value >= 25K
33528,CLM-00033528,46903,BILL-00046903,17301,PAT-0017301,3,INS003,CarePlus Health,1,DEP001,Emergency,52933.15,0.0,52933.15,Rejected,Duplicate Claim,10.0,2023-12-27,2024-01-06,30,0,0,15,0,0,45,High,Rejected claim; Rejected value >= 25K
26609,CLM-00026609,37248,BILL-00037248,4860,PAT-0004860,5,INS005,LifeCare Insurance,6,DEP006,General Medicine,241396.76,188485.96,52910.8,Partially Approved,Incorrect Coding,42.0,2023-10-30,2023-12-11,0,0,10,15,10,10,45,High,Partially approved; Rejected value >= 25K; Claim value >= 100K; Processing > 30 days
31605,CLM-00031605,44210,BILL-00044210,20975,PAT-0020975,4,INS004,National Health Plan,4,DEP004,Orthopedics,52870.92,0.0,52870.92,Rejected,Missing Documentation,7.0,2025-09-10,2025-09-17,30,0,0,15,0,0,45,High,Rejected claim; Rejected value >= 25K
34986,CLM-00034986,48979,BILL-00048979,1935,PAT-0001935,2,INS002,MediShield Assurance,8,DEP008,Gynecology,52854.92,0.0,52854.92,Rejected,Pre-authorization Missing,9.0,2026-07-03,2026-07-12,30,0,0,15,0,0,45,High,Rejected claim; Rejected value >= 25K
1643,CLM-00001643,2320,BILL-00002320,15873,PAT-0015873,4,INS004,National Health Plan,7,DEP007,Oncology,52829.44,0.0,52829.44,Rejected,Duplicate Claim,24.0,2024-02-26,2024-03-21,30,0,0,15,0,0,45,High,Rejected claim; Rejected value >= 25K
18590,CLM-00018590,25993,BILL-00025993,10973,PAT-0010973,1,INS001,HealthSecure Insurance,5,DEP005,Pediatrics,202016.9,149196.93,52819.97,Partially Approved,Pre-authorization Missing,42.0,2024-09-12,2024-10-24,0,0,10,15,10,10,45,High,Partially approved; Rejected value >= 25K; Claim value >= 100K; Processing > 30 days
20498,CLM-00020498,28675,BILL-00028675,3984,PAT-0003984,4,INS004,National Health Plan,1,DEP001,Emergency,52818.48,0.0,52818.48,Rejected,Incorrect Coding,9.0,2026-03-23,2026-04-01,30,0,0,15,0,0,45,High,Rejected claim; Rejected value >= 25K
6352,CLM-00006352,8888,BILL-00008888,22439,PAT-0022439,5,INS005,LifeCare Insurance,2,DEP002,Cardiology,52757.64,0.0,52757.64,Rejected,Pre-authorization Missing,6.0,2026-07-15,2026-07-21,30,0,0,15,0,0,45,High,Rejected claim; Rejected value >= 25K
3199,CLM-00003199,4509,BILL-00004509,21678,PAT-0021678,3,INS003,CarePlus Health,3,DEP003,Neurology,52753.3,0.0,52753.3,Rejected,Coverage Limit Exceeded,12.0,2024-11-14,2024-11-26,30,0,0,15,0,0,45,High,Rejected claim; Rejected value >= 25K
13841,CLM-00013841,19326,BILL-00019326,20964,PAT-0020964,2,INS002,MediShield Assurance,3,DEP003,Neurology,52751.8,0.0,52751.8,Rejected,Pre-authorization Missing,21.0,2024-01-01,2024-01-22,30,0,0,15,0,0,45,High,Rejected claim; Rejected value >= 25K
33182,CLM-00033182,46406,BILL-00046406,9104,PAT-0009104,2,INS002,MediShield Assurance,7,DEP007,Oncology,52693.11,0.0,52693.11,Rejected,Policy Exclusion,10.0,2025-05-04,2025-05-14,30,0,0,15,0,0,45,High,Rejected claim; Rejected value >= 25K
29467,CLM-00029467,41260,BILL-00041260,19919,PAT-0019919,3,INS003,CarePlus Health,4,DEP004,Orthopedics,52637.69,0.0,52637.69,Rejected,Policy Exclusion,17.0,2023-07-09,2023-07-26,30,0,0,15,0,0,45,High,Rejected claim; Rejected value >= 25K
1588,CLM-00001588,2238,BILL-00002238,5519,PAT-0005519,1,INS001,HealthSecure Insurance,4,DEP004,Orthopedics,52624.58,0.0,52624.58,Rejected,Duplicate Claim,7.0,2025-11-22,2025-11-29,30,0,0,15,0,0,45,High,Rejected claim; Rejected value >= 25K
31729,CLM-00031729,44377,BILL-00044377,17716,PAT-0017716,4,INS004,National Health Plan,4,DEP004,Orthopedics,52571.83,0.0,52571.83,Rejected,Duplicate Claim,19.0,2024-08-01,2024-08-20,30,0,0,15,0,0,45,High,Rejected claim; Rejected value >= 25K
35075,CLM-00035075,49106,BILL-00049106,737,PAT-0000737,4,INS004,National Health Plan,5,DEP005,Pediatrics,52568.66,0.0,52568.66,Rejected,Missing Documentation,8.0,2025-07-12,2025-07-20,30,0,0,15,0,0,45,High,Rejected claim; Rejected value >= 25K
17836,CLM-00017836,24977,BILL-00024977,10273,PAT-0010273,1,INS001,HealthSecure Insurance,10,DEP010,Dermatology,52454.67,0.0,52454.67,Rejected,Missing Documentation,5.0,2023-02-03,2023-02-08,30,0,0,15,0,0,45,High,Rejected claim; Rejected value >= 25K
4129,CLM-00004129,5816,BILL-00005816,16981,PAT-0016981,4,INS004,National Health Plan,8,DEP008,Gynecology,52449.08,0.0,52449.08,Rejected,Missing Documentation,24.0,2023-09-28,2023-10-22,30,0,0,15,0,0,45,High,Rejected claim; Rejected value >= 25K
23726,CLM-00023726,33185,BILL-00033185,9145,PAT-0009145,5,INS005,LifeCare Insurance,6,DEP006,General Medicine,52420.25,0.0,52420.25,Rejected,Policy Exclusion,24.0,2025-11-30,2025-12-24,30,0,0,15,0,0,45,High,Rejected claim; Rejected value >= 25K
13788,CLM-00013788,19255,BILL-00019255,20104,PAT-0020104,3,INS003,CarePlus Health,7,DEP007,Oncology,52416.92,0.0,52416.92,Rejected,Duplicate Claim,22.0,2024-05-21,2024-06-12,30,0,0,15,0,0,45,High,Rejected claim; Rejected value >= 25K
10632,CLM-00010632,14890,BILL-00014890,22620,PAT-0022620,5,INS005,LifeCare Insurance,8,DEP008,Gynecology,52359.59,0.0,52359.59,Rejected,Pre-authorization Missing,18.0,2024-03-21,2024-04-08,30,0,0,15,0,0,45,High,Rejected claim; Rejected value >= 25K
29118,CLM-00029118,40782,BILL-00040782,8968,PAT-0008968,4,INS004,National Health Plan,6,DEP006,General Medicine,52337.88,0.0,52337.88,Rejected,Incorrect Coding,23.0,2026-02-18,2026-03-13,30,0,0,15,0,0,45,High,Rejected claim; Rejected value >= 25K
20139,CLM-00020139,28166,BILL-00028166,2861,PAT-0002861,2,INS002,MediShield Assurance,8,DEP008,Gynecology,52333.1,0.0,52333.1,Rejected,Incorrect Coding,13.0,2023-01-20,2023-02-02,30,0,0,15,0,0,45,High,Rejected claim; Rejected value >= 25K
30623,CLM-00030623,42863,BILL-00042863,12286,PAT-0012286,2,INS002,MediShield Assurance,5,DEP005,Pediatrics,52323.82,0.0,52323.82,Rejected,Incorrect Coding,7.0,2025-03-11,2025-03-18,30,0,0,15,0,0,45,High,Rejected claim; Rejected value >= 25K
13501,CLM-00013501,18851,BILL-00018851,898,PAT-0000898,4,INS004,National Health Plan,6,DEP006,General Medicine,52319.83,0.0,52319.83,Rejected,Coverage Limit Exceeded,21.0,2024-05-16,2024-06-06,30,0,0,15,0,0,45,High,Rejected claim; Rejected value >= 25K
16291,CLM-00016291,22826,BILL-00022826,16591,PAT-0016591,2,INS002,MediShield Assurance,9,DEP009,ENT,52309.46,0.0,52309.46,Rejected,Missing Documentation,21.0,2025-09-22,2025-10-13,30,0,0,15,0,0,45,High,Rejected claim; Rejected value >= 25K
30438,CLM-00030438,42602,BILL-00042602,11809,PAT-0011809,1,INS001,HealthSecure Insurance,9,DEP009,ENT,52301.74,0.0,52301.74,Rejected,Pre-authorization Missing,18.0,2026-01-20,2026-02-07,30,0,0,15,0,0,45,High,Rejected claim; Rejected value >= 25K
10067,CLM-00010067,14093,BILL-00014093,1538,PAT-0001538,1,INS001,HealthSecure Insurance,2,DEP002,Cardiology,212041.86,159770.78,52271.08,Partially Approved,Coverage Limit Exceeded,41.0,2023-12-10,2024-01-20,0,0,10,15,10,10,45,High,Partially approved; Rejected value >= 25K; Claim value >= 100K; Processing > 30 days
21091,CLM-00021091,29485,BILL-00029485,7237,PAT-0007237,4,INS004,National Health Plan,10,DEP010,Dermatology,52193.71,0.0,52193.71,Rejected,Coverage Limit Exceeded,25.0,2023-11-09,2023-12-04,30,0,0,15,0,0,45,High,Rejected claim; Rejected value >= 25K
10918,CLM-00010918,15287,BILL-00015287,381,PAT-0000381,3,INS003,CarePlus Health,3,DEP003,Neurology,52188.34,0.0,52188.34,Rejected,Policy Exclusion,22.0,2025-11-07,2025-11-29,30,0,0,15,0,0,45,High,Rejected claim; Rejected value >= 25K
14029,CLM-00014029,19583,BILL-00019583,6702,PAT-0006702,1,INS001,HealthSecure Insurance,6,DEP006,General Medicine,52053.14,0.0,52053.14,Rejected,Pre-authorization Missing,11.0,2025-03-04,2025-03-15,30,0,0,15,0,0,45,High,Rejected claim; Rejected value >= 25K
27457,CLM-00027457,38420,BILL-00038420,22164,PAT-0022164,2,INS002,MediShield Assurance,10,DEP010,Dermatology,52013.39,0.0,52013.39,Rejected,Pre-authorization Missing,9.0,2025-10-31,2025-11-09,30,0,0,15,0,0,45,High,Rejected claim; Rejected value >= 25K
24382,CLM-00024382,34115,BILL-00034115,8595,PAT-0008595,4,INS004,National Health Plan,4,DEP004,Orthopedics,51945.41,0.0,51945.41,Rejected,Coverage Limit Exceeded,7.0,2023-11-27,2023-12-04,30,0,0,15,0,0,45,High,Rejected claim; Rejected value >= 25K
3134,CLM-00003134,4425,BILL-00004425,1707,PAT-0001707,3,INS003,CarePlus Health,7,DEP007,Oncology,51915.76,0.0,51915.76,Rejected,Missing Documentation,21.0,2023-02-25,2023-03-18,30,0,0,15,0,0,45,High,Rejected claim; Rejected value >= 25K
33034,CLM-00033034,46181,BILL-00046181,15041,PAT-0015041,2,INS002,MediShield Assurance,5,DEP005,Pediatrics,51910.04,0.0,51910.04,Rejected,Incorrect Coding,8.0,2024-01-17,2024-01-25,30,0,0,15,0,0,45,High,Rejected claim; Rejected value >= 25K
24280,CLM-00024280,33969,BILL-00033969,22378,PAT-0022378,4,INS004,National Health Plan,4,DEP004,Orthopedics,51905.47,0.0,51905.47,Rejected,Pre-authorization Missing,21.0,2026-01-31,2026-02-21,30,0,0,15,0,0,45,High,Rejected claim; Rejected value >= 25K
24343,CLM-00024343,34058,BILL-00034058,724,PAT-0000724,4,INS004,National Health Plan,3,DEP003,Neurology,130560.16,78677.82,51882.34,Partially Approved,Pre-authorization Missing,35.0,2024-11-11,2024-12-16,0,0,10,15,10,10,45,High,Partially approved; Rejected value >= 25K; Claim value >= 100K; Processing > 30 days
33554,CLM-00033554,46934,BILL-00046934,7273,PAT-0007273,5,INS005,LifeCare Insurance,8,DEP008,Gynecology,51869.98,0.0,51869.98,Rejected,Coverage Limit Exceeded,22.0,2023-05-05,2023-05-27,30,0,0,15,0,0,45,High,Rejected claim; Rejected value >= 25K
24620,CLM-00024620,34467,BILL-00034467,10537,PAT-0010537,3,INS003,CarePlus Health,3,DEP003,Neurology,120556.92,68697.51,51859.41,Partially Approved,Pre-authorization Missing,42.0,2024-05-18,2024-06-29,0,0,10,15,10,10,45,High,Partially approved; Rejected value >= 25K; Claim value >= 100K; Processing > 30 days
1894,CLM-00001894,2655,BILL-00002655,18428,PAT-0018428,4,INS004,National Health Plan,8,DEP008,Gynecology,51826.21,0.0,51826.21,Rejected,Incorrect Coding,12.0,2026-07-23,2026-08-04,30,0,0,15,0,0,45,High,Rejected claim; Rejected value >= 25K
31088,CLM-00031088,43520,BILL-00043520,9340,PAT-0009340,2,INS002,MediShield Assurance,1,DEP001,Emergency,51822.22,0.0,51822.22,Rejected,Pre-authorization Missing,5.0,2024-11-12,2024-11-17,30,0,0,15,0,0,45,High,Rejected claim; Rejected value >= 25K
108,CLM-00000108,150,BILL-00000150,14065,PAT-0014065,5,INS005,LifeCare Insurance,10,DEP010,Dermatology,188139.52,136362.96,51776.56,Partially Approved,Incorrect Coding,33.0,2026-01-01,2026-02-03,0,0,10,15,10,10,45,High,Partially approved; Rejected value >= 25K; Claim value >= 100K; Processing > 30 days
36492,CLM-00036377,51117,BILL-00050938,1089,PAT-0001089,5,INS005,LifeCare Insurance,5,DEP005,Pediatrics,51761.63,0.0,51761.63,Rejected,Pre-authorization Missing,20.0,2026-10-07,2026-10-27,30,0,0,15,0,0,45,High,Rejected claim; Rejected value >= 25K
7810,CLM-00007810,10921,BILL-00010921,14081,PAT-0014081,3,INS003,CarePlus Health,4,DEP004,Orthopedics,51755.9,0.0,51755.9,Rejected,Missing Documentation,22.0,2024-06-07,2024-06-29,30,0,0,15,0,0,45,High,Rejected claim; Rejected value >= 25K
19734,CLM-00019734,27590,BILL-00027590,17792,PAT-0017792,3,INS003,CarePlus Health,10,DEP010,Dermatology,51740.93,0.0,51740.93,Rejected,Missing Documentation,19.0,2024-11-15,2024-12-04,30,0,0,15,0,0,45,High,Rejected claim; Rejected value >= 25K
23041,CLM-00023041,32194,BILL-00032194,20002,PAT-0020002,2,INS002,MediShield Assurance,6,DEP006,General Medicine,51738.53,0.0,51738.53,Rejected,Duplicate Claim,20.0,2023-08-01,2023-08-21,30,0,0,15,0,0,45,High,Rejected claim; Rejected value >= 25K
33135,CLM-00033135,46337,BILL-00046337,16439,PAT-0016439,2,INS002,MediShield Assurance,5,DEP005,Pediatrics,51684.53,0.0,51684.53,Rejected,Coverage Limit Exceeded,16.0,2025-11-21,2025-12-07,30,0,0,15,0,0,45,High,Rejected claim; Rejected value >= 25K
18114,CLM-00018114,25347,BILL-00025347,1252,PAT-0001252,4,INS004,National Health Plan,4,DEP004,Orthopedics,51680.55,0.0,51680.55,Rejected,Incorrect Coding,6.0,2023-07-17,2023-07-23,30,0,0,15,0,0,45,High,Rejected claim; Rejected value >= 25K
20552,CLM-00020552,28743,BILL-00028743,14393,PAT-0014393,2,INS002,MediShield Assurance,1,DEP001,Emergency,51674.95,0.0,51674.95,Rejected,Coverage Limit Exceeded,9.0,2023-02-15,2023-02-24,30,0,0,15,0,0,45,High,Rejected claim; Rejected value >= 25K
23033,CLM-00023033,32182,BILL-00032182,11713,PAT-0011713,2,INS002,MediShield Assurance,9,DEP009,ENT,51642.9,0.0,51642.9,Rejected,Missing Documentation,13.0,2026-09-28,2026-10-11,30,0,0,15,0,0,45,High,Rejected claim; Rejected value >= 25K
26388,CLM-00026388,36930,BILL-00036930,12167,PAT-0012167,3,INS003,CarePlus Health,1,DEP001,Emergency,51624.56,0.0,51624.56,Rejected,Coverage Limit Exceeded,19.0,2023-05-08,2023-05-27,30,0,0,15,0,0,45,High,Rejected claim; Rejected value >= 25K
11835,CLM-00011835,16545,BILL-00016545,1947,PAT-0001947,3,INS003,CarePlus Health,6,DEP006,General Medicine,51563.74,0.0,51563.74,Rejected,Pre-authorization Missing,15.0,2024-11-24,2024-12-09,30,0,0,15,0,0,45,High,Rejected claim; Rejected value >= 25K
24486,CLM-00024486,34267,BILL-00034267,16460,PAT-0016460,4,INS004,National Health Plan,6,DEP006,General Medicine,211909.76,160374.95,51534.81,Partially Approved,Incorrect Coding,39.0,2024-02-11,2024-03-21,0,0,10,15,10,10,45,High,Partially approved; Rejected value >= 25K; Claim value >= 100K; Processing > 30 days
4650,CLM-00004650,6558,BILL-00006558,19948,PAT-0019948,3,INS003,CarePlus Health,3,DEP003,Neurology,51530.53,0.0,51530.53,Rejected,Duplicate Claim,23.0,2026-06-25,2026-07-18,30,0,0,15,0,0,45,High,Rejected claim; Rejected value >= 25K
18406,CLM-00018406,25742,BILL-00025742,10971,PAT-0010971,1,INS001,HealthSecure Insurance,5,DEP005,Pediatrics,246250.9,194723.72,51527.18,Partially Approved,Incorrect Coding,44.0,2025-02-18,2025-04-03,0,0,10,15,10,10,45,High,Partially approved; Rejected value >= 25K; Claim value >= 100K; Processing > 30 days
24872,CLM-00024872,34830,BILL-00034830,16587,PAT-0016587,3,INS003,CarePlus Health,1,DEP001,Emergency,51524.09,0.0,51524.09,Rejected,Missing Documentation,25.0,2025-12-18,2026-01-12,30,0,0,15,0,0,45,High,Rejected claim; Rejected value >= 25K
17834,CLM-00017834,24974,BILL-00024974,7416,PAT-0007416,5,INS005,LifeCare Insurance,2,DEP002,Cardiology,51504.69,0.0,51504.69,Rejected,Missing Documentation,22.0,2023-06-14,2023-07-06,30,0,0,15,0,0,45,High,Rejected claim; Rejected value >= 25K
34114,CLM-00034114,47722,BILL-00047722,20986,PAT-0020986,3,INS003,CarePlus Health,4,DEP004,Orthopedics,51495.79,0.0,51495.79,Rejected,Policy Exclusion,15.0,2023-06-04,2023-06-19,30,0,0,15,0,0,45,High,Rejected claim; Rejected value >= 25K
13651,CLM-00013651,19066,BILL-00019066,2321,PAT-0002321,3,INS003,CarePlus Health,2,DEP002,Cardiology,159783.95,108301.3,51482.65,Partially Approved,Pre-authorization Missing,32.0,2023-04-01,2023-05-03,0,0,10,15,10,10,45,High,Partially approved; Rejected value >= 25K; Claim value >= 100K; Processing > 30 days
36727,CLM-00036612,51435,BILL-00051256,25319,PAT-0025278,5,INS005,LifeCare Insurance,6,DEP006,General Medicine,51470.45,0.0,51470.45,Rejected,Coverage Limit Exceeded,23.0,2026-10-08,2026-10-31,30,0,0,15,0,0,45,High,Rejected claim; Rejected value >= 25K
24090,CLM-00024090,33703,BILL-00033703,20100,PAT-0020100,1,INS001,HealthSecure Insurance,8,DEP008,Gynecology,141175.2,89707.07,51468.13,Partially Approved,Incorrect Coding,35.0,2025-03-20,2025-04-24,0,0,10,15,10,10,45,High,Partially approved; Rejected value >= 25K; Claim value >= 100K; Processing > 30 days
25701,CLM-00025701,35980,BILL-00035980,10528,PAT-0010528,1,INS001,HealthSecure Insurance,5,DEP005,Pediatrics,51454.75,0.0,51454.75,Rejected,Incorrect Coding,22.0,2025-03-06,2025-03-28,30,0,0,15,0,0,45,High,Rejected claim; Rejected value >= 25K
36609,CLM-00036494,51282,BILL-00051103,9920,PAT-0009920,2,INS002,MediShield Assurance,10,DEP010,Dermatology,51445.63,0.0,51445.63,Rejected,Coverage Limit Exceeded,5.0,2026-10-02,2026-10-07,30,0,0,15,0,0,45,High,Rejected claim; Rejected value >= 25K
32155,CLM-00032155,44978,BILL-00044978,2391,PAT-0002391,3,INS003,CarePlus Health,8,DEP008,Gynecology,51419.41,0.0,51419.41,Rejected,Missing Documentation,10.0,2024-07-23,2024-08-02,30,0,0,15,0,0,45,High,Rejected claim; Rejected value >= 25K
26455,CLM-00026455,37018,BILL-00037018,6971,PAT-0006971,2,INS002,MediShield Assurance,6,DEP006,General Medicine,51414.4,0.0,51414.4,Rejected,Incorrect Coding,22.0,2024-07-03,2024-07-25,30,0,0,15,0,0,45,High,Rejected claim; Rejected value >= 25K
25576,CLM-00025576,35806,BILL-00035806,22513,PAT-0022513,2,INS002,MediShield Assurance,4,DEP004,Orthopedics,119661.7,68255.48,51406.22,Partially Approved,Pre-authorization Missing,34.0,2023-06-28,2023-08-01,0,0,10,15,10,10,45,High,Partially approved; Rejected value >= 25K; Claim value >= 100K; Processing > 30 days
7417,CLM-00007417,10378,BILL-00010378,5286,PAT-0005286,4,INS004,National Health Plan,10,DEP010,Dermatology,51402.61,0.0,51402.61,Rejected,Incorrect Coding,23.0,2024-05-31,2024-06-23,30,0,0,15,0,0,45,High,Rejected claim; Rejected value >= 25K
5142,CLM-00005142,7209,BILL-00007209,8338,PAT-0008338,2,INS002,MediShield Assurance,7,DEP007,Oncology,51394.06,0.0,51394.06,Rejected,Policy Exclusion,22.0,2026-01-21,2026-02-12,30,0,0,15,0,0,45,High,Rejected claim; Rejected value >= 25K
24232,CLM-00024232,33909,BILL-00033909,3016,PAT-0003016,5,INS005,LifeCare Insurance,3,DEP003,Neurology,115472.01,64078.37,51393.64,Partially Approved,Missing Documentation,45.0,2024-04-05,2024-05-20,0,0,10,15,10,10,45,High,Partially approved; Rejected value >= 25K; Claim value >= 100K; Processing > 30 days
35324,CLM-00035324,49448,BILL-00049448,15084,PAT-0015084,4,INS004,National Health Plan,10,DEP010,Dermatology,121622.41,70288.72,51333.69,Partially Approved,Policy Exclusion,44.0,2025-04-03,2025-05-17,0,0,10,15,10,10,45,High,Partially approved; Rejected value >= 25K; Claim value >= 100K; Processing > 30 days
28065,CLM-00028065,39252,BILL-00039252,4715,PAT-0004715,1,INS001,HealthSecure Insurance,6,DEP006,General Medicine,51267.54,0.0,51267.54,Rejected,Incorrect Coding,22.0,2023-03-21,2023-04-12,30,0,0,15,0,0,45,High,Rejected claim; Rejected value >= 25K
13160,CLM-00013160,18370,BILL-00018370,16807,PAT-0016807,3,INS003,CarePlus Health,2,DEP002,Cardiology,51238.44,0.0,51238.44,Rejected,Pre-authorization Missing,8.0,2023-03-10,2023-03-18,30,0,0,15,0,0,45,High,Rejected claim; Rejected value >= 25K
14019,CLM-00014019,19569,BILL-00019569,7695,PAT-0007695,1,INS001,HealthSecure Insurance,6,DEP006,General Medicine,51234.46,0.0,51234.46,Rejected,Missing Documentation,19.0,2026-09-18,2026-10-07,30,0,0,15,0,0,45,High,Rejected claim; Rejected value >= 25K
35615,CLM-00035615,49851,BILL-00049851,7966,PAT-0007966,5,INS005,LifeCare Insurance,6,DEP006,General Medicine,51231.88,0.0,51231.88,Rejected,Policy Exclusion,12.0,2024-04-12,2024-04-24,30,0,0,15,0,0,45,High,Rejected claim; Rejected value >= 25K
25364,CLM-00025364,35485,BILL-00035485,13828,PAT-0013828,3,INS003,CarePlus Health,10,DEP010,Dermatology,51218.59,0.0,51218.59,Rejected,Policy Exclusion,15.0,2026-07-26,2026-08-10,30,0,0,15,0,0,45,High,Rejected claim; Rejected value >= 25K
33610,CLM-00033610,47011,BILL-00047011,13248,PAT-0013248,4,INS004,National Health Plan,9,DEP009,ENT,51217.87,0.0,51217.87,Rejected,Policy Exclusion,21.0,2025-04-19,2025-05-10,30,0,0,15,0,0,45,High,Rejected claim; Rejected value >= 25K
658,CLM-00000658,937,BILL-00000937,8520,PAT-0008520,5,INS005,LifeCare Insurance,7,DEP007,Oncology,51212.29,0.0,51212.29,Rejected,Policy Exclusion,12.0,2025-02-17,2025-03-01,30,0,0,15,0,0,45,High,Rejected claim; Rejected value >= 25K
15207,CLM-00015207,21277,BILL-00021277,4459,PAT-0004459,1,INS001,HealthSecure Insurance,9,DEP009,ENT,51192.45,0.0,51192.45,Rejected,Pre-authorization Missing,25.0,2023-10-04,2023-10-29,30,0,0,15,0,0,45,High,Rejected claim; Rejected value >= 25K
28495,CLM-00028495,39880,BILL-00039880,19587,PAT-0019587,3,INS003,CarePlus Health,5,DEP005,Pediatrics,51178.8,0.0,51178.8,Rejected,Duplicate Claim,12.0,2024-08-17,2024-08-29,30,0,0,15,0,0,45,High,Rejected claim; Rejected value >= 25K
21735,CLM-00021735,30384,BILL-00030384,12865,PAT-0012865,3,INS003,CarePlus Health,3,DEP003,Neurology,51157.89,0.0,51157.89,Rejected,Pre-authorization Missing,18.0,2024-08-22,2024-09-09,30,0,0,15,0,0,45,High,Rejected claim; Rejected value >= 25K
32757,CLM-00032757,45803,BILL-00045803,2004,PAT-0002004,3,INS003,CarePlus Health,3,DEP003,Neurology,158299.36,107186.6,51112.76,Partially Approved,Pre-authorization Missing,43.0,2023-02-10,2023-03-25,0,0,10,15,10,10,45,High,Partially approved; Rejected value >= 25K; Claim value >= 100K; Processing > 30 days
8007,CLM-00008007,11191,BILL-00011191,20278,PAT-0020278,1,INS001,HealthSecure Insurance,3,DEP003,Neurology,230338.17,179234.76,51103.41,Partially Approved,Incorrect Coding,33.0,2025-04-09,2025-05-12,0,0,10,15,10,10,45,High,Partially approved; Rejected value >= 25K; Claim value >= 100K; Processing > 30 days
5029,CLM-00005029,7060,BILL-00007060,9487,PAT-0009487,1,INS001,HealthSecure Insurance,9,DEP009,ENT,51091.39,0.0,51091.39,Rejected,Incorrect Coding,19.0,2024-02-02,2024-02-21,30,0,0,15,0,0,45,High,Rejected claim; Rejected value >= 25K
25,CLM-00000025,37,BILL-00000037,23838,PAT-0023838,2,INS002,MediShield Assurance,6,DEP006,General Medicine,51069.82,0.0,51069.82,Rejected,Duplicate Claim,24.0,2025-04-22,2025-05-16,30,0,0,15,0,0,45,High,Rejected claim; Rejected value >= 25K
4467,CLM-00004467,6314,BILL-00006314,18195,PAT-0018195,1,INS001,HealthSecure Insurance,10,DEP010,Dermatology,51058.53,0.0,51058.53,Rejected,Duplicate Claim,18.0,2024-03-28,2024-04-15,30,0,0,15,0,0,45,High,Rejected claim; Rejected value >= 25K
12904,CLM-00012904,18028,BILL-00018028,10998,PAT-0010998,4,INS004,National Health Plan,6,DEP006,General Medicine,51038.52,0.0,51038.52,Rejected,Coverage Limit Exceeded,22.0,2026-03-05,2026-03-27,30,0,0,15,0,0,45,High,Rejected claim; Rejected value >= 25K
1403,CLM-00001403,1970,BILL-00001970,8234,PAT-0008234,3,INS003,CarePlus Health,3,DEP003,Neurology,50960.79,0.0,50960.79,Rejected,Duplicate Claim,17.0,2025-08-14,2025-08-31,30,0,0,15,0,0,45,High,Rejected claim; Rejected value >= 25K
21358,CLM-00021358,29868,BILL-00029868,8367,PAT-0008367,3,INS003,CarePlus Health,1,DEP001,Emergency,50950.24,0.0,50950.24,Rejected,Missing Documentation,13.0,2025-05-24,2025-06-06,30,0,0,15,0,0,45,High,Rejected claim; Rejected value >= 25K
2721,CLM-00002721,3837,BILL-00003837,4168,PAT-0004168,1,INS001,HealthSecure Insurance,1,DEP001,Emergency,127516.02,76654.79,50861.23,Partially Approved,Incorrect Coding,44.0,2024-07-13,2024-08-26,0,0,10,15,10,10,45,High,Partially approved; Rejected value >= 25K; Claim value >= 100K; Processing > 30 days
6061,CLM-00006061,8489,BILL-00008489,20252,PAT-0020252,2,INS002,MediShield Assurance,9,DEP009,ENT,50781.55,0.0,50781.55,Rejected,Pre-authorization Missing,8.0,2026-03-09,2026-03-17,30,0,0,15,0,0,45,High,Rejected claim; Rejected value >= 25K
20898,CLM-00020898,29220,BILL-00029220,13617,PAT-0013617,2,INS002,MediShield Assurance,7,DEP007,Oncology,50780.39,0.0,50780.39,Rejected,Incorrect Coding,25.0,2026-05-15,2026-06-09,30,0,0,15,0,0,45,High,Rejected claim; Rejected value >= 25K
26146,CLM-00026146,36594,BILL-00036594,4941,PAT-0004941,3,INS003,CarePlus Health,7,DEP007,Oncology,50692.37,0.0,50692.37,Rejected,Coverage Limit Exceeded,15.0,2026-02-04,2026-02-19,30,0,0,15,0,0,45,High,Rejected claim; Rejected value >= 25K
10578,CLM-00010578,14819,BILL-00014819,16355,PAT-0016355,5,INS005,LifeCare Insurance,3,DEP003,Neurology,50672.64,0.0,50672.64,Rejected,Coverage Limit Exceeded,19.0,2025-03-18,2025-04-06,30,0,0,15,0,0,45,High,Rejected claim; Rejected value >= 25K
20357,CLM-00020357,28473,BILL-00028473,18402,PAT-0018402,1,INS001,HealthSecure Insurance,10,DEP010,Dermatology,50650.43,0.0,50650.43,Rejected,Duplicate Claim,25.0,2025-10-09,2025-11-03,30,0,0,15,0,0,45,High,Rejected claim; Rejected value >= 25K
17501,CLM-00017501,24502,BILL-00024502,9534,PAT-0009534,4,INS004,National Health Plan,1,DEP001,Emergency,160425.55,109830.39,50595.16,Partially Approved,Incorrect Coding,31.0,2024-07-17,2024-08-17,0,0,10,15,10,10,45,High,Partially approved; Rejected value >= 25K; Claim value >= 100K; Processing > 30 days
26074,CLM-00026074,36494,BILL-00036494,19661,PAT-0019661,2,INS002,MediShield Assurance,1,DEP001,Emergency,50577.66,0.0,50577.66,Rejected,Missing Documentation,25.0,2025-12-04,2025-12-29,30,0,0,15,0,0,45,High,Rejected claim; Rejected value >= 25K
29072,CLM-00029072,40718,BILL-00040718,514,PAT-0000514,5,INS005,LifeCare Insurance,1,DEP001,Emergency,50568.94,0.0,50568.94,Rejected,Incorrect Coding,9.0,2024-08-24,2024-09-02,30,0,0,15,0,0,45,High,Rejected claim; Rejected value >= 25K
21938,CLM-00021938,30667,BILL-00030667,3934,PAT-0003934,1,INS001,HealthSecure Insurance,1,DEP001,Emergency,50567.52,0.0,50567.52,Rejected,Incorrect Coding,18.0,2025-02-20,2025-03-10,30,0,0,15,0,0,45,High,Rejected claim; Rejected value >= 25K
14651,CLM-00014651,20482,BILL-00020482,14354,PAT-0014354,4,INS004,National Health Plan,10,DEP010,Dermatology,50563.82,0.0,50563.82,Rejected,Pre-authorization Missing,7.0,2025-08-20,2025-08-27,30,0,0,15,0,0,45,High,Rejected claim; Rejected value >= 25K
22199,CLM-00022199,31034,BILL-00031034,16571,PAT-0016571,3,INS003,CarePlus Health,2,DEP002,Cardiology,50562.61,0.0,50562.61,Rejected,Incorrect Coding,9.0,2024-04-18,2024-04-27,30,0,0,15,0,0,45,High,Rejected claim; Rejected value >= 25K
2315,CLM-00002315,3258,BILL-00003258,9296,PAT-0009296,3,INS003,CarePlus Health,3,DEP003,Neurology,50537.36,0.0,50537.36,Rejected,Missing Documentation,17.0,2023-04-24,2023-05-11,30,0,0,15,0,0,45,High,Rejected claim; Rejected value >= 25K
13377,CLM-00013377,18675,BILL-00018675,19627,PAT-0019627,2,INS002,MediShield Assurance,7,DEP007,Oncology,50479.88,0.0,50479.88,Rejected,Missing Documentation,8.0,2023-03-05,2023-03-13,30,0,0,15,0,0,45,High,Rejected claim; Rejected value >= 25K
1053,CLM-00001053,1479,BILL-00001479,15240,PAT-0015240,2,INS002,MediShield Assurance,4,DEP004,Orthopedics,50460.03,0.0,50460.03,Rejected,Missing Documentation,25.0,2025-06-09,2025-07-04,30,0,0,15,0,0,45,High,Rejected claim; Rejected value >= 25K
7384,CLM-00007384,10321,BILL-00010321,1692,PAT-0001692,1,INS001,HealthSecure Insurance,10,DEP010,Dermatology,50443.85,0.0,50443.85,Rejected,Missing Documentation,25.0,2026-03-18,2026-04-12,30,0,0,15,0,0,45,High,Rejected claim; Rejected value >= 25K
11829,CLM-00011829,16537,BILL-00016537,14232,PAT-0014232,3,INS003,CarePlus Health,10,DEP010,Dermatology,50399.35,0.0,50399.35,Rejected,Missing Documentation,22.0,2026-01-04,2026-01-26,30,0,0,15,0,0,45,High,Rejected claim; Rejected value >= 25K
36470,CLM-00036355,51088,BILL-00050909,17663,PAT-0017663,2,INS002,MediShield Assurance,6,DEP006,General Medicine,50335.95,0.0,50335.95,Rejected,Duplicate Claim,13.0,2026-10-04,2026-10-17,30,0,0,15,0,0,45,High,Rejected claim; Rejected value >= 25K
26884,CLM-00026884,37620,BILL-00037620,8891,PAT-0008891,3,INS003,CarePlus Health,9,DEP009,ENT,50271.79,0.0,50271.79,Rejected,Incorrect Coding,12.0,2025-07-26,2025-08-07,30,0,0,15,0,0,45,High,Rejected claim; Rejected value >= 25K
24028,CLM-00024028,33621,BILL-00033621,5496,PAT-0005496,1,INS001,HealthSecure Insurance,4,DEP004,Orthopedics,50214.68,0.0,50214.68,Rejected,Missing Documentation,17.0,2026-02-13,2026-03-02,30,0,0,15,0,0,45,High,Rejected claim; Rejected value >= 25K
27813,CLM-00027813,38918,BILL-00038918,10223,PAT-0010223,2,INS002,MediShield Assurance,1,DEP001,Emergency,50204.1,0.0,50204.1,Rejected,Policy Exclusion,11.0,2025-02-24,2025-03-07,30,0,0,15,0,0,45,High,Rejected claim; Rejected value >= 25K
11075,CLM-00011075,15500,BILL-00015500,12244,PAT-0012244,5,INS005,LifeCare Insurance,1,DEP001,Emergency,50201.53,0.0,50201.53,Rejected,Incorrect Coding,13.0,2024-03-03,2024-03-16,30,0,0,15,0,0,45,High,Rejected claim; Rejected value >= 25K
19410,CLM-00019410,27157,BILL-00027157,3663,PAT-0003663,2,INS002,MediShield Assurance,4,DEP004,Orthopedics,50131.62,0.0,50131.62,Rejected,Policy Exclusion,24.0,2025-05-30,2025-06-23,30,0,0,15,0,0,45,High,Rejected claim; Rejected value >= 25K
30557,CLM-00030557,42776,BILL-00042776,16340,PAT-0016340,4,INS004,National Health Plan,2,DEP002,Cardiology,50113.62,0.0,50113.62,Rejected,Duplicate Claim,12.0,2026-04-02,2026-04-14,30,0,0,15,0,0,45,High,Rejected claim; Rejected value >= 25K
5284,CLM-00005284,7412,BILL-00007412,7214,PAT-0007214,3,INS003,CarePlus Health,3,DEP003,Neurology,50108.34,0.0,50108.34,Rejected,Missing Documentation,8.0,2024-03-26,2024-04-03,30,0,0,15,0,0,45,High,Rejected claim; Rejected value >= 25K
26315,CLM-00026315,36825,BILL-00036825,19497,PAT-0019497,2,INS002,MediShield Assurance,9,DEP009,ENT,50088.87,0.0,50088.87,Rejected,Coverage Limit Exceeded,15.0,2024-01-22,2024-02-06,30,0,0,15,0,0,45,High,Rejected claim; Rejected value >= 25K
4235,CLM-00004235,5978,BILL-00005978,16707,PAT-0016707,1,INS001,HealthSecure Insurance,7,DEP007,Oncology,50086.65,0.0,50086.65,Rejected,Duplicate Claim,18.0,2026-05-12,2026-05-30,30,0,0,15,0,0,45,High,Rejected claim; Rejected value >= 25K
5682,CLM-00005682,7976,BILL-00007976,756,PAT-0000756,5,INS005,LifeCare Insurance,4,DEP004,Orthopedics,50081.7,0.0,50081.7,Rejected,Pre-authorization Missing,24.0,2023-11-13,2023-12-07,30,0,0,15,0,0,45,High,Rejected claim; Rejected value >= 25K
12031,CLM-00012031,16811,BILL-00016811,13890,PAT-0013890,3,INS003,CarePlus Health,10,DEP010,Dermatology,49969.72,0.0,49969.72,Rejected,Missing Documentation,25.0,2024-12-27,2025-01-21,30,0,0,15,0,0,45,High,Rejected claim; Rejected value >= 25K
12198,CLM-00012198,17048,BILL-00017048,17975,PAT-0017975,1,INS001,HealthSecure Insurance,6,DEP006,General Medicine,181934.16,131968.52,49965.64,Partially Approved,Policy Exclusion,36.0,2026-09-03,2026-10-09,0,0,10,15,10,10,45,High,Partially approved; Rejected value >= 25K; Claim value >= 100K; Processing > 30 days
12451,CLM-00012451,17393,BILL-00017393,9294,PAT-0009294,5,INS005,LifeCare Insurance,1,DEP001,Emergency,49958.38,0.0,49958.38,Rejected,Duplicate Claim,25.0,2023-07-28,2023-08-22,30,0,0,15,0,0,45,High,Rejected claim; Rejected value >= 25K
6789,CLM-00006789,9493,BILL-00009493,4501,PAT-0004501,1,INS001,HealthSecure Insurance,6,DEP006,General Medicine,132241.49,82295.23,49946.26,Partially Approved,Duplicate Claim,32.0,2025-12-17,2026-01-18,0,0,10,15,10,10,45,High,Partially approved; Rejected value >= 25K; Claim value >= 100K; Processing > 30 days
14180,CLM-00014180,19803,BILL-00019803,19978,PAT-0019978,2,INS002,MediShield Assurance,7,DEP007,Oncology,49936.36,0.0,49936.36,Rejected,Missing Documentation,15.0,2024-07-31,2024-08-15,30,0,0,15,0,0,45,High,Rejected claim; Rejected value >= 25K
3488,CLM-00003488,4909,BILL-00004909,1754,PAT-0001754,4,INS004,National Health Plan,10,DEP010,Dermatology,49924.95,0.0,49924.95,Rejected,Policy Exclusion,22.0,2023-02-04,2023-02-26,30,0,0,15,0,0,45,High,Rejected claim; Rejected value >= 25K
16984,CLM-00016984,23780,BILL-00023780,2005,PAT-0002005,2,INS002,MediShield Assurance,6,DEP006,General Medicine,49839.54,0.0,49839.54,Rejected,Policy Exclusion,25.0,2024-11-13,2024-12-08,30,0,0,15,0,0,45,High,Rejected claim; Rejected value >= 25K
3042,CLM-00003042,4290,BILL-00004290,9321,PAT-0009321,5,INS005,LifeCare Insurance,6,DEP006,General Medicine,49816.95,0.0,49816.95,Rejected,Incorrect Coding,23.0,2024-02-05,2024-02-28,30,0,0,15,0,0,45,High,Rejected claim; Rejected value >= 25K
30241,CLM-00030241,42337,BILL-00042337,18720,PAT-0018720,5,INS005,LifeCare Insurance,4,DEP004,Orthopedics,49796.22,0.0,49796.22,Rejected,Duplicate Claim,18.0,2026-07-13,2026-07-31,30,0,0,15,0,0,45,High,Rejected claim; Rejected value >= 25K
10094,CLM-00010094,14132,BILL-00014132,8253,PAT-0008253,5,INS005,LifeCare Insurance,9,DEP009,ENT,49721.43,0.0,49721.43,Rejected,Policy Exclusion,5.0,2025-11-12,2025-11-17,30,0,0,15,0,0,45,High,Rejected claim; Rejected value >= 25K
28905,CLM-00028905,40475,BILL-00040475,4497,PAT-0004497,4,INS004,National Health Plan,3,DEP003,Neurology,49712.18,0.0,49712.18,Rejected,Duplicate Claim,5.0,2026-06-20,2026-06-25,30,0,0,15,0,0,45,High,Rejected claim; Rejected value >= 25K
6037,CLM-00006037,8453,BILL-00008453,13865,PAT-0013865,3,INS003,CarePlus Health,7,DEP007,Oncology,49613.76,0.0,49613.76,Rejected,Pre-authorization Missing,14.0,2023-02-08,2023-02-22,30,0,0,15,0,0,45,High,Rejected claim; Rejected value >= 25K
21449,CLM-00021449,30000,BILL-00030000,21544,PAT-0021544,3,INS003,CarePlus Health,3,DEP003,Neurology,49596.48,0.0,49596.48,Rejected,Duplicate Claim,12.0,2023-01-21,2023-02-02,30,0,0,15,0,0,45,High,Rejected claim; Rejected value >= 25K
17969,CLM-00017969,25154,BILL-00025154,6383,PAT-0006383,5,INS005,LifeCare Insurance,7,DEP007,Oncology,49443.01,0.0,49443.01,Rejected,Incorrect Coding,24.0,2025-09-09,2025-10-03,30,0,0,15,0,0,45,High,Rejected claim; Rejected value >= 25K
6059,CLM-00006059,8487,BILL-00008487,1390,PAT-0001390,2,INS002,MediShield Assurance,4,DEP004,Orthopedics,49439.16,0.0,49439.16,Rejected,Duplicate Claim,11.0,2025-09-11,2025-09-22,30,0,0,15,0,0,45,High,Rejected claim; Rejected value >= 25K
10783,CLM-00010783,15100,BILL-00015100,22679,PAT-0022679,5,INS005,LifeCare Insurance,10,DEP010,Dermatology,49423.52,0.0,49423.52,Rejected,Coverage Limit Exceeded,13.0,2024-08-19,2024-09-01,30,0,0,15,0,0,45,High,Rejected claim; Rejected value >= 25K
34633,CLM-00034633,48468,BILL-00048468,19519,PAT-0019519,3,INS003,CarePlus Health,5,DEP005,Pediatrics,49386.73,0.0,49386.73,Rejected,Policy Exclusion,10.0,2023-06-06,2023-06-16,30,0,0,15,0,0,45,High,Rejected claim; Rejected value >= 25K
21547,CLM-00021547,30134,BILL-00030134,1743,PAT-0001743,2,INS002,MediShield Assurance,9,DEP009,ENT,49361.15,0.0,49361.15,Rejected,Incorrect Coding,17.0,2024-09-27,2024-10-14,30,0,0,15,0,0,45,High,Rejected claim; Rejected value >= 25K
33529,CLM-00033529,46905,BILL-00046905,6700,PAT-0006700,1,INS001,HealthSecure Insurance,2,DEP002,Cardiology,49357.96,0.0,49357.96,Rejected,Duplicate Claim,18.0,2026-06-05,2026-06-23,30,0,0,15,0,0,45,High,Rejected claim; Rejected value >= 25K
3940,CLM-00003940,5549,BILL-00005549,2914,PAT-0002914,5,INS005,LifeCare Insurance,1,DEP001,Emergency,49336.55,0.0,49336.55,Rejected,Missing Documentation,22.0,2026-08-10,2026-09-01,30,0,0,15,0,0,45,High,Rejected claim; Rejected value >= 25K
12693,CLM-00012693,17738,BILL-00017738,11878,PAT-0011878,3,INS003,CarePlus Health,2,DEP002,Cardiology,49326.3,0.0,49326.3,Rejected,Pre-authorization Missing,7.0,2023-07-10,2023-07-17,30,0,0,15,0,0,45,High,Rejected claim; Rejected value >= 25K
20331,CLM-00020331,28437,BILL-00028437,10665,PAT-0010665,2,INS002,MediShield Assurance,3,DEP003,Neurology,49310.75,0.0,49310.75,Rejected,Policy Exclusion,15.0,2024-12-26,2025-01-10,30,0,0,15,0,0,45,High,Rejected claim; Rejected value >= 25K
1074,CLM-00001074,1508,BILL-00001508,11554,PAT-0011554,2,INS002,MediShield Assurance,5,DEP005,Pediatrics,49310.19,0.0,49310.19,Rejected,Missing Documentation,11.0,2023-03-07,2023-03-18,30,0,0,15,0,0,45,High,Rejected claim; Rejected value >= 25K
17810,CLM-00017810,24940,BILL-00024940,14381,PAT-0014381,1,INS001,HealthSecure Insurance,5,DEP005,Pediatrics,49297.73,0.0,49297.73,Rejected,Policy Exclusion,20.0,2026-07-27,2026-08-16,30,0,0,15,0,0,45,High,Rejected claim; Rejected value >= 25K
15903,CLM-00015903,22271,BILL-00022271,15818,PAT-0015818,2,INS002,MediShield Assurance,10,DEP010,Dermatology,49296.72,0.0,49296.72,Rejected,Incorrect Coding,13.0,2026-04-24,2026-05-07,30,0,0,15,0,0,45,High,Rejected claim; Rejected value >= 25K
11013,CLM-00011013,15420,BILL-00015420,8540,PAT-0008540,4,INS004,National Health Plan,3,DEP003,Neurology,180500.03,131239.1,49260.93,Partially Approved,Missing Documentation,39.0,2023-05-13,2023-06-21,0,0,10,15,10,10,45,High,Partially approved; Rejected value >= 25K; Claim value >= 100K; Processing > 30 days
3569,CLM-00003569,5022,BILL-00005022,18417,PAT-0018417,2,INS002,MediShield Assurance,4,DEP004,Orthopedics,49218.08,0.0,49218.08,Rejected,Policy Exclusion,17.0,2025-07-09,2025-07-26,30,0,0,15,0,0,45,High,Rejected claim; Rejected value >= 25K
26499,CLM-00026499,37084,BILL-00037084,21302,PAT-0021302,1,INS001,HealthSecure Insurance,10,DEP010,Dermatology,49217.57,0.0,49217.57,Rejected,Coverage Limit Exceeded,15.0,2023-03-06,2023-03-21,30,0,0,15,0,0,45,High,Rejected claim; Rejected value >= 25K
30049,CLM-00030049,42075,BILL-00042075,7797,PAT-0007797,4,INS004,National Health Plan,3,DEP003,Neurology,49174.15,0.0,49174.15,Rejected,Policy Exclusion,8.0,2023-11-22,2023-11-30,30,0,0,15,0,0,45,High,Rejected claim; Rejected value >= 25K
10113,CLM-00010113,14164,BILL-00014164,7241,PAT-0007241,2,INS002,MediShield Assurance,1,DEP001,Emergency,49152.81,0.0,49152.81,Rejected,Incorrect Coding,24.0,2025-09-09,2025-10-03,30,0,0,15,0,0,45,High,Rejected claim; Rejected value >= 25K
8392,CLM-00008392,11719,BILL-00011719,12692,PAT-0012692,2,INS002,MediShield Assurance,8,DEP008,Gynecology,49145.43,0.0,49145.43,Rejected,Coverage Limit Exceeded,5.0,2026-05-05,2026-05-10,30,0,0,15,0,0,45,High,Rejected claim; Rejected value >= 25K
6887,CLM-00006887,9633,BILL-00009633,19904,PAT-0019904,4,INS004,National Health Plan,5,DEP005,Pediatrics,49107.35,0.0,49107.35,Rejected,Incorrect Coding,18.0,2024-05-04,2024-05-22,30,0,0,15,0,0,45,High,Rejected claim; Rejected value >= 25K
25517,CLM-00025517,35724,BILL-00035724,15540,PAT-0015540,3,INS003,CarePlus Health,9,DEP009,ENT,49093.8,0.0,49093.8,Rejected,Duplicate Claim,17.0,2024-01-05,2024-01-22,30,0,0,15,0,0,45,High,Rejected claim; Rejected value >= 25K
17251,CLM-00017251,24140,BILL-00024140,22815,PAT-0022815,3,INS003,CarePlus Health,2,DEP002,Cardiology,49089.83,0.0,49089.83,Rejected,Incorrect Coding,11.0,2025-08-24,2025-09-04,30,0,0,15,0,0,45,High,Rejected claim; Rejected value >= 25K
3047,CLM-00003047,4295,BILL-00004295,16519,PAT-0016519,5,INS005,LifeCare Insurance,8,DEP008,Gynecology,49056.35,0.0,49056.35,Rejected,Coverage Limit Exceeded,7.0,2025-12-05,2025-12-12,30,0,0,15,0,0,45,High,Rejected claim; Rejected value >= 25K
34954,CLM-00034954,48933,BILL-00048933,21563,PAT-0021563,2,INS002,MediShield Assurance,5,DEP005,Pediatrics,49008.7,0.0,49008.7,Rejected,Incorrect Coding,23.0,2023-11-18,2023-12-11,30,0,0,15,0,0,45,High,Rejected claim; Rejected value >= 25K
9092,CLM-00009092,12709,BILL-00012709,11309,PAT-0011309,3,INS003,CarePlus Health,4,DEP004,Orthopedics,48991.33,0.0,48991.33,Rejected,Duplicate Claim,11.0,2023-04-28,2023-05-09,30,0,0,15,0,0,45,High,Rejected claim; Rejected value >= 25K
21542,CLM-00021542,30127,BILL-00030127,23877,PAT-0023877,5,INS005,LifeCare Insurance,1,DEP001,Emergency,48980.53,0.0,48980.53,Rejected,Duplicate Claim,21.0,2024-07-19,2024-08-09,30,0,0,15,0,0,45,High,Rejected claim; Rejected value >= 25K
7376,CLM-00007376,10305,BILL-00010305,4441,PAT-0004441,5,INS005,LifeCare Insurance,2,DEP002,Cardiology,48977.63,0.0,48977.63,Rejected,Coverage Limit Exceeded,21.0,2025-12-25,2026-01-15,30,0,0,15,0,0,45,High,Rejected claim; Rejected value >= 25K
31684,CLM-00031684,44318,BILL-00044318,3802,PAT-0003802,1,INS001,HealthSecure Insurance,9,DEP009,ENT,48973.12,0.0,48973.12,Rejected,Pre-authorization Missing,5.0,2023-04-06,2023-04-11,30,0,0,15,0,0,45,High,Rejected claim; Rejected value >= 25K
21198,CLM-00021198,29629,BILL-00029629,14230,PAT-0014230,2,INS002,MediShield Assurance,2,DEP002,Cardiology,48967.38,0.0,48967.38,Rejected,Missing Documentation,10.0,2024-01-17,2024-01-27,30,0,0,15,0,0,45,High,Rejected claim; Rejected value >= 25K
26834,CLM-00026834,37555,BILL-00037555,23560,PAT-0023560,2,INS002,MediShield Assurance,9,DEP009,ENT,48936.7,0.0,48936.7,Rejected,Pre-authorization Missing,16.0,2024-10-06,2024-10-22,30,0,0,15,0,0,45,High,Rejected claim; Rejected value >= 25K
4503,CLM-00004503,6363,BILL-00006363,6199,PAT-0006199,5,INS005,LifeCare Insurance,5,DEP005,Pediatrics,48932.94,0.0,48932.94,Rejected,Coverage Limit Exceeded,22.0,2024-08-26,2024-09-17,30,0,0,15,0,0,45,High,Rejected claim; Rejected value >= 25K
16646,CLM-00016646,23307,BILL-00023307,8534,PAT-0008534,2,INS002,MediShield Assurance,5,DEP005,Pediatrics,48926.39,0.0,48926.39,Rejected,Policy Exclusion,23.0,2026-01-28,2026-02-20,30,0,0,15,0,0,45,High,Rejected claim; Rejected value >= 25K
4014,CLM-00004014,5650,BILL-00005650,18145,PAT-0018145,2,INS002,MediShield Assurance,8,DEP008,Gynecology,48924.43,0.0,48924.43,Rejected,Pre-authorization Missing,13.0,2025-12-09,2025-12-22,30,0,0,15,0,0,45,High,Rejected claim; Rejected value >= 25K
2891,CLM-00002891,4091,BILL-00004091,3426,PAT-0003426,1,INS001,HealthSecure Insurance,2,DEP002,Cardiology,48891.06,0.0,48891.06,Rejected,Pre-authorization Missing,9.0,2024-08-05,2024-08-14,30,0,0,15,0,0,45,High,Rejected claim; Rejected value >= 25K
4113,CLM-00004113,5792,BILL-00005792,10621,PAT-0010621,1,INS001,HealthSecure Insurance,8,DEP008,Gynecology,48839.27,0.0,48839.27,Rejected,Missing Documentation,18.0,2024-08-14,2024-09-01,30,0,0,15,0,0,45,High,Rejected claim; Rejected value >= 25K
19155,CLM-00019155,26777,BILL-00026777,10055,PAT-0010055,5,INS005,LifeCare Insurance,2,DEP002,Cardiology,48803.76,0.0,48803.76,Rejected,Duplicate Claim,24.0,2025-06-02,2025-06-26,30,0,0,15,0,0,45,High,Rejected claim; Rejected value >= 25K
28021,CLM-00028021,39198,BILL-00039198,15669,PAT-0015669,1,INS001,HealthSecure Insurance,4,DEP004,Orthopedics,48707.88,0.0,48707.88,Rejected,Duplicate Claim,12.0,2023-10-16,2023-10-28,30,0,0,15,0,0,45,High,Rejected claim; Rejected value >= 25K
9695,CLM-00009695,13551,BILL-00013551,9000,PAT-0009000,1,INS001,HealthSecure Insurance,3,DEP003,Neurology,48679.79,0.0,48679.79,Rejected,Incorrect Coding,7.0,2024-12-21,2024-12-28,30,0,0,15,0,0,45,High,Rejected claim; Rejected value >= 25K
28323,CLM-00028323,39626,BILL-00039626,22652,PAT-0022652,5,INS005,LifeCare Insurance,2,DEP002,Cardiology,48610.36,0.0,48610.36,Rejected,Coverage Limit Exceeded,23.0,2024-05-10,2024-06-02,30,0,0,15,0,0,45,High,Rejected claim; Rejected value >= 25K
1596,CLM-00001596,2247,BILL-00002247,9588,PAT-0009588,3,INS003,CarePlus Health,9,DEP009,ENT,48582.61,0.0,48582.61,Rejected,Pre-authorization Missing,18.0,2025-04-22,2025-05-10,30,0,0,15,0,0,45,High,Rejected claim; Rejected value >= 25K
23633,CLM-00023633,33051,BILL-00033051,12686,PAT-0012686,5,INS005,LifeCare Insurance,3,DEP003,Neurology,188174.82,139661.96,48512.86,Partially Approved,Incorrect Coding,39.0,2023-11-12,2023-12-21,0,0,10,15,10,10,45,High,Partially approved; Rejected value >= 25K; Claim value >= 100K; Processing > 30 days
11318,CLM-00011318,15843,BILL-00015843,20560,PAT-0020560,1,INS001,HealthSecure Insurance,5,DEP005,Pediatrics,48491.07,0.0,48491.07,Rejected,Missing Documentation,24.0,2024-04-16,2024-05-10,30,0,0,15,0,0,45,High,Rejected claim; Rejected value >= 25K
16234,CLM-00016234,22738,BILL-00022738,23629,PAT-0023629,4,INS004,National Health Plan,2,DEP002,Cardiology,48474.64,0.0,48474.64,Rejected,Incorrect Coding,23.0,2026-08-19,2026-09-11,30,0,0,15,0,0,45,High,Rejected claim; Rejected value >= 25K
430,CLM-00000430,616,BILL-00000616,15165,PAT-0015165,3,INS003,CarePlus Health,6,DEP006,General Medicine,48471.63,0.0,48471.63,Rejected,Pre-authorization Missing,22.0,2025-09-06,2025-09-28,30,0,0,15,0,0,45,High,Rejected claim; Rejected value >= 25K
23476,CLM-00023476,32819,BILL-00032819,12189,PAT-0012189,5,INS005,LifeCare Insurance,8,DEP008,Gynecology,153116.15,104649.71,48466.44,Partially Approved,Coverage Limit Exceeded,43.0,2023-10-21,2023-12-03,0,0,10,15,10,10,45,High,Partially approved; Rejected value >= 25K; Claim value >= 100K; Processing > 30 days
25752,CLM-00025752,36043,BILL-00036043,11931,PAT-0011931,1,INS001,HealthSecure Insurance,2,DEP002,Cardiology,48453.92,0.0,48453.92,Rejected,Missing Documentation,11.0,2023-11-02,2023-11-13,30,0,0,15,0,0,45,High,Rejected claim; Rejected value >= 25K
14616,CLM-00014616,20421,BILL-00020421,9580,PAT-0009580,5,INS005,LifeCare Insurance,9,DEP009,ENT,48425.66,0.0,48425.66,Rejected,Coverage Limit Exceeded,20.0,2026-08-21,2026-09-10,30,0,0,15,0,0,45,High,Rejected claim; Rejected value >= 25K
28680,CLM-00028680,40140,BILL-00040140,10736,PAT-0010736,3,INS003,CarePlus Health,1,DEP001,Emergency,48421.15,0.0,48421.15,Rejected,Incorrect Coding,5.0,2026-09-26,2026-10-01,30,0,0,15,0,0,45,High,Rejected claim; Rejected value >= 25K
1826,CLM-00001826,2569,BILL-00002569,6209,PAT-0006209,1,INS001,HealthSecure Insurance,3,DEP003,Neurology,48415.71,0.0,48415.71,Rejected,Missing Documentation,19.0,2025-12-26,2026-01-14,30,0,0,15,0,0,45,High,Rejected claim; Rejected value >= 25K
27792,CLM-00027792,38881,BILL-00038881,11024,PAT-0011024,5,INS005,LifeCare Insurance,3,DEP003,Neurology,48395.15,0.0,48395.15,Rejected,Policy Exclusion,5.0,2024-10-27,2024-11-01,30,0,0,15,0,0,45,High,Rejected claim; Rejected value >= 25K
3227,CLM-00003227,4540,BILL-00004540,9316,PAT-0009316,5,INS005,LifeCare Insurance,2,DEP002,Cardiology,138245.12,89858.14,48386.98,Partially Approved,Pre-authorization Missing,38.0,2026-06-05,2026-07-13,0,0,10,15,10,10,45,High,Partially approved; Rejected value >= 25K; Claim value >= 100K; Processing > 30 days
20748,CLM-00020748,29014,BILL-00029014,22637,PAT-0022637,1,INS001,HealthSecure Insurance,5,DEP005,Pediatrics,48376.53,0.0,48376.53,Rejected,Coverage Limit Exceeded,18.0,2024-07-22,2024-08-09,30,0,0,15,0,0,45,High,Rejected claim; Rejected value >= 25K
22266,CLM-00022266,31122,BILL-00031122,6470,PAT-0006470,3,INS003,CarePlus Health,2,DEP002,Cardiology,48353.85,0.0,48353.85,Rejected,Incorrect Coding,16.0,2023-11-06,2023-11-22,30,0,0,15,0,0,45,High,Rejected claim; Rejected value >= 25K
20249,CLM-00020249,28315,BILL-00028315,15902,PAT-0015902,2,INS002,MediShield Assurance,9,DEP009,ENT,48304.35,0.0,48304.35,Rejected,Missing Documentation,20.0,2023-04-27,2023-05-17,30,0,0,15,0,0,45,High,Rejected claim; Rejected value >= 25K
68,CLM-00000068,94,BILL-00000094,15394,PAT-0015394,5,INS005,LifeCare Insurance,8,DEP008,Gynecology,167942.87,119672.84,48270.03,Partially Approved,Missing Documentation,41.0,2024-10-23,2024-12-03,0,0,10,15,10,10,45,High,Partially approved; Rejected value >= 25K; Claim value >= 100K; Processing > 30 days
2208,CLM-00002208,3107,BILL-00003107,5556,PAT-0005556,2,INS002,MediShield Assurance,1,DEP001,Emergency,151121.08,102870.27,48250.81,Partially Approved,Incorrect Coding,45.0,2026-07-22,2026-09-05,0,0,10,15,10,10,45,High,Partially approved; Rejected value >= 25K; Claim value >= 100K; Processing > 30 days
30032,CLM-00030032,42052,BILL-00042052,21544,PAT-0021544,3,INS003,CarePlus Health,6,DEP006,General Medicine,48211.45,0.0,48211.45,Rejected,Incorrect Coding,21.0,2025-07-25,2025-08-15,30,0,0,15,0,0,45,High,Rejected claim; Rejected value >= 25K
923,CLM-00000923,1304,BILL-00001304,2910,PAT-0002910,3,INS003,CarePlus Health,10,DEP010,Dermatology,48159.61,0.0,48159.61,Rejected,Policy Exclusion,8.0,2025-04-18,2025-04-26,30,0,0,15,0,0,45,High,Rejected claim; Rejected value >= 25K
9185,CLM-00009185,12841,BILL-00012841,2646,PAT-0002646,4,INS004,National Health Plan,3,DEP003,Neurology,48142.9,0.0,48142.9,Rejected,Coverage Limit Exceeded,20.0,2024-10-03,2024-10-23,30,0,0,15,0,0,45,High,Rejected claim; Rejected value >= 25K
36747,CLM-00036632,51467,BILL-00051288,7543,PAT-0007543,1,INS001,HealthSecure Insurance,2,DEP002,Cardiology,48120.22,0.0,48120.22,Rejected,Missing Documentation,19.0,2026-10-06,2026-10-25,30,0,0,15,0,0,45,High,Rejected claim; Rejected value >= 25K
34049,CLM-00034049,47634,BILL-00047634,21344,PAT-0021344,2,INS002,MediShield Assurance,8,DEP008,Gynecology,48101.29,0.0,48101.29,Rejected,Policy Exclusion,14.0,2024-09-26,2024-10-10,30,0,0,15,0,0,45,High,Rejected claim; Rejected value >= 25K
22835,CLM-00022835,31896,BILL-00031896,5933,PAT-0005933,4,INS004,National Health Plan,6,DEP006,General Medicine,48098.73,0.0,48098.73,Rejected,Duplicate Claim,16.0,2026-09-07,2026-09-23,30,0,0,15,0,0,45,High,Rejected claim; Rejected value >= 25K
34565,CLM-00034565,48369,BILL-00048369,13517,PAT-0013517,5,INS005,LifeCare Insurance,7,DEP007,Oncology,48082.36,0.0,48082.36,Rejected,Coverage Limit Exceeded,11.0,2026-06-10,2026-06-21,30,0,0,15,0,0,45,High,Rejected claim; Rejected value >= 25K
276,CLM-00000276,395,BILL-00000395,6171,PAT-0006171,5,INS005,LifeCare Insurance,8,DEP008,Gynecology,48070.73,0.0,48070.73,Rejected,Duplicate Claim,7.0,2024-06-29,2024-07-06,30,0,0,15,0,0,45,High,Rejected claim; Rejected value >= 25K
9562,CLM-00009562,13364,BILL-00013364,16688,PAT-0016688,5,INS005,LifeCare Insurance,4,DEP004,Orthopedics,48063.37,0.0,48063.37,Rejected,Policy Exclusion,20.0,2024-12-08,2024-12-28,30,0,0,15,0,0,45,High,Rejected claim; Rejected value >= 25K
16004,CLM-00016004,22418,BILL-00022418,5983,PAT-0005983,5,INS005,LifeCare Insurance,5,DEP005,Pediatrics,48062.89,0.0,48062.89,Rejected,Incorrect Coding,11.0,2024-03-20,2024-03-31,30,0,0,15,0,0,45,High,Rejected claim; Rejected value >= 25K
33172,CLM-00033172,46388,BILL-00046388,22353,PAT-0022353,5,INS005,LifeCare Insurance,8,DEP008,Gynecology,164726.94,116677.81,48049.13,Partially Approved,Pre-authorization Missing,41.0,2024-06-12,2024-07-23,0,0,10,15,10,10,45,High,Partially approved; Rejected value >= 25K; Claim value >= 100K; Processing > 30 days
7961,CLM-00007961,11128,BILL-00011128,18292,PAT-0018292,2,INS002,MediShield Assurance,2,DEP002,Cardiology,47979.55,0.0,47979.55,Rejected,Missing Documentation,21.0,2023-09-02,2023-09-23,30,0,0,15,0,0,45,High,Rejected claim; Rejected value >= 25K
17049,CLM-00017049,23873,BILL-00023873,6481,PAT-0006481,1,INS001,HealthSecure Insurance,9,DEP009,ENT,47933.93,0.0,47933.93,Rejected,Incorrect Coding,18.0,2025-05-06,2025-05-24,30,0,0,15,0,0,45,High,Rejected claim; Rejected value >= 25K
34521,CLM-00034521,48305,BILL-00048305,10110,PAT-0010110,5,INS005,LifeCare Insurance,5,DEP005,Pediatrics,47894.37,0.0,47894.37,Rejected,Policy Exclusion,7.0,2025-02-22,2025-03-01,30,0,0,15,0,0,45,High,Rejected claim; Rejected value >= 25K
31818,CLM-00031818,44518,BILL-00044518,15058,PAT-0015058,5,INS005,LifeCare Insurance,10,DEP010,Dermatology,47855.87,0.0,47855.87,Rejected,Pre-authorization Missing,13.0,2024-11-24,2024-12-07,30,0,0,15,0,0,45,High,Rejected claim; Rejected value >= 25K
16674,CLM-00016674,23348,BILL-00023348,3175,PAT-0003175,3,INS003,CarePlus Health,2,DEP002,Cardiology,131179.33,83326.37,47852.96,Partially Approved,Missing Documentation,34.0,2025-02-13,2025-03-19,0,0,10,15,10,10,45,High,Partially approved; Rejected value >= 25K; Claim value >= 100K; Processing > 30 days
22388,CLM-00022388,31299,BILL-00031299,7797,PAT-0007797,4,INS004,National Health Plan,4,DEP004,Orthopedics,47835.69,0.0,47835.69,Rejected,Incorrect Coding,17.0,2023-10-27,2023-11-13,30,0,0,15,0,0,45,High,Rejected claim; Rejected value >= 25K
12094,CLM-00012094,16903,BILL-00016903,22154,PAT-0022154,2,INS002,MediShield Assurance,6,DEP006,General Medicine,47832.24,0.0,47832.24,Rejected,Coverage Limit Exceeded,11.0,2023-10-12,2023-10-23,30,0,0,15,0,0,45,High,Rejected claim; Rejected value >= 25K
34368,CLM-00034368,48089,BILL-00048089,39,PAT-0000039,2,INS002,MediShield Assurance,3,DEP003,Neurology,47828.55,0.0,47828.55,Rejected,Duplicate Claim,16.0,2026-05-03,2026-05-19,30,0,0,15,0,0,45,High,Rejected claim; Rejected value >= 25K
28819,CLM-00028819,40350,BILL-00040350,14794,PAT-0014794,3,INS003,CarePlus Health,7,DEP007,Oncology,47794.49,0.0,47794.49,Rejected,Duplicate Claim,21.0,2025-11-02,2025-11-23,30,0,0,15,0,0,45,High,Rejected claim; Rejected value >= 25K
21129,CLM-00021129,29539,BILL-00029539,6643,PAT-0006643,4,INS004,National Health Plan,9,DEP009,ENT,47782.89,0.0,47782.89,Rejected,Policy Exclusion,6.0,2025-02-18,2025-02-24,30,0,0,15,0,0,45,High,Rejected claim; Rejected value >= 25K
28113,CLM-00028113,39330,BILL-00039330,1393,PAT-0001393,5,INS005,LifeCare Insurance,4,DEP004,Orthopedics,47767.93,0.0,47767.93,Rejected,Policy Exclusion,6.0,2026-08-25,2026-08-31,30,0,0,15,0,0,45,High,Rejected claim; Rejected value >= 25K
13278,CLM-00013278,18535,BILL-00018535,22197,PAT-0022197,2,INS002,MediShield Assurance,9,DEP009,ENT,127692.65,79953.07,47739.58,Partially Approved,Policy Exclusion,45.0,2024-11-08,2024-12-23,0,0,10,15,10,10,45,High,Partially approved; Rejected value >= 25K; Claim value >= 100K; Processing > 30 days
11980,CLM-00011980,16740,BILL-00016740,24862,PAT-0024862,2,INS002,MediShield Assurance,2,DEP002,Cardiology,47725.58,0.0,47725.58,Rejected,Duplicate Claim,17.0,2025-02-28,2025-03-17,30,0,0,15,0,0,45,High,Rejected claim; Rejected value >= 25K
18745,CLM-00018745,26191,BILL-00026191,9492,PAT-0009492,3,INS003,CarePlus Health,2,DEP002,Cardiology,47659.19,0.0,47659.19,Rejected,Incorrect Coding,11.0,2023-10-27,2023-11-07,30,0,0,15,0,0,45,High,Rejected claim; Rejected value >= 25K
5607,CLM-00005607,7863,BILL-00007863,12112,PAT-0012112,5,INS005,LifeCare Insurance,3,DEP003,Neurology,47655.38,0.0,47655.38,Rejected,Duplicate Claim,20.0,2025-02-21,2025-03-13,30,0,0,15,0,0,45,High,Rejected claim; Rejected value >= 25K
9246,CLM-00009246,12918,BILL-00012918,22746,PAT-0022746,2,INS002,MediShield Assurance,3,DEP003,Neurology,47639.43,0.0,47639.43,Rejected,Policy Exclusion,17.0,2023-09-22,2023-10-09,30,0,0,15,0,0,45,High,Rejected claim; Rejected value >= 25K
5423,CLM-00005423,7611,BILL-00007611,9566,PAT-0009566,2,INS002,MediShield Assurance,9,DEP009,ENT,47614.86,0.0,47614.86,Rejected,Pre-authorization Missing,16.0,2025-07-11,2025-07-27,30,0,0,15,0,0,45,High,Rejected claim; Rejected value >= 25K
16854,CLM-00016854,23594,BILL-00023594,3773,PAT-0003773,2,INS002,MediShield Assurance,10,DEP010,Dermatology,47597.19,0.0,47597.19,Rejected,Policy Exclusion,18.0,2024-07-20,2024-08-07,30,0,0,15,0,0,45,High,Rejected claim; Rejected value >= 25K
560,CLM-00000560,796,BILL-00000796,14905,PAT-0014905,4,INS004,National Health Plan,7,DEP007,Oncology,47583.84,0.0,47583.84,Rejected,Pre-authorization Missing,25.0,2025-01-24,2025-02-18,30,0,0,15,0,0,45,High,Rejected claim; Rejected value >= 25K
21827,CLM-00021827,30507,BILL-00030507,11578,PAT-0011578,5,INS005,LifeCare Insurance,10,DEP010,Dermatology,47583.17,0.0,47583.17,Rejected,Duplicate Claim,6.0,2025-12-23,2025-12-29,30,0,0,15,0,0,45,High,Rejected claim; Rejected value >= 25K
21063,CLM-00021063,29449,BILL-00029449,4358,PAT-0004358,1,INS001,HealthSecure Insurance,5,DEP005,Pediatrics,47572.93,0.0,47572.93,Rejected,Policy Exclusion,5.0,2025-06-03,2025-06-08,30,0,0,15,0,0,45,High,Rejected claim; Rejected value >= 25K
13219,CLM-00013219,18454,BILL-00018454,5086,PAT-0005086,1,INS001,HealthSecure Insurance,2,DEP002,Cardiology,47565.86,0.0,47565.86,Rejected,Missing Documentation,13.0,2024-11-19,2024-12-02,30,0,0,15,0,0,45,High,Rejected claim; Rejected value >= 25K
34928,CLM-00034928,48897,BILL-00048897,13553,PAT-0013553,5,INS005,LifeCare Insurance,3,DEP003,Neurology,47542.22,0.0,47542.22,Rejected,Incorrect Coding,8.0,2025-08-13,2025-08-21,30,0,0,15,0,0,45,High,Rejected claim; Rejected value >= 25K
16962,CLM-00016962,23753,BILL-00023753,6247,PAT-0006247,1,INS001,HealthSecure Insurance,2,DEP002,Cardiology,47538.84,0.0,47538.84,Rejected,Duplicate Claim,9.0,2026-05-26,2026-06-04,30,0,0,15,0,0,45,High,Rejected claim; Rejected value >= 25K
26738,CLM-00026738,37429,BILL-00037429,13236,PAT-0013236,5,INS005,LifeCare Insurance,6,DEP006,General Medicine,47506.42,0.0,47506.42,Rejected,Duplicate Claim,10.0,2026-09-14,2026-09-24,30,0,0,15,0,0,45,High,Rejected claim; Rejected value >= 25K
5370,CLM-00005370,7534,BILL-00007534,21549,PAT-0021549,2,INS002,MediShield Assurance,5,DEP005,Pediatrics,108817.78,61328.97,47488.81,Partially Approved,Duplicate Claim,34.0,2024-03-10,2024-04-13,0,0,10,15,10,10,45,High,Partially approved; Rejected value >= 25K; Claim value >= 100K; Processing > 30 days
34041,CLM-00034041,47623,BILL-00047623,14110,PAT-0014110,2,INS002,MediShield Assurance,7,DEP007,Oncology,47477.05,0.0,47477.05,Rejected,Incorrect Coding,22.0,2025-10-09,2025-10-31,30,0,0,15,0,0,45,High,Rejected claim; Rejected value >= 25K
943,CLM-00000943,1334,BILL-00001334,2179,PAT-0002179,1,INS001,HealthSecure Insurance,6,DEP006,General Medicine,47437.43,0.0,47437.43,Rejected,Policy Exclusion,11.0,2024-12-04,2024-12-15,30,0,0,15,0,0,45,High,Rejected claim; Rejected value >= 25K
13735,CLM-00013735,19181,BILL-00019181,20778,PAT-0020778,5,INS005,LifeCare Insurance,3,DEP003,Neurology,137401.65,89970.2,47431.45,Partially Approved,Coverage Limit Exceeded,41.0,2026-01-26,2026-03-08,0,0,10,15,10,10,45,High,Partially approved; Rejected value >= 25K; Claim value >= 100K; Processing > 30 days
5366,CLM-00005366,7530,BILL-00007530,10520,PAT-0010520,2,INS002,MediShield Assurance,4,DEP004,Orthopedics,47417.46,0.0,47417.46,Rejected,Coverage Limit Exceeded,11.0,2024-07-01,2024-07-12,30,0,0,15,0,0,45,High,Rejected claim; Rejected value >= 25K
4566,CLM-00004566,6444,BILL-00006444,24515,PAT-0024515,2,INS002,MediShield Assurance,4,DEP004,Orthopedics,106997.53,59580.33,47417.2,Partially Approved,Coverage Limit Exceeded,43.0,2024-01-11,2024-02-23,0,0,10,15,10,10,45,High,Partially approved; Rejected value >= 25K; Claim value >= 100K; Processing > 30 days
13509,CLM-00013509,18867,BILL-00018867,3358,PAT-0003358,5,INS005,LifeCare Insurance,6,DEP006,General Medicine,47409.68,0.0,47409.68,Rejected,Coverage Limit Exceeded,15.0,2025-03-08,2025-03-23,30,0,0,15,0,0,45,High,Rejected claim; Rejected value >= 25K
17241,CLM-00017241,24125,BILL-00024125,15920,PAT-0015920,4,INS004,National Health Plan,2,DEP002,Cardiology,47254.96,0.0,47254.96,Rejected,Incorrect Coding,21.0,2023-10-16,2023-11-06,30,0,0,15,0,0,45,High,Rejected claim; Rejected value >= 25K
36507,CLM-00036392,51137,BILL-00050958,6349,PAT-0006349,4,INS004,National Health Plan,7,DEP007,Oncology,146128.51,98899.85,47228.66,Partially Approved,Policy Exclusion,44.0,2026-10-08,2026-11-21,0,0,10,15,10,10,45,High,Partially approved; Rejected value >= 25K; Claim value >= 100K; Processing > 30 days
32320,CLM-00032320,45203,BILL-00045203,17732,PAT-0017732,3,INS003,CarePlus Health,3,DEP003,Neurology,47163.84,0.0,47163.84,Rejected,Missing Documentation,19.0,2025-06-04,2025-06-23,30,0,0,15,0,0,45,High,Rejected claim; Rejected value >= 25K
29450,CLM-00029450,41235,BILL-00041235,15659,PAT-0015659,3,INS003,CarePlus Health,6,DEP006,General Medicine,251008.25,203869.81,47138.44,Partially Approved,Pre-authorization Missing,43.0,2026-04-14,2026-05-27,0,0,10,15,10,10,45,High,Partially approved; Rejected value >= 25K; Claim value >= 100K; Processing > 30 days
29872,CLM-00029872,41819,BILL-00041819,24578,PAT-0024578,5,INS005,LifeCare Insurance,3,DEP003,Neurology,47111.21,0.0,47111.21,Rejected,Missing Documentation,14.0,2023-04-27,2023-05-11,30,0,0,15,0,0,45,High,Rejected claim; Rejected value >= 25K
10909,CLM-00010909,15276,BILL-00015276,20299,PAT-0020299,5,INS005,LifeCare Insurance,6,DEP006,General Medicine,47021.42,0.0,47021.42,Rejected,Pre-authorization Missing,20.0,2024-05-24,2024-06-13,30,0,0,15,0,0,45,High,Rejected claim; Rejected value >= 25K
10334,CLM-00010334,14469,BILL-00014469,2053,PAT-0002053,5,INS005,LifeCare Insurance,3,DEP003,Neurology,47018.4,0.0,47018.4,Rejected,Coverage Limit Exceeded,18.0,2023-11-28,2023-12-16,30,0,0,15,0,0,45,High,Rejected claim; Rejected value >= 25K
4797,CLM-00004797,6746,BILL-00006746,19697,PAT-0019697,1,INS001,HealthSecure Insurance,9,DEP009,ENT,157835.37,110830.85,47004.52,Partially Approved,Incorrect Coding,33.0,2024-06-13,2024-07-16,0,0,10,15,10,10,45,High,Partially approved; Rejected value >= 25K; Claim value >= 100K; Processing > 30 days
571,CLM-00000571,813,BILL-00000813,15930,PAT-0015930,4,INS004,National Health Plan,5,DEP005,Pediatrics,46967.13,0.0,46967.13,Rejected,Missing Documentation,25.0,2023-08-10,2023-09-04,30,0,0,15,0,0,45,High,Rejected claim; Rejected value >= 25K
21436,CLM-00021436,29981,BILL-00029981,4467,PAT-0004467,2,INS002,MediShield Assurance,8,DEP008,Gynecology,46948.71,0.0,46948.71,Rejected,Duplicate Claim,22.0,2026-02-16,2026-03-10,30,0,0,15,0,0,45,High,Rejected claim; Rejected value >= 25K
22844,CLM-00022844,31906,BILL-00031906,10090,PAT-0010090,1,INS001,HealthSecure Insurance,7,DEP007,Oncology,46936.55,0.0,46936.55,Rejected,Pre-authorization Missing,23.0,2024-07-18,2024-08-10,30,0,0,15,0,0,45,High,Rejected claim; Rejected value >= 25K
22451,CLM-00022451,31378,BILL-00031378,10008,PAT-0010008,3,INS003,CarePlus Health,5,DEP005,Pediatrics,148936.02,102000.77,46935.25,Partially Approved,Pre-authorization Missing,42.0,2024-11-10,2024-12-22,0,0,10,15,10,10,45,High,Partially approved; Rejected value >= 25K; Claim value >= 100K; Processing > 30 days
20994,CLM-00020994,29359,BILL-00029359,5081,PAT-0005081,4,INS004,National Health Plan,4,DEP004,Orthopedics,46931.61,0.0,46931.61,Rejected,Policy Exclusion,7.0,2023-12-31,2024-01-07,30,0,0,15,0,0,45,High,Rejected claim; Rejected value >= 25K
3605,CLM-00003605,5075,BILL-00005075,2204,PAT-0002204,4,INS004,National Health Plan,5,DEP005,Pediatrics,108353.77,61424.34,46929.43,Partially Approved,Coverage Limit Exceeded,33.0,2025-07-04,2025-08-06,0,0,10,15,10,10,45,High,Partially approved; Rejected value >= 25K; Claim value >= 100K; Processing > 30 days
9646,CLM-00009646,13489,BILL-00013489,9286,PAT-0009286,4,INS004,National Health Plan,10,DEP010,Dermatology,46914.69,0.0,46914.69,Rejected,Policy Exclusion,11.0,2025-04-05,2025-04-16,30,0,0,15,0,0,45,High,Rejected claim; Rejected value >= 25K
35161,CLM-00035161,49221,BILL-00049221,10396,PAT-0010396,4,INS004,National Health Plan,4,DEP004,Orthopedics,46884.35,0.0,46884.35,Rejected,Policy Exclusion,7.0,2025-04-25,2025-05-02,30,0,0,15,0,0,45,High,Rejected claim; Rejected value >= 25K
8644,CLM-00008644,12060,BILL-00012060,4444,PAT-0004444,5,INS005,LifeCare Insurance,8,DEP008,Gynecology,46838.27,0.0,46838.27,Rejected,Duplicate Claim,8.0,2023-10-04,2023-10-12,30,0,0,15,0,0,45,High,Rejected claim; Rejected value >= 25K
23274,CLM-00023274,32513,BILL-00032513,16058,PAT-0016058,1,INS001,HealthSecure Insurance,3,DEP003,Neurology,46837.83,0.0,46837.83,Rejected,Missing Documentation,14.0,2023-02-02,2023-02-16,30,0,0,15,0,0,45,High,Rejected claim; Rejected value >= 25K
16289,CLM-00016289,22821,BILL-00022821,16193,PAT-0016193,1,INS001,HealthSecure Insurance,2,DEP002,Cardiology,46825.01,0.0,46825.01,Rejected,Coverage Limit Exceeded,10.0,2023-09-20,2023-09-30,30,0,0,15,0,0,45,High,Rejected claim; Rejected value >= 25K
29421,CLM-00029421,41200,BILL-00041200,5463,PAT-0005463,4,INS004,National Health Plan,7,DEP007,Oncology,46777.69,0.0,46777.69,Rejected,Duplicate Claim,17.0,2024-05-28,2024-06-14,30,0,0,15,0,0,45,High,Rejected claim; Rejected value >= 25K
36377,CLM-00036022,50957,BILL-00050418,6470,PAT-0006470,4,INS004,National Health Plan,7,DEP007,Oncology,46696.2,0.0,46696.2,Rejected,Duplicate Claim,16.0,2026-09-27,2026-10-13,30,0,0,15,0,0,45,High,Rejected claim; Rejected value >= 25K
24165,CLM-00024165,33799,BILL-00033799,22807,PAT-0022807,1,INS001,HealthSecure Insurance,2,DEP002,Cardiology,46663.76,0.0,46663.76,Rejected,Incorrect Coding,22.0,2025-02-17,2025-03-11,30,0,0,15,0,0,45,High,Rejected claim; Rejected value >= 25K
27801,CLM-00027801,38899,BILL-00038899,5330,PAT-0005330,2,INS002,MediShield Assurance,10,DEP010,Dermatology,46635.89,0.0,46635.89,Rejected,Coverage Limit Exceeded,13.0,2025-03-20,2025-04-02,30,0,0,15,0,0,45,High,Rejected claim; Rejected value >= 25K
19786,CLM-00019786,27671,BILL-00027671,18267,PAT-0018267,4,INS004,National Health Plan,6,DEP006,General Medicine,46613.04,0.0,46613.04,Rejected,Policy Exclusion,9.0,2024-11-10,2024-11-19,30,0,0,15,0,0,45,High,Rejected claim; Rejected value >= 25K
2715,CLM-00002715,3824,BILL-00003824,6413,PAT-0006413,5,INS005,LifeCare Insurance,10,DEP010,Dermatology,46600.02,0.0,46600.02,Rejected,Policy Exclusion,25.0,2026-08-13,2026-09-07,30,0,0,15,0,0,45,High,Rejected claim; Rejected value >= 25K
16187,CLM-00016187,22675,BILL-00022675,2086,PAT-0002086,2,INS002,MediShield Assurance,1,DEP001,Emergency,46599.91,0.0,46599.91,Rejected,Pre-authorization Missing,14.0,2026-08-25,2026-09-08,30,0,0,15,0,0,45,High,Rejected claim; Rejected value >= 25K
24800,CLM-00024800,34722,BILL-00034722,7373,PAT-0007373,4,INS004,National Health Plan,9,DEP009,ENT,46587.82,0.0,46587.82,Rejected,Pre-authorization Missing,9.0,2025-12-11,2025-12-20,30,0,0,15,0,0,45,High,Rejected claim; Rejected value >= 25K
8282,CLM-00008282,11567,BILL-00011567,14631,PAT-0014631,4,INS004,National Health Plan,3,DEP003,Neurology,136281.9,89715.51,46566.39,Partially Approved,Pre-authorization Missing,32.0,2023-04-29,2023-05-31,0,0,10,15,10,10,45,High,Partially approved; Rejected value >= 25K; Claim value >= 100K; Processing > 30 days
34211,CLM-00034211,47873,BILL-00047873,9986,PAT-0009986,2,INS002,MediShield Assurance,7,DEP007,Oncology,46559.59,0.0,46559.59,Rejected,Policy Exclusion,24.0,2026-06-23,2026-07-17,30,0,0,15,0,0,45,High,Rejected claim; Rejected value >= 25K
3819,CLM-00003819,5391,BILL-00005391,4669,PAT-0004669,2,INS002,MediShield Assurance,9,DEP009,ENT,46543.05,0.0,46543.05,Rejected,Pre-authorization Missing,21.0,2023-10-31,2023-11-21,30,0,0,15,0,0,45,High,Rejected claim; Rejected value >= 25K
15057,CLM-00015057,21064,BILL-00021064,1950,PAT-0001950,4,INS004,National Health Plan,8,DEP008,Gynecology,46473.82,0.0,46473.82,Rejected,Missing Documentation,14.0,2025-11-08,2025-11-22,30,0,0,15,0,0,45,High,Rejected claim; Rejected value >= 25K
35223,CLM-00035223,49305,BILL-00049305,923,PAT-0000923,3,INS003,CarePlus Health,1,DEP001,Emergency,46452.02,0.0,46452.02,Rejected,Incorrect Coding,20.0,2025-10-08,2025-10-28,30,0,0,15,0,0,45,High,Rejected claim; Rejected value >= 25K
22015,CLM-00022015,30782,BILL-00030782,13928,PAT-0013928,4,INS004,National Health Plan,3,DEP003,Neurology,46449.05,0.0,46449.05,Rejected,Policy Exclusion,10.0,2025-11-27,2025-12-07,30,0,0,15,0,0,45,High,Rejected claim; Rejected value >= 25K
10696,CLM-00010696,14978,BILL-00014978,20596,PAT-0020596,1,INS001,HealthSecure Insurance,7,DEP007,Oncology,46415.97,0.0,46415.97,Rejected,Coverage Limit Exceeded,25.0,2023-10-28,2023-11-22,30,0,0,15,0,0,45,High,Rejected claim; Rejected value >= 25K
30951,CLM-00030951,43315,BILL-00043315,11695,PAT-0011695,4,INS004,National Health Plan,4,DEP004,Orthopedics,128307.94,81947.38,46360.56,Partially Approved,Policy Exclusion,42.0,2026-01-26,2026-03-09,0,0,10,15,10,10,45,High,Partially approved; Rejected value >= 25K; Claim value >= 100K; Processing > 30 days
10338,CLM-00010338,14473,BILL-00014473,18017,PAT-0018017,2,INS002,MediShield Assurance,6,DEP006,General Medicine,46347.76,0.0,46347.76,Rejected,Policy Exclusion,21.0,2024-12-27,2025-01-17,30,0,0,15,0,0,45,High,Rejected claim; Rejected value >= 25K
17723,CLM-00017723,24812,BILL-00024812,22840,PAT-0022840,2,INS002,MediShield Assurance,5,DEP005,Pediatrics,46327.01,0.0,46327.01,Rejected,Incorrect Coding,16.0,2025-02-09,2025-02-25,30,0,0,15,0,0,45,High,Rejected claim; Rejected value >= 25K
24341,CLM-00024341,34055,BILL-00034055,22249,PAT-0022249,4,INS004,National Health Plan,1,DEP001,Emergency,46314.67,0.0,46314.67,Rejected,Incorrect Coding,11.0,2026-03-27,2026-04-07,30,0,0,15,0,0,45,High,Rejected claim; Rejected value >= 25K
32276,CLM-00032276,45151,BILL-00045151,8923,PAT-0008923,3,INS003,CarePlus Health,9,DEP009,ENT,104351.96,58050.54,46301.42,Partially Approved,Duplicate Claim,38.0,2025-08-25,2025-10-02,0,0,10,15,10,10,45,High,Partially approved; Rejected value >= 25K; Claim value >= 100K; Processing > 30 days
36637,CLM-00036522,51315,BILL-00051136,2836,PAT-0002836,5,INS005,LifeCare Insurance,5,DEP005,Pediatrics,46293.38,0.0,46293.38,Rejected,Policy Exclusion,20.0,2026-10-02,2026-10-22,30,0,0,15,0,0,45,High,Rejected claim; Rejected value >= 25K
32268,CLM-00032268,45142,BILL-00045142,2948,PAT-0002948,2,INS002,MediShield Assurance,3,DEP003,Neurology,46289.46,0.0,46289.46,Rejected,Pre-authorization Missing,19.0,2023-11-22,2023-12-11,30,0,0,15,0,0,45,High,Rejected claim; Rejected value >= 25K
24138,CLM-00024138,33767,BILL-00033767,13487,PAT-0013487,1,INS001,HealthSecure Insurance,6,DEP006,General Medicine,46164.71,0.0,46164.71,Rejected,Policy Exclusion,18.0,2024-03-19,2024-04-06,30,0,0,15,0,0,45,High,Rejected claim; Rejected value >= 25K
24174,CLM-00024174,33812,BILL-00033812,24754,PAT-0024754,5,INS005,LifeCare Insurance,8,DEP008,Gynecology,46139.6,0.0,46139.6,Rejected,Coverage Limit Exceeded,15.0,2024-05-09,2024-05-24,30,0,0,15,0,0,45,High,Rejected claim; Rejected value >= 25K
30598,CLM-00030598,42827,BILL-00042827,20299,PAT-0020299,4,INS004,National Health Plan,7,DEP007,Oncology,46139.02,0.0,46139.02,Rejected,Missing Documentation,7.0,2026-03-20,2026-03-27,30,0,0,15,0,0,45,High,Rejected claim; Rejected value >= 25K
34560,CLM-00034560,48362,BILL-00048362,19669,PAT-0019669,1,INS001,HealthSecure Insurance,8,DEP008,Gynecology,46131.27,0.0,46131.27,Rejected,Duplicate Claim,7.0,2024-08-27,2024-09-03,30,0,0,15,0,0,45,High,Rejected claim; Rejected value >= 25K
17284,CLM-00017284,24181,BILL-00024181,22513,PAT-0022513,4,INS004,National Health Plan,6,DEP006,General Medicine,46108.33,0.0,46108.33,Rejected,Pre-authorization Missing,9.0,2023-01-30,2023-02-08,30,0,0,15,0,0,45,High,Rejected claim; Rejected value >= 25K
24466,CLM-00024466,34238,BILL-00034238,6478,PAT-0006478,3,INS003,CarePlus Health,1,DEP001,Emergency,46108.13,0.0,46108.13,Rejected,Pre-authorization Missing,10.0,2025-03-07,2025-03-17,30,0,0,15,0,0,45,High,Rejected claim; Rejected value >= 25K
996,CLM-00000996,1402,BILL-00001402,20689,PAT-0020689,1,INS001,HealthSecure Insurance,8,DEP008,Gynecology,225999.06,179915.13,46083.93,Partially Approved,Duplicate Claim,44.0,2025-03-28,2025-05-11,0,0,10,15,10,10,45,High,Partially approved; Rejected value >= 25K; Claim value >= 100K; Processing > 30 days
31768,CLM-00031768,44437,BILL-00044437,22314,PAT-0022314,5,INS005,LifeCare Insurance,4,DEP004,Orthopedics,46041.55,0.0,46041.55,Rejected,Duplicate Claim,15.0,2025-08-10,2025-08-25,30,0,0,15,0,0,45,High,Rejected claim; Rejected value >= 25K
24601,CLM-00024601,34441,BILL-00034441,5915,PAT-0005915,1,INS001,HealthSecure Insurance,3,DEP003,Neurology,46039.5,0.0,46039.5,Rejected,Coverage Limit Exceeded,24.0,2023-12-18,2024-01-11,30,0,0,15,0,0,45,High,Rejected claim; Rejected value >= 25K
33345,CLM-00033345,46634,BILL-00046634,20902,PAT-0020902,2,INS002,MediShield Assurance,9,DEP009,ENT,46039.15,0.0,46039.15,Rejected,Duplicate Claim,23.0,2025-07-20,2025-08-12,30,0,0,15,0,0,45,High,Rejected claim; Rejected value >= 25K
8125,CLM-00008125,11351,BILL-00011351,14245,PAT-0014245,4,INS004,National Health Plan,8,DEP008,Gynecology,46036.0,0.0,46036.0,Rejected,Missing Documentation,11.0,2026-05-02,2026-05-13,30,0,0,15,0,0,45,High,Rejected claim; Rejected value >= 25K
4143,CLM-00004143,5836,BILL-00005836,1872,PAT-0001872,5,INS005,LifeCare Insurance,8,DEP008,Gynecology,46000.63,0.0,46000.63,Rejected,Missing Documentation,21.0,2023-01-21,2023-02-11,30,0,0,15,0,0,45,High,Rejected claim; Rejected value >= 25K
17821,CLM-00017821,24957,BILL-00024957,6008,PAT-0006008,3,INS003,CarePlus Health,5,DEP005,Pediatrics,45995.95,0.0,45995.95,Rejected,Incorrect Coding,15.0,2024-04-04,2024-04-19,30,0,0,15,0,0,45,High,Rejected claim; Rejected value >= 25K
7475,CLM-00007475,10453,BILL-00010453,583,PAT-0000583,5,INS005,LifeCare Insurance,2,DEP002,Cardiology,45965.93,0.0,45965.93,Rejected,Missing Documentation,24.0,2026-02-06,2026-03-02,30,0,0,15,0,0,45,High,Rejected claim; Rejected value >= 25K
15405,CLM-00015405,21575,BILL-00021575,22311,PAT-0022311,2,INS002,MediShield Assurance,6,DEP006,General Medicine,125431.83,79469.18,45962.65,Partially Approved,Duplicate Claim,36.0,2025-06-27,2025-08-02,0,0,10,15,10,10,45,High,Partially approved; Rejected value >= 25K; Claim value >= 100K; Processing > 30 days
15513,CLM-00015513,21737,BILL-00021737,14411,PAT-0014411,3,INS003,CarePlus Health,5,DEP005,Pediatrics,45929.0,0.0,45929.0,Rejected,Incorrect Coding,6.0,2025-08-06,2025-08-12,30,0,0,15,0,0,45,High,Rejected claim; Rejected value >= 25K
35730,CLM-00035730,50000,BILL-00050000,17764,PAT-0017764,1,INS001,HealthSecure Insurance,9,DEP009,ENT,45926.2,0.0,45926.2,Rejected,Policy Exclusion,18.0,2026-03-06,2026-03-24,30,0,0,15,0,0,45,High,Rejected claim; Rejected value >= 25K
342,CLM-00000342,498,BILL-00000498,12225,PAT-0012225,4,INS004,National Health Plan,4,DEP004,Orthopedics,45889.32,0.0,45889.32,Rejected,Missing Documentation,19.0,2025-09-17,2025-10-06,30,0,0,15,0,0,45,High,Rejected claim; Rejected value >= 25K
26950,CLM-00026950,37712,BILL-00037712,18846,PAT-0018846,3,INS003,CarePlus Health,10,DEP010,Dermatology,45844.46,0.0,45844.46,Rejected,Incorrect Coding,8.0,2024-07-01,2024-07-09,30,0,0,15,0,0,45,High,Rejected claim; Rejected value >= 25K
25181,CLM-00025181,35244,BILL-00035244,4258,PAT-0004258,4,INS004,National Health Plan,6,DEP006,General Medicine,108627.46,62788.17,45839.29,Partially Approved,Policy Exclusion,33.0,2025-06-06,2025-07-09,0,0,10,15,10,10,45,High,Partially approved; Rejected value >= 25K; Claim value >= 100K; Processing > 30 days
7182,CLM-00007182,10037,BILL-00010037,19083,PAT-0019083,4,INS004,National Health Plan,4,DEP004,Orthopedics,45827.32,0.0,45827.32,Rejected,Policy Exclusion,11.0,2023-12-31,2024-01-11,30,0,0,15,0,0,45,High,Rejected claim; Rejected value >= 25K
6414,CLM-00006414,8966,BILL-00008966,16898,PAT-0016898,1,INS001,HealthSecure Insurance,2,DEP002,Cardiology,45815.18,0.0,45815.18,Rejected,Missing Documentation,19.0,2026-04-01,2026-04-20,30,0,0,15,0,0,45,High,Rejected claim; Rejected value >= 25K
6987,CLM-00006987,9764,BILL-00009764,9321,PAT-0009321,1,INS001,HealthSecure Insurance,7,DEP007,Oncology,45791.37,0.0,45791.37,Rejected,Pre-authorization Missing,22.0,2024-10-16,2024-11-07,30,0,0,15,0,0,45,High,Rejected claim; Rejected value >= 25K
18693,CLM-00018693,26121,BILL-00026121,17702,PAT-0017702,5,INS005,LifeCare Insurance,3,DEP003,Neurology,45781.62,0.0,45781.62,Rejected,Pre-authorization Missing,8.0,2026-05-16,2026-05-24,30,0,0,15,0,0,45,High,Rejected claim; Rejected value >= 25K
3419,CLM-00003419,4810,BILL-00004810,23916,PAT-0023916,4,INS004,National Health Plan,6,DEP006,General Medicine,45742.91,0.0,45742.91,Rejected,Duplicate Claim,12.0,2024-01-12,2024-01-24,30,0,0,15,0,0,45,High,Rejected claim; Rejected value >= 25K
20540,CLM-00020540,28729,BILL-00028729,14038,PAT-0014038,1,INS001,HealthSecure Insurance,3,DEP003,Neurology,45737.67,0.0,45737.67,Rejected,Incorrect Coding,23.0,2023-03-08,2023-03-31,30,0,0,15,0,0,45,High,Rejected claim; Rejected value >= 25K
2774,CLM-00002774,3916,BILL-00003916,1511,PAT-0001511,1,INS001,HealthSecure Insurance,10,DEP010,Dermatology,45715.76,0.0,45715.76,Rejected,Coverage Limit Exceeded,11.0,2025-04-30,2025-05-11,30,0,0,15,0,0,45,High,Rejected claim; Rejected value >= 25K
14905,CLM-00014905,20864,BILL-00020864,10712,PAT-0010712,3,INS003,CarePlus Health,5,DEP005,Pediatrics,45695.37,0.0,45695.37,Rejected,Duplicate Claim,12.0,2023-11-24,2023-12-06,30,0,0,15,0,0,45,High,Rejected claim; Rejected value >= 25K
28729,CLM-00028729,40209,BILL-00040209,9593,PAT-0009593,2,INS002,MediShield Assurance,7,DEP007,Oncology,45694.78,0.0,45694.78,Rejected,Policy Exclusion,23.0,2026-04-16,2026-05-09,30,0,0,15,0,0,45,High,Rejected claim; Rejected value >= 25K
17962,CLM-00017962,25146,BILL-00025146,23970,PAT-0023970,5,INS005,LifeCare Insurance,10,DEP010,Dermatology,45691.46,0.0,45691.46,Rejected,Policy Exclusion,22.0,2024-07-14,2024-08-05,30,0,0,15,0,0,45,High,Rejected claim; Rejected value >= 25K
6014,CLM-00006014,8420,BILL-00008420,12912,PAT-0012912,2,INS002,MediShield Assurance,10,DEP010,Dermatology,45669.47,0.0,45669.47,Rejected,Duplicate Claim,21.0,2024-04-07,2024-04-28,30,0,0,15,0,0,45,High,Rejected claim; Rejected value >= 25K
8283,CLM-00008283,11568,BILL-00011568,13916,PAT-0013916,1,INS001,HealthSecure Insurance,5,DEP005,Pediatrics,255767.83,210106.92,45660.91,Partially Approved,Missing Documentation,36.0,2025-03-09,2025-04-14,0,0,10,15,10,10,45,High,Partially approved; Rejected value >= 25K; Claim value >= 100K; Processing > 30 days
32723,CLM-00032723,45761,BILL-00045761,15541,PAT-0015541,2,INS002,MediShield Assurance,1,DEP001,Emergency,45599.45,0.0,45599.45,Rejected,Duplicate Claim,25.0,2024-03-14,2024-04-08,30,0,0,15,0,0,45,High,Rejected claim; Rejected value >= 25K
17491,CLM-00017491,24488,BILL-00024488,2725,PAT-0002725,3,INS003,CarePlus Health,5,DEP005,Pediatrics,102542.46,56948.86,45593.6,Partially Approved,Duplicate Claim,39.0,2025-12-25,2026-02-02,0,0,10,15,10,10,45,High,Partially approved; Rejected value >= 25K; Claim value >= 100K; Processing > 30 days
10858,CLM-00010858,15207,BILL-00015207,22272,PAT-0022272,3,INS003,CarePlus Health,10,DEP010,Dermatology,45575.89,0.0,45575.89,Rejected,Policy Exclusion,6.0,2025-04-25,2025-05-01,30,0,0,15,0,0,45,High,Rejected claim; Rejected value >= 25K
19625,CLM-00019625,27440,BILL-00027440,24903,PAT-0024903,1,INS001,HealthSecure Insurance,2,DEP002,Cardiology,45575.01,0.0,45575.01,Rejected,Pre-authorization Missing,12.0,2025-12-12,2025-12-24,30,0,0,15,0,0,45,High,Rejected claim; Rejected value >= 25K
31238,CLM-00031238,43711,BILL-00043711,13770,PAT-0013770,2,INS002,MediShield Assurance,8,DEP008,Gynecology,45573.93,0.0,45573.93,Rejected,Duplicate Claim,11.0,2024-12-12,2024-12-23,30,0,0,15,0,0,45,High,Rejected claim; Rejected value >= 25K
24406,CLM-00024406,34152,BILL-00034152,12804,PAT-0012804,2,INS002,MediShield Assurance,8,DEP008,Gynecology,108691.73,63124.13,45567.6,Partially Approved,Pre-authorization Missing,42.0,2025-04-09,2025-05-21,0,0,10,15,10,10,45,High,Partially approved; Rejected value >= 25K; Claim value >= 100K; Processing > 30 days
7499,CLM-00007499,10488,BILL-00010488,15925,PAT-0015925,3,INS003,CarePlus Health,6,DEP006,General Medicine,123534.45,78019.92,45514.53,Partially Approved,Missing Documentation,37.0,2025-07-01,2025-08-07,0,0,10,15,10,10,45,High,Partially approved; Rejected value >= 25K; Claim value >= 100K; Processing > 30 days
16736,CLM-00016736,23426,BILL-00023426,23258,PAT-0023258,4,INS004,National Health Plan,3,DEP003,Neurology,45465.75,0.0,45465.75,Rejected,Missing Documentation,12.0,2024-07-29,2024-08-10,30,0,0,15,0,0,45,High,Rejected claim; Rejected value >= 25K
26615,CLM-00026615,37254,BILL-00037254,24673,PAT-0024673,4,INS004,National Health Plan,3,DEP003,Neurology,45454.81,0.0,45454.81,Rejected,Incorrect Coding,21.0,2026-04-19,2026-05-10,30,0,0,15,0,0,45,High,Rejected claim; Rejected value >= 25K
906,CLM-00000906,1279,BILL-00001279,18714,PAT-0018714,5,INS005,LifeCare Insurance,9,DEP009,ENT,45445.16,0.0,45445.16,Rejected,Pre-authorization Missing,6.0,2025-07-02,2025-07-08,30,0,0,15,0,0,45,High,Rejected claim; Rejected value >= 25K
17013,CLM-00017013,23819,BILL-00023819,10898,PAT-0010898,4,INS004,National Health Plan,2,DEP002,Cardiology,111504.06,66084.8,45419.26,Partially Approved,Coverage Limit Exceeded,40.0,2026-01-31,2026-03-12,0,0,10,15,10,10,45,High,Partially approved; Rejected value >= 25K; Claim value >= 100K; Processing > 30 days
3630,CLM-00003630,5107,BILL-00005107,15306,PAT-0015306,5,INS005,LifeCare Insurance,9,DEP009,ENT,45403.05,0.0,45403.05,Rejected,Pre-authorization Missing,19.0,2024-09-23,2024-10-12,30,0,0,15,0,0,45,High,Rejected claim; Rejected value >= 25K
36431,CLM-00036316,51037,BILL-00050858,17752,PAT-0017752,4,INS004,National Health Plan,10,DEP010,Dermatology,209252.92,163860.81,45392.11,Partially Approved,Incorrect Coding,36.0,2026-10-10,2026-11-15,0,0,10,15,10,10,45,High,Partially approved; Rejected value >= 25K; Claim value >= 100K; Processing > 30 days
14302,CLM-00014302,19967,BILL-00019967,18413,PAT-0018413,1,INS001,HealthSecure Insurance,6,DEP006,General Medicine,106516.02,61124.56,45391.46,Partially Approved,Duplicate Claim,43.0,2023-03-14,2023-04-26,0,0,10,15,10,10,45,High,Partially approved; Rejected value >= 25K; Claim value >= 100K; Processing > 30 days
20366,CLM-00020366,28488,BILL-00028488,14820,PAT-0014820,4,INS004,National Health Plan,5,DEP005,Pediatrics,45388.06,0.0,45388.06,Rejected,Missing Documentation,12.0,2023-11-26,2023-12-08,30,0,0,15,0,0,45,High,Rejected claim; Rejected value >= 25K
23577,CLM-00023577,32966,BILL-00032966,20454,PAT-0020454,1,INS001,HealthSecure Insurance,10,DEP010,Dermatology,45361.84,0.0,45361.84,Rejected,Pre-authorization Missing,5.0,2025-06-09,2025-06-14,30,0,0,15,0,0,45,High,Rejected claim; Rejected value >= 25K
8444,CLM-00008444,11793,BILL-00011793,16094,PAT-0016094,1,INS001,HealthSecure Insurance,4,DEP004,Orthopedics,45356.01,0.0,45356.01,Rejected,Incorrect Coding,25.0,2024-07-02,2024-07-27,30,0,0,15,0,0,45,High,Rejected claim; Rejected value >= 25K
21992,CLM-00021992,30741,BILL-00030741,8848,PAT-0008848,3,INS003,CarePlus Health,1,DEP001,Emergency,140326.72,94983.82,45342.9,Partially Approved,Coverage Limit Exceeded,42.0,2024-07-05,2024-08-16,0,0,10,15,10,10,45,High,Partially approved; Rejected value >= 25K; Claim value >= 100K; Processing > 30 days
30622,CLM-00030622,42862,BILL-00042862,16933,PAT-0016933,3,INS003,CarePlus Health,2,DEP002,Cardiology,45319.45,0.0,45319.45,Rejected,Missing Documentation,23.0,2024-04-05,2024-04-28,30,0,0,15,0,0,45,High,Rejected claim; Rejected value >= 25K
13644,CLM-00013644,19055,BILL-00019055,669,PAT-0000669,5,INS005,LifeCare Insurance,6,DEP006,General Medicine,45299.55,0.0,45299.55,Rejected,Coverage Limit Exceeded,13.0,2025-12-31,2026-01-13,30,0,0,15,0,0,45,High,Rejected claim; Rejected value >= 25K
3535,CLM-00003535,4983,BILL-00004983,17499,PAT-0017499,3,INS003,CarePlus Health,5,DEP005,Pediatrics,228420.82,183125.42,45295.4,Partially Approved,Duplicate Claim,41.0,2025-10-25,2025-12-05,0,0,10,15,10,10,45,High,Partially approved; Rejected value >= 25K; Claim value >= 100K; Processing > 30 days
22639,CLM-00022639,31632,BILL-00031632,9793,PAT-0009793,5,INS005,LifeCare Insurance,7,DEP007,Oncology,175870.38,130582.81,45287.57,Partially Approved,Coverage Limit Exceeded,43.0,2025-03-13,2025-04-25,0,0,10,15,10,10,45,High,Partially approved; Rejected value >= 25K; Claim value >= 100K; Processing > 30 days
10756,CLM-00010756,15060,BILL-00015060,116,PAT-0000116,2,INS002,MediShield Assurance,8,DEP008,Gynecology,45281.37,0.0,45281.37,Rejected,Incorrect Coding,17.0,2023-02-14,2023-03-03,30,0,0,15,0,0,45,High,Rejected claim; Rejected value >= 25K
35968,CLM-00036157,50334,BILL-00050610,3545,PAT-0003545,1,INS001,HealthSecure Insurance,7,DEP007,Oncology,45233.78,0.0,45233.78,Rejected,Missing Documentation,5.0,2026-09-26,2026-10-01,30,0,0,15,0,0,45,High,Rejected claim; Rejected value >= 25K
8801,CLM-00008801,12290,BILL-00012290,6878,PAT-0006878,1,INS001,HealthSecure Insurance,8,DEP008,Gynecology,130444.09,85211.55,45232.54,Partially Approved,Duplicate Claim,37.0,2024-04-08,2024-05-15,0,0,10,15,10,10,45,High,Partially approved; Rejected value >= 25K; Claim value >= 100K; Processing > 30 days
14448,CLM-00014448,20171,BILL-00020171,596,PAT-0000596,3,INS003,CarePlus Health,4,DEP004,Orthopedics,45204.08,0.0,45204.08,Rejected,Duplicate Claim,20.0,2024-06-28,2024-07-18,30,0,0,15,0,0,45,High,Rejected claim; Rejected value >= 25K
26794,CLM-00026794,37500,BILL-00037500,17687,PAT-0017687,3,INS003,CarePlus Health,8,DEP008,Gynecology,45192.97,0.0,45192.97,Rejected,Duplicate Claim,18.0,2024-12-13,2024-12-31,30,0,0,15,0,0,45,High,Rejected claim; Rejected value >= 25K
27522,CLM-00027522,38502,BILL-00038502,11838,PAT-0011838,5,INS005,LifeCare Insurance,7,DEP007,Oncology,45179.18,0.0,45179.18,Rejected,Missing Documentation,21.0,2024-05-11,2024-06-01,30,0,0,15,0,0,45,High,Rejected claim; Rejected value >= 25K
20566,CLM-00020566,28759,BILL-00028759,22608,PAT-0022608,3,INS003,CarePlus Health,10,DEP010,Dermatology,117127.71,71962.56,45165.15,Partially Approved,Missing Documentation,36.0,2025-09-28,2025-11-03,0,0,10,15,10,10,45,High,Partially approved; Rejected value >= 25K; Claim value >= 100K; Processing > 30 days
5708,CLM-00005708,8010,BILL-00008010,20005,PAT-0020005,3,INS003,CarePlus Health,3,DEP003,Neurology,45161.09,0.0,45161.09,Rejected,Duplicate Claim,5.0,2024-03-19,2024-03-24,30,0,0,15,0,0,45,High,Rejected claim; Rejected value >= 25K
7853,CLM-00007853,10981,BILL-00010981,22697,PAT-0022697,5,INS005,LifeCare Insurance,1,DEP001,Emergency,45117.01,0.0,45117.01,Rejected,Pre-authorization Missing,15.0,2025-06-17,2025-07-02,30,0,0,15,0,0,45,High,Rejected claim; Rejected value >= 25K
18822,CLM-00018822,26297,BILL-00026297,18998,PAT-0018998,2,INS002,MediShield Assurance,10,DEP010,Dermatology,45104.72,0.0,45104.72,Rejected,Policy Exclusion,12.0,2025-11-18,2025-11-30,30,0,0,15,0,0,45,High,Rejected claim; Rejected value >= 25K
17446,CLM-00017446,24424,BILL-00024424,23955,PAT-0023955,1,INS001,HealthSecure Insurance,10,DEP010,Dermatology,45100.15,0.0,45100.15,Rejected,Incorrect Coding,19.0,2025-08-01,2025-08-20,30,0,0,15,0,0,45,High,Rejected claim; Rejected value >= 25K
16042,CLM-00016042,22469,BILL-00022469,19720,PAT-0019720,3,INS003,CarePlus Health,9,DEP009,ENT,45079.27,0.0,45079.27,Rejected,Duplicate Claim,8.0,2023-03-17,2023-03-25,30,0,0,15,0,0,45,High,Rejected claim; Rejected value >= 25K
28581,CLM-00028581,40006,BILL-00040006,9939,PAT-0009939,2,INS002,MediShield Assurance,9,DEP009,ENT,45073.12,0.0,45073.12,Rejected,Pre-authorization Missing,8.0,2026-04-18,2026-04-26,30,0,0,15,0,0,45,High,Rejected claim; Rejected value >= 25K
3912,CLM-00003912,5511,BILL-00005511,10596,PAT-0010596,5,INS005,LifeCare Insurance,5,DEP005,Pediatrics,45059.65,0.0,45059.65,Rejected,Policy Exclusion,24.0,2024-06-26,2024-07-20,30,0,0,15,0,0,45,High,Rejected claim; Rejected value >= 25K
31842,CLM-00031842,44547,BILL-00044547,8694,PAT-0008694,2,INS002,MediShield Assurance,6,DEP006,General Medicine,45058.19,0.0,45058.19,Rejected,Coverage Limit Exceeded,19.0,2023-05-30,2023-06-18,30,0,0,15,0,0,45,High,Rejected claim; Rejected value >= 25K
481,CLM-00000481,680,BILL-00000680,7627,PAT-0007627,1,INS001,HealthSecure Insurance,3,DEP003,Neurology,134575.15,89572.73,45002.42,Partially Approved,Policy Exclusion,36.0,2023-06-06,2023-07-12,0,0,10,15,10,10,45,High,Partially approved; Rejected value >= 25K; Claim value >= 100K; Processing > 30 days
24717,CLM-00024717,34589,BILL-00034589,4512,PAT-0004512,2,INS002,MediShield Assurance,5,DEP005,Pediatrics,44998.65,0.0,44998.65,Rejected,Policy Exclusion,5.0,2024-06-05,2024-06-10,30,0,0,15,0,0,45,High,Rejected claim; Rejected value >= 25K
35769,CLM-00035769,50052,BILL-00050052,17465,PAT-0017465,2,INS002,MediShield Assurance,9,DEP009,ENT,44989.29,0.0,44989.29,Rejected,Pre-authorization Missing,6.0,2026-09-27,2026-10-03,30,0,0,15,0,0,45,High,Rejected claim; Rejected value >= 25K
469,CLM-00000469,666,BILL-00000666,21457,PAT-0021457,1,INS001,HealthSecure Insurance,2,DEP002,Cardiology,44972.58,0.0,44972.58,Rejected,Coverage Limit Exceeded,19.0,2025-10-27,2025-11-15,30,0,0,15,0,0,45,High,Rejected claim; Rejected value >= 25K
9329,CLM-00009329,13036,BILL-00013036,21873,PAT-0021873,3,INS003,CarePlus Health,3,DEP003,Neurology,127766.94,82809.2,44957.74,Partially Approved,Missing Documentation,34.0,2024-04-01,2024-05-05,0,0,10,15,10,10,45,High,Partially approved; Rejected value >= 25K; Claim value >= 100K; Processing > 30 days
13966,CLM-00013966,19494,BILL-00019494,15785,PAT-0015785,5,INS005,LifeCare Insurance,2,DEP002,Cardiology,44946.68,0.0,44946.68,Rejected,Duplicate Claim,25.0,2025-08-05,2025-08-30,30,0,0,15,0,0,45,High,Rejected claim; Rejected value >= 25K
29675,CLM-00029675,41544,BILL-00041544,11433,PAT-0011433,3,INS003,CarePlus Health,2,DEP002,Cardiology,137361.57,92421.95,44939.62,Partially Approved,Incorrect Coding,43.0,2026-05-14,2026-06-26,0,0,10,15,10,10,45,High,Partially approved; Rejected value >= 25K; Claim value >= 100K; Processing > 30 days
27634,CLM-00027634,38670,BILL-00038670,24362,PAT-0024362,4,INS004,National Health Plan,2,DEP002,Cardiology,44936.04,0.0,44936.04,Rejected,Policy Exclusion,14.0,2026-06-23,2026-07-07,30,0,0,15,0,0,45,High,Rejected claim; Rejected value >= 25K
9565,CLM-00009565,13370,BILL-00013370,11018,PAT-0011018,5,INS005,LifeCare Insurance,7,DEP007,Oncology,44924.04,0.0,44924.04,Rejected,Pre-authorization Missing,11.0,2025-12-21,2026-01-01,30,0,0,15,0,0,45,High,Rejected claim; Rejected value >= 25K
6821,CLM-00006821,9533,BILL-00009533,23364,PAT-0023364,5,INS005,LifeCare Insurance,10,DEP010,Dermatology,44888.4,0.0,44888.4,Rejected,Pre-authorization Missing,18.0,2024-07-16,2024-08-03,30,0,0,15,0,0,45,High,Rejected claim; Rejected value >= 25K
27543,CLM-00027543,38532,BILL-00038532,16054,PAT-0016054,3,INS003,CarePlus Health,1,DEP001,Emergency,44882.44,0.0,44882.44,Rejected,Pre-authorization Missing,24.0,2025-10-11,2025-11-04,30,0,0,15,0,0,45,High,Rejected claim; Rejected value >= 25K
4697,CLM-00004697,6615,BILL-00006615,4541,PAT-0004541,2,INS002,MediShield Assurance,9,DEP009,ENT,44872.29,0.0,44872.29,Rejected,Duplicate Claim,15.0,2023-04-15,2023-04-30,30,0,0,15,0,0,45,High,Rejected claim; Rejected value >= 25K
26606,CLM-00026606,37245,BILL-00037245,11298,PAT-0011298,1,INS001,HealthSecure Insurance,4,DEP004,Orthopedics,44858.05,0.0,44858.05,Rejected,Missing Documentation,13.0,2026-01-29,2026-02-11,30,0,0,15,0,0,45,High,Rejected claim; Rejected value >= 25K
3801,CLM-00003801,5367,BILL-00005367,19504,PAT-0019504,5,INS005,LifeCare Insurance,10,DEP010,Dermatology,44806.94,0.0,44806.94,Rejected,Pre-authorization Missing,25.0,2023-05-25,2023-06-19,30,0,0,15,0,0,45,High,Rejected claim; Rejected value >= 25K
19835,CLM-00019835,27743,BILL-00027743,4454,PAT-0004454,1,INS001,HealthSecure Insurance,2,DEP002,Cardiology,44806.36,0.0,44806.36,Rejected,Duplicate Claim,14.0,2023-05-03,2023-05-17,30,0,0,15,0,0,45,High,Rejected claim; Rejected value >= 25K
753,CLM-00000753,1079,BILL-00001079,17231,PAT-0017231,3,INS003,CarePlus Health,4,DEP004,Orthopedics,44788.87,0.0,44788.87,Rejected,Incorrect Coding,12.0,2024-04-20,2024-05-02,30,0,0,15,0,0,45,High,Rejected claim; Rejected value >= 25K
26221,CLM-00026221,36693,BILL-00036693,7082,PAT-0007082,3,INS003,CarePlus Health,6,DEP006,General Medicine,44779.64,0.0,44779.64,Rejected,Policy Exclusion,7.0,2025-04-19,2025-04-26,30,0,0,15,0,0,45,High,Rejected claim; Rejected value >= 25K
31611,CLM-00031611,44219,BILL-00044219,16027,PAT-0016027,4,INS004,National Health Plan,4,DEP004,Orthopedics,44766.46,0.0,44766.46,Rejected,Missing Documentation,5.0,2025-04-26,2025-05-01,30,0,0,15,0,0,45,High,Rejected claim; Rejected value >= 25K
12663,CLM-00012663,17688,BILL-00017688,5044,PAT-0005044,1,INS001,HealthSecure Insurance,9,DEP009,ENT,44741.13,0.0,44741.13,Rejected,Incorrect Coding,23.0,2024-09-23,2024-10-16,30,0,0,15,0,0,45,High,Rejected claim; Rejected value >= 25K
17436,CLM-00017436,24407,BILL-00024407,21849,PAT-0021849,1,INS001,HealthSecure Insurance,6,DEP006,General Medicine,44668.84,0.0,44668.84,Rejected,Policy Exclusion,9.0,2025-06-10,2025-06-19,30,0,0,15,0,0,45,High,Rejected claim; Rejected value >= 25K
1571,CLM-00001571,2214,BILL-00002214,9276,PAT-0009276,1,INS001,HealthSecure Insurance,1,DEP001,Emergency,44661.98,0.0,44661.98,Rejected,Pre-authorization Missing,19.0,2024-03-20,2024-04-08,30,0,0,15,0,0,45,High,Rejected claim; Rejected value >= 25K
4443,CLM-00004443,6278,BILL-00006278,12004,PAT-0012004,2,INS002,MediShield Assurance,7,DEP007,Oncology,44654.31,0.0,44654.31,Rejected,Coverage Limit Exceeded,6.0,2024-07-24,2024-07-30,30,0,0,15,0,0,45,High,Rejected claim; Rejected value >= 25K
15853,CLM-00015853,22205,BILL-00022205,22544,PAT-0022544,3,INS003,CarePlus Health,4,DEP004,Orthopedics,44635.48,0.0,44635.48,Rejected,Pre-authorization Missing,7.0,2025-10-06,2025-10-13,30,0,0,15,0,0,45,High,Rejected claim; Rejected value >= 25K
35940,CLM-00036129,50292,BILL-00050568,2724,PAT-0002724,2,INS002,MediShield Assurance,2,DEP002,Cardiology,44625.17,0.0,44625.17,Rejected,Missing Documentation,13.0,2026-09-29,2026-10-12,30,0,0,15,0,0,45,High,Rejected claim; Rejected value >= 25K
24998,CLM-00024998,35003,BILL-00035003,4447,PAT-0004447,2,INS002,MediShield Assurance,10,DEP010,Dermatology,44603.16,0.0,44603.16,Rejected,Incorrect Coding,8.0,2025-09-01,2025-09-09,30,0,0,15,0,0,45,High,Rejected claim; Rejected value >= 25K
20669,CLM-00020669,28902,BILL-00028902,10372,PAT-0010372,4,INS004,National Health Plan,9,DEP009,ENT,44577.59,0.0,44577.59,Rejected,Missing Documentation,21.0,2026-04-12,2026-05-03,30,0,0,15,0,0,45,High,Rejected claim; Rejected value >= 25K
8703,CLM-00008703,12142,BILL-00012142,20031,PAT-0020031,4,INS004,National Health Plan,5,DEP005,Pediatrics,44547.14,0.0,44547.14,Rejected,Coverage Limit Exceeded,6.0,2025-05-02,2025-05-08,30,0,0,15,0,0,45,High,Rejected claim; Rejected value >= 25K
31255,CLM-00031255,43739,BILL-00043739,16326,PAT-0016326,4,INS004,National Health Plan,5,DEP005,Pediatrics,186126.52,141705.52,44421.0,Partially Approved,Coverage Limit Exceeded,33.0,2026-04-27,2026-05-30,0,0,10,15,10,10,45,High,Partially approved; Rejected value >= 25K; Claim value >= 100K; Processing > 30 days
23892,CLM-00023892,33440,BILL-00033440,9222,PAT-0009222,4,INS004,National Health Plan,9,DEP009,ENT,122030.79,77627.37,44403.42,Partially Approved,Coverage Limit Exceeded,34.0,2024-03-12,2024-04-15,0,0,10,15,10,10,45,High,Partially approved; Rejected value >= 25K; Claim value >= 100K; Processing > 30 days
3814,CLM-00003814,5383,BILL-00005383,506,PAT-0000506,3,INS003,CarePlus Health,8,DEP008,Gynecology,44400.73,0.0,44400.73,Rejected,Coverage Limit Exceeded,10.0,2023-12-11,2023-12-21,30,0,0,15,0,0,45,High,Rejected claim; Rejected value >= 25K
17657,CLM-00017657,24725,BILL-00024725,1845,PAT-0001845,5,INS005,LifeCare Insurance,6,DEP006,General Medicine,44397.11,0.0,44397.11,Rejected,Incorrect Coding,18.0,2023-11-06,2023-11-24,30,0,0,15,0,0,45,High,Rejected claim; Rejected value >= 25K
27931,CLM-00027931,39078,BILL-00039078,13341,PAT-0013341,3,INS003,CarePlus Health,2,DEP002,Cardiology,154924.88,110529.42,44395.46,Partially Approved,Policy Exclusion,37.0,2026-08-10,2026-09-16,0,0,10,15,10,10,45,High,Partially approved; Rejected value >= 25K; Claim value >= 100K; Processing > 30 days
9183,CLM-00009183,12838,BILL-00012838,20493,PAT-0020493,5,INS005,LifeCare Insurance,4,DEP004,Orthopedics,44390.8,0.0,44390.8,Rejected,Duplicate Claim,16.0,2026-07-10,2026-07-26,30,0,0,15,0,0,45,High,Rejected claim; Rejected value >= 25K
16107,CLM-00016107,22556,BILL-00022556,16702,PAT-0016702,2,INS002,MediShield Assurance,10,DEP010,Dermatology,44342.63,0.0,44342.63,Rejected,Missing Documentation,24.0,2023-06-16,2023-07-10,30,0,0,15,0,0,45,High,Rejected claim; Rejected value >= 25K
32959,CLM-00032959,46086,BILL-00046086,15321,PAT-0015321,5,INS005,LifeCare Insurance,9,DEP009,ENT,44323.44,0.0,44323.44,Rejected,Coverage Limit Exceeded,24.0,2026-08-23,2026-09-16,30,0,0,15,0,0,45,High,Rejected claim; Rejected value >= 25K
32272,CLM-00032272,45146,BILL-00045146,14375,PAT-0014375,2,INS002,MediShield Assurance,8,DEP008,Gynecology,44306.61,0.0,44306.61,Rejected,Policy Exclusion,5.0,2026-09-21,2026-09-26,30,0,0,15,0,0,45,High,Rejected claim; Rejected value >= 25K
31485,CLM-00031485,44043,BILL-00044043,5217,PAT-0005217,5,INS005,LifeCare Insurance,4,DEP004,Orthopedics,44299.79,0.0,44299.79,Rejected,Incorrect Coding,14.0,2025-12-26,2026-01-09,30,0,0,15,0,0,45,High,Rejected claim; Rejected value >= 25K
14485,CLM-00014485,20221,BILL-00020221,20793,PAT-0020793,4,INS004,National Health Plan,1,DEP001,Emergency,44296.35,0.0,44296.35,Rejected,Policy Exclusion,8.0,2024-08-04,2024-08-12,30,0,0,15,0,0,45,High,Rejected claim; Rejected value >= 25K
2176,CLM-00002176,3064,BILL-00003064,10269,PAT-0010269,2,INS002,MediShield Assurance,7,DEP007,Oncology,44293.9,0.0,44293.9,Rejected,Incorrect Coding,23.0,2025-02-18,2025-03-13,30,0,0,15,0,0,45,High,Rejected claim; Rejected value >= 25K
23812,CLM-00023812,33313,BILL-00033313,5276,PAT-0005276,2,INS002,MediShield Assurance,5,DEP005,Pediatrics,44257.85,0.0,44257.85,Rejected,Pre-authorization Missing,11.0,2024-12-17,2024-12-28,30,0,0,15,0,0,45,High,Rejected claim; Rejected value >= 25K
23605,CLM-00023605,33011,BILL-00033011,6185,PAT-0006185,5,INS005,LifeCare Insurance,4,DEP004,Orthopedics,44240.51,0.0,44240.51,Rejected,Missing Documentation,15.0,2024-01-14,2024-01-29,30,0,0,15,0,0,45,High,Rejected claim; Rejected value >= 25K
8798,CLM-00008798,12286,BILL-00012286,3460,PAT-0003460,3,INS003,CarePlus Health,8,DEP008,Gynecology,44234.75,0.0,44234.75,Rejected,Policy Exclusion,18.0,2023-10-11,2023-10-29,30,0,0,15,0,0,45,High,Rejected claim; Rejected value >= 25K
25568,CLM-00025568,35793,BILL-00035793,20090,PAT-0020090,4,INS004,National Health Plan,4,DEP004,Orthopedics,44185.3,0.0,44185.3,Rejected,Incorrect Coding,19.0,2023-01-20,2023-02-08,30,0,0,15,0,0,45,High,Rejected claim; Rejected value >= 25K
1926,CLM-00001926,2709,BILL-00002709,5938,PAT-0005938,3,INS003,CarePlus Health,7,DEP007,Oncology,44166.49,0.0,44166.49,Rejected,Policy Exclusion,5.0,2023-01-19,2023-01-24,30,0,0,15,0,0,45,High,Rejected claim; Rejected value >= 25K
31260,CLM-00031260,43745,BILL-00043745,5036,PAT-0005036,5,INS005,LifeCare Insurance,1,DEP001,Emergency,44161.73,0.0,44161.73,Rejected,Policy Exclusion,13.0,2024-04-25,2024-05-08,30,0,0,15,0,0,45,High,Rejected claim; Rejected value >= 25K
12925,CLM-00012925,18059,BILL-00018059,17743,PAT-0017743,5,INS005,LifeCare Insurance,9,DEP009,ENT,44135.95,0.0,44135.95,Rejected,Policy Exclusion,12.0,2025-08-03,2025-08-15,30,0,0,15,0,0,45,High,Rejected claim; Rejected value >= 25K
33134,CLM-00033134,46336,BILL-00046336,16666,PAT-0016666,1,INS001,HealthSecure Insurance,2,DEP002,Cardiology,44114.51,0.0,44114.51,Rejected,Pre-authorization Missing,9.0,2026-01-04,2026-01-13,30,0,0,15,0,0,45,High,Rejected claim; Rejected value >= 25K
4988,CLM-00004988,7005,BILL-00007005,21142,PAT-0021142,4,INS004,National Health Plan,6,DEP006,General Medicine,44098.54,0.0,44098.54,Rejected,Duplicate Claim,14.0,2025-10-13,2025-10-27,30,0,0,15,0,0,45,High,Rejected claim; Rejected value >= 25K
6972,CLM-00006972,9746,BILL-00009746,8631,PAT-0008631,2,INS002,MediShield Assurance,3,DEP003,Neurology,44076.26,0.0,44076.26,Rejected,Missing Documentation,17.0,2024-03-16,2024-04-02,30,0,0,15,0,0,45,High,Rejected claim; Rejected value >= 25K
26185,CLM-00026185,36646,BILL-00036646,10170,PAT-0010170,4,INS004,National Health Plan,3,DEP003,Neurology,44061.15,0.0,44061.15,Rejected,Policy Exclusion,12.0,2023-05-13,2023-05-25,30,0,0,15,0,0,45,High,Rejected claim; Rejected value >= 25K
5447,CLM-00005447,7644,BILL-00007644,3081,PAT-0003081,4,INS004,National Health Plan,6,DEP006,General Medicine,44059.04,0.0,44059.04,Rejected,Incorrect Coding,16.0,2023-05-31,2023-06-16,30,0,0,15,0,0,45,High,Rejected claim; Rejected value >= 25K
19052,CLM-00019052,26643,BILL-00026643,7536,PAT-0007536,2,INS002,MediShield Assurance,4,DEP004,Orthopedics,44003.66,0.0,44003.66,Rejected,Policy Exclusion,10.0,2024-02-29,2024-03-10,30,0,0,15,0,0,45,High,Rejected claim; Rejected value >= 25K
17214,CLM-00017214,24090,BILL-00024090,17601,PAT-0017601,3,INS003,CarePlus Health,7,DEP007,Oncology,43972.47,0.0,43972.47,Rejected,Duplicate Claim,10.0,2026-01-04,2026-01-14,30,0,0,15,0,0,45,High,Rejected claim; Rejected value >= 25K
36304,CLM-00035949,50843,BILL-00050304,17617,PAT-0017617,5,INS005,LifeCare Insurance,2,DEP002,Cardiology,43962.93,0.0,43962.93,Rejected,Pre-authorization Missing,21.0,2026-10-02,2026-10-23,30,0,0,15,0,0,45,High,Rejected claim; Rejected value >= 25K
12061,CLM-00012061,16854,BILL-00016854,4985,PAT-0004985,5,INS005,LifeCare Insurance,6,DEP006,General Medicine,43939.99,0.0,43939.99,Rejected,Coverage Limit Exceeded,12.0,2024-01-27,2024-02-08,30,0,0,15,0,0,45,High,Rejected claim; Rejected value >= 25K
35684,CLM-00035684,49948,BILL-00049948,12836,PAT-0012836,2,INS002,MediShield Assurance,8,DEP008,Gynecology,106213.73,62327.33,43886.4,Partially Approved,Policy Exclusion,44.0,2025-01-26,2025-03-11,0,0,10,15,10,10,45,High,Partially approved; Rejected value >= 25K; Claim value >= 100K; Processing > 30 days
33788,CLM-00033788,47249,BILL-00047249,10658,PAT-0010658,4,INS004,National Health Plan,9,DEP009,ENT,43875.64,0.0,43875.64,Rejected,Missing Documentation,11.0,2025-04-04,2025-04-15,30,0,0,15,0,0,45,High,Rejected claim; Rejected value >= 25K
16432,CLM-00016432,23020,BILL-00023020,4086,PAT-0004086,2,INS002,MediShield Assurance,8,DEP008,Gynecology,177688.58,133825.65,43862.93,Partially Approved,Policy Exclusion,36.0,2026-09-21,2026-10-27,0,0,10,15,10,10,45,High,Partially approved; Rejected value >= 25K; Claim value >= 100K; Processing > 30 days
12195,CLM-00012195,17044,BILL-00017044,7875,PAT-0007875,5,INS005,LifeCare Insurance,2,DEP002,Cardiology,43860.27,0.0,43860.27,Rejected,Incorrect Coding,23.0,2026-03-20,2026-04-12,30,0,0,15,0,0,45,High,Rejected claim; Rejected value >= 25K
5270,CLM-00005270,7393,BILL-00007393,23117,PAT-0023117,4,INS004,National Health Plan,2,DEP002,Cardiology,43856.55,0.0,43856.55,Rejected,Missing Documentation,14.0,2024-03-14,2024-03-28,30,0,0,15,0,0,45,High,Rejected claim; Rejected value >= 25K
519,CLM-00000519,730,BILL-00000730,11029,PAT-0011029,2,INS002,MediShield Assurance,7,DEP007,Oncology,43835.02,0.0,43835.02,Rejected,Missing Documentation,23.0,2025-07-22,2025-08-14,30,0,0,15,0,0,45,High,Rejected claim; Rejected value >= 25K
11617,CLM-00011617,16246,BILL-00016246,8683,PAT-0008683,4,INS004,National Health Plan,1,DEP001,Emergency,43830.37,0.0,43830.37,Rejected,Coverage Limit Exceeded,20.0,2026-01-11,2026-01-31,30,0,0,15,0,0,45,High,Rejected claim; Rejected value >= 25K
35971,CLM-00036160,50337,BILL-00050613,163,PAT-0000163,1,INS001,HealthSecure Insurance,5,DEP005,Pediatrics,43811.64,0.0,43811.64,Rejected,Incorrect Coding,13.0,2026-10-01,2026-10-14,30,0,0,15,0,0,45,High,Rejected claim; Rejected value >= 25K
2761,CLM-00002761,3898,BILL-00003898,12588,PAT-0012588,1,INS001,HealthSecure Insurance,1,DEP001,Emergency,43805.91,0.0,43805.91,Rejected,Pre-authorization Missing,8.0,2023-09-25,2023-10-03,30,0,0,15,0,0,45,High,Rejected claim; Rejected value >= 25K
18096,CLM-00018096,25322,BILL-00025322,14321,PAT-0014321,2,INS002,MediShield Assurance,2,DEP002,Cardiology,43794.45,0.0,43794.45,Rejected,Coverage Limit Exceeded,22.0,2024-08-06,2024-08-28,30,0,0,15,0,0,45,High,Rejected claim; Rejected value >= 25K
36541,CLM-00036426,51180,BILL-00051001,12976,PAT-0012976,1,INS001,HealthSecure Insurance,1,DEP001,Emergency,43760.94,0.0,43760.94,Rejected,Missing Documentation,19.0,2026-10-08,2026-10-27,30,0,0,15,0,0,45,High,Rejected claim; Rejected value >= 25K
19780,CLM-00019780,27662,BILL-00027662,8360,PAT-0008360,1,INS001,HealthSecure Insurance,3,DEP003,Neurology,163953.84,120226.41,43727.43,Partially Approved,Incorrect Coding,31.0,2023-09-11,2023-10-12,0,0,10,15,10,10,45,High,Partially approved; Rejected value >= 25K; Claim value >= 100K; Processing > 30 days
9455,CLM-00009455,13196,BILL-00013196,6854,PAT-0006854,4,INS004,National Health Plan,2,DEP002,Cardiology,43673.29,0.0,43673.29,Rejected,Missing Documentation,23.0,2026-05-26,2026-06-18,30,0,0,15,0,0,45,High,Rejected claim; Rejected value >= 25K
27811,CLM-00027811,38915,BILL-00038915,20213,PAT-0020213,1,INS001,HealthSecure Insurance,1,DEP001,Emergency,150336.06,106703.32,43632.74,Partially Approved,Policy Exclusion,34.0,2023-01-28,2023-03-03,0,0,10,15,10,10,45,High,Partially approved; Rejected value >= 25K; Claim value >= 100K; Processing > 30 days
2725,CLM-00002725,3844,BILL-00003844,57,PAT-0000057,2,INS002,MediShield Assurance,9,DEP009,ENT,43595.08,0.0,43595.08,Rejected,Policy Exclusion,23.0,2025-07-12,2025-08-04,30,0,0,15,0,0,45,High,Rejected claim; Rejected value >= 25K
20317,CLM-00020317,28411,BILL-00028411,13597,PAT-0013597,1,INS001,HealthSecure Insurance,9,DEP009,ENT,138395.92,94807.5,43588.42,Partially Approved,Pre-authorization Missing,43.0,2025-06-22,2025-08-04,0,0,10,15,10,10,45,High,Partially approved; Rejected value >= 25K; Claim value >= 100K; Processing > 30 days
27935,CLM-00027935,39082,BILL-00039082,3902,PAT-0003902,1,INS001,HealthSecure Insurance,5,DEP005,Pediatrics,43562.5,0.0,43562.5,Rejected,Missing Documentation,16.0,2024-10-12,2024-10-28,30,0,0,15,0,0,45,High,Rejected claim; Rejected value >= 25K
2710,CLM-00002710,3816,BILL-00003816,6485,PAT-0006485,4,INS004,National Health Plan,3,DEP003,Neurology,43556.08,0.0,43556.08,Rejected,Incorrect Coding,25.0,2025-08-21,2025-09-15,30,0,0,15,0,0,45,High,Rejected claim; Rejected value >= 25K
10233,CLM-00010233,14323,BILL-00014323,15398,PAT-0015398,1,INS001,HealthSecure Insurance,7,DEP007,Oncology,43541.63,0.0,43541.63,Rejected,Duplicate Claim,19.0,2026-09-01,2026-09-20,30,0,0,15,0,0,45,High,Rejected claim; Rejected value >= 25K
5057,CLM-00005057,7098,BILL-00007098,1206,PAT-0001206,1,INS001,HealthSecure Insurance,6,DEP006,General Medicine,112229.8,68696.99,43532.81,Partially Approved,Incorrect Coding,43.0,2023-02-02,2023-03-17,0,0,10,15,10,10,45,High,Partially approved; Rejected value >= 25K; Claim value >= 100K; Processing > 30 days
3416,CLM-00003416,4807,BILL-00004807,21493,PAT-0021493,2,INS002,MediShield Assurance,5,DEP005,Pediatrics,43515.13,0.0,43515.13,Rejected,Duplicate Claim,25.0,2024-07-14,2024-08-08,30,0,0,15,0,0,45,High,Rejected claim; Rejected value >= 25K
16733,CLM-00016733,23422,BILL-00023422,737,PAT-0000737,5,INS005,LifeCare Insurance,5,DEP005,Pediatrics,43510.62,0.0,43510.62,Rejected,Missing Documentation,22.0,2024-03-07,2024-03-29,30,0,0,15,0,0,45,High,Rejected claim; Rejected value >= 25K
4798,CLM-00004798,6747,BILL-00006747,1120,PAT-0001120,5,INS005,LifeCare Insurance,8,DEP008,Gynecology,43448.47,0.0,43448.47,Rejected,Coverage Limit Exceeded,18.0,2025-12-28,2026-01-15,30,0,0,15,0,0,45,High,Rejected claim; Rejected value >= 25K
26328,CLM-00026328,36840,BILL-00036840,7437,PAT-0007437,4,INS004,National Health Plan,2,DEP002,Cardiology,120873.1,77445.39,43427.71,Partially Approved,Incorrect Coding,39.0,2023-09-03,2023-10-12,0,0,10,15,10,10,45,High,Partially approved; Rejected value >= 25K; Claim value >= 100K; Processing > 30 days
3941,CLM-00003941,5551,BILL-00005551,10769,PAT-0010769,4,INS004,National Health Plan,6,DEP006,General Medicine,43402.81,0.0,43402.81,Rejected,Missing Documentation,7.0,2026-03-21,2026-03-28,30,0,0,15,0,0,45,High,Rejected claim; Rejected value >= 25K
11185,CLM-00011185,15657,BILL-00015657,6870,PAT-0006870,3,INS003,CarePlus Health,8,DEP008,Gynecology,43386.49,0.0,43386.49,Rejected,Coverage Limit Exceeded,16.0,2023-07-28,2023-08-13,30,0,0,15,0,0,45,High,Rejected claim; Rejected value >= 25K
10887,CLM-00010887,15249,BILL-00015249,12055,PAT-0012055,2,INS002,MediShield Assurance,6,DEP006,General Medicine,43375.84,0.0,43375.84,Rejected,Missing Documentation,17.0,2024-07-18,2024-08-04,30,0,0,15,0,0,45,High,Rejected claim; Rejected value >= 25K
23507,CLM-00023507,32861,BILL-00032861,5124,PAT-0005124,1,INS001,HealthSecure Insurance,5,DEP005,Pediatrics,43362.44,0.0,43362.44,Rejected,Incorrect Coding,22.0,2025-06-24,2025-07-16,30,0,0,15,0,0,45,High,Rejected claim; Rejected value >= 25K
12015,CLM-00012015,16791,BILL-00016791,2797,PAT-0002797,5,INS005,LifeCare Insurance,2,DEP002,Cardiology,43330.08,0.0,43330.08,Rejected,Policy Exclusion,13.0,2024-01-12,2024-01-25,30,0,0,15,0,0,45,High,Rejected claim; Rejected value >= 25K
2499,CLM-00002499,3515,BILL-00003515,20690,PAT-0020690,1,INS001,HealthSecure Insurance,1,DEP001,Emergency,43275.92,0.0,43275.92,Rejected,Duplicate Claim,8.0,2026-07-11,2026-07-19,30,0,0,15,0,0,45,High,Rejected claim; Rejected value >= 25K
14548,CLM-00014548,20311,BILL-00020311,17743,PAT-0017743,3,INS003,CarePlus Health,6,DEP006,General Medicine,43266.06,0.0,43266.06,Rejected,Incorrect Coding,11.0,2023-12-16,2023-12-27,30,0,0,15,0,0,45,High,Rejected claim; Rejected value >= 25K
31240,CLM-00031240,43713,BILL-00043713,2922,PAT-0002922,2,INS002,MediShield Assurance,9,DEP009,ENT,43256.8,0.0,43256.8,Rejected,Duplicate Claim,12.0,2025-10-08,2025-10-20,30,0,0,15,0,0,45,High,Rejected claim; Rejected value >= 25K
33859,CLM-00033859,47350,BILL-00047350,23138,PAT-0023138,1,INS001,HealthSecure Insurance,6,DEP006,General Medicine,43251.49,0.0,43251.49,Rejected,Coverage Limit Exceeded,25.0,2023-07-18,2023-08-12,30,0,0,15,0,0,45,High,Rejected claim; Rejected value >= 25K
19844,CLM-00019844,27754,BILL-00027754,20372,PAT-0020372,5,INS005,LifeCare Insurance,7,DEP007,Oncology,43220.82,0.0,43220.82,Rejected,Coverage Limit Exceeded,10.0,2025-12-20,2025-12-30,30,0,0,15,0,0,45,High,Rejected claim; Rejected value >= 25K
22749,CLM-00022749,31785,BILL-00031785,24620,PAT-0024620,2,INS002,MediShield Assurance,2,DEP002,Cardiology,174697.96,131499.12,43198.84,Partially Approved,Coverage Limit Exceeded,43.0,2025-03-13,2025-04-25,0,0,10,15,10,10,45,High,Partially approved; Rejected value >= 25K; Claim value >= 100K; Processing > 30 days
30453,CLM-00030453,42623,BILL-00042623,7124,PAT-0007124,5,INS005,LifeCare Insurance,1,DEP001,Emergency,143547.01,100348.47,43198.54,Partially Approved,Coverage Limit Exceeded,33.0,2025-12-08,2026-01-10,0,0,10,15,10,10,45,High,Partially approved; Rejected value >= 25K; Claim value >= 100K; Processing > 30 days
12267,CLM-00012267,17143,BILL-00017143,13075,PAT-0013075,1,INS001,HealthSecure Insurance,9,DEP009,ENT,43191.64,0.0,43191.64,Rejected,Missing Documentation,16.0,2025-07-06,2025-07-22,30,0,0,15,0,0,45,High,Rejected claim; Rejected value >= 25K
26831,CLM-00026831,37551,BILL-00037551,19618,PAT-0019618,5,INS005,LifeCare Insurance,2,DEP002,Cardiology,43190.65,0.0,43190.65,Rejected,Incorrect Coding,7.0,2024-02-24,2024-03-02,30,0,0,15,0,0,45,High,Rejected claim; Rejected value >= 25K
606,CLM-00000606,863,BILL-00000863,5672,PAT-0005672,1,INS001,HealthSecure Insurance,2,DEP002,Cardiology,43162.51,0.0,43162.51,Rejected,Coverage Limit Exceeded,20.0,2025-02-05,2025-02-25,30,0,0,15,0,0,45,High,Rejected claim; Rejected value >= 25K
31940,CLM-00031940,44684,BILL-00044684,20686,PAT-0020686,1,INS001,HealthSecure Insurance,3,DEP003,Neurology,43160.17,0.0,43160.17,Rejected,Missing Documentation,14.0,2026-07-28,2026-08-11,30,0,0,15,0,0,45,High,Rejected claim; Rejected value >= 25K
33611,CLM-00033611,47014,BILL-00047014,20229,PAT-0020229,5,INS005,LifeCare Insurance,8,DEP008,Gynecology,43150.24,0.0,43150.24,Rejected,Duplicate Claim,9.0,2024-11-29,2024-12-08,30,0,0,15,0,0,45,High,Rejected claim; Rejected value >= 25K
34914,CLM-00034914,48875,BILL-00048875,1624,PAT-0001624,4,INS004,National Health Plan,7,DEP007,Oncology,43139.92,0.0,43139.92,Rejected,Policy Exclusion,11.0,2023-12-25,2024-01-05,30,0,0,15,0,0,45,High,Rejected claim; Rejected value >= 25K
765,CLM-00000765,1094,BILL-00001094,20528,PAT-0020528,3,INS003,CarePlus Health,4,DEP004,Orthopedics,129203.78,86082.82,43120.96,Partially Approved,Coverage Limit Exceeded,36.0,2024-06-23,2024-07-29,0,0,10,15,10,10,45,High,Partially approved; Rejected value >= 25K; Claim value >= 100K; Processing > 30 days
20597,CLM-00020597,28799,BILL-00028799,5754,PAT-0005754,5,INS005,LifeCare Insurance,2,DEP002,Cardiology,180521.49,137481.03,43040.46,Partially Approved,Missing Documentation,45.0,2025-08-08,2025-09-22,0,0,10,15,10,10,45,High,Partially approved; Rejected value >= 25K; Claim value >= 100K; Processing > 30 days
28398,CLM-00028398,39731,BILL-00039731,13668,PAT-0013668,1,INS001,HealthSecure Insurance,10,DEP010,Dermatology,43036.87,0.0,43036.87,Rejected,Duplicate Claim,24.0,2023-03-30,2023-04-23,30,0,0,15,0,0,45,High,Rejected claim; Rejected value >= 25K
25574,CLM-00025574,35802,BILL-00035802,11550,PAT-0011550,4,INS004,National Health Plan,9,DEP009,ENT,133246.52,90226.2,43020.32,Partially Approved,Incorrect Coding,33.0,2024-02-05,2024-03-09,0,0,10,15,10,10,45,High,Partially approved; Rejected value >= 25K; Claim value >= 100K; Processing > 30 days
36480,CLM-00036365,51103,BILL-00050924,8286,PAT-0008286,1,INS001,HealthSecure Insurance,10,DEP010,Dermatology,43018.1,0.0,43018.1,Rejected,Policy Exclusion,12.0,2026-10-06,2026-10-18,30,0,0,15,0,0,45,High,Rejected claim; Rejected value >= 25K
10252,CLM-00010252,14349,BILL-00014349,1198,PAT-0001198,3,INS003,CarePlus Health,8,DEP008,Gynecology,43011.75,0.0,43011.75,Rejected,Pre-authorization Missing,24.0,2023-05-11,2023-06-04,30,0,0,15,0,0,45,High,Rejected claim; Rejected value >= 25K
36702,CLM-00036587,51406,BILL-00051227,7518,PAT-0007518,1,INS001,HealthSecure Insurance,1,DEP001,Emergency,42988.18,0.0,42988.18,Rejected,Policy Exclusion,20.0,2026-10-09,2026-10-29,30,0,0,15,0,0,45,High,Rejected claim; Rejected value >= 25K
15909,CLM-00015909,22279,BILL-00022279,13071,PAT-0013071,2,INS002,MediShield Assurance,9,DEP009,ENT,42980.5,0.0,42980.5,Rejected,Duplicate Claim,8.0,2024-05-31,2024-06-08,30,0,0,15,0,0,45,High,Rejected claim; Rejected value >= 25K
9813,CLM-00009813,13728,BILL-00013728,17736,PAT-0017736,2,INS002,MediShield Assurance,7,DEP007,Oncology,42972.12,0.0,42972.12,Rejected,Coverage Limit Exceeded,7.0,2023-04-15,2023-04-22,30,0,0,15,0,0,45,High,Rejected claim; Rejected value >= 25K
26594,CLM-00026594,37231,BILL-00037231,11398,PAT-0011398,4,INS004,National Health Plan,3,DEP003,Neurology,42935.6,0.0,42935.6,Rejected,Pre-authorization Missing,19.0,2024-01-30,2024-02-18,30,0,0,15,0,0,45,High,Rejected claim; Rejected value >= 25K
32408,CLM-00032408,45327,BILL-00045327,16577,PAT-0016577,2,INS002,MediShield Assurance,5,DEP005,Pediatrics,42932.43,0.0,42932.43,Rejected,Duplicate Claim,24.0,2024-06-14,2024-07-08,30,0,0,15,0,0,45,High,Rejected claim; Rejected value >= 25K
23537,CLM-00023537,32899,BILL-00032899,8495,PAT-0008495,2,INS002,MediShield Assurance,9,DEP009,ENT,160579.48,117659.45,42920.03,Partially Approved,Incorrect Coding,39.0,2023-06-21,2023-07-30,0,0,10,15,10,10,45,High,Partially approved; Rejected value >= 25K; Claim value >= 100K; Processing > 30 days
14585,CLM-00014585,20375,BILL-00020375,23639,PAT-0023639,5,INS005,LifeCare Insurance,6,DEP006,General Medicine,42913.98,0.0,42913.98,Rejected,Coverage Limit Exceeded,15.0,2023-03-07,2023-03-22,30,0,0,15,0,0,45,High,Rejected claim; Rejected value >= 25K
14952,CLM-00014952,20927,BILL-00020927,19863,PAT-0019863,4,INS004,National Health Plan,9,DEP009,ENT,212681.38,169769.19,42912.19,Partially Approved,Coverage Limit Exceeded,33.0,2024-09-12,2024-10-15,0,0,10,15,10,10,45,High,Partially approved; Rejected value >= 25K; Claim value >= 100K; Processing > 30 days
14300,CLM-00014300,19965,BILL-00019965,8998,PAT-0008998,5,INS005,LifeCare Insurance,9,DEP009,ENT,124786.63,81903.51,42883.12,Partially Approved,Missing Documentation,38.0,2023-03-01,2023-04-08,0,0,10,15,10,10,45,High,Partially approved; Rejected value >= 25K; Claim value >= 100K; Processing > 30 days
25236,CLM-00025236,35316,BILL-00035316,23477,PAT-0023477,4,INS004,National Health Plan,8,DEP008,Gynecology,42840.87,0.0,42840.87,Rejected,Pre-authorization Missing,19.0,2024-10-31,2024-11-19,30,0,0,15,0,0,45,High,Rejected claim; Rejected value >= 25K
12809,CLM-00012809,17891,BILL-00017891,7386,PAT-0007386,4,INS004,National Health Plan,2,DEP002,Cardiology,42816.7,0.0,42816.7,Rejected,Missing Documentation,14.0,2026-03-14,2026-03-28,30,0,0,15,0,0,45,High,Rejected claim; Rejected value >= 25K
26585,CLM-00026585,37217,BILL-00037217,6516,PAT-0006516,2,INS002,MediShield Assurance,9,DEP009,ENT,42808.29,0.0,42808.29,Rejected,Policy Exclusion,5.0,2024-03-18,2024-03-23,30,0,0,15,0,0,45,High,Rejected claim; Rejected value >= 25K
25809,CLM-00025809,36130,BILL-00036130,20828,PAT-0020828,4,INS004,National Health Plan,3,DEP003,Neurology,42804.55,0.0,42804.55,Rejected,Missing Documentation,6.0,2025-07-16,2025-07-22,30,0,0,15,0,0,45,High,Rejected claim; Rejected value >= 25K
36417,CLM-00036302,51014,BILL-00050835,275,PAT-0000275,4,INS004,National Health Plan,2,DEP002,Cardiology,212492.8,169689.7,42803.1,Partially Approved,Incorrect Coding,32.0,2026-10-14,2026-11-15,0,0,10,15,10,10,45,High,Partially approved; Rejected value >= 25K; Claim value >= 100K; Processing > 30 days
32403,CLM-00032403,45321,BILL-00045321,5494,PAT-0005494,5,INS005,LifeCare Insurance,3,DEP003,Neurology,42785.03,0.0,42785.03,Rejected,Pre-authorization Missing,18.0,2024-08-05,2024-08-23,30,0,0,15,0,0,45,High,Rejected claim; Rejected value >= 25K
28245,CLM-00028245,39522,BILL-00039522,6801,PAT-0006801,4,INS004,National Health Plan,3,DEP003,Neurology,42768.23,0.0,42768.23,Rejected,Duplicate Claim,14.0,2024-10-31,2024-11-14,30,0,0,15,0,0,45,High,Rejected claim; Rejected value >= 25K
8557,CLM-00008557,11936,BILL-00011936,15579,PAT-0015579,4,INS004,National Health Plan,6,DEP006,General Medicine,108175.01,65453.02,42721.99,Partially Approved,Coverage Limit Exceeded,31.0,2025-03-22,2025-04-22,0,0,10,15,10,10,45,High,Partially approved; Rejected value >= 25K; Claim value >= 100K; Processing > 30 days
32798,CLM-00032798,45867,BILL-00045867,21261,PAT-0021261,4,INS004,National Health Plan,6,DEP006,General Medicine,42670.9,0.0,42670.9,Rejected,Incorrect Coding,22.0,2026-05-03,2026-05-25,30,0,0,15,0,0,45,High,Rejected claim; Rejected value >= 25K
11524,CLM-00011524,16119,BILL-00016119,1233,PAT-0001233,2,INS002,MediShield Assurance,1,DEP001,Emergency,42649.47,0.0,42649.47,Rejected,Pre-authorization Missing,7.0,2024-04-26,2024-05-03,30,0,0,15,0,0,45,High,Rejected claim; Rejected value >= 25K
15764,CLM-00015764,22094,BILL-00022094,11422,PAT-0011422,1,INS001,HealthSecure Insurance,6,DEP006,General Medicine,42644.14,0.0,42644.14,Rejected,Pre-authorization Missing,21.0,2024-02-22,2024-03-14,30,0,0,15,0,0,45,High,Rejected claim; Rejected value >= 25K
303,CLM-00000303,438,BILL-00000438,24956,PAT-0024956,1,INS001,HealthSecure Insurance,5,DEP005,Pediatrics,42639.45,0.0,42639.45,Rejected,Pre-authorization Missing,21.0,2025-10-15,2025-11-05,30,0,0,15,0,0,45,High,Rejected claim; Rejected value >= 25K
28116,CLM-00028116,39334,BILL-00039334,8155,PAT-0008155,5,INS005,LifeCare Insurance,3,DEP003,Neurology,42637.71,0.0,42637.71,Rejected,Policy Exclusion,9.0,2025-11-24,2025-12-03,30,0,0,15,0,0,45,High,Rejected claim; Rejected value >= 25K
23950,CLM-00023950,33521,BILL-00033521,715,PAT-0000715,4,INS004,National Health Plan,9,DEP009,ENT,42604.96,0.0,42604.96,Rejected,Incorrect Coding,21.0,2026-05-23,2026-06-13,30,0,0,15,0,0,45,High,Rejected claim; Rejected value >= 25K
13935,CLM-00013935,19455,BILL-00019455,7725,PAT-0007725,5,INS005,LifeCare Insurance,10,DEP010,Dermatology,161554.54,118953.25,42601.29,Partially Approved,Incorrect Coding,36.0,2024-04-26,2024-06-01,0,0,10,15,10,10,45,High,Partially approved; Rejected value >= 25K; Claim value >= 100K; Processing > 30 days
15334,CLM-00015334,21469,BILL-00021469,24220,PAT-0024220,3,INS003,CarePlus Health,6,DEP006,General Medicine,42588.07,0.0,42588.07,Rejected,Policy Exclusion,17.0,2026-08-06,2026-08-23,30,0,0,15,0,0,45,High,Rejected claim; Rejected value >= 25K
9594,CLM-00009594,13413,BILL-00013413,11649,PAT-0011649,5,INS005,LifeCare Insurance,3,DEP003,Neurology,42579.62,0.0,42579.62,Rejected,Coverage Limit Exceeded,9.0,2023-11-10,2023-11-19,30,0,0,15,0,0,45,High,Rejected claim; Rejected value >= 25K
14993,CLM-00014993,20976,BILL-00020976,12741,PAT-0012741,3,INS003,CarePlus Health,2,DEP002,Cardiology,42569.12,0.0,42569.12,Rejected,Pre-authorization Missing,11.0,2026-05-09,2026-05-20,30,0,0,15,0,0,45,High,Rejected claim; Rejected value >= 25K
4584,CLM-00004584,6475,BILL-00006475,13547,PAT-0013547,3,INS003,CarePlus Health,9,DEP009,ENT,42568.19,0.0,42568.19,Rejected,Duplicate Claim,23.0,2025-11-08,2025-12-01,30,0,0,15,0,0,45,High,Rejected claim; Rejected value >= 25K
16037,CLM-00016037,22462,BILL-00022462,12477,PAT-0012477,1,INS001,HealthSecure Insurance,5,DEP005,Pediatrics,42566.08,0.0,42566.08,Rejected,Coverage Limit Exceeded,11.0,2025-06-20,2025-07-01,30,0,0,15,0,0,45,High,Rejected claim; Rejected value >= 25K
12183,CLM-00012183,17026,BILL-00017026,20470,PAT-0020470,2,INS002,MediShield Assurance,7,DEP007,Oncology,42556.53,0.0,42556.53,Rejected,Coverage Limit Exceeded,10.0,2023-09-06,2023-09-16,30,0,0,15,0,0,45,High,Rejected claim; Rejected value >= 25K
6027,CLM-00006027,8441,BILL-00008441,3265,PAT-0003265,2,INS002,MediShield Assurance,10,DEP010,Dermatology,232446.52,189900.14,42546.38,Partially Approved,Pre-authorization Missing,40.0,2025-06-13,2025-07-23,0,0,10,15,10,10,45,High,Partially approved; Rejected value >= 25K; Claim value >= 100K; Processing > 30 days
355,CLM-00000355,515,BILL-00000515,18048,PAT-0018048,4,INS004,National Health Plan,5,DEP005,Pediatrics,42529.13,0.0,42529.13,Rejected,Duplicate Claim,8.0,2023-01-28,2023-02-05,30,0,0,15,0,0,45,High,Rejected claim; Rejected value >= 25K
10131,CLM-00010131,14186,BILL-00014186,17039,PAT-0017039,4,INS004,National Health Plan,10,DEP010,Dermatology,42506.86,0.0,42506.86,Rejected,Incorrect Coding,20.0,2024-07-05,2024-07-25,30,0,0,15,0,0,45,High,Rejected claim; Rejected value >= 25K
14718,CLM-00014718,20586,BILL-00020586,8794,PAT-0008794,2,INS002,MediShield Assurance,1,DEP001,Emergency,42490.6,0.0,42490.6,Rejected,Incorrect Coding,19.0,2024-07-03,2024-07-22,30,0,0,15,0,0,45,High,Rejected claim; Rejected value >= 25K
33970,CLM-00033970,47517,BILL-00047517,20963,PAT-0020963,4,INS004,National Health Plan,3,DEP003,Neurology,42456.21,0.0,42456.21,Rejected,Duplicate Claim,17.0,2026-03-24,2026-04-10,30,0,0,15,0,0,45,High,Rejected claim; Rejected value >= 25K
7985,CLM-00007985,11158,BILL-00011158,20159,PAT-0020159,3,INS003,CarePlus Health,1,DEP001,Emergency,42435.74,0.0,42435.74,Rejected,Duplicate Claim,21.0,2024-12-22,2025-01-12,30,0,0,15,0,0,45,High,Rejected claim; Rejected value >= 25K
2076,CLM-00002076,2931,BILL-00002931,15391,PAT-0015391,2,INS002,MediShield Assurance,6,DEP006,General Medicine,42426.69,0.0,42426.69,Rejected,Pre-authorization Missing,11.0,2023-10-08,2023-10-19,30,0,0,15,0,0,45,High,Rejected claim; Rejected value >= 25K
34750,CLM-00034750,48644,BILL-00048644,7194,PAT-0007194,4,INS004,National Health Plan,8,DEP008,Gynecology,42426.21,0.0,42426.21,Rejected,Coverage Limit Exceeded,25.0,2024-10-22,2024-11-16,30,0,0,15,0,0,45,High,Rejected claim; Rejected value >= 25K
2620,CLM-00002620,3690,BILL-00003690,587,PAT-0000587,5,INS005,LifeCare Insurance,10,DEP010,Dermatology,42421.77,0.0,42421.77,Rejected,Coverage Limit Exceeded,15.0,2024-11-25,2024-12-10,30,0,0,15,0,0,45,High,Rejected claim; Rejected value >= 25K
7022,CLM-00007022,9809,BILL-00009809,21440,PAT-0021440,3,INS003,CarePlus Health,10,DEP010,Dermatology,42415.52,0.0,42415.52,Rejected,Duplicate Claim,18.0,2024-08-30,2024-09-17,30,0,0,15,0,0,45,High,Rejected claim; Rejected value >= 25K
20300,CLM-00020300,28387,BILL-00028387,19797,PAT-0019797,5,INS005,LifeCare Insurance,7,DEP007,Oncology,106458.79,64047.35,42411.44,Partially Approved,Pre-authorization Missing,35.0,2024-12-05,2025-01-09,0,0,10,15,10,10,45,High,Partially approved; Rejected value >= 25K; Claim value >= 100K; Processing > 30 days
9780,CLM-00009780,13681,BILL-00013681,21021,PAT-0021021,2,INS002,MediShield Assurance,5,DEP005,Pediatrics,42376.44,0.0,42376.44,Rejected,Pre-authorization Missing,8.0,2025-07-25,2025-08-02,30,0,0,15,0,0,45,High,Rejected claim; Rejected value >= 25K
8306,CLM-00008306,11604,BILL-00011604,7355,PAT-0007355,2,INS002,MediShield Assurance,8,DEP008,Gynecology,101598.69,59281.06,42317.63,Partially Approved,Pre-authorization Missing,31.0,2026-07-14,2026-08-14,0,0,10,15,10,10,45,High,Partially approved; Rejected value >= 25K; Claim value >= 100K; Processing > 30 days
20326,CLM-00020326,28426,BILL-00028426,5400,PAT-0005400,2,INS002,MediShield Assurance,7,DEP007,Oncology,42309.91,0.0,42309.91,Rejected,Incorrect Coding,24.0,2025-03-11,2025-04-04,30,0,0,15,0,0,45,High,Rejected claim; Rejected value >= 25K
12950,CLM-00012950,18090,BILL-00018090,2419,PAT-0002419,5,INS005,LifeCare Insurance,8,DEP008,Gynecology,42291.55,0.0,42291.55,Rejected,Pre-authorization Missing,25.0,2023-03-12,2023-04-06,30,0,0,15,0,0,45,High,Rejected claim; Rejected value >= 25K
17115,CLM-00017115,23958,BILL-00023958,9264,PAT-0009264,4,INS004,National Health Plan,5,DEP005,Pediatrics,42253.89,0.0,42253.89,Rejected,Policy Exclusion,16.0,2024-05-01,2024-05-17,30,0,0,15,0,0,45,High,Rejected claim; Rejected value >= 25K
26084,CLM-00026084,36507,BILL-00036507,18401,PAT-0018401,5,INS005,LifeCare Insurance,3,DEP003,Neurology,42252.97,0.0,42252.97,Rejected,Missing Documentation,19.0,2023-06-16,2023-07-05,30,0,0,15,0,0,45,High,Rejected claim; Rejected value >= 25K
25679,CLM-00025679,35953,BILL-00035953,19895,PAT-0019895,4,INS004,National Health Plan,1,DEP001,Emergency,42235.59,0.0,42235.59,Rejected,Pre-authorization Missing,16.0,2025-01-12,2025-01-28,30,0,0,15,0,0,45,High,Rejected claim; Rejected value >= 25K
22197,CLM-00022197,31032,BILL-00031032,14300,PAT-0014300,5,INS005,LifeCare Insurance,3,DEP003,Neurology,42203.46,0.0,42203.46,Rejected,Missing Documentation,11.0,2024-05-10,2024-05-21,30,0,0,15,0,0,45,High,Rejected claim; Rejected value >= 25K
4648,CLM-00004648,6556,BILL-00006556,13442,PAT-0013442,2,INS002,MediShield Assurance,5,DEP005,Pediatrics,42182.43,0.0,42182.43,Rejected,Pre-authorization Missing,10.0,2024-06-06,2024-06-16,30,0,0,15,0,0,45,High,Rejected claim; Rejected value >= 25K
24703,CLM-00024703,34570,BILL-00034570,16762,PAT-0016762,3,INS003,CarePlus Health,1,DEP001,Emergency,42173.95,0.0,42173.95,Rejected,Missing Documentation,8.0,2026-02-24,2026-03-04,30,0,0,15,0,0,45,High,Rejected claim; Rejected value >= 25K
32361,CLM-00032361,45258,BILL-00045258,23463,PAT-0023463,1,INS001,HealthSecure Insurance,1,DEP001,Emergency,42170.06,0.0,42170.06,Rejected,Coverage Limit Exceeded,10.0,2025-02-26,2025-03-08,30,0,0,15,0,0,45,High,Rejected claim; Rejected value >= 25K
17773,CLM-00017773,24889,BILL-00024889,15575,PAT-0015575,5,INS005,LifeCare Insurance,10,DEP010,Dermatology,105065.73,62905.29,42160.44,Partially Approved,Coverage Limit Exceeded,44.0,2023-05-02,2023-06-15,0,0,10,15,10,10,45,High,Partially approved; Rejected value >= 25K; Claim value >= 100K; Processing > 30 days
24550,CLM-00024550,34360,BILL-00034360,11369,PAT-0011369,4,INS004,National Health Plan,4,DEP004,Orthopedics,42156.78,0.0,42156.78,Rejected,Policy Exclusion,22.0,2023-07-11,2023-08-02,30,0,0,15,0,0,45,High,Rejected claim; Rejected value >= 25K
3436,CLM-00003436,4837,BILL-00004837,23208,PAT-0023208,5,INS005,LifeCare Insurance,4,DEP004,Orthopedics,42139.29,0.0,42139.29,Rejected,Incorrect Coding,13.0,2023-12-24,2024-01-06,30,0,0,15,0,0,45,High,Rejected claim; Rejected value >= 25K
28101,CLM-00028101,39311,BILL-00039311,6775,PAT-0006775,3,INS003,CarePlus Health,6,DEP006,General Medicine,134707.71,92573.31,42134.4,Partially Approved,Coverage Limit Exceeded,38.0,2024-02-09,2024-03-18,0,0,10,15,10,10,45,High,Partially approved; Rejected value >= 25K; Claim value >= 100K; Processing > 30 days
34953,CLM-00034953,48931,BILL-00048931,16633,PAT-0016633,5,INS005,LifeCare Insurance,5,DEP005,Pediatrics,42104.31,0.0,42104.31,Rejected,Pre-authorization Missing,12.0,2023-07-08,2023-07-20,30,0,0,15,0,0,45,High,Rejected claim; Rejected value >= 25K
17412,CLM-00017412,24373,BILL-00024373,6821,PAT-0006821,4,INS004,National Health Plan,9,DEP009,ENT,42080.17,0.0,42080.17,Rejected,Duplicate Claim,10.0,2023-01-28,2023-02-07,30,0,0,15,0,0,45,High,Rejected claim; Rejected value >= 25K
22429,CLM-00022429,31352,BILL-00031352,22226,PAT-0022226,4,INS004,National Health Plan,6,DEP006,General Medicine,42071.93,0.0,42071.93,Rejected,Duplicate Claim,16.0,2025-09-12,2025-09-28,30,0,0,15,0,0,45,High,Rejected claim; Rejected value >= 25K
21853,CLM-00021853,30550,BILL-00030550,117,PAT-0000117,3,INS003,CarePlus Health,4,DEP004,Orthopedics,42036.14,0.0,42036.14,Rejected,Policy Exclusion,9.0,2026-08-07,2026-08-16,30,0,0,15,0,0,45,High,Rejected claim; Rejected value >= 25K
23009,CLM-00023009,32149,BILL-00032149,19267,PAT-0019267,1,INS001,HealthSecure Insurance,3,DEP003,Neurology,41998.74,0.0,41998.74,Rejected,Duplicate Claim,17.0,2023-08-13,2023-08-30,30,0,0,15,0,0,45,High,Rejected claim; Rejected value >= 25K
4384,CLM-00004384,6195,BILL-00006195,2154,PAT-0002154,5,INS005,LifeCare Insurance,6,DEP006,General Medicine,41980.87,0.0,41980.87,Rejected,Incorrect Coding,7.0,2025-05-03,2025-05-10,30,0,0,15,0,0,45,High,Rejected claim; Rejected value >= 25K
20841,CLM-00020841,29145,BILL-00029145,8695,PAT-0008695,1,INS001,HealthSecure Insurance,8,DEP008,Gynecology,41960.62,0.0,41960.62,Rejected,Policy Exclusion,13.0,2023-05-27,2023-06-09,30,0,0,15,0,0,45,High,Rejected claim; Rejected value >= 25K
8564,CLM-00008564,11948,BILL-00011948,20401,PAT-0020401,5,INS005,LifeCare Insurance,10,DEP010,Dermatology,41895.35,0.0,41895.35,Rejected,Missing Documentation,8.0,2026-07-12,2026-07-20,30,0,0,15,0,0,45,High,Rejected claim; Rejected value >= 25K
16638,CLM-00016638,23298,BILL-00023298,9619,PAT-0009619,4,INS004,National Health Plan,9,DEP009,ENT,41823.13,0.0,41823.13,Rejected,Missing Documentation,16.0,2025-03-25,2025-04-10,30,0,0,15,0,0,45,High,Rejected claim; Rejected value >= 25K
34467,CLM-00034467,48229,BILL-00048229,2439,PAT-0002439,1,INS001,HealthSecure Insurance,8,DEP008,Gynecology,168639.4,126816.81,41822.59,Partially Approved,Duplicate Claim,39.0,2023-04-24,2023-06-02,0,0,10,15,10,10,45,High,Partially approved; Rejected value >= 25K; Claim value >= 100K; Processing > 30 days
12348,CLM-00012348,17257,BILL-00017257,1032,PAT-0001032,2,INS002,MediShield Assurance,8,DEP008,Gynecology,104890.5,63094.62,41795.88,Partially Approved,Missing Documentation,42.0,2023-08-13,2023-09-24,0,0,10,15,10,10,45,High,Partially approved; Rejected value >= 25K; Claim value >= 100K; Processing > 30 days
12223,CLM-00012223,17085,BILL-00017085,6494,PAT-0006494,2,INS002,MediShield Assurance,8,DEP008,Gynecology,41777.29,0.0,41777.29,Rejected,Missing Documentation,10.0,2025-08-01,2025-08-11,30,0,0,15,0,0,45,High,Rejected claim; Rejected value >= 25K
14399,CLM-00014399,20109,BILL-00020109,11762,PAT-0011762,1,INS001,HealthSecure Insurance,9,DEP009,ENT,41728.74,0.0,41728.74,Rejected,Missing Documentation,20.0,2023-05-19,2023-06-08,30,0,0,15,0,0,45,High,Rejected claim; Rejected value >= 25K
4461,CLM-00004461,6300,BILL-00006300,3225,PAT-0003225,5,INS005,LifeCare Insurance,9,DEP009,ENT,41715.79,0.0,41715.79,Rejected,Duplicate Claim,11.0,2026-09-13,2026-09-24,30,0,0,15,0,0,45,High,Rejected claim; Rejected value >= 25K
14612,CLM-00014612,20413,BILL-00020413,12675,PAT-0012675,1,INS001,HealthSecure Insurance,4,DEP004,Orthopedics,41666.93,0.0,41666.93,Rejected,Policy Exclusion,18.0,2024-07-14,2024-08-01,30,0,0,15,0,0,45,High,Rejected claim; Rejected value >= 25K
29637,CLM-00029637,41491,BILL-00041491,24884,PAT-0024884,3,INS003,CarePlus Health,4,DEP004,Orthopedics,41660.75,0.0,41660.75,Rejected,Coverage Limit Exceeded,17.0,2024-10-15,2024-11-01,30,0,0,15,0,0,45,High,Rejected claim; Rejected value >= 25K
27585,CLM-00027585,38587,BILL-00038587,13028,PAT-0013028,5,INS005,LifeCare Insurance,1,DEP001,Emergency,41632.99,0.0,41632.99,Rejected,Pre-authorization Missing,18.0,2023-06-27,2023-07-15,30,0,0,15,0,0,45,High,Rejected claim; Rejected value >= 25K
25230,CLM-00025230,35308,BILL-00035308,15798,PAT-0015798,3,INS003,CarePlus Health,7,DEP007,Oncology,41600.83,0.0,41600.83,Rejected,Pre-authorization Missing,21.0,2026-05-08,2026-05-29,30,0,0,15,0,0,45,High,Rejected claim; Rejected value >= 25K
24426,CLM-00024426,34182,BILL-00034182,21440,PAT-0021440,3,INS003,CarePlus Health,2,DEP002,Cardiology,41534.95,0.0,41534.95,Rejected,Policy Exclusion,24.0,2025-04-19,2025-05-13,30,0,0,15,0,0,45,High,Rejected claim; Rejected value >= 25K
28277,CLM-00028277,39566,BILL-00039566,12032,PAT-0012032,2,INS002,MediShield Assurance,6,DEP006,General Medicine,41526.4,0.0,41526.4,Rejected,Pre-authorization Missing,22.0,2023-08-22,2023-09-13,30,0,0,15,0,0,45,High,Rejected claim; Rejected value >= 25K
12686,CLM-00012686,17727,BILL-00017727,8445,PAT-0008445,5,INS005,LifeCare Insurance,8,DEP008,Gynecology,41515.35,0.0,41515.35,Rejected,Coverage Limit Exceeded,20.0,2026-05-28,2026-06-17,30,0,0,15,0,0,45,High,Rejected claim; Rejected value >= 25K
20466,CLM-00020466,28630,BILL-00028630,5802,PAT-0005802,5,INS005,LifeCare Insurance,6,DEP006,General Medicine,41479.86,0.0,41479.86,Rejected,Pre-authorization Missing,14.0,2024-03-02,2024-03-16,30,0,0,15,0,0,45,High,Rejected claim; Rejected value >= 25K
20853,CLM-00020853,29160,BILL-00029160,5107,PAT-0005107,5,INS005,LifeCare Insurance,2,DEP002,Cardiology,41462.31,0.0,41462.31,Rejected,Incorrect Coding,22.0,2026-09-02,2026-09-24,30,0,0,15,0,0,45,High,Rejected claim; Rejected value >= 25K
35549,CLM-00035549,49761,BILL-00049761,4081,PAT-0004081,3,INS003,CarePlus Health,8,DEP008,Gynecology,41444.84,0.0,41444.84,Rejected,Coverage Limit Exceeded,6.0,2023-03-10,2023-03-16,30,0,0,15,0,0,45,High,Rejected claim; Rejected value >= 25K
7056,CLM-00007056,9855,BILL-00009855,23761,PAT-0023761,1,INS001,HealthSecure Insurance,9,DEP009,ENT,41437.9,0.0,41437.9,Rejected,Duplicate Claim,13.0,2026-01-11,2026-01-24,30,0,0,15,0,0,45,High,Rejected claim; Rejected value >= 25K
9590,CLM-00009590,13409,BILL-00013409,19563,PAT-0019563,5,INS005,LifeCare Insurance,1,DEP001,Emergency,187208.99,145786.95,41422.04,Partially Approved,Duplicate Claim,31.0,2026-03-16,2026-04-16,0,0,10,15,10,10,45,High,Partially approved; Rejected value >= 25K; Claim value >= 100K; Processing > 30 days
31013,CLM-00031013,43409,BILL-00043409,24759,PAT-0024759,2,INS002,MediShield Assurance,10,DEP010,Dermatology,41366.1,0.0,41366.1,Rejected,Duplicate Claim,23.0,2026-04-15,2026-05-08,30,0,0,15,0,0,45,High,Rejected claim; Rejected value >= 25K
32659,CLM-00032659,45671,BILL-00045671,22704,PAT-0022704,3,INS003,CarePlus Health,7,DEP007,Oncology,41364.4,0.0,41364.4,Rejected,Coverage Limit Exceeded,17.0,2024-04-29,2024-05-16,30,0,0,15,0,0,45,High,Rejected claim; Rejected value >= 25K
115,CLM-00000115,157,BILL-00000157,10070,PAT-0010070,4,INS004,National Health Plan,9,DEP009,ENT,41352.18,0.0,41352.18,Rejected,Missing Documentation,11.0,2023-04-01,2023-04-12,30,0,0,15,0,0,45,High,Rejected claim; Rejected value >= 25K
3527,CLM-00003527,4973,BILL-00004973,10129,PAT-0010129,1,INS001,HealthSecure Insurance,10,DEP010,Dermatology,41338.23,0.0,41338.23,Rejected,Pre-authorization Missing,25.0,2024-08-25,2024-09-19,30,0,0,15,0,0,45,High,Rejected claim; Rejected value >= 25K
6194,CLM-00006194,8678,BILL-00008678,24172,PAT-0024172,2,INS002,MediShield Assurance,2,DEP002,Cardiology,41328.15,0.0,41328.15,Rejected,Duplicate Claim,8.0,2025-08-23,2025-08-31,30,0,0,15,0,0,45,High,Rejected claim; Rejected value >= 25K
35094,CLM-00035094,49133,BILL-00049133,18647,PAT-0018647,1,INS001,HealthSecure Insurance,9,DEP009,ENT,126744.15,85421.85,41322.3,Partially Approved,Missing Documentation,45.0,2023-04-21,2023-06-05,0,0,10,15,10,10,45,High,Partially approved; Rejected value >= 25K; Claim value >= 100K; Processing > 30 days
70,CLM-00000070,100,BILL-00000100,8083,PAT-0008083,2,INS002,MediShield Assurance,7,DEP007,Oncology,41250.72,0.0,41250.72,Rejected,Pre-authorization Missing,9.0,2023-07-19,2023-07-28,30,0,0,15,0,0,45,High,Rejected claim; Rejected value >= 25K
34063,CLM-00034063,47651,BILL-00047651,1622,PAT-0001622,5,INS005,LifeCare Insurance,6,DEP006,General Medicine,41243.45,0.0,41243.45,Rejected,Incorrect Coding,14.0,2024-03-12,2024-03-26,30,0,0,15,0,0,45,High,Rejected claim; Rejected value >= 25K
1961,CLM-00001961,2760,BILL-00002760,11732,PAT-0011732,2,INS002,MediShield Assurance,4,DEP004,Orthopedics,41224.84,0.0,41224.84,Rejected,Missing Documentation,17.0,2024-10-24,2024-11-10,30,0,0,15,0,0,45,High,Rejected claim; Rejected value >= 25K
21985,CLM-00021985,30731,BILL-00030731,13003,PAT-0013003,5,INS005,LifeCare Insurance,9,DEP009,ENT,41215.98,0.0,41215.98,Rejected,Incorrect Coding,21.0,2026-06-27,2026-07-18,30,0,0,15,0,0,45,High,Rejected claim; Rejected value >= 25K
6034,CLM-00006034,8448,BILL-00008448,2342,PAT-0002342,1,INS001,HealthSecure Insurance,5,DEP005,Pediatrics,41203.52,0.0,41203.52,Rejected,Coverage Limit Exceeded,19.0,2025-11-02,2025-11-21,30,0,0,15,0,0,45,High,Rejected claim; Rejected value >= 25K
2967,CLM-00002967,4195,BILL-00004195,23864,PAT-0023864,2,INS002,MediShield Assurance,3,DEP003,Neurology,41102.55,0.0,41102.55,Rejected,Missing Documentation,6.0,2025-04-30,2025-05-06,30,0,0,15,0,0,45,High,Rejected claim; Rejected value >= 25K
16998,CLM-00016998,23800,BILL-00023800,5564,PAT-0005564,3,INS003,CarePlus Health,9,DEP009,ENT,41064.1,0.0,41064.1,Rejected,Missing Documentation,12.0,2026-06-01,2026-06-13,30,0,0,15,0,0,45,High,Rejected claim; Rejected value >= 25K
33711,CLM-00033711,47145,BILL-00047145,20885,PAT-0020885,2,INS002,MediShield Assurance,3,DEP003,Neurology,41038.41,0.0,41038.41,Rejected,Coverage Limit Exceeded,22.0,2024-05-19,2024-06-10,30,0,0,15,0,0,45,High,Rejected claim; Rejected value >= 25K
9875,CLM-00009875,13812,BILL-00013812,8301,PAT-0008301,3,INS003,CarePlus Health,9,DEP009,ENT,41015.2,0.0,41015.2,Rejected,Coverage Limit Exceeded,21.0,2026-02-04,2026-02-25,30,0,0,15,0,0,45,High,Rejected claim; Rejected value >= 25K
21523,CLM-00021523,30105,BILL-00030105,16609,PAT-0016609,2,INS002,MediShield Assurance,7,DEP007,Oncology,41007.13,0.0,41007.13,Rejected,Incorrect Coding,19.0,2023-10-16,2023-11-04,30,0,0,15,0,0,45,High,Rejected claim; Rejected value >= 25K
19900,CLM-00019900,27835,BILL-00027835,8183,PAT-0008183,4,INS004,National Health Plan,1,DEP001,Emergency,41005.04,0.0,41005.04,Rejected,Coverage Limit Exceeded,22.0,2023-08-02,2023-08-24,30,0,0,15,0,0,45,High,Rejected claim; Rejected value >= 25K
22541,CLM-00022541,31495,BILL-00031495,17572,PAT-0017572,2,INS002,MediShield Assurance,10,DEP010,Dermatology,40994.25,0.0,40994.25,Rejected,Pre-authorization Missing,9.0,2026-09-11,2026-09-20,30,0,0,15,0,0,45,High,Rejected claim; Rejected value >= 25K
13904,CLM-00013904,19420,BILL-00019420,12518,PAT-0012518,2,INS002,MediShield Assurance,6,DEP006,General Medicine,40986.9,0.0,40986.9,Rejected,Duplicate Claim,5.0,2025-12-25,2025-12-30,30,0,0,15,0,0,45,High,Rejected claim; Rejected value >= 25K
16154,CLM-00016154,22618,BILL-00022618,4741,PAT-0004741,2,INS002,MediShield Assurance,7,DEP007,Oncology,40979.33,0.0,40979.33,Rejected,Missing Documentation,6.0,2024-01-06,2024-01-12,30,0,0,15,0,0,45,High,Rejected claim; Rejected value >= 25K
13495,CLM-00013495,18843,BILL-00018843,10301,PAT-0010301,3,INS003,CarePlus Health,5,DEP005,Pediatrics,40975.58,0.0,40975.58,Rejected,Pre-authorization Missing,13.0,2023-03-15,2023-03-28,30,0,0,15,0,0,45,High,Rejected claim; Rejected value >= 25K
18533,CLM-00018533,25912,BILL-00025912,4086,PAT-0004086,1,INS001,HealthSecure Insurance,5,DEP005,Pediatrics,40970.36,0.0,40970.36,Rejected,Coverage Limit Exceeded,20.0,2025-08-09,2025-08-29,30,0,0,15,0,0,45,High,Rejected claim; Rejected value >= 25K
7922,CLM-00007922,11072,BILL-00011072,19097,PAT-0019097,4,INS004,National Health Plan,10,DEP010,Dermatology,40961.46,0.0,40961.46,Rejected,Policy Exclusion,6.0,2025-02-23,2025-03-01,30,0,0,15,0,0,45,High,Rejected claim; Rejected value >= 25K
32523,CLM-00032523,45482,BILL-00045482,11820,PAT-0011820,3,INS003,CarePlus Health,7,DEP007,Oncology,40878.08,0.0,40878.08,Rejected,Missing Documentation,11.0,2024-07-12,2024-07-23,30,0,0,15,0,0,45,High,Rejected claim; Rejected value >= 25K
27498,CLM-00027498,38471,BILL-00038471,4751,PAT-0004751,5,INS005,LifeCare Insurance,2,DEP002,Cardiology,40868.79,0.0,40868.79,Rejected,Pre-authorization Missing,21.0,2025-07-15,2025-08-05,30,0,0,15,0,0,45,High,Rejected claim; Rejected value >= 25K
11120,CLM-00011120,15562,BILL-00015562,5087,PAT-0005087,5,INS005,LifeCare Insurance,10,DEP010,Dermatology,40865.3,0.0,40865.3,Rejected,Duplicate Claim,20.0,2025-06-16,2025-07-06,30,0,0,15,0,0,45,High,Rejected claim; Rejected value >= 25K
14719,CLM-00014719,20589,BILL-00020589,19856,PAT-0019856,4,INS004,National Health Plan,8,DEP008,Gynecology,40847.12,0.0,40847.12,Rejected,Policy Exclusion,6.0,2023-02-13,2023-02-19,30,0,0,15,0,0,45,High,Rejected claim; Rejected value >= 25K
32767,CLM-00032767,45819,BILL-00045819,3144,PAT-0003144,1,INS001,HealthSecure Insurance,8,DEP008,Gynecology,145395.53,104552.72,40842.81,Partially Approved,Missing Documentation,38.0,2024-03-03,2024-04-10,0,0,10,15,10,10,45,High,Partially approved; Rejected value >= 25K; Claim value >= 100K; Processing > 30 days
2564,CLM-00002564,3619,BILL-00003619,4067,PAT-0004067,4,INS004,National Health Plan,7,DEP007,Oncology,157444.81,116625.85,40818.96,Partially Approved,Pre-authorization Missing,37.0,2024-06-23,2024-07-30,0,0,10,15,10,10,45,High,Partially approved; Rejected value >= 25K; Claim value >= 100K; Processing > 30 days
15883,CLM-00015883,22242,BILL-00022242,20237,PAT-0020237,1,INS001,HealthSecure Insurance,7,DEP007,Oncology,40767.24,0.0,40767.24,Rejected,Coverage Limit Exceeded,18.0,2026-02-13,2026-03-03,30,0,0,15,0,0,45,High,Rejected claim; Rejected value >= 25K
17637,CLM-00017637,24692,BILL-00024692,21914,PAT-0021914,5,INS005,LifeCare Insurance,3,DEP003,Neurology,40766.05,0.0,40766.05,Rejected,Pre-authorization Missing,17.0,2023-04-08,2023-04-25,30,0,0,15,0,0,45,High,Rejected claim; Rejected value >= 25K
16295,CLM-00016295,22832,BILL-00022832,24085,PAT-0024085,2,INS002,MediShield Assurance,8,DEP008,Gynecology,40743.09,0.0,40743.09,Rejected,Policy Exclusion,22.0,2026-02-27,2026-03-21,30,0,0,15,0,0,45,High,Rejected claim; Rejected value >= 25K
13411,CLM-00013411,18727,BILL-00018727,16769,PAT-0016769,4,INS004,National Health Plan,2,DEP002,Cardiology,40741.88,0.0,40741.88,Rejected,Policy Exclusion,14.0,2026-01-25,2026-02-08,30,0,0,15,0,0,45,High,Rejected claim; Rejected value >= 25K
23836,CLM-00023836,33354,BILL-00033354,5630,PAT-0005630,1,INS001,HealthSecure Insurance,1,DEP001,Emergency,40735.69,0.0,40735.69,Rejected,Policy Exclusion,14.0,2026-07-07,2026-07-21,30,0,0,15,0,0,45,High,Rejected claim; Rejected value >= 25K
35171,CLM-00035171,49234,BILL-00049234,15147,PAT-0015147,3,INS003,CarePlus Health,2,DEP002,Cardiology,40683.45,0.0,40683.45,Rejected,Coverage Limit Exceeded,15.0,2023-07-23,2023-08-07,30,0,0,15,0,0,45,High,Rejected claim; Rejected value >= 25K
23338,CLM-00023338,32624,BILL-00032624,17616,PAT-0017616,2,INS002,MediShield Assurance,3,DEP003,Neurology,40682.64,0.0,40682.64,Rejected,Incorrect Coding,23.0,2023-06-11,2023-07-04,30,0,0,15,0,0,45,High,Rejected claim; Rejected value >= 25K
15922,CLM-00015922,22301,BILL-00022301,24295,PAT-0024295,2,INS002,MediShield Assurance,8,DEP008,Gynecology,40670.35,0.0,40670.35,Rejected,Missing Documentation,17.0,2023-08-04,2023-08-21,30,0,0,15,0,0,45,High,Rejected claim; Rejected value >= 25K
16246,CLM-00016246,22753,BILL-00022753,18298,PAT-0018298,3,INS003,CarePlus Health,5,DEP005,Pediatrics,40611.97,0.0,40611.97,Rejected,Coverage Limit Exceeded,12.0,2025-09-17,2025-09-29,30,0,0,15,0,0,45,High,Rejected claim; Rejected value >= 25K
8851,CLM-00008851,12364,BILL-00012364,6486,PAT-0006486,1,INS001,HealthSecure Insurance,9,DEP009,ENT,176372.01,135766.05,40605.96,Partially Approved,Pre-authorization Missing,35.0,2024-04-07,2024-05-12,0,0,10,15,10,10,45,High,Partially approved; Rejected value >= 25K; Claim value >= 100K; Processing > 30 days
28423,CLM-00028423,39772,BILL-00039772,17331,PAT-0017331,5,INS005,LifeCare Insurance,5,DEP005,Pediatrics,40595.59,0.0,40595.59,Rejected,Pre-authorization Missing,8.0,2024-12-01,2024-12-09,30,0,0,15,0,0,45,High,Rejected claim; Rejected value >= 25K
9408,CLM-00009408,13138,BILL-00013138,10803,PAT-0010803,1,INS001,HealthSecure Insurance,5,DEP005,Pediatrics,40591.97,0.0,40591.97,Rejected,Incorrect Coding,5.0,2026-04-17,2026-04-22,30,0,0,15,0,0,45,High,Rejected claim; Rejected value >= 25K
21291,CLM-00021291,29770,BILL-00029770,19409,PAT-0019409,3,INS003,CarePlus Health,10,DEP010,Dermatology,40588.29,0.0,40588.29,Rejected,Coverage Limit Exceeded,11.0,2025-02-24,2025-03-07,30,0,0,15,0,0,45,High,Rejected claim; Rejected value >= 25K
14820,CLM-00014820,20746,BILL-00020746,7144,PAT-0007144,4,INS004,National Health Plan,6,DEP006,General Medicine,40587.91,0.0,40587.91,Rejected,Duplicate Claim,23.0,2024-05-31,2024-06-23,30,0,0,15,0,0,45,High,Rejected claim; Rejected value >= 25K
33222,CLM-00033222,46454,BILL-00046454,1516,PAT-0001516,3,INS003,CarePlus Health,3,DEP003,Neurology,40529.55,0.0,40529.55,Rejected,Duplicate Claim,23.0,2026-06-07,2026-06-30,30,0,0,15,0,0,45,High,Rejected claim; Rejected value >= 25K
30322,CLM-00030322,42441,BILL-00042441,15172,PAT-0015172,4,INS004,National Health Plan,7,DEP007,Oncology,40511.13,0.0,40511.13,Rejected,Pre-authorization Missing,23.0,2024-08-19,2024-09-11,30,0,0,15,0,0,45,High,Rejected claim; Rejected value >= 25K
34283,CLM-00034283,47968,BILL-00047968,23532,PAT-0023532,2,INS002,MediShield Assurance,10,DEP010,Dermatology,40501.29,0.0,40501.29,Rejected,Pre-authorization Missing,15.0,2024-05-03,2024-05-18,30,0,0,15,0,0,45,High,Rejected claim; Rejected value >= 25K
33024,CLM-00033024,46171,BILL-00046171,17870,PAT-0017870,4,INS004,National Health Plan,2,DEP002,Cardiology,40497.98,0.0,40497.98,Rejected,Pre-authorization Missing,11.0,2026-06-02,2026-06-13,30,0,0,15,0,0,45,High,Rejected claim; Rejected value >= 25K
8679,CLM-00008679,12109,BILL-00012109,10956,PAT-0010956,4,INS004,National Health Plan,8,DEP008,Gynecology,40496.21,0.0,40496.21,Rejected,Incorrect Coding,15.0,2023-10-25,2023-11-09,30,0,0,15,0,0,45,High,Rejected claim; Rejected value >= 25K
24331,CLM-00024331,34041,BILL-00034041,18117,PAT-0018117,4,INS004,National Health Plan,8,DEP008,Gynecology,40461.69,0.0,40461.69,Rejected,Incorrect Coding,16.0,2025-06-17,2025-07-03,30,0,0,15,0,0,45,High,Rejected claim; Rejected value >= 25K
36717,CLM-00036602,51424,BILL-00051245,2993,PAT-0002993,5,INS005,LifeCare Insurance,7,DEP007,Oncology,40446.1,0.0,40446.1,Rejected,Coverage Limit Exceeded,16.0,2026-10-06,2026-10-22,30,0,0,15,0,0,45,High,Rejected claim; Rejected value >= 25K
14376,CLM-00014376,20077,BILL-00020077,16409,PAT-0016409,2,INS002,MediShield Assurance,2,DEP002,Cardiology,40437.16,0.0,40437.16,Rejected,Incorrect Coding,24.0,2023-12-11,2024-01-04,30,0,0,15,0,0,45,High,Rejected claim; Rejected value >= 25K
18369,CLM-00018369,25685,BILL-00025685,16923,PAT-0016923,5,INS005,LifeCare Insurance,4,DEP004,Orthopedics,40428.12,0.0,40428.12,Rejected,Coverage Limit Exceeded,18.0,2023-08-12,2023-08-30,30,0,0,15,0,0,45,High,Rejected claim; Rejected value >= 25K
7766,CLM-00007766,10854,BILL-00010854,219,PAT-0000219,2,INS002,MediShield Assurance,1,DEP001,Emergency,187692.86,147290.99,40401.87,Partially Approved,Missing Documentation,41.0,2025-04-05,2025-05-16,0,0,10,15,10,10,45,High,Partially approved; Rejected value >= 25K; Claim value >= 100K; Processing > 30 days
10642,CLM-00010642,14901,BILL-00014901,14786,PAT-0014786,2,INS002,MediShield Assurance,6,DEP006,General Medicine,40384.48,0.0,40384.48,Rejected,Duplicate Claim,25.0,2024-07-08,2024-08-02,30,0,0,15,0,0,45,High,Rejected claim; Rejected value >= 25K
6679,CLM-00006679,9332,BILL-00009332,24982,PAT-0024982,1,INS001,HealthSecure Insurance,7,DEP007,Oncology,40375.73,0.0,40375.73,Rejected,Pre-authorization Missing,18.0,2025-10-15,2025-11-02,30,0,0,15,0,0,45,High,Rejected claim; Rejected value >= 25K
20911,CLM-00020911,29240,BILL-00029240,7927,PAT-0007927,2,INS002,MediShield Assurance,2,DEP002,Cardiology,40367.97,0.0,40367.97,Rejected,Incorrect Coding,10.0,2024-11-24,2024-12-04,30,0,0,15,0,0,45,High,Rejected claim; Rejected value >= 25K
20708,CLM-00020708,28965,BILL-00028965,14048,PAT-0014048,3,INS003,CarePlus Health,7,DEP007,Oncology,40364.84,0.0,40364.84,Rejected,Pre-authorization Missing,19.0,2026-02-05,2026-02-24,30,0,0,15,0,0,45,High,Rejected claim; Rejected value >= 25K
4061,CLM-00004061,5717,BILL-00005717,8778,PAT-0008778,4,INS004,National Health Plan,6,DEP006,General Medicine,40363.06,0.0,40363.06,Rejected,Pre-authorization Missing,13.0,2026-01-09,2026-01-22,30,0,0,15,0,0,45,High,Rejected claim; Rejected value >= 25K
12933,CLM-00012933,18069,BILL-00018069,7730,PAT-0007730,3,INS003,CarePlus Health,1,DEP001,Emergency,40345.07,0.0,40345.07,Rejected,Pre-authorization Missing,14.0,2023-11-07,2023-11-21,30,0,0,15,0,0,45,High,Rejected claim; Rejected value >= 25K
27250,CLM-00027250,38138,BILL-00038138,4245,PAT-0004245,1,INS001,HealthSecure Insurance,1,DEP001,Emergency,40316.3,0.0,40316.3,Rejected,Pre-authorization Missing,6.0,2024-05-29,2024-06-04,30,0,0,15,0,0,45,High,Rejected claim; Rejected value >= 25K
30356,CLM-00030356,42491,BILL-00042491,14263,PAT-0014263,2,INS002,MediShield Assurance,7,DEP007,Oncology,40310.3,0.0,40310.3,Rejected,Missing Documentation,14.0,2023-03-01,2023-03-15,30,0,0,15,0,0,45,High,Rejected claim; Rejected value >= 25K
21845,CLM-00021845,30535,BILL-00030535,6702,PAT-0006702,5,INS005,LifeCare Insurance,7,DEP007,Oncology,176345.07,136048.37,40296.7,Partially Approved,Incorrect Coding,35.0,2024-01-02,2024-02-06,0,0,10,15,10,10,45,High,Partially approved; Rejected value >= 25K; Claim value >= 100K; Processing > 30 days
36476,CLM-00036361,51099,BILL-00050920,7778,PAT-0007778,5,INS005,LifeCare Insurance,3,DEP003,Neurology,40292.83,0.0,40292.83,Rejected,Missing Documentation,22.0,2026-10-08,2026-10-30,30,0,0,15,0,0,45,High,Rejected claim; Rejected value >= 25K
34752,CLM-00034752,48647,BILL-00048647,15270,PAT-0015270,4,INS004,National Health Plan,8,DEP008,Gynecology,40289.7,0.0,40289.7,Rejected,Policy Exclusion,19.0,2026-01-22,2026-02-10,30,0,0,15,0,0,45,High,Rejected claim; Rejected value >= 25K
9032,CLM-00009032,12612,BILL-00012612,23629,PAT-0023629,5,INS005,LifeCare Insurance,9,DEP009,ENT,40237.33,0.0,40237.33,Rejected,Duplicate Claim,8.0,2023-07-04,2023-07-12,30,0,0,15,0,0,45,High,Rejected claim; Rejected value >= 25K
14922,CLM-00014922,20885,BILL-00020885,13350,PAT-0013350,5,INS005,LifeCare Insurance,9,DEP009,ENT,40231.54,0.0,40231.54,Rejected,Incorrect Coding,13.0,2024-07-28,2024-08-10,30,0,0,15,0,0,45,High,Rejected claim; Rejected value >= 25K
11557,CLM-00011557,16163,BILL-00016163,17340,PAT-0017340,2,INS002,MediShield Assurance,1,DEP001,Emergency,105284.83,65062.05,40222.78,Partially Approved,Incorrect Coding,32.0,2026-01-15,2026-02-16,0,0,10,15,10,10,45,High,Partially approved; Rejected value >= 25K; Claim value >= 100K; Processing > 30 days
6018,CLM-00006018,8424,BILL-00008424,24331,PAT-0024331,1,INS001,HealthSecure Insurance,10,DEP010,Dermatology,40220.04,0.0,40220.04,Rejected,Incorrect Coding,21.0,2025-02-04,2025-02-25,30,0,0,15,0,0,45,High,Rejected claim; Rejected value >= 25K
15683,CLM-00015683,21980,BILL-00021980,21,PAT-0000021,2,INS002,MediShield Assurance,3,DEP003,Neurology,40206.04,0.0,40206.04,Rejected,Coverage Limit Exceeded,13.0,2024-01-24,2024-02-06,30,0,0,15,0,0,45,High,Rejected claim; Rejected value >= 25K
22584,CLM-00022584,31550,BILL-00031550,4110,PAT-0004110,4,INS004,National Health Plan,4,DEP004,Orthopedics,40179.91,0.0,40179.91,Rejected,Coverage Limit Exceeded,16.0,2023-11-03,2023-11-19,30,0,0,15,0,0,45,High,Rejected claim; Rejected value >= 25K
36728,CLM-00036613,51436,BILL-00051257,2512,PAT-0002512,3,INS003,CarePlus Health,4,DEP004,Orthopedics,40176.12,0.0,40176.12,Rejected,Incorrect Coding,23.0,2026-10-03,2026-10-26,30,0,0,15,0,0,45,High,Rejected claim; Rejected value >= 25K
15256,CLM-00015256,21342,BILL-00021342,17479,PAT-0017479,5,INS005,LifeCare Insurance,6,DEP006,General Medicine,110023.04,69848.03,40175.01,Partially Approved,Policy Exclusion,37.0,2024-08-17,2024-09-23,0,0,10,15,10,10,45,High,Partially approved; Rejected value >= 25K; Claim value >= 100K; Processing > 30 days
1870,CLM-00001870,2623,BILL-00002623,9389,PAT-0009389,1,INS001,HealthSecure Insurance,7,DEP007,Oncology,40173.18,0.0,40173.18,Rejected,Coverage Limit Exceeded,13.0,2025-12-16,2025-12-29,30,0,0,15,0,0,45,High,Rejected claim; Rejected value >= 25K
8885,CLM-00008885,12407,BILL-00012407,10509,PAT-0010509,1,INS001,HealthSecure Insurance,9,DEP009,ENT,40158.71,0.0,40158.71,Rejected,Incorrect Coding,24.0,2026-05-17,2026-06-10,30,0,0,15,0,0,45,High,Rejected claim; Rejected value >= 25K
25840,CLM-00025840,36171,BILL-00036171,21035,PAT-0021035,5,INS005,LifeCare Insurance,4,DEP004,Orthopedics,40157.61,0.0,40157.61,Rejected,Policy Exclusion,8.0,2023-06-29,2023-07-07,30,0,0,15,0,0,45,High,Rejected claim; Rejected value >= 25K
27696,CLM-00027696,38754,BILL-00038754,17609,PAT-0017609,4,INS004,National Health Plan,7,DEP007,Oncology,40152.18,0.0,40152.18,Rejected,Pre-authorization Missing,17.0,2026-07-22,2026-08-08,30,0,0,15,0,0,45,High,Rejected claim; Rejected value >= 25K
9382,CLM-00009382,13108,BILL-00013108,23463,PAT-0023463,3,INS003,CarePlus Health,2,DEP002,Cardiology,40151.73,0.0,40151.73,Rejected,Missing Documentation,7.0,2023-11-01,2023-11-08,30,0,0,15,0,0,45,High,Rejected claim; Rejected value >= 25K
2556,CLM-00002556,3605,BILL-00003605,18241,PAT-0018241,3,INS003,CarePlus Health,7,DEP007,Oncology,40148.05,0.0,40148.05,Rejected,Missing Documentation,25.0,2025-03-17,2025-04-11,30,0,0,15,0,0,45,High,Rejected claim; Rejected value >= 25K
33242,CLM-00033242,46482,BILL-00046482,20034,PAT-0020034,2,INS002,MediShield Assurance,4,DEP004,Orthopedics,40130.29,0.0,40130.29,Rejected,Incorrect Coding,12.0,2025-06-27,2025-07-09,30,0,0,15,0,0,45,High,Rejected claim; Rejected value >= 25K
27464,CLM-00027464,38428,BILL-00038428,3766,PAT-0003766,2,INS002,MediShield Assurance,3,DEP003,Neurology,40097.45,0.0,40097.45,Rejected,Incorrect Coding,17.0,2025-04-22,2025-05-09,30,0,0,15,0,0,45,High,Rejected claim; Rejected value >= 25K
36718,CLM-00036603,51425,BILL-00051246,24711,PAT-0024711,1,INS001,HealthSecure Insurance,10,DEP010,Dermatology,40083.14,0.0,40083.14,Rejected,Policy Exclusion,24.0,2026-10-04,2026-10-28,30,0,0,15,0,0,45,High,Rejected claim; Rejected value >= 25K
7758,CLM-00007758,10844,BILL-00010844,18539,PAT-0018539,1,INS001,HealthSecure Insurance,3,DEP003,Neurology,40025.85,0.0,40025.85,Rejected,Missing Documentation,13.0,2026-03-18,2026-03-31,30,0,0,15,0,0,45,High,Rejected claim; Rejected value >= 25K
11008,CLM-00011008,15414,BILL-00015414,2282,PAT-0002282,1,INS001,HealthSecure Insurance,3,DEP003,Neurology,40022.49,0.0,40022.49,Rejected,Pre-authorization Missing,13.0,2025-04-04,2025-04-17,30,0,0,15,0,0,45,High,Rejected claim; Rejected value >= 25K
19174,CLM-00019174,26804,BILL-00026804,22333,PAT-0022333,5,INS005,LifeCare Insurance,6,DEP006,General Medicine,40019.65,0.0,40019.65,Rejected,Incorrect Coding,9.0,2024-05-09,2024-05-18,30,0,0,15,0,0,45,High,Rejected claim; Rejected value >= 25K
3503,CLM-00003503,4935,BILL-00004935,4866,PAT-0004866,2,INS002,MediShield Assurance,8,DEP008,Gynecology,112546.39,72533.66,40012.73,Partially Approved,Policy Exclusion,36.0,2024-11-07,2024-12-13,0,0,10,15,10,10,45,High,Partially approved; Rejected value >= 25K; Claim value >= 100K; Processing > 30 days
8799,CLM-00008799,12288,BILL-00012288,24966,PAT-0024966,3,INS003,CarePlus Health,9,DEP009,ENT,136939.76,96944.19,39995.57,Partially Approved,Policy Exclusion,44.0,2026-05-31,2026-07-14,0,0,10,15,10,10,45,High,Partially approved; Rejected value >= 25K; Claim value >= 100K; Processing > 30 days
889,CLM-00000889,1257,BILL-00001257,7571,PAT-0007571,2,INS002,MediShield Assurance,6,DEP006,General Medicine,39985.93,0.0,39985.93,Rejected,Duplicate Claim,7.0,2024-10-13,2024-10-20,30,0,0,15,0,0,45,High,Rejected claim; Rejected value >= 25K
12584,CLM-00012584,17581,BILL-00017581,23928,PAT-0023928,2,INS002,MediShield Assurance,1,DEP001,Emergency,39956.8,0.0,39956.8,Rejected,Incorrect Coding,17.0,2024-07-22,2024-08-08,30,0,0,15,0,0,45,High,Rejected claim; Rejected value >= 25K
27168,CLM-00027168,38015,BILL-00038015,679,PAT-0000679,5,INS005,LifeCare Insurance,10,DEP010,Dermatology,39955.35,0.0,39955.35,Rejected,Incorrect Coding,6.0,2024-05-04,2024-05-10,30,0,0,15,0,0,45,High,Rejected claim; Rejected value >= 25K
28318,CLM-00028318,39617,BILL-00039617,1993,PAT-0001993,1,INS001,HealthSecure Insurance,10,DEP010,Dermatology,39950.63,0.0,39950.63,Rejected,Pre-authorization Missing,7.0,2023-07-02,2023-07-09,30,0,0,15,0,0,45,High,Rejected claim; Rejected value >= 25K
26885,CLM-00026885,37621,BILL-00037621,15964,PAT-0015964,2,INS002,MediShield Assurance,7,DEP007,Oncology,39948.81,0.0,39948.81,Rejected,Duplicate Claim,7.0,2023-07-26,2023-08-02,30,0,0,15,0,0,45,High,Rejected claim; Rejected value >= 25K
35466,CLM-00035466,49655,BILL-00049655,17835,PAT-0017835,5,INS005,LifeCare Insurance,9,DEP009,ENT,39946.91,0.0,39946.91,Rejected,Policy Exclusion,6.0,2025-10-17,2025-10-23,30,0,0,15,0,0,45,High,Rejected claim; Rejected value >= 25K
186,CLM-00000186,261,BILL-00000261,24780,PAT-0024780,4,INS004,National Health Plan,6,DEP006,General Medicine,39939.56,0.0,39939.56,Rejected,Policy Exclusion,6.0,2023-03-24,2023-03-30,30,0,0,15,0,0,45,High,Rejected claim; Rejected value >= 25K
2127,CLM-00002127,3000,BILL-00003000,6731,PAT-0006731,5,INS005,LifeCare Insurance,10,DEP010,Dermatology,39929.31,0.0,39929.31,Rejected,Incorrect Coding,14.0,2024-03-15,2024-03-29,30,0,0,15,0,0,45,High,Rejected claim; Rejected value >= 25K
24861,CLM-00024861,34809,BILL-00034809,10670,PAT-0010670,2,INS002,MediShield Assurance,8,DEP008,Gynecology,39924.64,0.0,39924.64,Rejected,Pre-authorization Missing,22.0,2025-02-11,2025-03-05,30,0,0,15,0,0,45,High,Rejected claim; Rejected value >= 25K
29848,CLM-00029848,41790,BILL-00041790,12771,PAT-0012771,2,INS002,MediShield Assurance,5,DEP005,Pediatrics,39923.13,0.0,39923.13,Rejected,Policy Exclusion,17.0,2023-10-13,2023-10-30,30,0,0,15,0,0,45,High,Rejected claim; Rejected value >= 25K
10336,CLM-00010336,14471,BILL-00014471,24399,PAT-0024399,2,INS002,MediShield Assurance,6,DEP006,General Medicine,39905.14,0.0,39905.14,Rejected,Missing Documentation,16.0,2025-09-01,2025-09-17,30,0,0,15,0,0,45,High,Rejected claim; Rejected value >= 25K
26903,CLM-00026903,37644,BILL-00037644,7528,PAT-0007528,4,INS004,National Health Plan,6,DEP006,General Medicine,39899.02,0.0,39899.02,Rejected,Incorrect Coding,19.0,2024-12-22,2025-01-10,30,0,0,15,0,0,45,High,Rejected claim; Rejected value >= 25K
28223,CLM-00028223,39480,BILL-00039480,3558,PAT-0003558,3,INS003,CarePlus Health,7,DEP007,Oncology,39876.02,0.0,39876.02,Rejected,Incorrect Coding,23.0,2023-12-29,2024-01-21,30,0,0,15,0,0,45,High,Rejected claim; Rejected value >= 25K
20780,CLM-00020780,29054,BILL-00029054,7135,PAT-0007135,4,INS004,National Health Plan,7,DEP007,Oncology,39863.44,0.0,39863.44,Rejected,Incorrect Coding,21.0,2026-08-08,2026-08-29,30,0,0,15,0,0,45,High,Rejected claim; Rejected value >= 25K
30780,CLM-00030780,43087,BILL-00043087,20273,PAT-0020273,3,INS003,CarePlus Health,7,DEP007,Oncology,39862.56,0.0,39862.56,Rejected,Pre-authorization Missing,19.0,2025-09-02,2025-09-21,30,0,0,15,0,0,45,High,Rejected claim; Rejected value >= 25K
11462,CLM-00011462,16036,BILL-00016036,13466,PAT-0013466,1,INS001,HealthSecure Insurance,10,DEP010,Dermatology,39851.39,0.0,39851.39,Rejected,Incorrect Coding,16.0,2023-04-20,2023-05-06,30,0,0,15,0,0,45,High,Rejected claim; Rejected value >= 25K
14793,CLM-00014793,20711,BILL-00020711,19218,PAT-0019218,2,INS002,MediShield Assurance,7,DEP007,Oncology,39843.27,0.0,39843.27,Rejected,Coverage Limit Exceeded,25.0,2024-06-25,2024-07-20,30,0,0,15,0,0,45,High,Rejected claim; Rejected value >= 25K
20855,CLM-00020855,29163,BILL-00029163,24977,PAT-0024977,5,INS005,LifeCare Insurance,1,DEP001,Emergency,39830.87,0.0,39830.87,Rejected,Duplicate Claim,14.0,2023-12-21,2024-01-04,30,0,0,15,0,0,45,High,Rejected claim; Rejected value >= 25K
29340,CLM-00029340,41093,BILL-00041093,606,PAT-0000606,5,INS005,LifeCare Insurance,2,DEP002,Cardiology,39822.79,0.0,39822.79,Rejected,Incorrect Coding,17.0,2024-07-12,2024-07-29,30,0,0,15,0,0,45,High,Rejected claim; Rejected value >= 25K
1256,CLM-00001256,1763,BILL-00001763,9001,PAT-0009001,5,INS005,LifeCare Insurance,7,DEP007,Oncology,39800.73,0.0,39800.73,Rejected,Missing Documentation,19.0,2025-02-26,2025-03-17,30,0,0,15,0,0,45,High,Rejected claim; Rejected value >= 25K
8872,CLM-00008872,12391,BILL-00012391,15759,PAT-0015759,2,INS002,MediShield Assurance,5,DEP005,Pediatrics,39772.47,0.0,39772.47,Rejected,Policy Exclusion,13.0,2024-12-26,2025-01-08,30,0,0,15,0,0,45,High,Rejected claim; Rejected value >= 25K
17189,CLM-00017189,24056,BILL-00024056,12875,PAT-0012875,2,INS002,MediShield Assurance,10,DEP010,Dermatology,152753.71,113014.09,39739.62,Partially Approved,Pre-authorization Missing,45.0,2025-05-14,2025-06-28,0,0,10,15,10,10,45,High,Partially approved; Rejected value >= 25K; Claim value >= 100K; Processing > 30 days
9505,CLM-00009505,13281,BILL-00013281,5756,PAT-0005756,1,INS001,HealthSecure Insurance,6,DEP006,General Medicine,39734.34,0.0,39734.34,Rejected,Coverage Limit Exceeded,14.0,2025-08-03,2025-08-17,30,0,0,15,0,0,45,High,Rejected claim; Rejected value >= 25K
7067,CLM-00007067,9870,BILL-00009870,1763,PAT-0001763,5,INS005,LifeCare Insurance,4,DEP004,Orthopedics,39719.42,0.0,39719.42,Rejected,Duplicate Claim,13.0,2023-08-10,2023-08-23,30,0,0,15,0,0,45,High,Rejected claim; Rejected value >= 25K
12542,CLM-00012542,17525,BILL-00017525,20002,PAT-0020002,2,INS002,MediShield Assurance,1,DEP001,Emergency,39685.2,0.0,39685.2,Rejected,Duplicate Claim,15.0,2025-10-09,2025-10-24,30,0,0,15,0,0,45,High,Rejected claim; Rejected value >= 25K
14643,CLM-00014643,20473,BILL-00020473,6263,PAT-0006263,1,INS001,HealthSecure Insurance,6,DEP006,General Medicine,39671.7,0.0,39671.7,Rejected,Policy Exclusion,12.0,2023-12-21,2024-01-02,30,0,0,15,0,0,45,High,Rejected claim; Rejected value >= 25K
7358,CLM-00007358,10284,BILL-00010284,21284,PAT-0021284,5,INS005,LifeCare Insurance,8,DEP008,Gynecology,39671.38,0.0,39671.38,Rejected,Duplicate Claim,24.0,2025-11-17,2025-12-11,30,0,0,15,0,0,45,High,Rejected claim; Rejected value >= 25K
9204,CLM-00009204,12866,BILL-00012866,21111,PAT-0021111,4,INS004,National Health Plan,5,DEP005,Pediatrics,39647.21,0.0,39647.21,Rejected,Duplicate Claim,5.0,2024-03-05,2024-03-10,30,0,0,15,0,0,45,High,Rejected claim; Rejected value >= 25K
6053,CLM-00006053,8480,BILL-00008480,21279,PAT-0021279,1,INS001,HealthSecure Insurance,9,DEP009,ENT,39610.66,0.0,39610.66,Rejected,Coverage Limit Exceeded,24.0,2023-05-20,2023-06-13,30,0,0,15,0,0,45,High,Rejected claim; Rejected value >= 25K
14764,CLM-00014764,20665,BILL-00020665,14936,PAT-0014936,3,INS003,CarePlus Health,2,DEP002,Cardiology,115502.74,75894.44,39608.3,Partially Approved,Duplicate Claim,40.0,2023-03-02,2023-04-11,0,0,10,15,10,10,45,High,Partially approved; Rejected value >= 25K; Claim value >= 100K; Processing > 30 days
17679,CLM-00017679,24753,BILL-00024753,18348,PAT-0018348,2,INS002,MediShield Assurance,10,DEP010,Dermatology,39592.89,0.0,39592.89,Rejected,Policy Exclusion,21.0,2026-01-01,2026-01-22,30,0,0,15,0,0,45,High,Rejected claim; Rejected value >= 25K
23485,CLM-00023485,32829,BILL-00032829,16994,PAT-0016994,2,INS002,MediShield Assurance,8,DEP008,Gynecology,39578.42,0.0,39578.42,Rejected,Pre-authorization Missing,23.0,2024-06-09,2024-07-02,30,0,0,15,0,0,45,High,Rejected claim; Rejected value >= 25K
12193,CLM-00012193,17041,BILL-00017041,3253,PAT-0003253,1,INS001,HealthSecure Insurance,9,DEP009,ENT,39572.09,0.0,39572.09,Rejected,Incorrect Coding,9.0,2026-01-07,2026-01-16,30,0,0,15,0,0,45,High,Rejected claim; Rejected value >= 25K
33612,CLM-00033612,47015,BILL-00047015,16081,PAT-0016081,2,INS002,MediShield Assurance,5,DEP005,Pediatrics,39567.29,0.0,39567.29,Rejected,Pre-authorization Missing,18.0,2026-04-03,2026-04-21,30,0,0,15,0,0,45,High,Rejected claim; Rejected value >= 25K
5769,CLM-00005769,8092,BILL-00008092,13350,PAT-0013350,5,INS005,LifeCare Insurance,7,DEP007,Oncology,39556.56,0.0,39556.56,Rejected,Incorrect Coding,7.0,2024-07-21,2024-07-28,30,0,0,15,0,0,45,High,Rejected claim; Rejected value >= 25K
26247,CLM-00026247,36726,BILL-00036726,20854,PAT-0020854,1,INS001,HealthSecure Insurance,4,DEP004,Orthopedics,136672.15,97165.62,39506.53,Partially Approved,Missing Documentation,37.0,2025-01-16,2025-02-22,0,0,10,15,10,10,45,High,Partially approved; Rejected value >= 25K; Claim value >= 100K; Processing > 30 days
6051,CLM-00006051,8477,BILL-00008477,302,PAT-0000302,3,INS003,CarePlus Health,9,DEP009,ENT,39501.97,0.0,39501.97,Rejected,Pre-authorization Missing,23.0,2023-03-07,2023-03-30,30,0,0,15,0,0,45,High,Rejected claim; Rejected value >= 25K
3915,CLM-00003915,5517,BILL-00005517,7664,PAT-0007664,4,INS004,National Health Plan,1,DEP001,Emergency,39498.61,0.0,39498.61,Rejected,Duplicate Claim,7.0,2026-05-22,2026-05-29,30,0,0,15,0,0,45,High,Rejected claim; Rejected value >= 25K
1809,CLM-00001809,2544,BILL-00002544,3733,PAT-0003733,1,INS001,HealthSecure Insurance,3,DEP003,Neurology,39454.72,0.0,39454.72,Rejected,Duplicate Claim,24.0,2024-09-27,2024-10-21,30,0,0,15,0,0,45,High,Rejected claim; Rejected value >= 25K
18883,CLM-00018883,26392,BILL-00026392,2972,PAT-0002972,2,INS002,MediShield Assurance,3,DEP003,Neurology,39437.49,0.0,39437.49,Rejected,Coverage Limit Exceeded,10.0,2025-10-22,2025-11-01,30,0,0,15,0,0,45,High,Rejected claim; Rejected value >= 25K
69,CLM-00000069,97,BILL-00000097,6950,PAT-0006950,5,INS005,LifeCare Insurance,2,DEP002,Cardiology,39411.67,0.0,39411.67,Rejected,Coverage Limit Exceeded,11.0,2024-03-16,2024-03-27,30,0,0,15,0,0,45,High,Rejected claim; Rejected value >= 25K
10241,CLM-00010241,14333,BILL-00014333,18278,PAT-0018278,4,INS004,National Health Plan,8,DEP008,Gynecology,39403.59,0.0,39403.59,Rejected,Missing Documentation,20.0,2026-01-26,2026-02-15,30,0,0,15,0,0,45,High,Rejected claim; Rejected value >= 25K
33281,CLM-00033281,46545,BILL-00046545,2322,PAT-0002322,3,INS003,CarePlus Health,3,DEP003,Neurology,39384.62,0.0,39384.62,Rejected,Incorrect Coding,8.0,2026-02-05,2026-02-13,30,0,0,15,0,0,45,High,Rejected claim; Rejected value >= 25K
33264,CLM-00033264,46517,BILL-00046517,18131,PAT-0018131,3,INS003,CarePlus Health,2,DEP002,Cardiology,39336.31,0.0,39336.31,Rejected,Missing Documentation,10.0,2023-03-04,2023-03-14,30,0,0,15,0,0,45,High,Rejected claim; Rejected value >= 25K
27211,CLM-00027211,38077,BILL-00038077,19255,PAT-0019255,5,INS005,LifeCare Insurance,1,DEP001,Emergency,39320.89,0.0,39320.89,Rejected,Policy Exclusion,22.0,2023-11-02,2023-11-24,30,0,0,15,0,0,45,High,Rejected claim; Rejected value >= 25K
32087,CLM-00032087,44881,BILL-00044881,21481,PAT-0021481,3,INS003,CarePlus Health,4,DEP004,Orthopedics,39313.58,0.0,39313.58,Rejected,Duplicate Claim,7.0,2026-04-15,2026-04-22,30,0,0,15,0,0,45,High,Rejected claim; Rejected value >= 25K
12900,CLM-00012900,18022,BILL-00018022,22893,PAT-0022893,2,INS002,MediShield Assurance,8,DEP008,Gynecology,39308.86,0.0,39308.86,Rejected,Duplicate Claim,7.0,2025-01-09,2025-01-16,30,0,0,15,0,0,45,High,Rejected claim; Rejected value >= 25K
14270,CLM-00014270,19922,BILL-00019922,19703,PAT-0019703,5,INS005,LifeCare Insurance,2,DEP002,Cardiology,39308.42,0.0,39308.42,Rejected,Policy Exclusion,20.0,2023-03-20,2023-04-09,30,0,0,15,0,0,45,High,Rejected claim; Rejected value >= 25K
21334,CLM-00021334,29835,BILL-00029835,3765,PAT-0003765,2,INS002,MediShield Assurance,8,DEP008,Gynecology,39297.72,0.0,39297.72,Rejected,Policy Exclusion,7.0,2025-05-24,2025-05-31,30,0,0,15,0,0,45,High,Rejected claim; Rejected value >= 25K
1307,CLM-00001307,1832,BILL-00001832,8638,PAT-0008638,5,INS005,LifeCare Insurance,2,DEP002,Cardiology,39273.92,0.0,39273.92,Rejected,Pre-authorization Missing,15.0,2023-04-04,2023-04-19,30,0,0,15,0,0,45,High,Rejected claim; Rejected value >= 25K
32063,CLM-00032063,44851,BILL-00044851,5425,PAT-0005425,5,INS005,LifeCare Insurance,8,DEP008,Gynecology,39266.32,0.0,39266.32,Rejected,Policy Exclusion,7.0,2023-06-25,2023-07-02,30,0,0,15,0,0,45,High,Rejected claim; Rejected value >= 25K
22506,CLM-00022506,31452,BILL-00031452,7536,PAT-0007536,5,INS005,LifeCare Insurance,9,DEP009,ENT,39194.24,0.0,39194.24,Rejected,Pre-authorization Missing,13.0,2025-11-06,2025-11-19,30,0,0,15,0,0,45,High,Rejected claim; Rejected value >= 25K
11277,CLM-00011277,15785,BILL-00015785,14610,PAT-0014610,2,INS002,MediShield Assurance,7,DEP007,Oncology,39188.22,0.0,39188.22,Rejected,Pre-authorization Missing,18.0,2025-12-18,2026-01-05,30,0,0,15,0,0,45,High,Rejected claim; Rejected value >= 25K
7635,CLM-00007635,10668,BILL-00010668,9998,PAT-0009998,5,INS005,LifeCare Insurance,3,DEP003,Neurology,39185.41,0.0,39185.41,Rejected,Incorrect Coding,15.0,2023-07-09,2023-07-24,30,0,0,15,0,0,45,High,Rejected claim; Rejected value >= 25K
11052,CLM-00011052,15469,BILL-00015469,261,PAT-0000261,5,INS005,LifeCare Insurance,6,DEP006,General Medicine,39158.66,0.0,39158.66,Rejected,Incorrect Coding,22.0,2024-01-22,2024-02-13,30,0,0,15,0,0,45,High,Rejected claim; Rejected value >= 25K
32569,CLM-00032569,45550,BILL-00045550,20951,PAT-0020951,5,INS005,LifeCare Insurance,5,DEP005,Pediatrics,193354.09,154233.4,39120.69,Partially Approved,Policy Exclusion,38.0,2026-08-28,2026-10-05,0,0,10,15,10,10,45,High,Partially approved; Rejected value >= 25K; Claim value >= 100K; Processing > 30 days
25854,CLM-00025854,36189,BILL-00036189,20012,PAT-0020012,1,INS001,HealthSecure Insurance,2,DEP002,Cardiology,39097.49,0.0,39097.49,Rejected,Policy Exclusion,20.0,2026-06-25,2026-07-15,30,0,0,15,0,0,45,High,Rejected claim; Rejected value >= 25K
12303,CLM-00012303,17196,BILL-00017196,12608,PAT-0012608,3,INS003,CarePlus Health,4,DEP004,Orthopedics,39090.93,0.0,39090.93,Rejected,Incorrect Coding,19.0,2025-02-09,2025-02-28,30,0,0,15,0,0,45,High,Rejected claim; Rejected value >= 25K
25756,CLM-00025756,36051,BILL-00036051,21134,PAT-0021134,2,INS002,MediShield Assurance,1,DEP001,Emergency,39085.49,0.0,39085.49,Rejected,Missing Documentation,6.0,2024-11-13,2024-11-19,30,0,0,15,0,0,45,High,Rejected claim; Rejected value >= 25K
13005,CLM-00013005,18166,BILL-00018166,14451,PAT-0014451,4,INS004,National Health Plan,4,DEP004,Orthopedics,168888.46,129808.3,39080.16,Partially Approved,Duplicate Claim,45.0,2026-08-21,2026-10-05,0,0,10,15,10,10,45,High,Partially approved; Rejected value >= 25K; Claim value >= 100K; Processing > 30 days
13186,CLM-00013186,18403,BILL-00018403,17319,PAT-0017319,5,INS005,LifeCare Insurance,6,DEP006,General Medicine,39077.39,0.0,39077.39,Rejected,Duplicate Claim,17.0,2024-12-25,2025-01-11,30,0,0,15,0,0,45,High,Rejected claim; Rejected value >= 25K
4136,CLM-00004136,5827,BILL-00005827,3342,PAT-0003342,4,INS004,National Health Plan,8,DEP008,Gynecology,39067.17,0.0,39067.17,Rejected,Missing Documentation,16.0,2023-06-12,2023-06-28,30,0,0,15,0,0,45,High,Rejected claim; Rejected value >= 25K
14915,CLM-00014915,20875,BILL-00020875,5976,PAT-0005976,2,INS002,MediShield Assurance,1,DEP001,Emergency,39055.52,0.0,39055.52,Rejected,Pre-authorization Missing,17.0,2024-08-10,2024-08-27,30,0,0,15,0,0,45,High,Rejected claim; Rejected value >= 25K
26513,CLM-00026513,37103,BILL-00037103,3178,PAT-0003178,3,INS003,CarePlus Health,4,DEP004,Orthopedics,39055.29,0.0,39055.29,Rejected,Coverage Limit Exceeded,6.0,2024-07-20,2024-07-26,30,0,0,15,0,0,45,High,Rejected claim; Rejected value >= 25K
4400,CLM-00004400,6224,BILL-00006224,22324,PAT-0022324,1,INS001,HealthSecure Insurance,8,DEP008,Gynecology,39015.63,0.0,39015.63,Rejected,Pre-authorization Missing,22.0,2025-10-02,2025-10-24,30,0,0,15,0,0,45,High,Rejected claim; Rejected value >= 25K
16838,CLM-00016838,23569,BILL-00023569,11215,PAT-0011215,5,INS005,LifeCare Insurance,1,DEP001,Emergency,38982.92,0.0,38982.92,Rejected,Missing Documentation,8.0,2024-10-01,2024-10-09,30,0,0,15,0,0,45,High,Rejected claim; Rejected value >= 25K
11306,CLM-00011306,15828,BILL-00015828,7496,PAT-0007496,1,INS001,HealthSecure Insurance,1,DEP001,Emergency,38976.73,0.0,38976.73,Rejected,Duplicate Claim,8.0,2026-03-02,2026-03-10,30,0,0,15,0,0,45,High,Rejected claim; Rejected value >= 25K
12708,CLM-00012708,17761,BILL-00017761,6689,PAT-0006689,1,INS001,HealthSecure Insurance,2,DEP002,Cardiology,38953.8,0.0,38953.8,Rejected,Pre-authorization Missing,8.0,2023-06-22,2023-06-30,30,0,0,15,0,0,45,High,Rejected claim; Rejected value >= 25K
26386,CLM-00026386,36927,BILL-00036927,2778,PAT-0002778,1,INS001,HealthSecure Insurance,5,DEP005,Pediatrics,38937.07,0.0,38937.07,Rejected,Incorrect Coding,17.0,2023-06-07,2023-06-24,30,0,0,15,0,0,45,High,Rejected claim; Rejected value >= 25K
14017,CLM-00014017,19567,BILL-00019567,12510,PAT-0012510,2,INS002,MediShield Assurance,1,DEP001,Emergency,38935.91,0.0,38935.91,Rejected,Missing Documentation,11.0,2025-07-14,2025-07-25,30,0,0,15,0,0,45,High,Rejected claim; Rejected value >= 25K
29592,CLM-00029592,41433,BILL-00041433,13816,PAT-0013816,5,INS005,LifeCare Insurance,6,DEP006,General Medicine,38915.08,0.0,38915.08,Rejected,Duplicate Claim,9.0,2025-12-27,2026-01-05,30,0,0,15,0,0,45,High,Rejected claim; Rejected value >= 25K
20506,CLM-00020506,28685,BILL-00028685,16641,PAT-0016641,2,INS002,MediShield Assurance,8,DEP008,Gynecology,38905.23,0.0,38905.23,Rejected,Coverage Limit Exceeded,8.0,2023-01-24,2023-02-01,30,0,0,15,0,0,45,High,Rejected claim; Rejected value >= 25K
8012,CLM-00008012,11196,BILL-00011196,20843,PAT-0020843,1,INS001,HealthSecure Insurance,8,DEP008,Gynecology,38900.35,0.0,38900.35,Rejected,Policy Exclusion,11.0,2024-06-16,2024-06-27,30,0,0,15,0,0,45,High,Rejected claim; Rejected value >= 25K
22572,CLM-00022572,31534,BILL-00031534,8045,PAT-0008045,2,INS002,MediShield Assurance,8,DEP008,Gynecology,38874.79,0.0,38874.79,Rejected,Policy Exclusion,9.0,2023-09-05,2023-09-14,30,0,0,15,0,0,45,High,Rejected claim; Rejected value >= 25K
17498,CLM-00017498,24498,BILL-00024498,20284,PAT-0020284,3,INS003,CarePlus Health,1,DEP001,Emergency,38870.66,0.0,38870.66,Rejected,Incorrect Coding,21.0,2025-10-25,2025-11-15,30,0,0,15,0,0,45,High,Rejected claim; Rejected value >= 25K
15557,CLM-00015557,21802,BILL-00021802,11951,PAT-0011951,1,INS001,HealthSecure Insurance,2,DEP002,Cardiology,38803.36,0.0,38803.36,Rejected,Policy Exclusion,11.0,2025-04-19,2025-04-30,30,0,0,15,0,0,45,High,Rejected claim; Rejected value >= 25K
36084,CLM-00036273,50516,BILL-00050793,15029,PAT-0015029,2,INS002,MediShield Assurance,1,DEP001,Emergency,38800.2,0.0,38800.2,Rejected,Policy Exclusion,14.0,2026-09-29,2026-10-13,30,0,0,15,0,0,45,High,Rejected claim; Rejected value >= 25K
30795,CLM-00030795,43108,BILL-00043108,8143,PAT-0008143,5,INS005,LifeCare Insurance,6,DEP006,General Medicine,38749.28,0.0,38749.28,Rejected,Incorrect Coding,15.0,2024-07-05,2024-07-20,30,0,0,15,0,0,45,High,Rejected claim; Rejected value >= 25K
30037,CLM-00030037,42059,BILL-00042059,18076,PAT-0018076,3,INS003,CarePlus Health,2,DEP002,Cardiology,38743.63,0.0,38743.63,Rejected,Coverage Limit Exceeded,25.0,2024-09-18,2024-10-13,30,0,0,15,0,0,45,High,Rejected claim; Rejected value >= 25K
19893,CLM-00019893,27826,BILL-00027826,1436,PAT-0001436,2,INS002,MediShield Assurance,10,DEP010,Dermatology,38732.11,0.0,38732.11,Rejected,Policy Exclusion,5.0,2023-10-06,2023-10-11,30,0,0,15,0,0,45,High,Rejected claim; Rejected value >= 25K
28343,CLM-00028343,39652,BILL-00039652,19644,PAT-0019644,1,INS001,HealthSecure Insurance,5,DEP005,Pediatrics,38644.35,0.0,38644.35,Rejected,Incorrect Coding,22.0,2026-04-27,2026-05-19,30,0,0,15,0,0,45,High,Rejected claim; Rejected value >= 25K
15707,CLM-00015707,22013,BILL-00022013,10737,PAT-0010737,2,INS002,MediShield Assurance,1,DEP001,Emergency,38590.48,0.0,38590.48,Rejected,Missing Documentation,21.0,2025-01-23,2025-02-13,30,0,0,15,0,0,45,High,Rejected claim; Rejected value >= 25K
15891,CLM-00015891,22254,BILL-00022254,13006,PAT-0013006,3,INS003,CarePlus Health,10,DEP010,Dermatology,38582.05,0.0,38582.05,Rejected,Duplicate Claim,16.0,2024-06-27,2024-07-13,30,0,0,15,0,0,45,High,Rejected claim; Rejected value >= 25K
29768,CLM-00029768,41673,BILL-00041673,4910,PAT-0004910,1,INS001,HealthSecure Insurance,4,DEP004,Orthopedics,38579.31,0.0,38579.31,Rejected,Coverage Limit Exceeded,5.0,2026-07-10,2026-07-15,30,0,0,15,0,0,45,High,Rejected claim; Rejected value >= 25K
28001,CLM-00028001,39172,BILL-00039172,84,PAT-0000084,1,INS001,HealthSecure Insurance,6,DEP006,General Medicine,38562.92,0.0,38562.92,Rejected,Duplicate Claim,22.0,2026-03-28,2026-04-19,30,0,0,15,0,0,45,High,Rejected claim; Rejected value >= 25K
5581,CLM-00005581,7827,BILL-00007827,1708,PAT-0001708,1,INS001,HealthSecure Insurance,5,DEP005,Pediatrics,38558.94,0.0,38558.94,Rejected,Incorrect Coding,6.0,2025-04-08,2025-04-14,30,0,0,15,0,0,45,High,Rejected claim; Rejected value >= 25K
34785,CLM-00034785,48696,BILL-00048696,24877,PAT-0024877,2,INS002,MediShield Assurance,1,DEP001,Emergency,138443.67,99891.95,38551.72,Partially Approved,Duplicate Claim,35.0,2025-01-13,2025-02-17,0,0,10,15,10,10,45,High,Partially approved; Rejected value >= 25K; Claim value >= 100K; Processing > 30 days
24317,CLM-00024317,34020,BILL-00034020,6936,PAT-0006936,4,INS004,National Health Plan,2,DEP002,Cardiology,38530.2,0.0,38530.2,Rejected,Duplicate Claim,18.0,2024-11-25,2024-12-13,30,0,0,15,0,0,45,High,Rejected claim; Rejected value >= 25K
4262,CLM-00004262,6017,BILL-00006017,6404,PAT-0006404,5,INS005,LifeCare Insurance,7,DEP007,Oncology,38527.13,0.0,38527.13,Rejected,Incorrect Coding,25.0,2024-12-06,2024-12-31,30,0,0,15,0,0,45,High,Rejected claim; Rejected value >= 25K
32075,CLM-00032075,44864,BILL-00044864,24713,PAT-0024713,2,INS002,MediShield Assurance,3,DEP003,Neurology,38518.32,0.0,38518.32,Rejected,Coverage Limit Exceeded,19.0,2024-05-17,2024-06-05,30,0,0,15,0,0,45,High,Rejected claim; Rejected value >= 25K
13816,CLM-00013816,19294,BILL-00019294,13532,PAT-0013532,4,INS004,National Health Plan,6,DEP006,General Medicine,38516.9,0.0,38516.9,Rejected,Policy Exclusion,21.0,2026-08-24,2026-09-14,30,0,0,15,0,0,45,High,Rejected claim; Rejected value >= 25K
29683,CLM-00029683,41554,BILL-00041554,22290,PAT-0022290,1,INS001,HealthSecure Insurance,9,DEP009,ENT,38479.43,0.0,38479.43,Rejected,Policy Exclusion,21.0,2026-06-22,2026-07-13,30,0,0,15,0,0,45,High,Rejected claim; Rejected value >= 25K
18632,CLM-00018632,26043,BILL-00026043,13268,PAT-0013268,3,INS003,CarePlus Health,4,DEP004,Orthopedics,38478.24,0.0,38478.24,Rejected,Coverage Limit Exceeded,21.0,2025-06-18,2025-07-09,30,0,0,15,0,0,45,High,Rejected claim; Rejected value >= 25K
16834,CLM-00016834,23563,BILL-00023563,17795,PAT-0017795,2,INS002,MediShield Assurance,6,DEP006,General Medicine,38474.13,0.0,38474.13,Rejected,Duplicate Claim,21.0,2023-06-20,2023-07-11,30,0,0,15,0,0,45,High,Rejected claim; Rejected value >= 25K
26282,CLM-00026282,36772,BILL-00036772,10429,PAT-0010429,3,INS003,CarePlus Health,5,DEP005,Pediatrics,38468.45,0.0,38468.45,Rejected,Policy Exclusion,25.0,2024-03-07,2024-04-01,30,0,0,15,0,0,45,High,Rejected claim; Rejected value >= 25K
5277,CLM-00005277,7402,BILL-00007402,20218,PAT-0020218,1,INS001,HealthSecure Insurance,1,DEP001,Emergency,160084.07,121620.0,38464.07,Partially Approved,Pre-authorization Missing,34.0,2023-04-05,2023-05-09,0,0,10,15,10,10,45,High,Partially approved; Rejected value >= 25K; Claim value >= 100K; Processing > 30 days
35663,CLM-00035663,49921,BILL-00049921,10367,PAT-0010367,2,INS002,MediShield Assurance,7,DEP007,Oncology,38440.83,0.0,38440.83,Rejected,Pre-authorization Missing,14.0,2026-08-22,2026-09-05,30,0,0,15,0,0,45,High,Rejected claim; Rejected value >= 25K
12444,CLM-00012444,17385,BILL-00017385,20682,PAT-0020682,1,INS001,HealthSecure Insurance,9,DEP009,ENT,38411.82,0.0,38411.82,Rejected,Duplicate Claim,19.0,2025-08-17,2025-09-05,30,0,0,15,0,0,45,High,Rejected claim; Rejected value >= 25K
21678,CLM-00021678,30316,BILL-00030316,18489,PAT-0018489,1,INS001,HealthSecure Insurance,10,DEP010,Dermatology,38395.7,0.0,38395.7,Rejected,Policy Exclusion,15.0,2024-02-22,2024-03-08,30,0,0,15,0,0,45,High,Rejected claim; Rejected value >= 25K
9449,CLM-00009449,13189,BILL-00013189,4479,PAT-0004479,2,INS002,MediShield Assurance,7,DEP007,Oncology,38351.18,0.0,38351.18,Rejected,Policy Exclusion,11.0,2023-07-31,2023-08-11,30,0,0,15,0,0,45,High,Rejected claim; Rejected value >= 25K
1548,CLM-00001548,2187,BILL-00002187,7585,PAT-0007585,2,INS002,MediShield Assurance,6,DEP006,General Medicine,38291.19,0.0,38291.19,Rejected,Duplicate Claim,18.0,2023-06-14,2023-07-02,30,0,0,15,0,0,45,High,Rejected claim; Rejected value >= 25K
6838,CLM-00006838,9558,BILL-00009558,17160,PAT-0017160,3,INS003,CarePlus Health,4,DEP004,Orthopedics,38251.55,0.0,38251.55,Rejected,Pre-authorization Missing,17.0,2026-06-23,2026-07-10,30,0,0,15,0,0,45,High,Rejected claim; Rejected value >= 25K
8951,CLM-00008951,12497,BILL-00012497,5626,PAT-0005626,5,INS005,LifeCare Insurance,2,DEP002,Cardiology,38228.32,0.0,38228.32,Rejected,Policy Exclusion,5.0,2025-07-27,2025-08-01,30,0,0,15,0,0,45,High,Rejected claim; Rejected value >= 25K
28302,CLM-00028302,39597,BILL-00039597,23740,PAT-0023740,3,INS003,CarePlus Health,1,DEP001,Emergency,38224.96,0.0,38224.96,Rejected,Pre-authorization Missing,25.0,2024-06-30,2024-07-25,30,0,0,15,0,0,45,High,Rejected claim; Rejected value >= 25K
20367,CLM-00020367,28490,BILL-00028490,5981,PAT-0005981,2,INS002,MediShield Assurance,6,DEP006,General Medicine,38220.27,0.0,38220.27,Rejected,Pre-authorization Missing,14.0,2025-06-18,2025-07-02,30,0,0,15,0,0,45,High,Rejected claim; Rejected value >= 25K
30,CLM-00000030,44,BILL-00000044,17907,PAT-0017907,1,INS001,HealthSecure Insurance,8,DEP008,Gynecology,204583.52,166365.59,38217.93,Partially Approved,Duplicate Claim,45.0,2026-06-29,2026-08-13,0,0,10,15,10,10,45,High,Partially approved; Rejected value >= 25K; Claim value >= 100K; Processing > 30 days
8130,CLM-00008130,11357,BILL-00011357,861,PAT-0000861,1,INS001,HealthSecure Insurance,1,DEP001,Emergency,38205.17,0.0,38205.17,Rejected,Pre-authorization Missing,12.0,2026-03-01,2026-03-13,30,0,0,15,0,0,45,High,Rejected claim; Rejected value >= 25K
5233,CLM-00005233,7344,BILL-00007344,2725,PAT-0002725,4,INS004,National Health Plan,3,DEP003,Neurology,38150.63,0.0,38150.63,Rejected,Policy Exclusion,22.0,2023-04-13,2023-05-05,30,0,0,15,0,0,45,High,Rejected claim; Rejected value >= 25K
7160,CLM-00007160,10003,BILL-00010003,19809,PAT-0019809,1,INS001,HealthSecure Insurance,8,DEP008,Gynecology,38112.84,0.0,38112.84,Rejected,Missing Documentation,24.0,2023-08-14,2023-09-07,30,0,0,15,0,0,45,High,Rejected claim; Rejected value >= 25K
6796,CLM-00006796,9501,BILL-00009501,1310,PAT-0001310,1,INS001,HealthSecure Insurance,6,DEP006,General Medicine,199151.39,161044.58,38106.81,Partially Approved,Policy Exclusion,36.0,2023-11-20,2023-12-26,0,0,10,15,10,10,45,High,Partially approved; Rejected value >= 25K; Claim value >= 100K; Processing > 30 days
30131,CLM-00030131,42188,BILL-00042188,9140,PAT-0009140,5,INS005,LifeCare Insurance,8,DEP008,Gynecology,102130.79,64101.3,38029.49,Partially Approved,Incorrect Coding,31.0,2025-04-06,2025-05-07,0,0,10,15,10,10,45,High,Partially approved; Rejected value >= 25K; Claim value >= 100K; Processing > 30 days
21695,CLM-00021695,30339,BILL-00030339,15559,PAT-0015559,3,INS003,CarePlus Health,10,DEP010,Dermatology,38008.8,0.0,38008.8,Rejected,Pre-authorization Missing,25.0,2023-08-24,2023-09-18,30,0,0,15,0,0,45,High,Rejected claim; Rejected value >= 25K
29053,CLM-00029053,40692,BILL-00040692,13098,PAT-0013098,4,INS004,National Health Plan,7,DEP007,Oncology,38005.72,0.0,38005.72,Rejected,Coverage Limit Exceeded,22.0,2024-03-26,2024-04-17,30,0,0,15,0,0,45,High,Rejected claim; Rejected value >= 25K
20559,CLM-00020559,28751,BILL-00028751,10635,PAT-0010635,5,INS005,LifeCare Insurance,5,DEP005,Pediatrics,37979.1,0.0,37979.1,Rejected,Pre-authorization Missing,6.0,2026-05-14,2026-05-20,30,0,0,15,0,0,45,High,Rejected claim; Rejected value >= 25K
24112,CLM-00024112,33734,BILL-00033734,15569,PAT-0015569,5,INS005,LifeCare Insurance,5,DEP005,Pediatrics,37958.48,0.0,37958.48,Rejected,Pre-authorization Missing,5.0,2023-03-25,2023-03-30,30,0,0,15,0,0,45,High,Rejected claim; Rejected value >= 25K
31373,CLM-00031373,43897,BILL-00043897,18530,PAT-0018530,5,INS005,LifeCare Insurance,2,DEP002,Cardiology,37955.44,0.0,37955.44,Rejected,Duplicate Claim,7.0,2026-09-27,2026-10-04,30,0,0,15,0,0,45,High,Rejected claim; Rejected value >= 25K
10240,CLM-00010240,14332,BILL-00014332,2932,PAT-0002932,3,INS003,CarePlus Health,10,DEP010,Dermatology,37943.73,0.0,37943.73,Rejected,Policy Exclusion,14.0,2024-03-16,2024-03-30,30,0,0,15,0,0,45,High,Rejected claim; Rejected value >= 25K
13314,CLM-00013314,18589,BILL-00018589,5214,PAT-0005214,3,INS003,CarePlus Health,9,DEP009,ENT,37940.84,0.0,37940.84,Rejected,Coverage Limit Exceeded,9.0,2025-11-19,2025-11-28,30,0,0,15,0,0,45,High,Rejected claim; Rejected value >= 25K
21015,CLM-00021015,29390,BILL-00029390,13992,PAT-0013992,1,INS001,HealthSecure Insurance,3,DEP003,Neurology,111558.24,73642.45,37915.79,Partially Approved,Incorrect Coding,35.0,2025-06-28,2025-08-02,0,0,10,15,10,10,45,High,Partially approved; Rejected value >= 25K; Claim value >= 100K; Processing > 30 days
13273,CLM-00013273,18526,BILL-00018526,16888,PAT-0016888,4,INS004,National Health Plan,10,DEP010,Dermatology,37915.23,0.0,37915.23,Rejected,Policy Exclusion,22.0,2024-07-08,2024-07-30,30,0,0,15,0,0,45,High,Rejected claim; Rejected value >= 25K
1276,CLM-00001276,1787,BILL-00001787,6496,PAT-0006496,5,INS005,LifeCare Insurance,7,DEP007,Oncology,37883.97,0.0,37883.97,Rejected,Pre-authorization Missing,6.0,2023-11-05,2023-11-11,30,0,0,15,0,0,45,High,Rejected claim; Rejected value >= 25K
9627,CLM-00009627,13464,BILL-00013464,18997,PAT-0018997,3,INS003,CarePlus Health,6,DEP006,General Medicine,37879.47,0.0,37879.47,Rejected,Pre-authorization Missing,23.0,2023-09-30,2023-10-23,30,0,0,15,0,0,45,High,Rejected claim; Rejected value >= 25K
1061,CLM-00001061,1490,BILL-00001490,7142,PAT-0007142,1,INS001,HealthSecure Insurance,1,DEP001,Emergency,37871.98,0.0,37871.98,Rejected,Policy Exclusion,17.0,2023-06-10,2023-06-27,30,0,0,15,0,0,45,High,Rejected claim; Rejected value >= 25K
13896,CLM-00013896,19409,BILL-00019409,15739,PAT-0015739,5,INS005,LifeCare Insurance,5,DEP005,Pediatrics,37870.78,0.0,37870.78,Rejected,Pre-authorization Missing,6.0,2023-11-22,2023-11-28,30,0,0,15,0,0,45,High,Rejected claim; Rejected value >= 25K
230,CLM-00000230,325,BILL-00000325,14291,PAT-0014291,1,INS001,HealthSecure Insurance,5,DEP005,Pediatrics,37863.14,0.0,37863.14,Rejected,Duplicate Claim,19.0,2023-08-10,2023-08-29,30,0,0,15,0,0,45,High,Rejected claim; Rejected value >= 25K
15099,CLM-00015099,21129,BILL-00021129,24869,PAT-0024869,4,INS004,National Health Plan,8,DEP008,Gynecology,37862.27,0.0,37862.27,Rejected,Missing Documentation,16.0,2026-09-03,2026-09-19,30,0,0,15,0,0,45,High,Rejected claim; Rejected value >= 25K
22726,CLM-00022726,31751,BILL-00031751,13671,PAT-0013671,3,INS003,CarePlus Health,4,DEP004,Orthopedics,37857.25,0.0,37857.25,Rejected,Policy Exclusion,12.0,2023-10-02,2023-10-14,30,0,0,15,0,0,45,High,Rejected claim; Rejected value >= 25K
25845,CLM-00025845,36179,BILL-00036179,10807,PAT-0010807,2,INS002,MediShield Assurance,8,DEP008,Gynecology,37809.21,0.0,37809.21,Rejected,Pre-authorization Missing,13.0,2024-05-14,2024-05-27,30,0,0,15,0,0,45,High,Rejected claim; Rejected value >= 25K
1042,CLM-00001042,1463,BILL-00001463,4385,PAT-0004385,3,INS003,CarePlus Health,2,DEP002,Cardiology,37800.86,0.0,37800.86,Rejected,Coverage Limit Exceeded,16.0,2023-02-06,2023-02-22,30,0,0,15,0,0,45,High,Rejected claim; Rejected value >= 25K
2790,CLM-00002790,3941,BILL-00003941,4119,PAT-0004119,1,INS001,HealthSecure Insurance,7,DEP007,Oncology,37799.21,0.0,37799.21,Rejected,Duplicate Claim,21.0,2024-02-20,2024-03-12,30,0,0,15,0,0,45,High,Rejected claim; Rejected value >= 25K
2922,CLM-00002922,4137,BILL-00004137,1138,PAT-0001138,5,INS005,LifeCare Insurance,1,DEP001,Emergency,37776.61,0.0,37776.61,Rejected,Pre-authorization Missing,13.0,2026-02-28,2026-03-13,30,0,0,15,0,0,45,High,Rejected claim; Rejected value >= 25K
24085,CLM-00024085,33692,BILL-00033692,21453,PAT-0021453,4,INS004,National Health Plan,5,DEP005,Pediatrics,37767.05,0.0,37767.05,Rejected,Duplicate Claim,18.0,2024-10-15,2024-11-02,30,0,0,15,0,0,45,High,Rejected claim; Rejected value >= 25K
22157,CLM-00022157,30980,BILL-00030980,17917,PAT-0017917,1,INS001,HealthSecure Insurance,10,DEP010,Dermatology,37755.48,0.0,37755.48,Rejected,Coverage Limit Exceeded,17.0,2024-09-05,2024-09-22,30,0,0,15,0,0,45,High,Rejected claim; Rejected value >= 25K
28145,CLM-00028145,39376,BILL-00039376,6129,PAT-0006129,3,INS003,CarePlus Health,3,DEP003,Neurology,37744.04,0.0,37744.04,Rejected,Incorrect Coding,23.0,2024-10-27,2024-11-19,30,0,0,15,0,0,45,High,Rejected claim; Rejected value >= 25K
8931,CLM-00008931,12470,BILL-00012470,18565,PAT-0018565,1,INS001,HealthSecure Insurance,10,DEP010,Dermatology,37694.51,0.0,37694.51,Rejected,Duplicate Claim,16.0,2023-10-31,2023-11-16,30,0,0,15,0,0,45,High,Rejected claim; Rejected value >= 25K
26723,CLM-00026723,37408,BILL-00037408,9898,PAT-0009898,2,INS002,MediShield Assurance,8,DEP008,Gynecology,37688.02,0.0,37688.02,Rejected,Policy Exclusion,17.0,2026-02-18,2026-03-07,30,0,0,15,0,0,45,High,Rejected claim; Rejected value >= 25K
12064,CLM-00012064,16857,BILL-00016857,9230,PAT-0009230,4,INS004,National Health Plan,6,DEP006,General Medicine,37656.53,0.0,37656.53,Rejected,Policy Exclusion,20.0,2023-09-07,2023-09-27,30,0,0,15,0,0,45,High,Rejected claim; Rejected value >= 25K
865,CLM-00000865,1221,BILL-00001221,18973,PAT-0018973,5,INS005,LifeCare Insurance,4,DEP004,Orthopedics,37642.33,0.0,37642.33,Rejected,Missing Documentation,24.0,2026-08-20,2026-09-13,30,0,0,15,0,0,45,High,Rejected claim; Rejected value >= 25K
4076,CLM-00004076,5737,BILL-00005737,11997,PAT-0011997,1,INS001,HealthSecure Insurance,9,DEP009,ENT,37634.89,0.0,37634.89,Rejected,Pre-authorization Missing,25.0,2024-06-12,2024-07-07,30,0,0,15,0,0,45,High,Rejected claim; Rejected value >= 25K
17176,CLM-00017176,24036,BILL-00024036,19124,PAT-0019124,3,INS003,CarePlus Health,1,DEP001,Emergency,37630.21,0.0,37630.21,Rejected,Incorrect Coding,10.0,2023-02-19,2023-03-01,30,0,0,15,0,0,45,High,Rejected claim; Rejected value >= 25K
33751,CLM-00033751,47202,BILL-00047202,8870,PAT-0008870,4,INS004,National Health Plan,9,DEP009,ENT,37598.03,0.0,37598.03,Rejected,Missing Documentation,14.0,2024-04-03,2024-04-17,30,0,0,15,0,0,45,High,Rejected claim; Rejected value >= 25K
1063,CLM-00001063,1494,BILL-00001494,4796,PAT-0004796,1,INS001,HealthSecure Insurance,5,DEP005,Pediatrics,37582.49,0.0,37582.49,Rejected,Duplicate Claim,18.0,2024-06-26,2024-07-14,30,0,0,15,0,0,45,High,Rejected claim; Rejected value >= 25K
3987,CLM-00003987,5614,BILL-00005614,12448,PAT-0012448,2,INS002,MediShield Assurance,10,DEP010,Dermatology,37576.28,0.0,37576.28,Rejected,Policy Exclusion,23.0,2026-05-06,2026-05-29,30,0,0,15,0,0,45,High,Rejected claim; Rejected value >= 25K
29983,CLM-00029983,41983,BILL-00041983,4201,PAT-0004201,5,INS005,LifeCare Insurance,4,DEP004,Orthopedics,37547.59,0.0,37547.59,Rejected,Pre-authorization Missing,13.0,2023-06-01,2023-06-14,30,0,0,15,0,0,45,High,Rejected claim; Rejected value >= 25K
21653,CLM-00021653,30281,BILL-00030281,11913,PAT-0011913,2,INS002,MediShield Assurance,3,DEP003,Neurology,37521.46,0.0,37521.46,Rejected,Coverage Limit Exceeded,23.0,2024-10-30,2024-11-22,30,0,0,15,0,0,45,High,Rejected claim; Rejected value >= 25K
11546,CLM-00011546,16150,BILL-00016150,10831,PAT-0010831,3,INS003,CarePlus Health,3,DEP003,Neurology,37495.1,0.0,37495.1,Rejected,Policy Exclusion,20.0,2023-02-27,2023-03-19,30,0,0,15,0,0,45,High,Rejected claim; Rejected value >= 25K
31754,CLM-00031754,44416,BILL-00044416,8444,PAT-0008444,2,INS002,MediShield Assurance,9,DEP009,ENT,37492.36,0.0,37492.36,Rejected,Coverage Limit Exceeded,25.0,2023-01-24,2023-02-18,30,0,0,15,0,0,45,High,Rejected claim; Rejected value >= 25K
29458,CLM-00029458,41246,BILL-00041246,7999,PAT-0007999,5,INS005,LifeCare Insurance,3,DEP003,Neurology,37480.13,0.0,37480.13,Rejected,Pre-authorization Missing,7.0,2025-09-08,2025-09-15,30,0,0,15,0,0,45,High,Rejected claim; Rejected value >= 25K
31320,CLM-00031320,43827,BILL-00043827,473,PAT-0000473,5,INS005,LifeCare Insurance,9,DEP009,ENT,114267.24,76792.15,37475.09,Partially Approved,Incorrect Coding,43.0,2023-12-23,2024-02-04,0,0,10,15,10,10,45,High,Partially approved; Rejected value >= 25K; Claim value >= 100K; Processing > 30 days
11194,CLM-00011194,15669,BILL-00015669,3232,PAT-0003232,5,INS005,LifeCare Insurance,9,DEP009,ENT,37456.32,0.0,37456.32,Rejected,Pre-authorization Missing,17.0,2023-09-12,2023-09-29,30,0,0,15,0,0,45,High,Rejected claim; Rejected value >= 25K
23198,CLM-00023198,32409,BILL-00032409,21049,PAT-0021049,3,INS003,CarePlus Health,9,DEP009,ENT,37430.58,0.0,37430.58,Rejected,Missing Documentation,23.0,2026-08-03,2026-08-26,30,0,0,15,0,0,45,High,Rejected claim; Rejected value >= 25K
32450,CLM-00032450,45385,BILL-00045385,20631,PAT-0020631,4,INS004,National Health Plan,5,DEP005,Pediatrics,37410.79,0.0,37410.79,Rejected,Pre-authorization Missing,24.0,2025-04-26,2025-05-20,30,0,0,15,0,0,45,High,Rejected claim; Rejected value >= 25K
7801,CLM-00007801,10903,BILL-00010903,18984,PAT-0018984,3,INS003,CarePlus Health,1,DEP001,Emergency,37387.72,0.0,37387.72,Rejected,Missing Documentation,24.0,2023-03-10,2023-04-03,30,0,0,15,0,0,45,High,Rejected claim; Rejected value >= 25K
16481,CLM-00016481,23089,BILL-00023089,18998,PAT-0018998,3,INS003,CarePlus Health,1,DEP001,Emergency,37358.6,0.0,37358.6,Rejected,Coverage Limit Exceeded,6.0,2023-07-25,2023-07-31,30,0,0,15,0,0,45,High,Rejected claim; Rejected value >= 25K
33236,CLM-00033236,46476,BILL-00046476,5941,PAT-0005941,4,INS004,National Health Plan,3,DEP003,Neurology,37356.71,0.0,37356.71,Rejected,Pre-authorization Missing,23.0,2025-06-14,2025-07-07,30,0,0,15,0,0,45,High,Rejected claim; Rejected value >= 25K
21981,CLM-00021981,30727,BILL-00030727,17288,PAT-0017288,4,INS004,National Health Plan,10,DEP010,Dermatology,37354.3,0.0,37354.3,Rejected,Pre-authorization Missing,8.0,2026-05-23,2026-05-31,30,0,0,15,0,0,45,High,Rejected claim; Rejected value >= 25K
28753,CLM-00028753,40247,BILL-00040247,7277,PAT-0007277,4,INS004,National Health Plan,10,DEP010,Dermatology,37337.74,0.0,37337.74,Rejected,Policy Exclusion,25.0,2025-11-16,2025-12-11,30,0,0,15,0,0,45,High,Rejected claim; Rejected value >= 25K
18510,CLM-00018510,25882,BILL-00025882,4011,PAT-0004011,1,INS001,HealthSecure Insurance,8,DEP008,Gynecology,37321.8,0.0,37321.8,Rejected,Coverage Limit Exceeded,16.0,2023-08-04,2023-08-20,30,0,0,15,0,0,45,High,Rejected claim; Rejected value >= 25K
23112,CLM-00023112,32280,BILL-00032280,17486,PAT-0017486,4,INS004,National Health Plan,9,DEP009,ENT,37307.02,0.0,37307.02,Rejected,Duplicate Claim,16.0,2024-07-16,2024-08-01,30,0,0,15,0,0,45,High,Rejected claim; Rejected value >= 25K
31361,CLM-00031361,43882,BILL-00043882,18408,PAT-0018408,2,INS002,MediShield Assurance,8,DEP008,Gynecology,37289.44,0.0,37289.44,Rejected,Missing Documentation,11.0,2023-07-03,2023-07-14,30,0,0,15,0,0,45,High,Rejected claim; Rejected value >= 25K
15336,CLM-00015336,21472,BILL-00021472,9807,PAT-0009807,5,INS005,LifeCare Insurance,2,DEP002,Cardiology,37275.22,0.0,37275.22,Rejected,Policy Exclusion,24.0,2024-05-12,2024-06-05,30,0,0,15,0,0,45,High,Rejected claim; Rejected value >= 25K
7118,CLM-00007118,9940,BILL-00009940,12725,PAT-0012725,5,INS005,LifeCare Insurance,7,DEP007,Oncology,37268.4,0.0,37268.4,Rejected,Pre-authorization Missing,20.0,2025-06-01,2025-06-21,30,0,0,15,0,0,45,High,Rejected claim; Rejected value >= 25K
22189,CLM-00022189,31024,BILL-00031024,7114,PAT-0007114,1,INS001,HealthSecure Insurance,7,DEP007,Oncology,37261.13,0.0,37261.13,Rejected,Pre-authorization Missing,7.0,2023-03-29,2023-04-05,30,0,0,15,0,0,45,High,Rejected claim; Rejected value >= 25K
5822,CLM-00005822,8164,BILL-00008164,15987,PAT-0015987,2,INS002,MediShield Assurance,5,DEP005,Pediatrics,37218.49,0.0,37218.49,Rejected,Missing Documentation,16.0,2024-07-08,2024-07-24,30,0,0,15,0,0,45,High,Rejected claim; Rejected value >= 25K
14308,CLM-00014308,19977,BILL-00019977,1209,PAT-0001209,1,INS001,HealthSecure Insurance,7,DEP007,Oncology,37215.7,0.0,37215.7,Rejected,Missing Documentation,24.0,2026-01-25,2026-02-18,30,0,0,15,0,0,45,High,Rejected claim; Rejected value >= 25K
35589,CLM-00035589,49814,BILL-00049814,137,PAT-0000137,2,INS002,MediShield Assurance,6,DEP006,General Medicine,37213.21,0.0,37213.21,Rejected,Duplicate Claim,22.0,2023-05-11,2023-06-02,30,0,0,15,0,0,45,High,Rejected claim; Rejected value >= 25K
32228,CLM-00032228,45084,BILL-00045084,22059,PAT-0022059,5,INS005,LifeCare Insurance,2,DEP002,Cardiology,184707.2,147501.2,37206.0,Partially Approved,Duplicate Claim,37.0,2024-04-30,2024-06-06,0,0,10,15,10,10,45,High,Partially approved; Rejected value >= 25K; Claim value >= 100K; Processing > 30 days
20195,CLM-00020195,28243,BILL-00028243,3812,PAT-0003812,2,INS002,MediShield Assurance,10,DEP010,Dermatology,37154.18,0.0,37154.18,Rejected,Missing Documentation,23.0,2023-03-04,2023-03-27,30,0,0,15,0,0,45,High,Rejected claim; Rejected value >= 25K
30001,CLM-00030001,42012,BILL-00042012,8466,PAT-0008466,2,INS002,MediShield Assurance,9,DEP009,ENT,37147.33,0.0,37147.33,Rejected,Pre-authorization Missing,10.0,2023-04-05,2023-04-15,30,0,0,15,0,0,45,High,Rejected claim; Rejected value >= 25K
27936,CLM-00027936,39083,BILL-00039083,23052,PAT-0023052,3,INS003,CarePlus Health,4,DEP004,Orthopedics,37117.35,0.0,37117.35,Rejected,Incorrect Coding,21.0,2024-01-01,2024-01-22,30,0,0,15,0,0,45,High,Rejected claim; Rejected value >= 25K
16365,CLM-00016365,22924,BILL-00022924,6736,PAT-0006736,4,INS004,National Health Plan,7,DEP007,Oncology,37108.25,0.0,37108.25,Rejected,Coverage Limit Exceeded,19.0,2023-10-30,2023-11-18,30,0,0,15,0,0,45,High,Rejected claim; Rejected value >= 25K
842,CLM-00000842,1192,BILL-00001192,9066,PAT-0009066,1,INS001,HealthSecure Insurance,10,DEP010,Dermatology,37100.12,0.0,37100.12,Rejected,Duplicate Claim,20.0,2024-12-18,2025-01-07,30,0,0,15,0,0,45,High,Rejected claim; Rejected value >= 25K
11830,CLM-00011830,16538,BILL-00016538,7277,PAT-0007277,2,INS002,MediShield Assurance,7,DEP007,Oncology,37074.52,0.0,37074.52,Rejected,Coverage Limit Exceeded,13.0,2023-11-08,2023-11-21,30,0,0,15,0,0,45,High,Rejected claim; Rejected value >= 25K
11100,CLM-00011100,15535,BILL-00015535,13960,PAT-0013960,4,INS004,National Health Plan,5,DEP005,Pediatrics,37065.73,0.0,37065.73,Rejected,Coverage Limit Exceeded,13.0,2026-08-28,2026-09-10,30,0,0,15,0,0,45,High,Rejected claim; Rejected value >= 25K
4379,CLM-00004379,6187,BILL-00006187,20483,PAT-0020483,3,INS003,CarePlus Health,8,DEP008,Gynecology,37030.23,0.0,37030.23,Rejected,Coverage Limit Exceeded,25.0,2024-09-23,2024-10-18,30,0,0,15,0,0,45,High,Rejected claim; Rejected value >= 25K
22324,CLM-00022324,31207,BILL-00031207,21670,PAT-0021670,5,INS005,LifeCare Insurance,9,DEP009,ENT,37025.63,0.0,37025.63,Rejected,Incorrect Coding,5.0,2025-05-15,2025-05-20,30,0,0,15,0,0,45,High,Rejected claim; Rejected value >= 25K
2318,CLM-00002318,3263,BILL-00003263,12737,PAT-0012737,3,INS003,CarePlus Health,4,DEP004,Orthopedics,37024.32,0.0,37024.32,Rejected,Pre-authorization Missing,25.0,2025-09-10,2025-10-05,30,0,0,15,0,0,45,High,Rejected claim; Rejected value >= 25K
22661,CLM-00022661,31664,BILL-00031664,5300,PAT-0005300,2,INS002,MediShield Assurance,5,DEP005,Pediatrics,37015.31,0.0,37015.31,Rejected,Duplicate Claim,14.0,2024-02-07,2024-02-21,30,0,0,15,0,0,45,High,Rejected claim; Rejected value >= 25K
21643,CLM-00021643,30262,BILL-00030262,11093,PAT-0011093,5,INS005,LifeCare Insurance,4,DEP004,Orthopedics,36955.32,0.0,36955.32,Rejected,Missing Documentation,12.0,2024-01-29,2024-02-10,30,0,0,15,0,0,45,High,Rejected claim; Rejected value >= 25K
25751,CLM-00025751,36041,BILL-00036041,8065,PAT-0008065,4,INS004,National Health Plan,8,DEP008,Gynecology,36954.04,0.0,36954.04,Rejected,Missing Documentation,13.0,2024-03-23,2024-04-05,30,0,0,15,0,0,45,High,Rejected claim; Rejected value >= 25K
7201,CLM-00007201,10063,BILL-00010063,4137,PAT-0004137,3,INS003,CarePlus Health,1,DEP001,Emergency,36945.73,0.0,36945.73,Rejected,Incorrect Coding,15.0,2023-04-12,2023-04-27,30,0,0,15,0,0,45,High,Rejected claim; Rejected value >= 25K
11227,CLM-00011227,15714,BILL-00015714,6828,PAT-0006828,4,INS004,National Health Plan,4,DEP004,Orthopedics,36920.87,0.0,36920.87,Rejected,Missing Documentation,13.0,2024-04-13,2024-04-26,30,0,0,15,0,0,45,High,Rejected claim; Rejected value >= 25K
7396,CLM-00007396,10341,BILL-00010341,21800,PAT-0021800,2,INS002,MediShield Assurance,7,DEP007,Oncology,36918.57,0.0,36918.57,Rejected,Policy Exclusion,6.0,2026-09-23,2026-09-29,30,0,0,15,0,0,45,High,Rejected claim; Rejected value >= 25K
13137,CLM-00013137,18341,BILL-00018341,19457,PAT-0019457,4,INS004,National Health Plan,10,DEP010,Dermatology,36914.31,0.0,36914.31,Rejected,Incorrect Coding,20.0,2026-06-08,2026-06-28,30,0,0,15,0,0,45,High,Rejected claim; Rejected value >= 25K
24206,CLM-00024206,33864,BILL-00033864,19724,PAT-0019724,4,INS004,National Health Plan,8,DEP008,Gynecology,36893.66,0.0,36893.66,Rejected,Pre-authorization Missing,7.0,2024-01-13,2024-01-20,30,0,0,15,0,0,45,High,Rejected claim; Rejected value >= 25K
2658,CLM-00002658,3739,BILL-00003739,11525,PAT-0011525,3,INS003,CarePlus Health,9,DEP009,ENT,36848.02,0.0,36848.02,Rejected,Coverage Limit Exceeded,12.0,2023-03-27,2023-04-08,30,0,0,15,0,0,45,High,Rejected claim; Rejected value >= 25K
36095,CLM-00036284,50531,BILL-00050808,5684,PAT-0005684,1,INS001,HealthSecure Insurance,8,DEP008,Gynecology,36844.0,0.0,36844.0,Rejected,Missing Documentation,5.0,2026-10-01,2026-10-06,30,0,0,15,0,0,45,High,Rejected claim; Rejected value >= 25K
30153,CLM-00030153,42215,BILL-00042215,24136,PAT-0024136,5,INS005,LifeCare Insurance,1,DEP001,Emergency,36824.23,0.0,36824.23,Rejected,Coverage Limit Exceeded,18.0,2023-10-06,2023-10-24,30,0,0,15,0,0,45,High,Rejected claim; Rejected value >= 25K
20234,CLM-00020234,28298,BILL-00028298,19663,PAT-0019663,1,INS001,HealthSecure Insurance,2,DEP002,Cardiology,36822.78,0.0,36822.78,Rejected,Incorrect Coding,24.0,2023-05-05,2023-05-29,30,0,0,15,0,0,45,High,Rejected claim; Rejected value >= 25K
24297,CLM-00024297,33987,BILL-00033987,24807,PAT-0024807,1,INS001,HealthSecure Insurance,10,DEP010,Dermatology,36821.49,0.0,36821.49,Rejected,Coverage Limit Exceeded,11.0,2023-10-05,2023-10-16,30,0,0,15,0,0,45,High,Rejected claim; Rejected value >= 25K
2574,CLM-00002574,3634,BILL-00003634,4125,PAT-0004125,3,INS003,CarePlus Health,3,DEP003,Neurology,105840.71,69049.42,36791.29,Partially Approved,Incorrect Coding,35.0,2023-09-21,2023-10-26,0,0,10,15,10,10,45,High,Partially approved; Rejected value >= 25K; Claim value >= 100K; Processing > 30 days
9659,CLM-00009659,13503,BILL-00013503,5395,PAT-0005395,3,INS003,CarePlus Health,6,DEP006,General Medicine,36788.83,0.0,36788.83,Rejected,Missing Documentation,25.0,2026-08-13,2026-09-07,30,0,0,15,0,0,45,High,Rejected claim; Rejected value >= 25K
1637,CLM-00001637,2311,BILL-00002311,8712,PAT-0008712,5,INS005,LifeCare Insurance,10,DEP010,Dermatology,36783.05,0.0,36783.05,Rejected,Missing Documentation,6.0,2024-09-03,2024-09-09,30,0,0,15,0,0,45,High,Rejected claim; Rejected value >= 25K
13729,CLM-00013729,19172,BILL-00019172,5659,PAT-0005659,5,INS005,LifeCare Insurance,1,DEP001,Emergency,36776.9,0.0,36776.9,Rejected,Coverage Limit Exceeded,12.0,2026-08-16,2026-08-28,30,0,0,15,0,0,45,High,Rejected claim; Rejected value >= 25K
6974,CLM-00006974,9749,BILL-00009749,11345,PAT-0011345,5,INS005,LifeCare Insurance,10,DEP010,Dermatology,36757.58,0.0,36757.58,Rejected,Missing Documentation,25.0,2026-05-10,2026-06-04,30,0,0,15,0,0,45,High,Rejected claim; Rejected value >= 25K
29930,CLM-00029930,41903,BILL-00041903,18591,PAT-0018591,1,INS001,HealthSecure Insurance,8,DEP008,Gynecology,36741.43,0.0,36741.43,Rejected,Incorrect Coding,18.0,2026-07-07,2026-07-25,30,0,0,15,0,0,45,High,Rejected claim; Rejected value >= 25K
10165,CLM-00010165,14232,BILL-00014232,17205,PAT-0017205,4,INS004,National Health Plan,10,DEP010,Dermatology,36739.96,0.0,36739.96,Rejected,Policy Exclusion,16.0,2023-05-06,2023-05-22,30,0,0,15,0,0,45,High,Rejected claim; Rejected value >= 25K
28015,CLM-00028015,39187,BILL-00039187,3515,PAT-0003515,5,INS005,LifeCare Insurance,4,DEP004,Orthopedics,36735.05,0.0,36735.05,Rejected,Policy Exclusion,11.0,2024-08-25,2024-09-05,30,0,0,15,0,0,45,High,Rejected claim; Rejected value >= 25K
21009,CLM-00021009,29382,BILL-00029382,13404,PAT-0013404,5,INS005,LifeCare Insurance,6,DEP006,General Medicine,36704.59,0.0,36704.59,Rejected,Duplicate Claim,25.0,2023-05-15,2023-06-09,30,0,0,15,0,0,45,High,Rejected claim; Rejected value >= 25K
26765,CLM-00026765,37462,BILL-00037462,10116,PAT-0010116,2,INS002,MediShield Assurance,2,DEP002,Cardiology,36690.5,0.0,36690.5,Rejected,Policy Exclusion,8.0,2026-08-18,2026-08-26,30,0,0,15,0,0,45,High,Rejected claim; Rejected value >= 25K
4887,CLM-00004887,6868,BILL-00006868,11802,PAT-0011802,4,INS004,National Health Plan,3,DEP003,Neurology,36677.67,0.0,36677.67,Rejected,Missing Documentation,10.0,2023-05-22,2023-06-01,30,0,0,15,0,0,45,High,Rejected claim; Rejected value >= 25K
29909,CLM-00029909,41879,BILL-00041879,9990,PAT-0009990,3,INS003,CarePlus Health,8,DEP008,Gynecology,36657.06,0.0,36657.06,Rejected,Policy Exclusion,13.0,2024-05-14,2024-05-27,30,0,0,15,0,0,45,High,Rejected claim; Rejected value >= 25K
21689,CLM-00021689,30333,BILL-00030333,6741,PAT-0006741,1,INS001,HealthSecure Insurance,4,DEP004,Orthopedics,36643.78,0.0,36643.78,Rejected,Policy Exclusion,24.0,2026-02-10,2026-03-06,30,0,0,15,0,0,45,High,Rejected claim; Rejected value >= 25K
8820,CLM-00008820,12315,BILL-00012315,9614,PAT-0009614,1,INS001,HealthSecure Insurance,5,DEP005,Pediatrics,36637.73,0.0,36637.73,Rejected,Coverage Limit Exceeded,21.0,2025-10-06,2025-10-27,30,0,0,15,0,0,45,High,Rejected claim; Rejected value >= 25K
30436,CLM-00030436,42600,BILL-00042600,2246,PAT-0002246,5,INS005,LifeCare Insurance,7,DEP007,Oncology,258207.66,221576.7,36630.96,Partially Approved,Pre-authorization Missing,38.0,2025-08-15,2025-09-22,0,0,10,15,10,10,45,High,Partially approved; Rejected value >= 25K; Claim value >= 100K; Processing > 30 days
32795,CLM-00032795,45863,BILL-00045863,9530,PAT-0009530,4,INS004,National Health Plan,3,DEP003,Neurology,36613.0,0.0,36613.0,Rejected,Duplicate Claim,14.0,2026-06-23,2026-07-07,30,0,0,15,0,0,45,High,Rejected claim; Rejected value >= 25K
18587,CLM-00018587,25989,BILL-00025989,7242,PAT-0007242,1,INS001,HealthSecure Insurance,1,DEP001,Emergency,36605.74,0.0,36605.74,Rejected,Missing Documentation,16.0,2026-05-13,2026-05-29,30,0,0,15,0,0,45,High,Rejected claim; Rejected value >= 25K
28000,CLM-00028000,39170,BILL-00039170,8047,PAT-0008047,1,INS001,HealthSecure Insurance,4,DEP004,Orthopedics,36601.19,0.0,36601.19,Rejected,Policy Exclusion,8.0,2026-08-03,2026-08-11,30,0,0,15,0,0,45,High,Rejected claim; Rejected value >= 25K
24778,CLM-00024778,34690,BILL-00034690,13450,PAT-0013450,3,INS003,CarePlus Health,3,DEP003,Neurology,36596.02,0.0,36596.02,Rejected,Incorrect Coding,24.0,2024-09-23,2024-10-17,30,0,0,15,0,0,45,High,Rejected claim; Rejected value >= 25K
31360,CLM-00031360,43880,BILL-00043880,10187,PAT-0010187,2,INS002,MediShield Assurance,6,DEP006,General Medicine,36586.5,0.0,36586.5,Rejected,Coverage Limit Exceeded,10.0,2024-05-16,2024-05-26,30,0,0,15,0,0,45,High,Rejected claim; Rejected value >= 25K
19978,CLM-00019978,27940,BILL-00027940,24817,PAT-0024817,1,INS001,HealthSecure Insurance,2,DEP002,Cardiology,36577.88,0.0,36577.88,Rejected,Coverage Limit Exceeded,11.0,2024-02-04,2024-02-15,30,0,0,15,0,0,45,High,Rejected claim; Rejected value >= 25K
19091,CLM-00019091,26690,BILL-00026690,11458,PAT-0011458,3,INS003,CarePlus Health,2,DEP002,Cardiology,36520.83,0.0,36520.83,Rejected,Pre-authorization Missing,16.0,2026-07-30,2026-08-15,30,0,0,15,0,0,45,High,Rejected claim; Rejected value >= 25K
8124,CLM-00008124,11347,BILL-00011347,12909,PAT-0012909,5,INS005,LifeCare Insurance,4,DEP004,Orthopedics,36509.96,0.0,36509.96,Rejected,Policy Exclusion,17.0,2023-05-29,2023-06-15,30,0,0,15,0,0,45,High,Rejected claim; Rejected value >= 25K
7715,CLM-00007715,10777,BILL-00010777,7625,PAT-0007625,2,INS002,MediShield Assurance,6,DEP006,General Medicine,36493.45,0.0,36493.45,Rejected,Pre-authorization Missing,7.0,2023-03-28,2023-04-04,30,0,0,15,0,0,45,High,Rejected claim; Rejected value >= 25K
33545,CLM-00033545,46925,BILL-00046925,24241,PAT-0024241,1,INS001,HealthSecure Insurance,9,DEP009,ENT,36489.8,0.0,36489.8,Rejected,Policy Exclusion,22.0,2023-09-06,2023-09-28,30,0,0,15,0,0,45,High,Rejected claim; Rejected value >= 25K
11004,CLM-00011004,15407,BILL-00015407,1365,PAT-0001365,2,INS002,MediShield Assurance,7,DEP007,Oncology,36488.09,0.0,36488.09,Rejected,Policy Exclusion,12.0,2025-01-26,2025-02-07,30,0,0,15,0,0,45,High,Rejected claim; Rejected value >= 25K
33766,CLM-00033766,47219,BILL-00047219,24012,PAT-0024012,3,INS003,CarePlus Health,7,DEP007,Oncology,36484.32,0.0,36484.32,Rejected,Coverage Limit Exceeded,7.0,2025-08-01,2025-08-08,30,0,0,15,0,0,45,High,Rejected claim; Rejected value >= 25K
19369,CLM-00019369,27087,BILL-00027087,5666,PAT-0005666,4,INS004,National Health Plan,2,DEP002,Cardiology,36481.51,0.0,36481.51,Rejected,Missing Documentation,16.0,2023-06-13,2023-06-29,30,0,0,15,0,0,45,High,Rejected claim; Rejected value >= 25K
9110,CLM-00009110,12730,BILL-00012730,535,PAT-0000535,4,INS004,National Health Plan,6,DEP006,General Medicine,36470.91,0.0,36470.91,Rejected,Missing Documentation,16.0,2026-08-15,2026-08-31,30,0,0,15,0,0,45,High,Rejected claim; Rejected value >= 25K
25162,CLM-00025162,35222,BILL-00035222,12527,PAT-0012527,5,INS005,LifeCare Insurance,2,DEP002,Cardiology,36470.8,0.0,36470.8,Rejected,Incorrect Coding,17.0,2024-01-11,2024-01-28,30,0,0,15,0,0,45,High,Rejected claim; Rejected value >= 25K
17389,CLM-00017389,24338,BILL-00024338,23925,PAT-0023925,1,INS001,HealthSecure Insurance,9,DEP009,ENT,36467.35,0.0,36467.35,Rejected,Coverage Limit Exceeded,20.0,2023-09-15,2023-10-05,30,0,0,15,0,0,45,High,Rejected claim; Rejected value >= 25K
9697,CLM-00009697,13553,BILL-00013553,2539,PAT-0002539,5,INS005,LifeCare Insurance,1,DEP001,Emergency,36455.97,0.0,36455.97,Rejected,Coverage Limit Exceeded,22.0,2024-05-28,2024-06-19,30,0,0,15,0,0,45,High,Rejected claim; Rejected value >= 25K
5391,CLM-00005391,7569,BILL-00007569,9159,PAT-0009159,4,INS004,National Health Plan,1,DEP001,Emergency,36426.89,0.0,36426.89,Rejected,Pre-authorization Missing,17.0,2025-12-10,2025-12-27,30,0,0,15,0,0,45,High,Rejected claim; Rejected value >= 25K
33364,CLM-00033364,46659,BILL-00046659,16210,PAT-0016210,3,INS003,CarePlus Health,4,DEP004,Orthopedics,107199.8,70782.82,36416.98,Partially Approved,Missing Documentation,35.0,2025-01-12,2025-02-16,0,0,10,15,10,10,45,High,Partially approved; Rejected value >= 25K; Claim value >= 100K; Processing > 30 days
34791,CLM-00034791,48707,BILL-00048707,19095,PAT-0019095,5,INS005,LifeCare Insurance,5,DEP005,Pediatrics,36391.87,0.0,36391.87,Rejected,Policy Exclusion,15.0,2023-11-17,2023-12-02,30,0,0,15,0,0,45,High,Rejected claim; Rejected value >= 25K
1729,CLM-00001729,2438,BILL-00002438,11745,PAT-0011745,3,INS003,CarePlus Health,7,DEP007,Oncology,36362.74,0.0,36362.74,Rejected,Duplicate Claim,21.0,2025-02-02,2025-02-23,30,0,0,15,0,0,45,High,Rejected claim; Rejected value >= 25K
2999,CLM-00002999,4230,BILL-00004230,4440,PAT-0004440,4,INS004,National Health Plan,9,DEP009,ENT,36358.71,0.0,36358.71,Rejected,Pre-authorization Missing,7.0,2024-03-13,2024-03-20,30,0,0,15,0,0,45,High,Rejected claim; Rejected value >= 25K
31608,CLM-00031608,44215,BILL-00044215,22825,PAT-0022825,4,INS004,National Health Plan,1,DEP001,Emergency,36346.44,0.0,36346.44,Rejected,Pre-authorization Missing,12.0,2025-11-19,2025-12-01,30,0,0,15,0,0,45,High,Rejected claim; Rejected value >= 25K
3089,CLM-00003089,4359,BILL-00004359,17921,PAT-0017921,4,INS004,National Health Plan,8,DEP008,Gynecology,36274.16,0.0,36274.16,Rejected,Coverage Limit Exceeded,18.0,2024-06-12,2024-06-30,30,0,0,15,0,0,45,High,Rejected claim; Rejected value >= 25K
26299,CLM-00026299,36805,BILL-00036805,458,PAT-0000458,2,INS002,MediShield Assurance,3,DEP003,Neurology,36271.48,0.0,36271.48,Rejected,Duplicate Claim,7.0,2025-06-11,2025-06-18,30,0,0,15,0,0,45,High,Rejected claim; Rejected value >= 25K
20303,CLM-00020303,28391,BILL-00028391,6418,PAT-0006418,1,INS001,HealthSecure Insurance,1,DEP001,Emergency,36267.33,0.0,36267.33,Rejected,Policy Exclusion,13.0,2024-04-29,2024-05-12,30,0,0,15,0,0,45,High,Rejected claim; Rejected value >= 25K
10110,CLM-00010110,14160,BILL-00014160,268,PAT-0000268,2,INS002,MediShield Assurance,6,DEP006,General Medicine,36259.98,0.0,36259.98,Rejected,Missing Documentation,14.0,2023-04-08,2023-04-22,30,0,0,15,0,0,45,High,Rejected claim; Rejected value >= 25K
15376,CLM-00015376,21528,BILL-00021528,15282,PAT-0015282,1,INS001,HealthSecure Insurance,6,DEP006,General Medicine,36256.94,0.0,36256.94,Rejected,Duplicate Claim,11.0,2024-09-21,2024-10-02,30,0,0,15,0,0,45,High,Rejected claim; Rejected value >= 25K
6636,CLM-00006636,9268,BILL-00009268,3375,PAT-0003375,2,INS002,MediShield Assurance,1,DEP001,Emergency,36256.5,0.0,36256.5,Rejected,Pre-authorization Missing,10.0,2023-02-02,2023-02-12,30,0,0,15,0,0,45,High,Rejected claim; Rejected value >= 25K
9420,CLM-00009420,13155,BILL-00013155,7176,PAT-0007176,5,INS005,LifeCare Insurance,9,DEP009,ENT,36227.05,0.0,36227.05,Rejected,Policy Exclusion,9.0,2023-04-03,2023-04-12,30,0,0,15,0,0,45,High,Rejected claim; Rejected value >= 25K
19705,CLM-00019705,27545,BILL-00027545,14321,PAT-0014321,5,INS005,LifeCare Insurance,9,DEP009,ENT,36219.3,0.0,36219.3,Rejected,Coverage Limit Exceeded,24.0,2024-03-27,2024-04-20,30,0,0,15,0,0,45,High,Rejected claim; Rejected value >= 25K
413,CLM-00000413,596,BILL-00000596,6620,PAT-0006620,3,INS003,CarePlus Health,10,DEP010,Dermatology,36216.85,0.0,36216.85,Rejected,Missing Documentation,7.0,2023-12-03,2023-12-10,30,0,0,15,0,0,45,High,Rejected claim; Rejected value >= 25K
21184,CLM-00021184,29608,BILL-00029608,14949,PAT-0014949,3,INS003,CarePlus Health,2,DEP002,Cardiology,143124.52,106911.16,36213.36,Partially Approved,Missing Documentation,31.0,2026-07-22,2026-08-22,0,0,10,15,10,10,45,High,Partially approved; Rejected value >= 25K; Claim value >= 100K; Processing > 30 days
14561,CLM-00014561,20336,BILL-00020336,14064,PAT-0014064,2,INS002,MediShield Assurance,5,DEP005,Pediatrics,36190.62,0.0,36190.62,Rejected,Coverage Limit Exceeded,24.0,2024-04-14,2024-05-08,30,0,0,15,0,0,45,High,Rejected claim; Rejected value >= 25K
5982,CLM-00005982,8379,BILL-00008379,8619,PAT-0008619,2,INS002,MediShield Assurance,10,DEP010,Dermatology,36183.23,0.0,36183.23,Rejected,Policy Exclusion,14.0,2025-07-17,2025-07-31,30,0,0,15,0,0,45,High,Rejected claim; Rejected value >= 25K
35397,CLM-00035397,49558,BILL-00049558,9104,PAT-0009104,1,INS001,HealthSecure Insurance,5,DEP005,Pediatrics,36183.14,0.0,36183.14,Rejected,Duplicate Claim,18.0,2023-02-08,2023-02-26,30,0,0,15,0,0,45,High,Rejected claim; Rejected value >= 25K
10713,CLM-00010713,14997,BILL-00014997,19831,PAT-0019831,1,INS001,HealthSecure Insurance,7,DEP007,Oncology,102281.64,66129.37,36152.27,Partially Approved,Duplicate Claim,37.0,2024-09-01,2024-10-08,0,0,10,15,10,10,45,High,Partially approved; Rejected value >= 25K; Claim value >= 100K; Processing > 30 days
22139,CLM-00022139,30950,BILL-00030950,19293,PAT-0019293,5,INS005,LifeCare Insurance,9,DEP009,ENT,36148.72,0.0,36148.72,Rejected,Policy Exclusion,24.0,2024-04-02,2024-04-26,30,0,0,15,0,0,45,High,Rejected claim; Rejected value >= 25K
17113,CLM-00017113,23956,BILL-00023956,14183,PAT-0014183,1,INS001,HealthSecure Insurance,3,DEP003,Neurology,36125.06,0.0,36125.06,Rejected,Pre-authorization Missing,21.0,2025-12-07,2025-12-28,30,0,0,15,0,0,45,High,Rejected claim; Rejected value >= 25K
7891,CLM-00007891,11030,BILL-00011030,6026,PAT-0006026,4,INS004,National Health Plan,9,DEP009,ENT,36100.18,0.0,36100.18,Rejected,Missing Documentation,16.0,2023-06-23,2023-07-09,30,0,0,15,0,0,45,High,Rejected claim; Rejected value >= 25K
24048,CLM-00024048,33646,BILL-00033646,24477,PAT-0024477,1,INS001,HealthSecure Insurance,1,DEP001,Emergency,36099.25,0.0,36099.25,Rejected,Duplicate Claim,14.0,2023-01-20,2023-02-03,30,0,0,15,0,0,45,High,Rejected claim; Rejected value >= 25K
18991,CLM-00018991,26554,BILL-00026554,1176,PAT-0001176,2,INS002,MediShield Assurance,1,DEP001,Emergency,36097.58,0.0,36097.58,Rejected,Policy Exclusion,6.0,2023-05-01,2023-05-07,30,0,0,15,0,0,45,High,Rejected claim; Rejected value >= 25K
24115,CLM-00024115,33737,BILL-00033737,9879,PAT-0009879,3,INS003,CarePlus Health,4,DEP004,Orthopedics,36083.49,0.0,36083.49,Rejected,Missing Documentation,23.0,2026-02-15,2026-03-10,30,0,0,15,0,0,45,High,Rejected claim; Rejected value >= 25K
1023,CLM-00001023,1436,BILL-00001436,19388,PAT-0019388,5,INS005,LifeCare Insurance,9,DEP009,ENT,36081.21,0.0,36081.21,Rejected,Pre-authorization Missing,21.0,2026-08-16,2026-09-06,30,0,0,15,0,0,45,High,Rejected claim; Rejected value >= 25K
5439,CLM-00005439,7634,BILL-00007634,3805,PAT-0003805,2,INS002,MediShield Assurance,2,DEP002,Cardiology,36081.06,0.0,36081.06,Rejected,Coverage Limit Exceeded,6.0,2023-12-19,2023-12-25,30,0,0,15,0,0,45,High,Rejected claim; Rejected value >= 25K
34249,CLM-00034249,47920,BILL-00047920,19615,PAT-0019615,1,INS001,HealthSecure Insurance,8,DEP008,Gynecology,36070.05,0.0,36070.05,Rejected,Duplicate Claim,23.0,2024-03-11,2024-04-03,30,0,0,15,0,0,45,High,Rejected claim; Rejected value >= 25K
27179,CLM-00027179,38033,BILL-00038033,12246,PAT-0012246,1,INS001,HealthSecure Insurance,8,DEP008,Gynecology,36058.45,0.0,36058.45,Rejected,Policy Exclusion,8.0,2026-07-14,2026-07-22,30,0,0,15,0,0,45,High,Rejected claim; Rejected value >= 25K
15871,CLM-00015871,22224,BILL-00022224,20559,PAT-0020559,2,INS002,MediShield Assurance,6,DEP006,General Medicine,35988.44,0.0,35988.44,Rejected,Pre-authorization Missing,21.0,2026-03-23,2026-04-13,30,0,0,15,0,0,45,High,Rejected claim; Rejected value >= 25K
14876,CLM-00014876,20819,BILL-00020819,13196,PAT-0013196,5,INS005,LifeCare Insurance,2,DEP002,Cardiology,35952.88,0.0,35952.88,Rejected,Missing Documentation,24.0,2024-01-13,2024-02-06,30,0,0,15,0,0,45,High,Rejected claim; Rejected value >= 25K
34642,CLM-00034642,48482,BILL-00048482,2835,PAT-0002835,5,INS005,LifeCare Insurance,2,DEP002,Cardiology,35952.87,0.0,35952.87,Rejected,Duplicate Claim,7.0,2024-02-07,2024-02-14,30,0,0,15,0,0,45,High,Rejected claim; Rejected value >= 25K
3856,CLM-00003856,5441,BILL-00005441,24820,PAT-0024820,4,INS004,National Health Plan,5,DEP005,Pediatrics,35948.41,0.0,35948.41,Rejected,Coverage Limit Exceeded,10.0,2026-08-05,2026-08-15,30,0,0,15,0,0,45,High,Rejected claim; Rejected value >= 25K
11457,CLM-00011457,16031,BILL-00016031,10078,PAT-0010078,4,INS004,National Health Plan,7,DEP007,Oncology,35947.32,0.0,35947.32,Rejected,Pre-authorization Missing,8.0,2026-04-27,2026-05-05,30,0,0,15,0,0,45,High,Rejected claim; Rejected value >= 25K
28660,CLM-00028660,40106,BILL-00040106,3721,PAT-0003721,1,INS001,HealthSecure Insurance,1,DEP001,Emergency,35942.55,0.0,35942.55,Rejected,Pre-authorization Missing,23.0,2023-09-26,2023-10-19,30,0,0,15,0,0,45,High,Rejected claim; Rejected value >= 25K
15644,CLM-00015644,21926,BILL-00021926,15207,PAT-0015207,4,INS004,National Health Plan,9,DEP009,ENT,35928.41,0.0,35928.41,Rejected,Coverage Limit Exceeded,13.0,2023-03-31,2023-04-13,30,0,0,15,0,0,45,High,Rejected claim; Rejected value >= 25K
28488,CLM-00028488,39866,BILL-00039866,23093,PAT-0023093,3,INS003,CarePlus Health,6,DEP006,General Medicine,35927.17,0.0,35927.17,Rejected,Policy Exclusion,25.0,2023-12-07,2024-01-01,30,0,0,15,0,0,45,High,Rejected claim; Rejected value >= 25K
12092,CLM-00012092,16900,BILL-00016900,5533,PAT-0005533,3,INS003,CarePlus Health,2,DEP002,Cardiology,35923.15,0.0,35923.15,Rejected,Incorrect Coding,14.0,2026-01-29,2026-02-12,30,0,0,15,0,0,45,High,Rejected claim; Rejected value >= 25K
30174,CLM-00030174,42245,BILL-00042245,24629,PAT-0024629,3,INS003,CarePlus Health,3,DEP003,Neurology,35913.17,0.0,35913.17,Rejected,Duplicate Claim,22.0,2023-06-09,2023-07-01,30,0,0,15,0,0,45,High,Rejected claim; Rejected value >= 25K
31052,CLM-00031052,43469,BILL-00043469,16189,PAT-0016189,4,INS004,National Health Plan,9,DEP009,ENT,35908.09,0.0,35908.09,Rejected,Policy Exclusion,17.0,2025-02-02,2025-02-19,30,0,0,15,0,0,45,High,Rejected claim; Rejected value >= 25K
26989,CLM-00026989,37768,BILL-00037768,7718,PAT-0007718,2,INS002,MediShield Assurance,5,DEP005,Pediatrics,35905.21,0.0,35905.21,Rejected,Coverage Limit Exceeded,9.0,2025-06-25,2025-07-04,30,0,0,15,0,0,45,High,Rejected claim; Rejected value >= 25K
32393,CLM-00032393,45299,BILL-00045299,17503,PAT-0017503,2,INS002,MediShield Assurance,2,DEP002,Cardiology,35899.55,0.0,35899.55,Rejected,Pre-authorization Missing,21.0,2025-05-30,2025-06-20,30,0,0,15,0,0,45,High,Rejected claim; Rejected value >= 25K
6321,CLM-00006321,8844,BILL-00008844,21795,PAT-0021795,3,INS003,CarePlus Health,3,DEP003,Neurology,35879.29,0.0,35879.29,Rejected,Incorrect Coding,9.0,2025-07-11,2025-07-20,30,0,0,15,0,0,45,High,Rejected claim; Rejected value >= 25K
830,CLM-00000830,1178,BILL-00001178,12313,PAT-0012313,2,INS002,MediShield Assurance,9,DEP009,ENT,35876.32,0.0,35876.32,Rejected,Policy Exclusion,5.0,2026-09-18,2026-09-23,30,0,0,15,0,0,45,High,Rejected claim; Rejected value >= 25K
11087,CLM-00011087,15519,BILL-00015519,18547,PAT-0018547,2,INS002,MediShield Assurance,9,DEP009,ENT,35869.1,0.0,35869.1,Rejected,Policy Exclusion,21.0,2026-05-18,2026-06-08,30,0,0,15,0,0,45,High,Rejected claim; Rejected value >= 25K
3589,CLM-00003589,5054,BILL-00005054,4589,PAT-0004589,5,INS005,LifeCare Insurance,10,DEP010,Dermatology,35860.72,0.0,35860.72,Rejected,Policy Exclusion,15.0,2023-12-24,2024-01-08,30,0,0,15,0,0,45,High,Rejected claim; Rejected value >= 25K
7966,CLM-00007966,11134,BILL-00011134,16100,PAT-0016100,4,INS004,National Health Plan,3,DEP003,Neurology,35835.51,0.0,35835.51,Rejected,Policy Exclusion,24.0,2025-04-25,2025-05-19,30,0,0,15,0,0,45,High,Rejected claim; Rejected value >= 25K
31439,CLM-00031439,43987,BILL-00043987,15059,PAT-0015059,2,INS002,MediShield Assurance,2,DEP002,Cardiology,35833.07,0.0,35833.07,Rejected,Policy Exclusion,22.0,2023-05-17,2023-06-08,30,0,0,15,0,0,45,High,Rejected claim; Rejected value >= 25K
1750,CLM-00001750,2468,BILL-00002468,4600,PAT-0004600,5,INS005,LifeCare Insurance,9,DEP009,ENT,35807.15,0.0,35807.15,Rejected,Incorrect Coding,21.0,2023-03-05,2023-03-26,30,0,0,15,0,0,45,High,Rejected claim; Rejected value >= 25K
2663,CLM-00002663,3751,BILL-00003751,4508,PAT-0004508,2,INS002,MediShield Assurance,6,DEP006,General Medicine,35797.86,0.0,35797.86,Rejected,Policy Exclusion,11.0,2024-08-03,2024-08-14,30,0,0,15,0,0,45,High,Rejected claim; Rejected value >= 25K
29466,CLM-00029466,41259,BILL-00041259,22455,PAT-0022455,4,INS004,National Health Plan,2,DEP002,Cardiology,35787.05,0.0,35787.05,Rejected,Missing Documentation,14.0,2025-11-11,2025-11-25,30,0,0,15,0,0,45,High,Rejected claim; Rejected value >= 25K
20587,CLM-00020587,28787,BILL-00028787,8288,PAT-0008288,1,INS001,HealthSecure Insurance,2,DEP002,Cardiology,35782.41,0.0,35782.41,Rejected,Policy Exclusion,6.0,2024-06-09,2024-06-15,30,0,0,15,0,0,45,High,Rejected claim; Rejected value >= 25K
24873,CLM-00024873,34831,BILL-00034831,7593,PAT-0007593,5,INS005,LifeCare Insurance,6,DEP006,General Medicine,35781.01,0.0,35781.01,Rejected,Pre-authorization Missing,7.0,2026-04-04,2026-04-11,30,0,0,15,0,0,45,High,Rejected claim; Rejected value >= 25K
21843,CLM-00021843,30533,BILL-00030533,1497,PAT-0001497,2,INS002,MediShield Assurance,9,DEP009,ENT,35754.07,0.0,35754.07,Rejected,Missing Documentation,14.0,2024-09-08,2024-09-22,30,0,0,15,0,0,45,High,Rejected claim; Rejected value >= 25K
22081,CLM-00022081,30876,BILL-00030876,1284,PAT-0001284,5,INS005,LifeCare Insurance,3,DEP003,Neurology,35752.63,0.0,35752.63,Rejected,Pre-authorization Missing,23.0,2025-03-01,2025-03-24,30,0,0,15,0,0,45,High,Rejected claim; Rejected value >= 25K
8449,CLM-00008449,11800,BILL-00011800,20480,PAT-0020480,3,INS003,CarePlus Health,9,DEP009,ENT,35740.6,0.0,35740.6,Rejected,Duplicate Claim,20.0,2026-06-11,2026-07-01,30,0,0,15,0,0,45,High,Rejected claim; Rejected value >= 25K
24637,CLM-00024637,34489,BILL-00034489,5895,PAT-0005895,1,INS001,HealthSecure Insurance,10,DEP010,Dermatology,35731.15,0.0,35731.15,Rejected,Incorrect Coding,16.0,2023-11-07,2023-11-23,30,0,0,15,0,0,45,High,Rejected claim; Rejected value >= 25K
13258,CLM-00013258,18510,BILL-00018510,15526,PAT-0015526,2,INS002,MediShield Assurance,5,DEP005,Pediatrics,192189.22,156470.43,35718.79,Partially Approved,Missing Documentation,35.0,2025-01-22,2025-02-26,0,0,10,15,10,10,45,High,Partially approved; Rejected value >= 25K; Claim value >= 100K; Processing > 30 days
18139,CLM-00018139,25376,BILL-00025376,23349,PAT-0023349,4,INS004,National Health Plan,9,DEP009,ENT,35698.68,0.0,35698.68,Rejected,Coverage Limit Exceeded,7.0,2024-12-13,2024-12-20,30,0,0,15,0,0,45,High,Rejected claim; Rejected value >= 25K
36577,CLM-00036462,51232,BILL-00051053,21981,PAT-0021981,4,INS004,National Health Plan,4,DEP004,Orthopedics,35672.17,0.0,35672.17,Rejected,Missing Documentation,9.0,2026-10-06,2026-10-15,30,0,0,15,0,0,45,High,Rejected claim; Rejected value >= 25K
15403,CLM-00015403,21571,BILL-00021571,4836,PAT-0004836,5,INS005,LifeCare Insurance,7,DEP007,Oncology,35642.85,0.0,35642.85,Rejected,Policy Exclusion,7.0,2023-03-21,2023-03-28,30,0,0,15,0,0,45,High,Rejected claim; Rejected value >= 25K
33210,CLM-00033210,46439,BILL-00046439,9219,PAT-0009219,1,INS001,HealthSecure Insurance,8,DEP008,Gynecology,35611.37,0.0,35611.37,Rejected,Duplicate Claim,21.0,2024-08-03,2024-08-24,30,0,0,15,0,0,45,High,Rejected claim; Rejected value >= 25K
13332,CLM-00013332,18614,BILL-00018614,24576,PAT-0024576,2,INS002,MediShield Assurance,5,DEP005,Pediatrics,35607.07,0.0,35607.07,Rejected,Missing Documentation,13.0,2023-01-20,2023-02-02,30,0,0,15,0,0,45,High,Rejected claim; Rejected value >= 25K
8270,CLM-00008270,11549,BILL-00011549,12844,PAT-0012844,3,INS003,CarePlus Health,7,DEP007,Oncology,35573.8,0.0,35573.8,Rejected,Coverage Limit Exceeded,24.0,2024-02-17,2024-03-12,30,0,0,15,0,0,45,High,Rejected claim; Rejected value >= 25K
32267,CLM-00032267,45140,BILL-00045140,8765,PAT-0008765,3,INS003,CarePlus Health,3,DEP003,Neurology,35567.02,0.0,35567.02,Rejected,Duplicate Claim,22.0,2026-01-11,2026-02-02,30,0,0,15,0,0,45,High,Rejected claim; Rejected value >= 25K
6825,CLM-00006825,9540,BILL-00009540,6759,PAT-0006759,3,INS003,CarePlus Health,9,DEP009,ENT,35527.13,0.0,35527.13,Rejected,Missing Documentation,14.0,2025-03-25,2025-04-08,30,0,0,15,0,0,45,High,Rejected claim; Rejected value >= 25K
27221,CLM-00027221,38087,BILL-00038087,14232,PAT-0014232,1,INS001,HealthSecure Insurance,1,DEP001,Emergency,35504.91,0.0,35504.91,Rejected,Policy Exclusion,5.0,2025-10-02,2025-10-07,30,0,0,15,0,0,45,High,Rejected claim; Rejected value >= 25K
2702,CLM-00002702,3805,BILL-00003805,10927,PAT-0010927,2,INS002,MediShield Assurance,9,DEP009,ENT,35433.71,0.0,35433.71,Rejected,Policy Exclusion,20.0,2026-03-27,2026-04-16,30,0,0,15,0,0,45,High,Rejected claim; Rejected value >= 25K
30384,CLM-00030384,42527,BILL-00042527,6685,PAT-0006685,5,INS005,LifeCare Insurance,4,DEP004,Orthopedics,35423.09,0.0,35423.09,Rejected,Pre-authorization Missing,23.0,2025-01-26,2025-02-18,30,0,0,15,0,0,45,High,Rejected claim; Rejected value >= 25K
24117,CLM-00024117,33741,BILL-00033741,22138,PAT-0022138,3,INS003,CarePlus Health,4,DEP004,Orthopedics,35422.04,0.0,35422.04,Rejected,Policy Exclusion,9.0,2026-08-01,2026-08-10,30,0,0,15,0,0,45,High,Rejected claim; Rejected value >= 25K
23248,CLM-00023248,32481,BILL-00032481,20843,PAT-0020843,4,INS004,National Health Plan,10,DEP010,Dermatology,35418.55,0.0,35418.55,Rejected,Duplicate Claim,19.0,2026-06-06,2026-06-25,30,0,0,15,0,0,45,High,Rejected claim; Rejected value >= 25K
35143,CLM-00035143,49199,BILL-00049199,5848,PAT-0005848,3,INS003,CarePlus Health,10,DEP010,Dermatology,35386.03,0.0,35386.03,Rejected,Coverage Limit Exceeded,8.0,2026-07-05,2026-07-13,30,0,0,15,0,0,45,High,Rejected claim; Rejected value >= 25K
2100,CLM-00002100,2962,BILL-00002962,5787,PAT-0005787,5,INS005,LifeCare Insurance,5,DEP005,Pediatrics,160326.26,124974.75,35351.51,Partially Approved,Coverage Limit Exceeded,44.0,2025-12-15,2026-01-28,0,0,10,15,10,10,45,High,Partially approved; Rejected value >= 25K; Claim value >= 100K; Processing > 30 days
7938,CLM-00007938,11092,BILL-00011092,18882,PAT-0018882,5,INS005,LifeCare Insurance,5,DEP005,Pediatrics,102964.47,67625.73,35338.74,Partially Approved,Pre-authorization Missing,37.0,2026-08-25,2026-10-01,0,0,10,15,10,10,45,High,Partially approved; Rejected value >= 25K; Claim value >= 100K; Processing > 30 days
1933,CLM-00001933,2717,BILL-00002717,21245,PAT-0021245,5,INS005,LifeCare Insurance,6,DEP006,General Medicine,35322.41,0.0,35322.41,Rejected,Missing Documentation,9.0,2026-08-25,2026-09-03,30,0,0,15,0,0,45,High,Rejected claim; Rejected value >= 25K
35027,CLM-00035027,49039,BILL-00049039,6111,PAT-0006111,4,INS004,National Health Plan,2,DEP002,Cardiology,35308.01,0.0,35308.01,Rejected,Incorrect Coding,12.0,2026-07-21,2026-08-02,30,0,0,15,0,0,45,High,Rejected claim; Rejected value >= 25K
2594,CLM-00002594,3658,BILL-00003658,16802,PAT-0016802,1,INS001,HealthSecure Insurance,7,DEP007,Oncology,35294.86,0.0,35294.86,Rejected,Missing Documentation,12.0,2023-05-23,2023-06-04,30,0,0,15,0,0,45,High,Rejected claim; Rejected value >= 25K
15518,CLM-00015518,21742,BILL-00021742,15335,PAT-0015335,3,INS003,CarePlus Health,5,DEP005,Pediatrics,122423.39,87193.08,35230.31,Partially Approved,Missing Documentation,34.0,2024-10-03,2024-11-06,0,0,10,15,10,10,45,High,Partially approved; Rejected value >= 25K; Claim value >= 100K; Processing > 30 days
7342,CLM-00007342,10261,BILL-00010261,3372,PAT-0003372,1,INS001,HealthSecure Insurance,6,DEP006,General Medicine,35225.55,0.0,35225.55,Rejected,Incorrect Coding,19.0,2024-06-25,2024-07-14,30,0,0,15,0,0,45,High,Rejected claim; Rejected value >= 25K
25788,CLM-00025788,36101,BILL-00036101,3022,PAT-0003022,4,INS004,National Health Plan,8,DEP008,Gynecology,35197.5,0.0,35197.5,Rejected,Missing Documentation,9.0,2025-05-09,2025-05-18,30,0,0,15,0,0,45,High,Rejected claim; Rejected value >= 25K
13208,CLM-00013208,18439,BILL-00018439,10637,PAT-0010637,1,INS001,HealthSecure Insurance,8,DEP008,Gynecology,35182.38,0.0,35182.38,Rejected,Incorrect Coding,24.0,2023-12-30,2024-01-23,30,0,0,15,0,0,45,High,Rejected claim; Rejected value >= 25K
6267,CLM-00006267,8778,BILL-00008778,18680,PAT-0018680,1,INS001,HealthSecure Insurance,7,DEP007,Oncology,35163.74,0.0,35163.74,Rejected,Policy Exclusion,18.0,2023-08-04,2023-08-22,30,0,0,15,0,0,45,High,Rejected claim; Rejected value >= 25K
5978,CLM-00005978,8375,BILL-00008375,23116,PAT-0023116,2,INS002,MediShield Assurance,1,DEP001,Emergency,35123.12,0.0,35123.12,Rejected,Policy Exclusion,20.0,2025-02-01,2025-02-21,30,0,0,15,0,0,45,High,Rejected claim; Rejected value >= 25K
21444,CLM-00021444,29992,BILL-00029992,3568,PAT-0003568,2,INS002,MediShield Assurance,1,DEP001,Emergency,35101.61,0.0,35101.61,Rejected,Coverage Limit Exceeded,9.0,2024-02-20,2024-02-29,30,0,0,15,0,0,45,High,Rejected claim; Rejected value >= 25K
9703,CLM-00009703,13564,BILL-00013564,5536,PAT-0005536,1,INS001,HealthSecure Insurance,2,DEP002,Cardiology,125589.81,90508.55,35081.26,Partially Approved,Pre-authorization Missing,45.0,2024-01-28,2024-03-13,0,0,10,15,10,10,45,High,Partially approved; Rejected value >= 25K; Claim value >= 100K; Processing > 30 days
34657,CLM-00034657,48504,BILL-00048504,6182,PAT-0006182,4,INS004,National Health Plan,9,DEP009,ENT,35054.84,0.0,35054.84,Rejected,Duplicate Claim,10.0,2023-03-24,2023-04-03,30,0,0,15,0,0,45,High,Rejected claim; Rejected value >= 25K
26503,CLM-00026503,37089,BILL-00037089,12902,PAT-0012902,1,INS001,HealthSecure Insurance,9,DEP009,ENT,125422.2,90372.26,35049.94,Partially Approved,Policy Exclusion,34.0,2025-03-13,2025-04-16,0,0,10,15,10,10,45,High,Partially approved; Rejected value >= 25K; Claim value >= 100K; Processing > 30 days
35779,CLM-00035779,50064,BILL-00050064,13448,PAT-0013448,5,INS005,LifeCare Insurance,1,DEP001,Emergency,34999.88,0.0,34999.88,Rejected,Policy Exclusion,15.0,2026-09-26,2026-10-11,30,0,0,15,0,0,45,High,Rejected claim; Rejected value >= 25K
27951,CLM-00027951,39104,BILL-00039104,1155,PAT-0001155,2,INS002,MediShield Assurance,7,DEP007,Oncology,34989.25,0.0,34989.25,Rejected,Policy Exclusion,7.0,2025-12-02,2025-12-09,30,0,0,15,0,0,45,High,Rejected claim; Rejected value >= 25K
7482,CLM-00007482,10465,BILL-00010465,19061,PAT-0019061,1,INS001,HealthSecure Insurance,4,DEP004,Orthopedics,152651.05,117685.91,34965.14,Partially Approved,Missing Documentation,35.0,2023-09-17,2023-10-22,0,0,10,15,10,10,45,High,Partially approved; Rejected value >= 25K; Claim value >= 100K; Processing > 30 days
12983,CLM-00012983,18133,BILL-00018133,15341,PAT-0015341,2,INS002,MediShield Assurance,2,DEP002,Cardiology,34964.04,0.0,34964.04,Rejected,Incorrect Coding,18.0,2025-03-12,2025-03-30,30,0,0,15,0,0,45,High,Rejected claim; Rejected value >= 25K
24421,CLM-00024421,34176,BILL-00034176,13314,PAT-0013314,4,INS004,National Health Plan,6,DEP006,General Medicine,34951.04,0.0,34951.04,Rejected,Incorrect Coding,24.0,2024-06-28,2024-07-22,30,0,0,15,0,0,45,High,Rejected claim; Rejected value >= 25K
15198,CLM-00015198,21268,BILL-00021268,5493,PAT-0005493,4,INS004,National Health Plan,5,DEP005,Pediatrics,34934.19,0.0,34934.19,Rejected,Policy Exclusion,18.0,2024-06-26,2024-07-14,30,0,0,15,0,0,45,High,Rejected claim; Rejected value >= 25K
1885,CLM-00001885,2643,BILL-00002643,7249,PAT-0007249,2,INS002,MediShield Assurance,3,DEP003,Neurology,34918.71,0.0,34918.71,Rejected,Policy Exclusion,13.0,2026-01-22,2026-02-04,30,0,0,15,0,0,45,High,Rejected claim; Rejected value >= 25K
34311,CLM-00034311,48007,BILL-00048007,7429,PAT-0007429,3,INS003,CarePlus Health,3,DEP003,Neurology,34910.96,0.0,34910.96,Rejected,Missing Documentation,19.0,2023-09-03,2023-09-22,30,0,0,15,0,0,45,High,Rejected claim; Rejected value >= 25K
36469,CLM-00036354,51087,BILL-00050908,18083,PAT-0018083,4,INS004,National Health Plan,5,DEP005,Pediatrics,34903.71,0.0,34903.71,Rejected,Incorrect Coding,20.0,2026-10-07,2026-10-27,30,0,0,15,0,0,45,High,Rejected claim; Rejected value >= 25K
13474,CLM-00013474,18814,BILL-00018814,11422,PAT-0011422,2,INS002,MediShield Assurance,9,DEP009,ENT,34897.99,0.0,34897.99,Rejected,Coverage Limit Exceeded,22.0,2026-07-03,2026-07-25,30,0,0,15,0,0,45,High,Rejected claim; Rejected value >= 25K
31707,CLM-00031707,44346,BILL-00044346,7276,PAT-0007276,2,INS002,MediShield Assurance,4,DEP004,Orthopedics,34888.17,0.0,34888.17,Rejected,Pre-authorization Missing,6.0,2024-04-07,2024-04-13,30,0,0,15,0,0,45,High,Rejected claim; Rejected value >= 25K
12583,CLM-00012583,17579,BILL-00017579,6800,PAT-0006800,1,INS001,HealthSecure Insurance,10,DEP010,Dermatology,119593.47,84705.68,34887.79,Partially Approved,Missing Documentation,34.0,2025-06-07,2025-07-11,0,0,10,15,10,10,45,High,Partially approved; Rejected value >= 25K; Claim value >= 100K; Processing > 30 days
13438,CLM-00013438,18764,BILL-00018764,989,PAT-0000989,1,INS001,HealthSecure Insurance,7,DEP007,Oncology,34884.95,0.0,34884.95,Rejected,Coverage Limit Exceeded,18.0,2025-02-15,2025-03-05,30,0,0,15,0,0,45,High,Rejected claim; Rejected value >= 25K
20765,CLM-00020765,29035,BILL-00029035,16753,PAT-0016753,2,INS002,MediShield Assurance,1,DEP001,Emergency,34867.12,0.0,34867.12,Rejected,Missing Documentation,21.0,2026-07-29,2026-08-19,30,0,0,15,0,0,45,High,Rejected claim; Rejected value >= 25K
956,CLM-00000956,1350,BILL-00001350,6743,PAT-0006743,2,INS002,MediShield Assurance,1,DEP001,Emergency,34857.49,0.0,34857.49,Rejected,Incorrect Coding,23.0,2023-07-25,2023-08-17,30,0,0,15,0,0,45,High,Rejected claim; Rejected value >= 25K
23042,CLM-00023042,32195,BILL-00032195,6967,PAT-0006967,3,INS003,CarePlus Health,10,DEP010,Dermatology,34830.41,0.0,34830.41,Rejected,Duplicate Claim,21.0,2023-11-12,2023-12-03,30,0,0,15,0,0,45,High,Rejected claim; Rejected value >= 25K
17351,CLM-00017351,24282,BILL-00024282,4915,PAT-0004915,5,INS005,LifeCare Insurance,6,DEP006,General Medicine,34781.94,0.0,34781.94,Rejected,Missing Documentation,7.0,2025-09-19,2025-09-26,30,0,0,15,0,0,45,High,Rejected claim; Rejected value >= 25K
4518,CLM-00004518,6384,BILL-00006384,18631,PAT-0018631,4,INS004,National Health Plan,5,DEP005,Pediatrics,34779.73,0.0,34779.73,Rejected,Pre-authorization Missing,23.0,2024-12-12,2025-01-04,30,0,0,15,0,0,45,High,Rejected claim; Rejected value >= 25K
13436,CLM-00013436,18762,BILL-00018762,2093,PAT-0002093,3,INS003,CarePlus Health,6,DEP006,General Medicine,34779.45,0.0,34779.45,Rejected,Incorrect Coding,13.0,2024-06-30,2024-07-13,30,0,0,15,0,0,45,High,Rejected claim; Rejected value >= 25K
31746,CLM-00031746,44404,BILL-00044404,12877,PAT-0012877,2,INS002,MediShield Assurance,3,DEP003,Neurology,34680.18,0.0,34680.18,Rejected,Pre-authorization Missing,22.0,2026-02-21,2026-03-15,30,0,0,15,0,0,45,High,Rejected claim; Rejected value >= 25K
21289,CLM-00021289,29766,BILL-00029766,18022,PAT-0018022,2,INS002,MediShield Assurance,6,DEP006,General Medicine,34662.15,0.0,34662.15,Rejected,Pre-authorization Missing,24.0,2025-04-28,2025-05-22,30,0,0,15,0,0,45,High,Rejected claim; Rejected value >= 25K
32724,CLM-00032724,45762,BILL-00045762,6220,PAT-0006220,2,INS002,MediShield Assurance,9,DEP009,ENT,34658.3,0.0,34658.3,Rejected,Missing Documentation,13.0,2026-08-15,2026-08-28,30,0,0,15,0,0,45,High,Rejected claim; Rejected value >= 25K
33045,CLM-00033045,46204,BILL-00046204,24224,PAT-0024224,3,INS003,CarePlus Health,7,DEP007,Oncology,34656.95,0.0,34656.95,Rejected,Policy Exclusion,25.0,2023-03-02,2023-03-27,30,0,0,15,0,0,45,High,Rejected claim; Rejected value >= 25K
13712,CLM-00013712,19150,BILL-00019150,15007,PAT-0015007,5,INS005,LifeCare Insurance,5,DEP005,Pediatrics,34633.57,0.0,34633.57,Rejected,Duplicate Claim,7.0,2024-01-18,2024-01-25,30,0,0,15,0,0,45,High,Rejected claim; Rejected value >= 25K
17603,CLM-00017603,24642,BILL-00024642,11936,PAT-0011936,4,INS004,National Health Plan,1,DEP001,Emergency,34617.66,0.0,34617.66,Rejected,Policy Exclusion,13.0,2026-06-20,2026-07-03,30,0,0,15,0,0,45,High,Rejected claim; Rejected value >= 25K
3025,CLM-00003025,4271,BILL-00004271,24992,PAT-0024992,5,INS005,LifeCare Insurance,6,DEP006,General Medicine,34615.96,0.0,34615.96,Rejected,Pre-authorization Missing,13.0,2025-07-25,2025-08-07,30,0,0,15,0,0,45,High,Rejected claim; Rejected value >= 25K
6146,CLM-00006146,8606,BILL-00008606,15746,PAT-0015746,5,INS005,LifeCare Insurance,7,DEP007,Oncology,104959.47,70362.1,34597.37,Partially Approved,Duplicate Claim,41.0,2025-07-03,2025-08-13,0,0,10,15,10,10,45,High,Partially approved; Rejected value >= 25K; Claim value >= 100K; Processing > 30 days
30982,CLM-00030982,43360,BILL-00043360,1484,PAT-0001484,5,INS005,LifeCare Insurance,2,DEP002,Cardiology,34579.66,0.0,34579.66,Rejected,Pre-authorization Missing,7.0,2023-08-27,2023-09-03,30,0,0,15,0,0,45,High,Rejected claim; Rejected value >= 25K
20928,CLM-00020928,29267,BILL-00029267,571,PAT-0000571,4,INS004,National Health Plan,1,DEP001,Emergency,34574.88,0.0,34574.88,Rejected,Duplicate Claim,21.0,2024-11-21,2024-12-12,30,0,0,15,0,0,45,High,Rejected claim; Rejected value >= 25K
23353,CLM-00023353,32647,BILL-00032647,22911,PAT-0022911,3,INS003,CarePlus Health,7,DEP007,Oncology,34554.82,0.0,34554.82,Rejected,Incorrect Coding,13.0,2023-06-17,2023-06-30,30,0,0,15,0,0,45,High,Rejected claim; Rejected value >= 25K
1235,CLM-00001235,1736,BILL-00001736,21741,PAT-0021741,1,INS001,HealthSecure Insurance,1,DEP001,Emergency,34549.69,0.0,34549.69,Rejected,Coverage Limit Exceeded,8.0,2026-08-17,2026-08-25,30,0,0,15,0,0,45,High,Rejected claim; Rejected value >= 25K
694,CLM-00000694,997,BILL-00000997,19188,PAT-0019188,5,INS005,LifeCare Insurance,7,DEP007,Oncology,34535.55,0.0,34535.55,Rejected,Duplicate Claim,16.0,2023-09-18,2023-10-04,30,0,0,15,0,0,45,High,Rejected claim; Rejected value >= 25K
29838,CLM-00029838,41772,BILL-00041772,20295,PAT-0020295,1,INS001,HealthSecure Insurance,9,DEP009,ENT,34518.8,0.0,34518.8,Rejected,Missing Documentation,6.0,2026-09-02,2026-09-08,30,0,0,15,0,0,45,High,Rejected claim; Rejected value >= 25K
8663,CLM-00008663,12083,BILL-00012083,17276,PAT-0017276,2,INS002,MediShield Assurance,8,DEP008,Gynecology,108209.37,73699.78,34509.59,Partially Approved,Pre-authorization Missing,40.0,2025-04-30,2025-06-09,0,0,10,15,10,10,45,High,Partially approved; Rejected value >= 25K; Claim value >= 100K; Processing > 30 days
26910,CLM-00026910,37654,BILL-00037654,19429,PAT-0019429,1,INS001,HealthSecure Insurance,1,DEP001,Emergency,124024.25,89516.41,34507.84,Partially Approved,Pre-authorization Missing,34.0,2023-12-07,2024-01-10,0,0,10,15,10,10,45,High,Partially approved; Rejected value >= 25K; Claim value >= 100K; Processing > 30 days
32025,CLM-00032025,44802,BILL-00044802,19124,PAT-0019124,1,INS001,HealthSecure Insurance,4,DEP004,Orthopedics,34497.52,0.0,34497.52,Rejected,Duplicate Claim,7.0,2023-01-15,2023-01-22,30,0,0,15,0,0,45,High,Rejected claim; Rejected value >= 25K
32353,CLM-00032353,45246,BILL-00045246,20498,PAT-0020498,3,INS003,CarePlus Health,10,DEP010,Dermatology,34484.74,0.0,34484.74,Rejected,Duplicate Claim,10.0,2023-02-20,2023-03-02,30,0,0,15,0,0,45,High,Rejected claim; Rejected value >= 25K
26240,CLM-00026240,36718,BILL-00036718,5306,PAT-0005306,3,INS003,CarePlus Health,8,DEP008,Gynecology,34475.25,0.0,34475.25,Rejected,Policy Exclusion,23.0,2024-10-27,2024-11-19,30,0,0,15,0,0,45,High,Rejected claim; Rejected value >= 25K
884,CLM-00000884,1246,BILL-00001246,695,PAT-0000695,5,INS005,LifeCare Insurance,8,DEP008,Gynecology,34464.82,0.0,34464.82,Rejected,Coverage Limit Exceeded,9.0,2024-11-17,2024-11-26,30,0,0,15,0,0,45,High,Rejected claim; Rejected value >= 25K
20947,CLM-00020947,29291,BILL-00029291,12240,PAT-0012240,4,INS004,National Health Plan,8,DEP008,Gynecology,34456.34,0.0,34456.34,Rejected,Policy Exclusion,20.0,2024-11-27,2024-12-17,30,0,0,15,0,0,45,High,Rejected claim; Rejected value >= 25K
17613,CLM-00017613,24658,BILL-00024658,11760,PAT-0011760,1,INS001,HealthSecure Insurance,9,DEP009,ENT,34443.12,0.0,34443.12,Rejected,Pre-authorization Missing,25.0,2025-05-26,2025-06-20,30,0,0,15,0,0,45,High,Rejected claim; Rejected value >= 25K
11371,CLM-00011371,15913,BILL-00015913,9235,PAT-0009235,5,INS005,LifeCare Insurance,5,DEP005,Pediatrics,34387.49,0.0,34387.49,Rejected,Duplicate Claim,21.0,2025-11-15,2025-12-06,30,0,0,15,0,0,45,High,Rejected claim; Rejected value >= 25K
3473,CLM-00003473,4890,BILL-00004890,834,PAT-0000834,1,INS001,HealthSecure Insurance,8,DEP008,Gynecology,197995.27,163609.43,34385.84,Partially Approved,Missing Documentation,36.0,2025-09-10,2025-10-16,0,0,10,15,10,10,45,High,Partially approved; Rejected value >= 25K; Claim value >= 100K; Processing > 30 days
32332,CLM-00032332,45220,BILL-00045220,4885,PAT-0004885,3,INS003,CarePlus Health,8,DEP008,Gynecology,34364.63,0.0,34364.63,Rejected,Coverage Limit Exceeded,22.0,2025-10-31,2025-11-22,30,0,0,15,0,0,45,High,Rejected claim; Rejected value >= 25K
21127,CLM-00021127,29536,BILL-00029536,15711,PAT-0015711,2,INS002,MediShield Assurance,6,DEP006,General Medicine,34350.51,0.0,34350.51,Rejected,Duplicate Claim,8.0,2023-11-19,2023-11-27,30,0,0,15,0,0,45,High,Rejected claim; Rejected value >= 25K
35836,CLM-00035836,50144,BILL-00050144,15421,PAT-0015421,3,INS003,CarePlus Health,10,DEP010,Dermatology,34342.58,0.0,34342.58,Rejected,Missing Documentation,7.0,2026-09-30,2026-10-07,30,0,0,15,0,0,45,High,Rejected claim; Rejected value >= 25K
3373,CLM-00003373,4742,BILL-00004742,4232,PAT-0004232,3,INS003,CarePlus Health,1,DEP001,Emergency,34334.92,0.0,34334.92,Rejected,Incorrect Coding,8.0,2023-10-31,2023-11-08,30,0,0,15,0,0,45,High,Rejected claim; Rejected value >= 25K
2249,CLM-00002249,3166,BILL-00003166,17248,PAT-0017248,1,INS001,HealthSecure Insurance,2,DEP002,Cardiology,34331.75,0.0,34331.75,Rejected,Incorrect Coding,12.0,2024-08-03,2024-08-15,30,0,0,15,0,0,45,High,Rejected claim; Rejected value >= 25K
955,CLM-00000955,1349,BILL-00001349,10644,PAT-0010644,4,INS004,National Health Plan,2,DEP002,Cardiology,34330.84,0.0,34330.84,Rejected,Duplicate Claim,22.0,2026-04-06,2026-04-28,30,0,0,15,0,0,45,High,Rejected claim; Rejected value >= 25K
10943,CLM-00010943,15317,BILL-00015317,4284,PAT-0004284,5,INS005,LifeCare Insurance,10,DEP010,Dermatology,34319.8,0.0,34319.8,Rejected,Missing Documentation,24.0,2025-04-01,2025-04-25,30,0,0,15,0,0,45,High,Rejected claim; Rejected value >= 25K
14654,CLM-00014654,20486,BILL-00020486,12329,PAT-0012329,5,INS005,LifeCare Insurance,2,DEP002,Cardiology,34311.44,0.0,34311.44,Rejected,Incorrect Coding,20.0,2025-05-30,2025-06-19,30,0,0,15,0,0,45,High,Rejected claim; Rejected value >= 25K
6287,CLM-00006287,8799,BILL-00008799,23861,PAT-0023861,1,INS001,HealthSecure Insurance,8,DEP008,Gynecology,34302.34,0.0,34302.34,Rejected,Duplicate Claim,10.0,2024-08-19,2024-08-29,30,0,0,15,0,0,45,High,Rejected claim; Rejected value >= 25K
17226,CLM-00017226,24105,BILL-00024105,9263,PAT-0009263,1,INS001,HealthSecure Insurance,4,DEP004,Orthopedics,34293.3,0.0,34293.3,Rejected,Coverage Limit Exceeded,24.0,2026-09-09,2026-10-03,30,0,0,15,0,0,45,High,Rejected claim; Rejected value >= 25K
32696,CLM-00032696,45721,BILL-00045721,14064,PAT-0014064,3,INS003,CarePlus Health,3,DEP003,Neurology,34234.04,0.0,34234.04,Rejected,Coverage Limit Exceeded,23.0,2024-12-09,2025-01-01,30,0,0,15,0,0,45,High,Rejected claim; Rejected value >= 25K
32916,CLM-00032916,46024,BILL-00046024,4578,PAT-0004578,3,INS003,CarePlus Health,10,DEP010,Dermatology,34224.03,0.0,34224.03,Rejected,Policy Exclusion,18.0,2026-04-24,2026-05-12,30,0,0,15,0,0,45,High,Rejected claim; Rejected value >= 25K
18166,CLM-00018166,25414,BILL-00025414,8390,PAT-0008390,2,INS002,MediShield Assurance,8,DEP008,Gynecology,195433.27,161222.69,34210.58,Partially Approved,Coverage Limit Exceeded,41.0,2025-02-26,2025-04-08,0,0,10,15,10,10,45,High,Partially approved; Rejected value >= 25K; Claim value >= 100K; Processing > 30 days
14723,CLM-00014723,20594,BILL-00020594,7130,PAT-0007130,5,INS005,LifeCare Insurance,9,DEP009,ENT,34203.07,0.0,34203.07,Rejected,Duplicate Claim,6.0,2023-09-30,2023-10-06,30,0,0,15,0,0,45,High,Rejected claim; Rejected value >= 25K
4341,CLM-00004341,6133,BILL-00006133,7828,PAT-0007828,5,INS005,LifeCare Insurance,1,DEP001,Emergency,34196.37,0.0,34196.37,Rejected,Missing Documentation,6.0,2023-04-05,2023-04-11,30,0,0,15,0,0,45,High,Rejected claim; Rejected value >= 25K
20891,CLM-00020891,29212,BILL-00029212,21981,PAT-0021981,3,INS003,CarePlus Health,5,DEP005,Pediatrics,34161.32,0.0,34161.32,Rejected,Duplicate Claim,22.0,2026-04-27,2026-05-19,30,0,0,15,0,0,45,High,Rejected claim; Rejected value >= 25K
5281,CLM-00005281,7407,BILL-00007407,14805,PAT-0014805,1,INS001,HealthSecure Insurance,7,DEP007,Oncology,34120.69,0.0,34120.69,Rejected,Incorrect Coding,22.0,2023-03-22,2023-04-13,30,0,0,15,0,0,45,High,Rejected claim; Rejected value >= 25K
25859,CLM-00025859,36194,BILL-00036194,22485,PAT-0022485,4,INS004,National Health Plan,6,DEP006,General Medicine,142919.91,108809.57,34110.34,Partially Approved,Pre-authorization Missing,36.0,2023-02-16,2023-03-24,0,0,10,15,10,10,45,High,Partially approved; Rejected value >= 25K; Claim value >= 100K; Processing > 30 days
22734,CLM-00022734,31762,BILL-00031762,17873,PAT-0017873,4,INS004,National Health Plan,2,DEP002,Cardiology,34108.08,0.0,34108.08,Rejected,Policy Exclusion,23.0,2023-03-18,2023-04-10,30,0,0,15,0,0,45,High,Rejected claim; Rejected value >= 25K
3709,CLM-00003709,5230,BILL-00005230,17716,PAT-0017716,2,INS002,MediShield Assurance,4,DEP004,Orthopedics,34105.11,0.0,34105.11,Rejected,Pre-authorization Missing,19.0,2025-08-26,2025-09-14,30,0,0,15,0,0,45,High,Rejected claim; Rejected value >= 25K
2002,CLM-00002002,2814,BILL-00002814,20556,PAT-0020556,5,INS005,LifeCare Insurance,9,DEP009,ENT,34096.55,0.0,34096.55,Rejected,Coverage Limit Exceeded,22.0,2024-12-04,2024-12-26,30,0,0,15,0,0,45,High,Rejected claim; Rejected value >= 25K
25664,CLM-00025664,35927,BILL-00035927,4845,PAT-0004845,1,INS001,HealthSecure Insurance,6,DEP006,General Medicine,34094.72,0.0,34094.72,Rejected,Policy Exclusion,19.0,2025-10-31,2025-11-19,30,0,0,15,0,0,45,High,Rejected claim; Rejected value >= 25K
20404,CLM-00020404,28534,BILL-00028534,5004,PAT-0005004,2,INS002,MediShield Assurance,8,DEP008,Gynecology,34066.11,0.0,34066.11,Rejected,Incorrect Coding,21.0,2024-01-30,2024-02-20,30,0,0,15,0,0,45,High,Rejected claim; Rejected value >= 25K
13542,CLM-00013542,18911,BILL-00018911,7285,PAT-0007285,2,INS002,MediShield Assurance,7,DEP007,Oncology,34015.79,0.0,34015.79,Rejected,Pre-authorization Missing,22.0,2026-03-05,2026-03-27,30,0,0,15,0,0,45,High,Rejected claim; Rejected value >= 25K
34769,CLM-00034769,48676,BILL-00048676,15364,PAT-0015364,4,INS004,National Health Plan,5,DEP005,Pediatrics,100980.01,66966.66,34013.35,Partially Approved,Coverage Limit Exceeded,44.0,2025-06-17,2025-07-31,0,0,10,15,10,10,45,High,Partially approved; Rejected value >= 25K; Claim value >= 100K; Processing > 30 days
25047,CLM-00025047,35074,BILL-00035074,22731,PAT-0022731,2,INS002,MediShield Assurance,7,DEP007,Oncology,179760.48,145752.71,34007.77,Partially Approved,Pre-authorization Missing,40.0,2025-11-27,2026-01-06,0,0,10,15,10,10,45,High,Partially approved; Rejected value >= 25K; Claim value >= 100K; Processing > 30 days
18800,CLM-00018800,26268,BILL-00026268,21893,PAT-0021893,4,INS004,National Health Plan,6,DEP006,General Medicine,34001.36,0.0,34001.36,Rejected,Incorrect Coding,22.0,2024-04-24,2024-05-16,30,0,0,15,0,0,45,High,Rejected claim; Rejected value >= 25K
7577,CLM-00007577,10601,BILL-00010601,9613,PAT-0009613,3,INS003,CarePlus Health,7,DEP007,Oncology,33992.98,0.0,33992.98,Rejected,Pre-authorization Missing,18.0,2025-09-17,2025-10-05,30,0,0,15,0,0,45,High,Rejected claim; Rejected value >= 25K
30620,CLM-00030620,42859,BILL-00042859,18700,PAT-0018700,4,INS004,National Health Plan,6,DEP006,General Medicine,33992.61,0.0,33992.61,Rejected,Missing Documentation,25.0,2024-05-31,2024-06-25,30,0,0,15,0,0,45,High,Rejected claim; Rejected value >= 25K
27521,CLM-00027521,38500,BILL-00038500,17201,PAT-0017201,5,INS005,LifeCare Insurance,2,DEP002,Cardiology,33980.59,0.0,33980.59,Rejected,Coverage Limit Exceeded,19.0,2026-02-27,2026-03-18,30,0,0,15,0,0,45,High,Rejected claim; Rejected value >= 25K
2111,CLM-00002111,2981,BILL-00002981,224,PAT-0000224,5,INS005,LifeCare Insurance,3,DEP003,Neurology,33976.04,0.0,33976.04,Rejected,Pre-authorization Missing,17.0,2023-06-04,2023-06-21,30,0,0,15,0,0,45,High,Rejected claim; Rejected value >= 25K
31456,CLM-00031456,44012,BILL-00044012,21669,PAT-0021669,2,INS002,MediShield Assurance,3,DEP003,Neurology,33968.2,0.0,33968.2,Rejected,Incorrect Coding,18.0,2025-10-26,2025-11-13,30,0,0,15,0,0,45,High,Rejected claim; Rejected value >= 25K
5874,CLM-00005874,8241,BILL-00008241,15704,PAT-0015704,1,INS001,HealthSecure Insurance,4,DEP004,Orthopedics,33962.8,0.0,33962.8,Rejected,Incorrect Coding,14.0,2025-10-22,2025-11-05,30,0,0,15,0,0,45,High,Rejected claim; Rejected value >= 25K
22488,CLM-00022488,31424,BILL-00031424,14859,PAT-0014859,2,INS002,MediShield Assurance,4,DEP004,Orthopedics,33946.46,0.0,33946.46,Rejected,Duplicate Claim,15.0,2024-02-05,2024-02-20,30,0,0,15,0,0,45,High,Rejected claim; Rejected value >= 25K
6274,CLM-00006274,8785,BILL-00008785,1504,PAT-0001504,3,INS003,CarePlus Health,5,DEP005,Pediatrics,33915.64,0.0,33915.64,Rejected,Missing Documentation,21.0,2025-01-06,2025-01-27,30,0,0,15,0,0,45,High,Rejected claim; Rejected value >= 25K
16486,CLM-00016486,23099,BILL-00023099,3349,PAT-0003349,1,INS001,HealthSecure Insurance,5,DEP005,Pediatrics,199724.27,165831.75,33892.52,Partially Approved,Coverage Limit Exceeded,33.0,2025-03-31,2025-05-03,0,0,10,15,10,10,45,High,Partially approved; Rejected value >= 25K; Claim value >= 100K; Processing > 30 days
27908,CLM-00027908,39047,BILL-00039047,5476,PAT-0005476,1,INS001,HealthSecure Insurance,6,DEP006,General Medicine,33882.79,0.0,33882.79,Rejected,Incorrect Coding,22.0,2026-02-10,2026-03-04,30,0,0,15,0,0,45,High,Rejected claim; Rejected value >= 25K
35999,CLM-00036188,50384,BILL-00050660,9859,PAT-0009859,4,INS004,National Health Plan,3,DEP003,Neurology,33872.45,0.0,33872.45,Rejected,Pre-authorization Missing,10.0,2026-10-05,2026-10-15,30,0,0,15,0,0,45,High,Rejected claim; Rejected value >= 25K
27721,CLM-00027721,38788,BILL-00038788,13670,PAT-0013670,4,INS004,National Health Plan,1,DEP001,Emergency,33855.04,0.0,33855.04,Rejected,Missing Documentation,13.0,2025-10-29,2025-11-11,30,0,0,15,0,0,45,High,Rejected claim; Rejected value >= 25K
31016,CLM-00031016,43412,BILL-00043412,24137,PAT-0024137,3,INS003,CarePlus Health,2,DEP002,Cardiology,33835.16,0.0,33835.16,Rejected,Incorrect Coding,24.0,2026-03-25,2026-04-18,30,0,0,15,0,0,45,High,Rejected claim; Rejected value >= 25K
12630,CLM-00012630,17641,BILL-00017641,13434,PAT-0013434,2,INS002,MediShield Assurance,3,DEP003,Neurology,33831.86,0.0,33831.86,Rejected,Missing Documentation,23.0,2023-01-19,2023-02-11,30,0,0,15,0,0,45,High,Rejected claim; Rejected value >= 25K
13348,CLM-00013348,18637,BILL-00018637,5672,PAT-0005672,5,INS005,LifeCare Insurance,4,DEP004,Orthopedics,109226.17,75404.23,33821.94,Partially Approved,Coverage Limit Exceeded,32.0,2025-08-13,2025-09-14,0,0,10,15,10,10,45,High,Partially approved; Rejected value >= 25K; Claim value >= 100K; Processing > 30 days
23796,CLM-00023796,33284,BILL-00033284,12704,PAT-0012704,4,INS004,National Health Plan,4,DEP004,Orthopedics,33816.57,0.0,33816.57,Rejected,Pre-authorization Missing,7.0,2025-09-23,2025-09-30,30,0,0,15,0,0,45,High,Rejected claim; Rejected value >= 25K
31641,CLM-00031641,44259,BILL-00044259,18546,PAT-0018546,5,INS005,LifeCare Insurance,10,DEP010,Dermatology,33814.12,0.0,33814.12,Rejected,Incorrect Coding,8.0,2023-11-03,2023-11-11,30,0,0,15,0,0,45,High,Rejected claim; Rejected value >= 25K
31538,CLM-00031538,44118,BILL-00044118,17883,PAT-0017883,5,INS005,LifeCare Insurance,10,DEP010,Dermatology,33796.51,0.0,33796.51,Rejected,Incorrect Coding,21.0,2024-10-02,2024-10-23,30,0,0,15,0,0,45,High,Rejected claim; Rejected value >= 25K
9583,CLM-00009583,13396,BILL-00013396,18903,PAT-0018903,4,INS004,National Health Plan,4,DEP004,Orthopedics,33754.76,0.0,33754.76,Rejected,Missing Documentation,12.0,2023-08-13,2023-08-25,30,0,0,15,0,0,45,High,Rejected claim; Rejected value >= 25K
12359,CLM-00012359,17271,BILL-00017271,1662,PAT-0001662,5,INS005,LifeCare Insurance,10,DEP010,Dermatology,33693.19,0.0,33693.19,Rejected,Policy Exclusion,25.0,2024-12-24,2025-01-18,30,0,0,15,0,0,45,High,Rejected claim; Rejected value >= 25K
3816,CLM-00003816,5386,BILL-00005386,24828,PAT-0024828,4,INS004,National Health Plan,5,DEP005,Pediatrics,33691.37,0.0,33691.37,Rejected,Duplicate Claim,11.0,2025-11-24,2025-12-05,30,0,0,15,0,0,45,High,Rejected claim; Rejected value >= 25K
10717,CLM-00010717,15002,BILL-00015002,22190,PAT-0022190,1,INS001,HealthSecure Insurance,9,DEP009,ENT,33672.44,0.0,33672.44,Rejected,Duplicate Claim,16.0,2025-01-17,2025-02-02,30,0,0,15,0,0,45,High,Rejected claim; Rejected value >= 25K
32492,CLM-00032492,45439,BILL-00045439,7453,PAT-0007453,5,INS005,LifeCare Insurance,2,DEP002,Cardiology,33672.22,0.0,33672.22,Rejected,Duplicate Claim,25.0,2023-09-15,2023-10-10,30,0,0,15,0,0,45,High,Rejected claim; Rejected value >= 25K
27435,CLM-00027435,38390,BILL-00038390,1668,PAT-0001668,1,INS001,HealthSecure Insurance,8,DEP008,Gynecology,33667.59,0.0,33667.59,Rejected,Pre-authorization Missing,20.0,2026-03-12,2026-04-01,30,0,0,15,0,0,45,High,Rejected claim; Rejected value >= 25K
18919,CLM-00018919,26451,BILL-00026451,885,PAT-0000885,3,INS003,CarePlus Health,6,DEP006,General Medicine,33663.45,0.0,33663.45,Rejected,Duplicate Claim,19.0,2025-05-26,2025-06-14,30,0,0,15,0,0,45,High,Rejected claim; Rejected value >= 25K
35516,CLM-00035516,49721,BILL-00049721,3150,PAT-0003150,4,INS004,National Health Plan,4,DEP004,Orthopedics,33662.75,0.0,33662.75,Rejected,Missing Documentation,15.0,2026-01-14,2026-01-29,30,0,0,15,0,0,45,High,Rejected claim; Rejected value >= 25K
11765,CLM-00011765,16457,BILL-00016457,3289,PAT-0003289,1,INS001,HealthSecure Insurance,10,DEP010,Dermatology,33649.65,0.0,33649.65,Rejected,Policy Exclusion,25.0,2024-10-31,2024-11-25,30,0,0,15,0,0,45,High,Rejected claim; Rejected value >= 25K
21504,CLM-00021504,30074,BILL-00030074,9617,PAT-0009617,2,INS002,MediShield Assurance,7,DEP007,Oncology,33647.56,0.0,33647.56,Rejected,Coverage Limit Exceeded,9.0,2025-01-08,2025-01-17,30,0,0,15,0,0,45,High,Rejected claim; Rejected value >= 25K
5318,CLM-00005318,7455,BILL-00007455,4029,PAT-0004029,3,INS003,CarePlus Health,7,DEP007,Oncology,33636.72,0.0,33636.72,Rejected,Pre-authorization Missing,21.0,2025-10-15,2025-11-05,30,0,0,15,0,0,45,High,Rejected claim; Rejected value >= 25K
5046,CLM-00005046,7081,BILL-00007081,8738,PAT-0008738,3,INS003,CarePlus Health,9,DEP009,ENT,33636.18,0.0,33636.18,Rejected,Incorrect Coding,15.0,2026-09-30,2026-10-15,30,0,0,15,0,0,45,High,Rejected claim; Rejected value >= 25K
28023,CLM-00028023,39200,BILL-00039200,21376,PAT-0021376,1,INS001,HealthSecure Insurance,6,DEP006,General Medicine,33617.52,0.0,33617.52,Rejected,Policy Exclusion,22.0,2025-05-16,2025-06-07,30,0,0,15,0,0,45,High,Rejected claim; Rejected value >= 25K
12696,CLM-00012696,17741,BILL-00017741,21892,PAT-0021892,2,INS002,MediShield Assurance,7,DEP007,Oncology,33591.34,0.0,33591.34,Rejected,Pre-authorization Missing,8.0,2025-12-12,2025-12-20,30,0,0,15,0,0,45,High,Rejected claim; Rejected value >= 25K
4224,CLM-00004224,5963,BILL-00005963,9527,PAT-0009527,5,INS005,LifeCare Insurance,8,DEP008,Gynecology,33550.53,0.0,33550.53,Rejected,Policy Exclusion,21.0,2026-09-27,2026-10-18,30,0,0,15,0,0,45,High,Rejected claim; Rejected value >= 25K
7341,CLM-00007341,10258,BILL-00010258,20323,PAT-0020323,4,INS004,National Health Plan,10,DEP010,Dermatology,33536.55,0.0,33536.55,Rejected,Duplicate Claim,23.0,2026-03-05,2026-03-28,30,0,0,15,0,0,45,High,Rejected claim; Rejected value >= 25K
4740,CLM-00004740,6673,BILL-00006673,23897,PAT-0023897,3,INS003,CarePlus Health,1,DEP001,Emergency,33523.38,0.0,33523.38,Rejected,Coverage Limit Exceeded,16.0,2023-07-26,2023-08-11,30,0,0,15,0,0,45,High,Rejected claim; Rejected value >= 25K
22751,CLM-00022751,31787,BILL-00031787,17826,PAT-0017826,4,INS004,National Health Plan,7,DEP007,Oncology,33522.96,0.0,33522.96,Rejected,Missing Documentation,10.0,2024-01-02,2024-01-12,30,0,0,15,0,0,45,High,Rejected claim; Rejected value >= 25K
29182,CLM-00029182,40870,BILL-00040870,7998,PAT-0007998,2,INS002,MediShield Assurance,3,DEP003,Neurology,33518.41,0.0,33518.41,Rejected,Coverage Limit Exceeded,10.0,2024-03-21,2024-03-31,30,0,0,15,0,0,45,High,Rejected claim; Rejected value >= 25K
15237,CLM-00015237,21318,BILL-00021318,12511,PAT-0012511,1,INS001,HealthSecure Insurance,4,DEP004,Orthopedics,33506.02,0.0,33506.02,Rejected,Coverage Limit Exceeded,21.0,2025-03-10,2025-03-31,30,0,0,15,0,0,45,High,Rejected claim; Rejected value >= 25K
17691,CLM-00017691,24766,BILL-00024766,7396,PAT-0007396,5,INS005,LifeCare Insurance,4,DEP004,Orthopedics,33494.28,0.0,33494.28,Rejected,Policy Exclusion,21.0,2026-05-28,2026-06-18,30,0,0,15,0,0,45,High,Rejected claim; Rejected value >= 25K
17600,CLM-00017600,24636,BILL-00024636,19808,PAT-0019808,3,INS003,CarePlus Health,7,DEP007,Oncology,33471.14,0.0,33471.14,Rejected,Incorrect Coding,10.0,2024-09-16,2024-09-26,30,0,0,15,0,0,45,High,Rejected claim; Rejected value >= 25K
21618,CLM-00021618,30225,BILL-00030225,11938,PAT-0011938,2,INS002,MediShield Assurance,1,DEP001,Emergency,33448.29,0.0,33448.29,Rejected,Incorrect Coding,16.0,2026-06-03,2026-06-19,30,0,0,15,0,0,45,High,Rejected claim; Rejected value >= 25K
22311,CLM-00022311,31189,BILL-00031189,8376,PAT-0008376,4,INS004,National Health Plan,8,DEP008,Gynecology,33430.61,0.0,33430.61,Rejected,Policy Exclusion,15.0,2026-08-26,2026-09-10,30,0,0,15,0,0,45,High,Rejected claim; Rejected value >= 25K
7012,CLM-00007012,9797,BILL-00009797,4876,PAT-0004876,4,INS004,National Health Plan,5,DEP005,Pediatrics,33422.17,0.0,33422.17,Rejected,Policy Exclusion,5.0,2026-02-08,2026-02-13,30,0,0,15,0,0,45,High,Rejected claim; Rejected value >= 25K
28346,CLM-00028346,39656,BILL-00039656,21929,PAT-0021929,3,INS003,CarePlus Health,10,DEP010,Dermatology,33415.88,0.0,33415.88,Rejected,Pre-authorization Missing,25.0,2025-04-15,2025-05-10,30,0,0,15,0,0,45,High,Rejected claim; Rejected value >= 25K
15539,CLM-00015539,21773,BILL-00021773,13797,PAT-0013797,1,INS001,HealthSecure Insurance,2,DEP002,Cardiology,33397.96,0.0,33397.96,Rejected,Duplicate Claim,5.0,2023-02-21,2023-02-26,30,0,0,15,0,0,45,High,Rejected claim; Rejected value >= 25K
9587,CLM-00009587,13402,BILL-00013402,17893,PAT-0017893,1,INS001,HealthSecure Insurance,8,DEP008,Gynecology,33349.1,0.0,33349.1,Rejected,Incorrect Coding,12.0,2026-03-22,2026-04-03,30,0,0,15,0,0,45,High,Rejected claim; Rejected value >= 25K
14510,CLM-00014510,20257,BILL-00020257,4680,PAT-0004680,1,INS001,HealthSecure Insurance,10,DEP010,Dermatology,33328.2,0.0,33328.2,Rejected,Policy Exclusion,15.0,2025-06-09,2025-06-24,30,0,0,15,0,0,45,High,Rejected claim; Rejected value >= 25K
9628,CLM-00009628,13465,BILL-00013465,15993,PAT-0015993,4,INS004,National Health Plan,10,DEP010,Dermatology,33294.36,0.0,33294.36,Rejected,Policy Exclusion,19.0,2023-08-28,2023-09-16,30,0,0,15,0,0,45,High,Rejected claim; Rejected value >= 25K
11627,CLM-00011627,16259,BILL-00016259,22762,PAT-0022762,3,INS003,CarePlus Health,4,DEP004,Orthopedics,33284.84,0.0,33284.84,Rejected,Missing Documentation,19.0,2026-08-23,2026-09-11,30,0,0,15,0,0,45,High,Rejected claim; Rejected value >= 25K
33524,CLM-00033524,46896,BILL-00046896,21362,PAT-0021362,5,INS005,LifeCare Insurance,4,DEP004,Orthopedics,33282.33,0.0,33282.33,Rejected,Coverage Limit Exceeded,17.0,2023-10-02,2023-10-19,30,0,0,15,0,0,45,High,Rejected claim; Rejected value >= 25K
23119,CLM-00023119,32291,BILL-00032291,2874,PAT-0002874,1,INS001,HealthSecure Insurance,6,DEP006,General Medicine,33278.13,0.0,33278.13,Rejected,Pre-authorization Missing,9.0,2023-09-16,2023-09-25,30,0,0,15,0,0,45,High,Rejected claim; Rejected value >= 25K
36303,CLM-00035948,50841,BILL-00050302,18863,PAT-0018863,5,INS005,LifeCare Insurance,2,DEP002,Cardiology,114132.61,80857.03,33275.58,Partially Approved,Coverage Limit Exceeded,44.0,2026-09-28,2026-11-11,0,0,10,15,10,10,45,High,Partially approved; Rejected value >= 25K; Claim value >= 100K; Processing > 30 days
31458,CLM-00031458,44014,BILL-00044014,22361,PAT-0022361,1,INS001,HealthSecure Insurance,4,DEP004,Orthopedics,33260.79,0.0,33260.79,Rejected,Duplicate Claim,7.0,2026-09-03,2026-09-10,30,0,0,15,0,0,45,High,Rejected claim; Rejected value >= 25K
24721,CLM-00024721,34595,BILL-00034595,24786,PAT-0024786,3,INS003,CarePlus Health,9,DEP009,ENT,33176.99,0.0,33176.99,Rejected,Missing Documentation,8.0,2026-09-02,2026-09-10,30,0,0,15,0,0,45,High,Rejected claim; Rejected value >= 25K
35568,CLM-00035568,49788,BILL-00049788,20306,PAT-0020306,3,INS003,CarePlus Health,7,DEP007,Oncology,33161.22,0.0,33161.22,Rejected,Missing Documentation,24.0,2024-12-06,2024-12-30,30,0,0,15,0,0,45,High,Rejected claim; Rejected value >= 25K
5971,CLM-00005971,8368,BILL-00008368,4200,PAT-0004200,2,INS002,MediShield Assurance,10,DEP010,Dermatology,33154.15,0.0,33154.15,Rejected,Coverage Limit Exceeded,20.0,2023-05-16,2023-06-05,30,0,0,15,0,0,45,High,Rejected claim; Rejected value >= 25K
25628,CLM-00025628,35882,BILL-00035882,15356,PAT-0015356,4,INS004,National Health Plan,7,DEP007,Oncology,33079.63,0.0,33079.63,Rejected,Policy Exclusion,16.0,2026-04-16,2026-05-02,30,0,0,15,0,0,45,High,Rejected claim; Rejected value >= 25K
24377,CLM-00024377,34109,BILL-00034109,9682,PAT-0009682,5,INS005,LifeCare Insurance,5,DEP005,Pediatrics,33072.41,0.0,33072.41,Rejected,Policy Exclusion,24.0,2024-01-04,2024-01-28,30,0,0,15,0,0,45,High,Rejected claim; Rejected value >= 25K
769,CLM-00000769,1099,BILL-00001099,13949,PAT-0013949,2,INS002,MediShield Assurance,6,DEP006,General Medicine,33067.77,0.0,33067.77,Rejected,Missing Documentation,7.0,2026-09-09,2026-09-16,30,0,0,15,0,0,45,High,Rejected claim; Rejected value >= 25K
9961,CLM-00009961,13942,BILL-00013942,6351,PAT-0006351,2,INS002,MediShield Assurance,8,DEP008,Gynecology,33065.68,0.0,33065.68,Rejected,Incorrect Coding,6.0,2024-04-10,2024-04-16,30,0,0,15,0,0,45,High,Rejected claim; Rejected value >= 25K
3138,CLM-00003138,4430,BILL-00004430,6194,PAT-0006194,3,INS003,CarePlus Health,4,DEP004,Orthopedics,33055.17,0.0,33055.17,Rejected,Coverage Limit Exceeded,25.0,2024-03-07,2024-04-01,30,0,0,15,0,0,45,High,Rejected claim; Rejected value >= 25K
4160,CLM-00004160,5865,BILL-00005865,18172,PAT-0018172,5,INS005,LifeCare Insurance,3,DEP003,Neurology,33037.65,0.0,33037.65,Rejected,Coverage Limit Exceeded,23.0,2026-07-05,2026-07-28,30,0,0,15,0,0,45,High,Rejected claim; Rejected value >= 25K
31984,CLM-00031984,44739,BILL-00044739,5413,PAT-0005413,2,INS002,MediShield Assurance,2,DEP002,Cardiology,32956.66,0.0,32956.66,Rejected,Incorrect Coding,20.0,2025-04-02,2025-04-22,30,0,0,15,0,0,45,High,Rejected claim; Rejected value >= 25K
752,CLM-00000752,1078,BILL-00001078,5429,PAT-0005429,3,INS003,CarePlus Health,6,DEP006,General Medicine,32954.5,0.0,32954.5,Rejected,Duplicate Claim,11.0,2025-02-19,2025-03-02,30,0,0,15,0,0,45,High,Rejected claim; Rejected value >= 25K
14799,CLM-00014799,20719,BILL-00020719,732,PAT-0000732,2,INS002,MediShield Assurance,1,DEP001,Emergency,32948.24,0.0,32948.24,Rejected,Incorrect Coding,24.0,2026-08-28,2026-09-21,30,0,0,15,0,0,45,High,Rejected claim; Rejected value >= 25K
1943,CLM-00001943,2729,BILL-00002729,16825,PAT-0016825,2,INS002,MediShield Assurance,10,DEP010,Dermatology,32938.37,0.0,32938.37,Rejected,Pre-authorization Missing,19.0,2023-05-26,2023-06-14,30,0,0,15,0,0,45,High,Rejected claim; Rejected value >= 25K
961,CLM-00000961,1356,BILL-00001356,10575,PAT-0010575,5,INS005,LifeCare Insurance,7,DEP007,Oncology,32925.81,0.0,32925.81,Rejected,Pre-authorization Missing,16.0,2024-03-31,2024-04-16,30,0,0,15,0,0,45,High,Rejected claim; Rejected value >= 25K
35389,CLM-00035389,49546,BILL-00049546,5511,PAT-0005511,5,INS005,LifeCare Insurance,10,DEP010,Dermatology,32844.46,0.0,32844.46,Rejected,Coverage Limit Exceeded,11.0,2026-01-04,2026-01-15,30,0,0,15,0,0,45,High,Rejected claim; Rejected value >= 25K
32176,CLM-00032176,45011,BILL-00045011,17247,PAT-0017247,2,INS002,MediShield Assurance,1,DEP001,Emergency,128565.11,95730.09,32835.02,Partially Approved,Pre-authorization Missing,32.0,2023-02-01,2023-03-05,0,0,10,15,10,10,45,High,Partially approved; Rejected value >= 25K; Claim value >= 100K; Processing > 30 days
30745,CLM-00030745,43036,BILL-00043036,7500,PAT-0007500,1,INS001,HealthSecure Insurance,5,DEP005,Pediatrics,32824.29,0.0,32824.29,Rejected,Coverage Limit Exceeded,22.0,2025-01-09,2025-01-31,30,0,0,15,0,0,45,High,Rejected claim; Rejected value >= 25K
21885,CLM-00021885,30591,BILL-00030591,23362,PAT-0023362,1,INS001,HealthSecure Insurance,1,DEP001,Emergency,104322.06,71545.59,32776.47,Partially Approved,Pre-authorization Missing,32.0,2024-03-07,2024-04-08,0,0,10,15,10,10,45,High,Partially approved; Rejected value >= 25K; Claim value >= 100K; Processing > 30 days
24751,CLM-00024751,34647,BILL-00034647,7370,PAT-0007370,5,INS005,LifeCare Insurance,8,DEP008,Gynecology,32774.73,0.0,32774.73,Rejected,Duplicate Claim,19.0,2023-09-07,2023-09-26,30,0,0,15,0,0,45,High,Rejected claim; Rejected value >= 25K
21337,CLM-00021337,29840,BILL-00029840,3824,PAT-0003824,5,INS005,LifeCare Insurance,7,DEP007,Oncology,32750.18,0.0,32750.18,Rejected,Incorrect Coding,7.0,2024-10-12,2024-10-19,30,0,0,15,0,0,45,High,Rejected claim; Rejected value >= 25K
3257,CLM-00003257,4583,BILL-00004583,3318,PAT-0003318,4,INS004,National Health Plan,4,DEP004,Orthopedics,32736.41,0.0,32736.41,Rejected,Duplicate Claim,19.0,2025-10-04,2025-10-23,30,0,0,15,0,0,45,High,Rejected claim; Rejected value >= 25K
8531,CLM-00008531,11901,BILL-00011901,8782,PAT-0008782,1,INS001,HealthSecure Insurance,9,DEP009,ENT,32733.37,0.0,32733.37,Rejected,Duplicate Claim,15.0,2024-10-19,2024-11-03,30,0,0,15,0,0,45,High,Rejected claim; Rejected value >= 25K
27271,CLM-00027271,38169,BILL-00038169,11497,PAT-0011497,5,INS005,LifeCare Insurance,5,DEP005,Pediatrics,32718.87,0.0,32718.87,Rejected,Incorrect Coding,21.0,2023-03-09,2023-03-30,30,0,0,15,0,0,45,High,Rejected claim; Rejected value >= 25K
8356,CLM-00008356,11667,BILL-00011667,19710,PAT-0019710,3,INS003,CarePlus Health,3,DEP003,Neurology,161794.73,129092.73,32702.0,Partially Approved,Coverage Limit Exceeded,37.0,2026-02-12,2026-03-21,0,0,10,15,10,10,45,High,Partially approved; Rejected value >= 25K; Claim value >= 100K; Processing > 30 days
17715,CLM-00017715,24804,BILL-00024804,11990,PAT-0011990,2,INS002,MediShield Assurance,4,DEP004,Orthopedics,32696.17,0.0,32696.17,Rejected,Pre-authorization Missing,7.0,2024-05-22,2024-05-29,30,0,0,15,0,0,45,High,Rejected claim; Rejected value >= 25K
4001,CLM-00004001,5632,BILL-00005632,4881,PAT-0004881,1,INS001,HealthSecure Insurance,5,DEP005,Pediatrics,32690.27,0.0,32690.27,Rejected,Incorrect Coding,20.0,2023-06-06,2023-06-26,30,0,0,15,0,0,45,High,Rejected claim; Rejected value >= 25K
36437,CLM-00036322,51044,BILL-00050865,13544,PAT-0013544,3,INS003,CarePlus Health,8,DEP008,Gynecology,121546.93,88886.97,32659.96,Partially Approved,Duplicate Claim,38.0,2026-10-07,2026-11-14,0,0,10,15,10,10,45,High,Partially approved; Rejected value >= 25K; Claim value >= 100K; Processing > 30 days
27148,CLM-00027148,37980,BILL-00037980,8197,PAT-0008197,5,INS005,LifeCare Insurance,6,DEP006,General Medicine,32652.01,0.0,32652.01,Rejected,Policy Exclusion,21.0,2024-01-01,2024-01-22,30,0,0,15,0,0,45,High,Rejected claim; Rejected value >= 25K
30777,CLM-00030777,43083,BILL-00043083,10259,PAT-0010259,3,INS003,CarePlus Health,8,DEP008,Gynecology,151140.94,118495.05,32645.89,Partially Approved,Pre-authorization Missing,44.0,2024-03-01,2024-04-14,0,0,10,15,10,10,45,High,Partially approved; Rejected value >= 25K; Claim value >= 100K; Processing > 30 days
10778,CLM-00010778,15093,BILL-00015093,13979,PAT-0013979,2,INS002,MediShield Assurance,8,DEP008,Gynecology,32619.68,0.0,32619.68,Rejected,Missing Documentation,14.0,2023-06-02,2023-06-16,30,0,0,15,0,0,45,High,Rejected claim; Rejected value >= 25K
781,CLM-00000781,1114,BILL-00001114,16729,PAT-0016729,2,INS002,MediShield Assurance,8,DEP008,Gynecology,32613.4,0.0,32613.4,Rejected,Pre-authorization Missing,18.0,2024-07-24,2024-08-11,30,0,0,15,0,0,45,High,Rejected claim; Rejected value >= 25K
9665,CLM-00009665,13513,BILL-00013513,3942,PAT-0003942,4,INS004,National Health Plan,5,DEP005,Pediatrics,32608.99,0.0,32608.99,Rejected,Coverage Limit Exceeded,21.0,2024-02-26,2024-03-18,30,0,0,15,0,0,45,High,Rejected claim; Rejected value >= 25K
18899,CLM-00018899,26415,BILL-00026415,17072,PAT-0017072,2,INS002,MediShield Assurance,10,DEP010,Dermatology,32599.58,0.0,32599.58,Rejected,Pre-authorization Missing,15.0,2023-02-02,2023-02-17,30,0,0,15,0,0,45,High,Rejected claim; Rejected value >= 25K
12928,CLM-00012928,18063,BILL-00018063,24036,PAT-0024036,5,INS005,LifeCare Insurance,10,DEP010,Dermatology,32582.39,0.0,32582.39,Rejected,Incorrect Coding,8.0,2024-03-14,2024-03-22,30,0,0,15,0,0,45,High,Rejected claim; Rejected value >= 25K
2793,CLM-00002793,3948,BILL-00003948,21222,PAT-0021222,2,INS002,MediShield Assurance,7,DEP007,Oncology,32574.75,0.0,32574.75,Rejected,Coverage Limit Exceeded,7.0,2024-12-14,2024-12-21,30,0,0,15,0,0,45,High,Rejected claim; Rejected value >= 25K
15022,CLM-00015022,21011,BILL-00021011,11777,PAT-0011777,5,INS005,LifeCare Insurance,7,DEP007,Oncology,32571.72,0.0,32571.72,Rejected,Duplicate Claim,19.0,2026-04-25,2026-05-14,30,0,0,15,0,0,45,High,Rejected claim; Rejected value >= 25K
4045,CLM-00004045,5693,BILL-00005693,17572,PAT-0017572,3,INS003,CarePlus Health,4,DEP004,Orthopedics,32551.8,0.0,32551.8,Rejected,Missing Documentation,14.0,2023-04-12,2023-04-26,30,0,0,15,0,0,45,High,Rejected claim; Rejected value >= 25K
16261,CLM-00016261,22777,BILL-00022777,17491,PAT-0017491,4,INS004,National Health Plan,7,DEP007,Oncology,32487.55,0.0,32487.55,Rejected,Missing Documentation,17.0,2026-01-28,2026-02-14,30,0,0,15,0,0,45,High,Rejected claim; Rejected value >= 25K
29746,CLM-00029746,41643,BILL-00041643,278,PAT-0000278,2,INS002,MediShield Assurance,7,DEP007,Oncology,32426.66,0.0,32426.66,Rejected,Coverage Limit Exceeded,23.0,2026-07-21,2026-08-13,30,0,0,15,0,0,45,High,Rejected claim; Rejected value >= 25K
1868,CLM-00001868,2621,BILL-00002621,13082,PAT-0013082,5,INS005,LifeCare Insurance,4,DEP004,Orthopedics,32402.83,0.0,32402.83,Rejected,Missing Documentation,10.0,2026-01-12,2026-01-22,30,0,0,15,0,0,45,High,Rejected claim; Rejected value >= 25K
35479,CLM-00035479,49673,BILL-00049673,13414,PAT-0013414,4,INS004,National Health Plan,9,DEP009,ENT,32393.04,0.0,32393.04,Rejected,Policy Exclusion,5.0,2025-04-18,2025-04-23,30,0,0,15,0,0,45,High,Rejected claim; Rejected value >= 25K
30949,CLM-00030949,43313,BILL-00043313,10889,PAT-0010889,4,INS004,National Health Plan,10,DEP010,Dermatology,32391.03,0.0,32391.03,Rejected,Policy Exclusion,7.0,2026-09-18,2026-09-25,30,0,0,15,0,0,45,High,Rejected claim; Rejected value >= 25K
30826,CLM-00030826,43148,BILL-00043148,23354,PAT-0023354,5,INS005,LifeCare Insurance,9,DEP009,ENT,32363.91,0.0,32363.91,Rejected,Pre-authorization Missing,8.0,2025-09-10,2025-09-18,30,0,0,15,0,0,45,High,Rejected claim; Rejected value >= 25K
5397,CLM-00005397,7576,BILL-00007576,7508,PAT-0007508,3,INS003,CarePlus Health,7,DEP007,Oncology,32357.03,0.0,32357.03,Rejected,Coverage Limit Exceeded,7.0,2026-04-04,2026-04-11,30,0,0,15,0,0,45,High,Rejected claim; Rejected value >= 25K
20567,CLM-00020567,28761,BILL-00028761,10348,PAT-0010348,5,INS005,LifeCare Insurance,8,DEP008,Gynecology,32304.93,0.0,32304.93,Rejected,Duplicate Claim,23.0,2023-03-11,2023-04-03,30,0,0,15,0,0,45,High,Rejected claim; Rejected value >= 25K
33458,CLM-00033458,46801,BILL-00046801,4661,PAT-0004661,5,INS005,LifeCare Insurance,3,DEP003,Neurology,32303.4,0.0,32303.4,Rejected,Duplicate Claim,14.0,2025-07-03,2025-07-17,30,0,0,15,0,0,45,High,Rejected claim; Rejected value >= 25K
20672,CLM-00020672,28906,BILL-00028906,18426,PAT-0018426,1,INS001,HealthSecure Insurance,3,DEP003,Neurology,32257.85,0.0,32257.85,Rejected,Duplicate Claim,6.0,2026-05-09,2026-05-15,30,0,0,15,0,0,45,High,Rejected claim; Rejected value >= 25K
1512,CLM-00001512,2136,BILL-00002136,22025,PAT-0022025,4,INS004,National Health Plan,3,DEP003,Neurology,32234.27,0.0,32234.27,Rejected,Coverage Limit Exceeded,11.0,2025-04-10,2025-04-21,30,0,0,15,0,0,45,High,Rejected claim; Rejected value >= 25K
8759,CLM-00008759,12229,BILL-00012229,24385,PAT-0024385,4,INS004,National Health Plan,1,DEP001,Emergency,32206.35,0.0,32206.35,Rejected,Missing Documentation,6.0,2024-09-19,2024-09-25,30,0,0,15,0,0,45,High,Rejected claim; Rejected value >= 25K
10283,CLM-00010283,14391,BILL-00014391,24767,PAT-0024767,5,INS005,LifeCare Insurance,8,DEP008,Gynecology,32204.7,0.0,32204.7,Rejected,Policy Exclusion,7.0,2025-01-18,2025-01-25,30,0,0,15,0,0,45,High,Rejected claim; Rejected value >= 25K
5649,CLM-00005649,7925,BILL-00007925,11860,PAT-0011860,3,INS003,CarePlus Health,2,DEP002,Cardiology,32187.55,0.0,32187.55,Rejected,Missing Documentation,8.0,2023-12-01,2023-12-09,30,0,0,15,0,0,45,High,Rejected claim; Rejected value >= 25K
30021,CLM-00030021,42037,BILL-00042037,4932,PAT-0004932,1,INS001,HealthSecure Insurance,6,DEP006,General Medicine,32151.58,0.0,32151.58,Rejected,Duplicate Claim,22.0,2026-06-04,2026-06-26,30,0,0,15,0,0,45,High,Rejected claim; Rejected value >= 25K
29448,CLM-00029448,41232,BILL-00041232,7249,PAT-0007249,5,INS005,LifeCare Insurance,2,DEP002,Cardiology,32141.62,0.0,32141.62,Rejected,Pre-authorization Missing,22.0,2026-09-25,2026-10-17,30,0,0,15,0,0,45,High,Rejected claim; Rejected value >= 25K
25015,CLM-00025015,35024,BILL-00035024,4150,PAT-0004150,2,INS002,MediShield Assurance,2,DEP002,Cardiology,124765.5,92628.43,32137.07,Partially Approved,Incorrect Coding,43.0,2025-03-01,2025-04-13,0,0,10,15,10,10,45,High,Partially approved; Rejected value >= 25K; Claim value >= 100K; Processing > 30 days
36553,CLM-00036438,51194,BILL-00051015,15353,PAT-0015353,1,INS001,HealthSecure Insurance,10,DEP010,Dermatology,32131.63,0.0,32131.63,Rejected,Coverage Limit Exceeded,24.0,2026-10-04,2026-10-28,30,0,0,15,0,0,45,High,Rejected claim; Rejected value >= 25K
16862,CLM-00016862,23614,BILL-00023614,396,PAT-0000396,3,INS003,CarePlus Health,3,DEP003,Neurology,32086.56,0.0,32086.56,Rejected,Missing Documentation,23.0,2025-08-06,2025-08-29,30,0,0,15,0,0,45,High,Rejected claim; Rejected value >= 25K
3663,CLM-00003663,5155,BILL-00005155,11422,PAT-0011422,2,INS002,MediShield Assurance,10,DEP010,Dermatology,32057.42,0.0,32057.42,Rejected,Policy Exclusion,11.0,2025-04-16,2025-04-27,30,0,0,15,0,0,45,High,Rejected claim; Rejected value >= 25K
34702,CLM-00034702,48565,BILL-00048565,12656,PAT-0012656,2,INS002,MediShield Assurance,7,DEP007,Oncology,32029.99,0.0,32029.99,Rejected,Policy Exclusion,18.0,2024-08-18,2024-09-05,30,0,0,15,0,0,45,High,Rejected claim; Rejected value >= 25K
6241,CLM-00006241,8742,BILL-00008742,73,PAT-0000073,5,INS005,LifeCare Insurance,8,DEP008,Gynecology,32022.27,0.0,32022.27,Rejected,Incorrect Coding,24.0,2025-12-01,2025-12-25,30,0,0,15,0,0,45,High,Rejected claim; Rejected value >= 25K
13442,CLM-00013442,18768,BILL-00018768,9694,PAT-0009694,5,INS005,LifeCare Insurance,3,DEP003,Neurology,32017.42,0.0,32017.42,Rejected,Missing Documentation,17.0,2024-03-03,2024-03-20,30,0,0,15,0,0,45,High,Rejected claim; Rejected value >= 25K
10975,CLM-00010975,15362,BILL-00015362,14422,PAT-0014422,1,INS001,HealthSecure Insurance,6,DEP006,General Medicine,32008.65,0.0,32008.65,Rejected,Policy Exclusion,19.0,2023-10-16,2023-11-04,30,0,0,15,0,0,45,High,Rejected claim; Rejected value >= 25K
1803,CLM-00001803,2536,BILL-00002536,6695,PAT-0006695,4,INS004,National Health Plan,1,DEP001,Emergency,31990.98,0.0,31990.98,Rejected,Missing Documentation,18.0,2025-08-10,2025-08-28,30,0,0,15,0,0,45,High,Rejected claim; Rejected value >= 25K
720,CLM-00000720,1034,BILL-00001034,6898,PAT-0006898,2,INS002,MediShield Assurance,1,DEP001,Emergency,31979.2,0.0,31979.2,Rejected,Incorrect Coding,15.0,2023-05-09,2023-05-24,30,0,0,15,0,0,45,High,Rejected claim; Rejected value >= 25K
25682,CLM-00025682,35957,BILL-00035957,20665,PAT-0020665,5,INS005,LifeCare Insurance,10,DEP010,Dermatology,31960.01,0.0,31960.01,Rejected,Missing Documentation,9.0,2025-07-25,2025-08-03,30,0,0,15,0,0,45,High,Rejected claim; Rejected value >= 25K
17303,CLM-00017303,24210,BILL-00024210,8525,PAT-0008525,4,INS004,National Health Plan,10,DEP010,Dermatology,31959.14,0.0,31959.14,Rejected,Duplicate Claim,16.0,2024-04-16,2024-05-02,30,0,0,15,0,0,45,High,Rejected claim; Rejected value >= 25K
23840,CLM-00023840,33361,BILL-00033361,2014,PAT-0002014,3,INS003,CarePlus Health,3,DEP003,Neurology,31931.48,0.0,31931.48,Rejected,Duplicate Claim,7.0,2024-06-04,2024-06-11,30,0,0,15,0,0,45,High,Rejected claim; Rejected value >= 25K
32400,CLM-00032400,45316,BILL-00045316,13808,PAT-0013808,2,INS002,MediShield Assurance,6,DEP006,General Medicine,31909.74,0.0,31909.74,Rejected,Coverage Limit Exceeded,16.0,2026-09-21,2026-10-07,30,0,0,15,0,0,45,High,Rejected claim; Rejected value >= 25K
2655,CLM-00002655,3736,BILL-00003736,13238,PAT-0013238,1,INS001,HealthSecure Insurance,6,DEP006,General Medicine,189901.71,158012.51,31889.2,Partially Approved,Missing Documentation,38.0,2024-12-02,2025-01-09,0,0,10,15,10,10,45,High,Partially approved; Rejected value >= 25K; Claim value >= 100K; Processing > 30 days
15290,CLM-00015290,21393,BILL-00021393,17654,PAT-0017654,2,INS002,MediShield Assurance,10,DEP010,Dermatology,31888.72,0.0,31888.72,Rejected,Missing Documentation,7.0,2026-07-23,2026-07-30,30,0,0,15,0,0,45,High,Rejected claim; Rejected value >= 25K
8043,CLM-00008043,11238,BILL-00011238,3134,PAT-0003134,3,INS003,CarePlus Health,9,DEP009,ENT,31872.15,0.0,31872.15,Rejected,Pre-authorization Missing,17.0,2023-08-20,2023-09-06,30,0,0,15,0,0,45,High,Rejected claim; Rejected value >= 25K
12706,CLM-00012706,17759,BILL-00017759,11308,PAT-0011308,4,INS004,National Health Plan,5,DEP005,Pediatrics,31870.52,0.0,31870.52,Rejected,Coverage Limit Exceeded,13.0,2025-03-17,2025-03-30,30,0,0,15,0,0,45,High,Rejected claim; Rejected value >= 25K
34861,CLM-00034861,48804,BILL-00048804,14233,PAT-0014233,2,INS002,MediShield Assurance,9,DEP009,ENT,31867.05,0.0,31867.05,Rejected,Policy Exclusion,12.0,2023-11-17,2023-11-29,30,0,0,15,0,0,45,High,Rejected claim; Rejected value >= 25K
644,CLM-00000644,919,BILL-00000919,6331,PAT-0006331,1,INS001,HealthSecure Insurance,8,DEP008,Gynecology,31862.14,0.0,31862.14,Rejected,Policy Exclusion,11.0,2023-04-10,2023-04-21,30,0,0,15,0,0,45,High,Rejected claim; Rejected value >= 25K
8707,CLM-00008707,12146,BILL-00012146,8870,PAT-0008870,4,INS004,National Health Plan,8,DEP008,Gynecology,115479.84,83634.77,31845.07,Partially Approved,Duplicate Claim,45.0,2024-07-25,2024-09-08,0,0,10,15,10,10,45,High,Partially approved; Rejected value >= 25K; Claim value >= 100K; Processing > 30 days
1361,CLM-00001361,1909,BILL-00001909,2304,PAT-0002304,1,INS001,HealthSecure Insurance,1,DEP001,Emergency,31842.0,0.0,31842.0,Rejected,Duplicate Claim,23.0,2024-03-23,2024-04-15,30,0,0,15,0,0,45,High,Rejected claim; Rejected value >= 25K
35544,CLM-00035544,49755,BILL-00049755,11809,PAT-0011809,5,INS005,LifeCare Insurance,5,DEP005,Pediatrics,131729.3,99923.83,31805.47,Partially Approved,Pre-authorization Missing,41.0,2024-02-20,2024-04-01,0,0,10,15,10,10,45,High,Partially approved; Rejected value >= 25K; Claim value >= 100K; Processing > 30 days
7108,CLM-00007108,9926,BILL-00009926,3300,PAT-0003300,5,INS005,LifeCare Insurance,2,DEP002,Cardiology,31780.66,0.0,31780.66,Rejected,Duplicate Claim,10.0,2023-05-22,2023-06-01,30,0,0,15,0,0,45,High,Rejected claim; Rejected value >= 25K
7550,CLM-00007550,10564,BILL-00010564,11374,PAT-0011374,2,INS002,MediShield Assurance,5,DEP005,Pediatrics,31779.67,0.0,31779.67,Rejected,Missing Documentation,25.0,2023-03-28,2023-04-22,30,0,0,15,0,0,45,High,Rejected claim; Rejected value >= 25K
13851,CLM-00013851,19343,BILL-00019343,2012,PAT-0002012,4,INS004,National Health Plan,7,DEP007,Oncology,31749.08,0.0,31749.08,Rejected,Pre-authorization Missing,19.0,2024-07-03,2024-07-22,30,0,0,15,0,0,45,High,Rejected claim; Rejected value >= 25K
8261,CLM-00008261,11538,BILL-00011538,4233,PAT-0004233,1,INS001,HealthSecure Insurance,7,DEP007,Oncology,31738.55,0.0,31738.55,Rejected,Incorrect Coding,13.0,2025-03-17,2025-03-30,30,0,0,15,0,0,45,High,Rejected claim; Rejected value >= 25K
10865,CLM-00010865,15218,BILL-00015218,6888,PAT-0006888,1,INS001,HealthSecure Insurance,10,DEP010,Dermatology,31687.08,0.0,31687.08,Rejected,Coverage Limit Exceeded,8.0,2025-10-03,2025-10-11,30,0,0,15,0,0,45,High,Rejected claim; Rejected value >= 25K
12138,CLM-00012138,16967,BILL-00016967,7898,PAT-0007898,4,INS004,National Health Plan,2,DEP002,Cardiology,31674.41,0.0,31674.41,Rejected,Policy Exclusion,24.0,2026-03-02,2026-03-26,30,0,0,15,0,0,45,High,Rejected claim; Rejected value >= 25K
2812,CLM-00002812,3978,BILL-00003978,16710,PAT-0016710,3,INS003,CarePlus Health,8,DEP008,Gynecology,31611.59,0.0,31611.59,Rejected,Pre-authorization Missing,11.0,2025-10-08,2025-10-19,30,0,0,15,0,0,45,High,Rejected claim; Rejected value >= 25K
28132,CLM-00028132,39351,BILL-00039351,22853,PAT-0022853,1,INS001,HealthSecure Insurance,2,DEP002,Cardiology,31611.04,0.0,31611.04,Rejected,Pre-authorization Missing,13.0,2026-09-20,2026-10-03,30,0,0,15,0,0,45,High,Rejected claim; Rejected value >= 25K
4864,CLM-00004864,6837,BILL-00006837,16523,PAT-0016523,1,INS001,HealthSecure Insurance,4,DEP004,Orthopedics,31593.81,0.0,31593.81,Rejected,Duplicate Claim,18.0,2025-12-29,2026-01-16,30,0,0,15,0,0,45,High,Rejected claim; Rejected value >= 25K
22216,CLM-00022216,31056,BILL-00031056,5532,PAT-0005532,2,INS002,MediShield Assurance,7,DEP007,Oncology,161498.63,129955.53,31543.1,Partially Approved,Missing Documentation,32.0,2023-11-28,2023-12-30,0,0,10,15,10,10,45,High,Partially approved; Rejected value >= 25K; Claim value >= 100K; Processing > 30 days
20972,CLM-00020972,29326,BILL-00029326,9448,PAT-0009448,1,INS001,HealthSecure Insurance,8,DEP008,Gynecology,31537.91,0.0,31537.91,Rejected,Missing Documentation,21.0,2023-06-17,2023-07-08,30,0,0,15,0,0,45,High,Rejected claim; Rejected value >= 25K
33006,CLM-00033006,46147,BILL-00046147,10447,PAT-0010447,5,INS005,LifeCare Insurance,10,DEP010,Dermatology,31525.05,0.0,31525.05,Rejected,Pre-authorization Missing,10.0,2025-03-07,2025-03-17,30,0,0,15,0,0,45,High,Rejected claim; Rejected value >= 25K
16372,CLM-00016372,22937,BILL-00022937,3583,PAT-0003583,5,INS005,LifeCare Insurance,4,DEP004,Orthopedics,31471.3,0.0,31471.3,Rejected,Duplicate Claim,12.0,2026-09-18,2026-09-30,30,0,0,15,0,0,45,High,Rejected claim; Rejected value >= 25K
36404,CLM-00036289,50996,BILL-00050817,20688,PAT-0020688,1,INS001,HealthSecure Insurance,2,DEP002,Cardiology,31457.7,0.0,31457.7,Rejected,Missing Documentation,17.0,2026-10-04,2026-10-21,30,0,0,15,0,0,45,High,Rejected claim; Rejected value >= 25K
22142,CLM-00022142,30955,BILL-00030955,7641,PAT-0007641,2,INS002,MediShield Assurance,10,DEP010,Dermatology,31412.29,0.0,31412.29,Rejected,Pre-authorization Missing,10.0,2025-07-22,2025-08-01,30,0,0,15,0,0,45,High,Rejected claim; Rejected value >= 25K
13925,CLM-00013925,19443,BILL-00019443,18745,PAT-0018745,2,INS002,MediShield Assurance,4,DEP004,Orthopedics,31397.77,0.0,31397.77,Rejected,Coverage Limit Exceeded,6.0,2025-11-22,2025-11-28,30,0,0,15,0,0,45,High,Rejected claim; Rejected value >= 25K
9872,CLM-00009872,13807,BILL-00013807,5767,PAT-0005767,2,INS002,MediShield Assurance,2,DEP002,Cardiology,31373.76,0.0,31373.76,Rejected,Pre-authorization Missing,5.0,2024-07-13,2024-07-18,30,0,0,15,0,0,45,High,Rejected claim; Rejected value >= 25K
17913,CLM-00017913,25079,BILL-00025079,5612,PAT-0005612,4,INS004,National Health Plan,2,DEP002,Cardiology,31363.83,0.0,31363.83,Rejected,Policy Exclusion,19.0,2024-02-09,2024-02-28,30,0,0,15,0,0,45,High,Rejected claim; Rejected value >= 25K
10509,CLM-00010509,14717,BILL-00014717,1491,PAT-0001491,4,INS004,National Health Plan,9,DEP009,ENT,182778.56,151416.87,31361.69,Partially Approved,Incorrect Coding,45.0,2024-02-22,2024-04-07,0,0,10,15,10,10,45,High,Partially approved; Rejected value >= 25K; Claim value >= 100K; Processing > 30 days
7970,CLM-00007970,11138,BILL-00011138,19364,PAT-0019364,5,INS005,LifeCare Insurance,3,DEP003,Neurology,141518.14,110191.03,31327.11,Partially Approved,Missing Documentation,41.0,2026-07-02,2026-08-12,0,0,10,15,10,10,45,High,Partially approved; Rejected value >= 25K; Claim value >= 100K; Processing > 30 days
319,CLM-00000319,463,BILL-00000463,6638,PAT-0006638,5,INS005,LifeCare Insurance,5,DEP005,Pediatrics,31324.4,0.0,31324.4,Rejected,Pre-authorization Missing,24.0,2026-07-09,2026-08-02,30,0,0,15,0,0,45,High,Rejected claim; Rejected value >= 25K
11388,CLM-00011388,15935,BILL-00015935,1126,PAT-0001126,3,INS003,CarePlus Health,3,DEP003,Neurology,31319.03,0.0,31319.03,Rejected,Policy Exclusion,21.0,2023-04-06,2023-04-27,30,0,0,15,0,0,45,High,Rejected claim; Rejected value >= 25K
20416,CLM-00020416,28552,BILL-00028552,4110,PAT-0004110,3,INS003,CarePlus Health,6,DEP006,General Medicine,31286.8,0.0,31286.8,Rejected,Incorrect Coding,22.0,2025-08-10,2025-09-01,30,0,0,15,0,0,45,High,Rejected claim; Rejected value >= 25K
26559,CLM-00026559,37169,BILL-00037169,23981,PAT-0023981,2,INS002,MediShield Assurance,9,DEP009,ENT,31282.25,0.0,31282.25,Rejected,Pre-authorization Missing,24.0,2023-06-20,2023-07-14,30,0,0,15,0,0,45,High,Rejected claim; Rejected value >= 25K
28951,CLM-00028951,40547,BILL-00040547,7255,PAT-0007255,3,INS003,CarePlus Health,2,DEP002,Cardiology,31273.75,0.0,31273.75,Rejected,Policy Exclusion,12.0,2023-09-28,2023-10-10,30,0,0,15,0,0,45,High,Rejected claim; Rejected value >= 25K
641,CLM-00000641,914,BILL-00000914,23579,PAT-0023579,5,INS005,LifeCare Insurance,7,DEP007,Oncology,31272.0,0.0,31272.0,Rejected,Missing Documentation,8.0,2025-09-12,2025-09-20,30,0,0,15,0,0,45,High,Rejected claim; Rejected value >= 25K
25669,CLM-00025669,35936,BILL-00035936,17378,PAT-0017378,3,INS003,CarePlus Health,5,DEP005,Pediatrics,31271.95,0.0,31271.95,Rejected,Missing Documentation,10.0,2025-07-24,2025-08-03,30,0,0,15,0,0,45,High,Rejected claim; Rejected value >= 25K
17174,CLM-00017174,24034,BILL-00024034,9974,PAT-0009974,2,INS002,MediShield Assurance,2,DEP002,Cardiology,31237.39,0.0,31237.39,Rejected,Pre-authorization Missing,18.0,2025-06-29,2025-07-17,30,0,0,15,0,0,45,High,Rejected claim; Rejected value >= 25K
23713,CLM-00023713,33172,BILL-00033172,18778,PAT-0018778,4,INS004,National Health Plan,4,DEP004,Orthopedics,112957.87,81722.98,31234.89,Partially Approved,Incorrect Coding,38.0,2023-11-17,2023-12-25,0,0,10,15,10,10,45,High,Partially approved; Rejected value >= 25K; Claim value >= 100K; Processing > 30 days
1623,CLM-00001623,2291,BILL-00002291,8917,PAT-0008917,4,INS004,National Health Plan,4,DEP004,Orthopedics,31158.07,0.0,31158.07,Rejected,Policy Exclusion,11.0,2024-03-19,2024-03-30,30,0,0,15,0,0,45,High,Rejected claim; Rejected value >= 25K
13171,CLM-00013171,18382,BILL-00018382,24681,PAT-0024681,4,INS004,National Health Plan,8,DEP008,Gynecology,31158.07,0.0,31158.07,Rejected,Policy Exclusion,13.0,2024-09-17,2024-09-30,30,0,0,15,0,0,45,High,Rejected claim; Rejected value >= 25K
36585,CLM-00036470,51247,BILL-00051068,6952,PAT-0006952,5,INS005,LifeCare Insurance,8,DEP008,Gynecology,31143.87,0.0,31143.87,Rejected,Policy Exclusion,14.0,2026-10-06,2026-10-20,30,0,0,15,0,0,45,High,Rejected claim; Rejected value >= 25K
4222,CLM-00004222,5957,BILL-00005957,8834,PAT-0008834,2,INS002,MediShield Assurance,9,DEP009,ENT,31107.8,0.0,31107.8,Rejected,Incorrect Coding,20.0,2025-06-20,2025-07-10,30,0,0,15,0,0,45,High,Rejected claim; Rejected value >= 25K
4067,CLM-00004067,5726,BILL-00005726,988,PAT-0000988,5,INS005,LifeCare Insurance,5,DEP005,Pediatrics,31107.7,0.0,31107.7,Rejected,Coverage Limit Exceeded,25.0,2025-01-17,2025-02-11,30,0,0,15,0,0,45,High,Rejected claim; Rejected value >= 25K
3668,CLM-00003668,5163,BILL-00005163,17961,PAT-0017961,4,INS004,National Health Plan,4,DEP004,Orthopedics,31099.21,0.0,31099.21,Rejected,Policy Exclusion,18.0,2023-01-13,2023-01-31,30,0,0,15,0,0,45,High,Rejected claim; Rejected value >= 25K
8666,CLM-00008666,12088,BILL-00012088,5499,PAT-0005499,1,INS001,HealthSecure Insurance,7,DEP007,Oncology,31098.07,0.0,31098.07,Rejected,Missing Documentation,17.0,2024-08-07,2024-08-24,30,0,0,15,0,0,45,High,Rejected claim; Rejected value >= 25K
33477,CLM-00033477,46830,BILL-00046830,21266,PAT-0021266,4,INS004,National Health Plan,6,DEP006,General Medicine,31087.42,0.0,31087.42,Rejected,Incorrect Coding,8.0,2023-03-09,2023-03-17,30,0,0,15,0,0,45,High,Rejected claim; Rejected value >= 25K
26093,CLM-00026093,36518,BILL-00036518,19683,PAT-0019683,3,INS003,CarePlus Health,8,DEP008,Gynecology,31083.58,0.0,31083.58,Rejected,Incorrect Coding,10.0,2023-11-30,2023-12-10,30,0,0,15,0,0,45,High,Rejected claim; Rejected value >= 25K
35413,CLM-00035413,49580,BILL-00049580,6105,PAT-0006105,2,INS002,MediShield Assurance,5,DEP005,Pediatrics,31080.43,0.0,31080.43,Rejected,Incorrect Coding,9.0,2024-06-27,2024-07-06,30,0,0,15,0,0,45,High,Rejected claim; Rejected value >= 25K
31369,CLM-00031369,43892,BILL-00043892,23806,PAT-0023806,3,INS003,CarePlus Health,10,DEP010,Dermatology,31076.37,0.0,31076.37,Rejected,Duplicate Claim,25.0,2024-03-01,2024-03-26,30,0,0,15,0,0,45,High,Rejected claim; Rejected value >= 25K
9913,CLM-00009913,13866,BILL-00013866,16549,PAT-0016549,5,INS005,LifeCare Insurance,1,DEP001,Emergency,31065.68,0.0,31065.68,Rejected,Duplicate Claim,10.0,2025-10-21,2025-10-31,30,0,0,15,0,0,45,High,Rejected claim; Rejected value >= 25K
18237,CLM-00018237,25508,BILL-00025508,21231,PAT-0021231,3,INS003,CarePlus Health,8,DEP008,Gynecology,31065.4,0.0,31065.4,Rejected,Pre-authorization Missing,17.0,2024-07-22,2024-08-08,30,0,0,15,0,0,45,High,Rejected claim; Rejected value >= 25K
27186,CLM-00027186,38044,BILL-00038044,13070,PAT-0013070,3,INS003,CarePlus Health,7,DEP007,Oncology,31065.39,0.0,31065.39,Rejected,Missing Documentation,8.0,2026-09-04,2026-09-12,30,0,0,15,0,0,45,High,Rejected claim; Rejected value >= 25K
3786,CLM-00003786,5349,BILL-00005349,15660,PAT-0015660,3,INS003,CarePlus Health,7,DEP007,Oncology,31053.94,0.0,31053.94,Rejected,Pre-authorization Missing,16.0,2024-12-19,2025-01-04,30,0,0,15,0,0,45,High,Rejected claim; Rejected value >= 25K
22196,CLM-00022196,31031,BILL-00031031,6382,PAT-0006382,2,INS002,MediShield Assurance,10,DEP010,Dermatology,31032.16,0.0,31032.16,Rejected,Pre-authorization Missing,11.0,2024-06-25,2024-07-06,30,0,0,15,0,0,45,High,Rejected claim; Rejected value >= 25K
28020,CLM-00028020,39196,BILL-00039196,19143,PAT-0019143,2,INS002,MediShield Assurance,5,DEP005,Pediatrics,188456.4,157426.05,31030.35,Partially Approved,Missing Documentation,37.0,2026-05-09,2026-06-15,0,0,10,15,10,10,45,High,Partially approved; Rejected value >= 25K; Claim value >= 100K; Processing > 30 days
21195,CLM-00021195,29624,BILL-00029624,425,PAT-0000425,4,INS004,National Health Plan,6,DEP006,General Medicine,31019.37,0.0,31019.37,Rejected,Missing Documentation,25.0,2025-01-13,2025-02-07,30,0,0,15,0,0,45,High,Rejected claim; Rejected value >= 25K
11697,CLM-00011697,16363,BILL-00016363,19220,PAT-0019220,3,INS003,CarePlus Health,6,DEP006,General Medicine,30989.13,0.0,30989.13,Rejected,Pre-authorization Missing,25.0,2025-04-25,2025-05-20,30,0,0,15,0,0,45,High,Rejected claim; Rejected value >= 25K
12221,CLM-00012221,17083,BILL-00017083,11574,PAT-0011574,4,INS004,National Health Plan,6,DEP006,General Medicine,110431.49,79464.53,30966.96,Partially Approved,Duplicate Claim,40.0,2024-02-03,2024-03-14,0,0,10,15,10,10,45,High,Partially approved; Rejected value >= 25K; Claim value >= 100K; Processing > 30 days
34755,CLM-00034755,48650,BILL-00048650,1650,PAT-0001650,2,INS002,MediShield Assurance,4,DEP004,Orthopedics,30961.7,0.0,30961.7,Rejected,Policy Exclusion,11.0,2025-02-08,2025-02-19,30,0,0,15,0,0,45,High,Rejected claim; Rejected value >= 25K
145,CLM-00000145,201,BILL-00000201,15172,PAT-0015172,1,INS001,HealthSecure Insurance,3,DEP003,Neurology,30953.96,0.0,30953.96,Rejected,Incorrect Coding,17.0,2023-04-23,2023-05-10,30,0,0,15,0,0,45,High,Rejected claim; Rejected value >= 25K
34186,CLM-00034186,47839,BILL-00047839,3562,PAT-0003562,4,INS004,National Health Plan,6,DEP006,General Medicine,30941.51,0.0,30941.51,Rejected,Policy Exclusion,8.0,2024-12-26,2025-01-03,30,0,0,15,0,0,45,High,Rejected claim; Rejected value >= 25K
9964,CLM-00009964,13947,BILL-00013947,7535,PAT-0007535,2,INS002,MediShield Assurance,5,DEP005,Pediatrics,30926.07,0.0,30926.07,Rejected,Incorrect Coding,10.0,2024-01-08,2024-01-18,30,0,0,15,0,0,45,High,Rejected claim; Rejected value >= 25K
14387,CLM-00014387,20092,BILL-00020092,10976,PAT-0010976,4,INS004,National Health Plan,9,DEP009,ENT,30923.32,0.0,30923.32,Rejected,Coverage Limit Exceeded,6.0,2023-05-21,2023-05-27,30,0,0,15,0,0,45,High,Rejected claim; Rejected value >= 25K
5804,CLM-00005804,8140,BILL-00008140,24228,PAT-0024228,3,INS003,CarePlus Health,8,DEP008,Gynecology,30902.4,0.0,30902.4,Rejected,Pre-authorization Missing,11.0,2024-04-01,2024-04-12,30,0,0,15,0,0,45,High,Rejected claim; Rejected value >= 25K
12817,CLM-00012817,17901,BILL-00017901,10263,PAT-0010263,1,INS001,HealthSecure Insurance,8,DEP008,Gynecology,30879.84,0.0,30879.84,Rejected,Pre-authorization Missing,6.0,2023-08-01,2023-08-07,30,0,0,15,0,0,45,High,Rejected claim; Rejected value >= 25K
10641,CLM-00010641,14900,BILL-00014900,12859,PAT-0012859,1,INS001,HealthSecure Insurance,8,DEP008,Gynecology,30868.84,0.0,30868.84,Rejected,Missing Documentation,5.0,2023-04-22,2023-04-27,30,0,0,15,0,0,45,High,Rejected claim; Rejected value >= 25K
1964,CLM-00001964,2764,BILL-00002764,10721,PAT-0010721,4,INS004,National Health Plan,5,DEP005,Pediatrics,30856.38,0.0,30856.38,Rejected,Duplicate Claim,25.0,2024-12-20,2025-01-14,30,0,0,15,0,0,45,High,Rejected claim; Rejected value >= 25K
36351,CLM-00035996,50916,BILL-00050377,11519,PAT-0011519,3,INS003,CarePlus Health,1,DEP001,Emergency,30852.49,0.0,30852.49,Rejected,Duplicate Claim,11.0,2026-09-30,2026-10-11,30,0,0,15,0,0,45,High,Rejected claim; Rejected value >= 25K
27097,CLM-00027097,37914,BILL-00037914,22417,PAT-0022417,1,INS001,HealthSecure Insurance,6,DEP006,General Medicine,30846.47,0.0,30846.47,Rejected,Policy Exclusion,18.0,2026-07-06,2026-07-24,30,0,0,15,0,0,45,High,Rejected claim; Rejected value >= 25K
7973,CLM-00007973,11141,BILL-00011141,12275,PAT-0012275,2,INS002,MediShield Assurance,6,DEP006,General Medicine,30840.64,0.0,30840.64,Rejected,Policy Exclusion,11.0,2025-07-25,2025-08-05,30,0,0,15,0,0,45,High,Rejected claim; Rejected value >= 25K
155,CLM-00000155,217,BILL-00000217,96,PAT-0000096,2,INS002,MediShield Assurance,3,DEP003,Neurology,30798.46,0.0,30798.46,Rejected,Duplicate Claim,21.0,2025-05-25,2025-06-15,30,0,0,15,0,0,45,High,Rejected claim; Rejected value >= 25K
24628,CLM-00024628,34477,BILL-00034477,12268,PAT-0012268,1,INS001,HealthSecure Insurance,1,DEP001,Emergency,30798.4,0.0,30798.4,Rejected,Duplicate Claim,19.0,2024-04-23,2024-05-12,30,0,0,15,0,0,45,High,Rejected claim; Rejected value >= 25K
12543,CLM-00012543,17526,BILL-00017526,12522,PAT-0012522,3,INS003,CarePlus Health,7,DEP007,Oncology,30784.62,0.0,30784.62,Rejected,Pre-authorization Missing,6.0,2025-01-20,2025-01-26,30,0,0,15,0,0,45,High,Rejected claim; Rejected value >= 25K
22510,CLM-00022510,31457,BILL-00031457,23509,PAT-0023509,2,INS002,MediShield Assurance,5,DEP005,Pediatrics,118748.1,88007.88,30740.22,Partially Approved,Pre-authorization Missing,39.0,2023-09-28,2023-11-06,0,0,10,15,10,10,45,High,Partially approved; Rejected value >= 25K; Claim value >= 100K; Processing > 30 days
5792,CLM-00005792,8122,BILL-00008122,3168,PAT-0003168,4,INS004,National Health Plan,6,DEP006,General Medicine,30733.45,0.0,30733.45,Rejected,Duplicate Claim,12.0,2024-02-19,2024-03-02,30,0,0,15,0,0,45,High,Rejected claim; Rejected value >= 25K
31470,CLM-00031470,44027,BILL-00044027,11958,PAT-0011958,5,INS005,LifeCare Insurance,5,DEP005,Pediatrics,30722.34,0.0,30722.34,Rejected,Policy Exclusion,24.0,2023-05-14,2023-06-07,30,0,0,15,0,0,45,High,Rejected claim; Rejected value >= 25K
14197,CLM-00014197,19821,BILL-00019821,18416,PAT-0018416,1,INS001,HealthSecure Insurance,9,DEP009,ENT,30711.6,0.0,30711.6,Rejected,Coverage Limit Exceeded,10.0,2026-07-17,2026-07-27,30,0,0,15,0,0,45,High,Rejected claim; Rejected value >= 25K
12381,CLM-00012381,17299,BILL-00017299,22449,PAT-0022449,4,INS004,National Health Plan,8,DEP008,Gynecology,30711.19,0.0,30711.19,Rejected,Pre-authorization Missing,18.0,2026-05-06,2026-05-24,30,0,0,15,0,0,45,High,Rejected claim; Rejected value >= 25K
35229,CLM-00035229,49313,BILL-00049313,9484,PAT-0009484,1,INS001,HealthSecure Insurance,7,DEP007,Oncology,30692.76,0.0,30692.76,Rejected,Missing Documentation,25.0,2024-12-28,2025-01-22,30,0,0,15,0,0,45,High,Rejected claim; Rejected value >= 25K
35194,CLM-00035194,49272,BILL-00049272,13600,PAT-0013600,1,INS001,HealthSecure Insurance,3,DEP003,Neurology,30683.35,0.0,30683.35,Rejected,Missing Documentation,8.0,2024-09-03,2024-09-11,30,0,0,15,0,0,45,High,Rejected claim; Rejected value >= 25K
8313,CLM-00008313,11612,BILL-00011612,12474,PAT-0012474,5,INS005,LifeCare Insurance,2,DEP002,Cardiology,30660.3,0.0,30660.3,Rejected,Incorrect Coding,5.0,2024-07-30,2024-08-04,30,0,0,15,0,0,45,High,Rejected claim; Rejected value >= 25K
25000,CLM-00025000,35006,BILL-00035006,22214,PAT-0022214,4,INS004,National Health Plan,6,DEP006,General Medicine,30657.42,0.0,30657.42,Rejected,Incorrect Coding,25.0,2023-02-06,2023-03-03,30,0,0,15,0,0,45,High,Rejected claim; Rejected value >= 25K
21501,CLM-00021501,30070,BILL-00030070,14590,PAT-0014590,4,INS004,National Health Plan,7,DEP007,Oncology,30645.16,0.0,30645.16,Rejected,Incorrect Coding,12.0,2026-01-29,2026-02-10,30,0,0,15,0,0,45,High,Rejected claim; Rejected value >= 25K
175,CLM-00000175,245,BILL-00000245,7300,PAT-0007300,3,INS003,CarePlus Health,8,DEP008,Gynecology,30636.87,0.0,30636.87,Rejected,Pre-authorization Missing,9.0,2023-12-06,2023-12-15,30,0,0,15,0,0,45,High,Rejected claim; Rejected value >= 25K
32910,CLM-00032910,46016,BILL-00046016,18885,PAT-0018885,1,INS001,HealthSecure Insurance,1,DEP001,Emergency,30606.08,0.0,30606.08,Rejected,Incorrect Coding,23.0,2025-07-09,2025-08-01,30,0,0,15,0,0,45,High,Rejected claim; Rejected value >= 25K
35812,CLM-00035812,50112,BILL-00050112,2724,PAT-0002724,2,INS002,MediShield Assurance,2,DEP002,Cardiology,30572.55,0.0,30572.55,Rejected,Duplicate Claim,23.0,2026-09-27,2026-10-20,30,0,0,15,0,0,45,High,Rejected claim; Rejected value >= 25K
27140,CLM-00027140,37972,BILL-00037972,528,PAT-0000528,2,INS002,MediShield Assurance,9,DEP009,ENT,30559.5,0.0,30559.5,Rejected,Incorrect Coding,14.0,2026-07-08,2026-07-22,30,0,0,15,0,0,45,High,Rejected claim; Rejected value >= 25K
2403,CLM-00002403,3373,BILL-00003373,7293,PAT-0007293,3,INS003,CarePlus Health,9,DEP009,ENT,30553.63,0.0,30553.63,Rejected,Policy Exclusion,5.0,2025-05-01,2025-05-06,30,0,0,15,0,0,45,High,Rejected claim; Rejected value >= 25K
24395,CLM-00024395,34135,BILL-00034135,3925,PAT-0003925,5,INS005,LifeCare Insurance,4,DEP004,Orthopedics,30551.41,0.0,30551.41,Rejected,Coverage Limit Exceeded,13.0,2025-01-02,2025-01-15,30,0,0,15,0,0,45,High,Rejected claim; Rejected value >= 25K
35323,CLM-00035323,49447,BILL-00049447,1139,PAT-0001139,3,INS003,CarePlus Health,8,DEP008,Gynecology,30541.31,0.0,30541.31,Rejected,Duplicate Claim,14.0,2026-01-11,2026-01-25,30,0,0,15,0,0,45,High,Rejected claim; Rejected value >= 25K
4175,CLM-00004175,5884,BILL-00005884,18491,PAT-0018491,2,INS002,MediShield Assurance,6,DEP006,General Medicine,30525.05,0.0,30525.05,Rejected,Coverage Limit Exceeded,21.0,2024-01-05,2024-01-26,30,0,0,15,0,0,45,High,Rejected claim; Rejected value >= 25K
20214,CLM-00020214,28274,BILL-00028274,11228,PAT-0011228,3,INS003,CarePlus Health,10,DEP010,Dermatology,30507.1,0.0,30507.1,Rejected,Incorrect Coding,23.0,2024-07-07,2024-07-30,30,0,0,15,0,0,45,High,Rejected claim; Rejected value >= 25K
8986,CLM-00008986,12545,BILL-00012545,22710,PAT-0022710,5,INS005,LifeCare Insurance,3,DEP003,Neurology,30476.47,0.0,30476.47,Rejected,Missing Documentation,12.0,2023-09-16,2023-09-28,30,0,0,15,0,0,45,High,Rejected claim; Rejected value >= 25K
10774,CLM-00010774,15087,BILL-00015087,19979,PAT-0019979,1,INS001,HealthSecure Insurance,6,DEP006,General Medicine,30456.87,0.0,30456.87,Rejected,Policy Exclusion,6.0,2023-07-26,2023-08-01,30,0,0,15,0,0,45,High,Rejected claim; Rejected value >= 25K
36366,CLM-00036011,50941,BILL-00050402,19173,PAT-0019173,4,INS004,National Health Plan,2,DEP002,Cardiology,30430.79,0.0,30430.79,Rejected,Missing Documentation,9.0,2026-10-02,2026-10-11,30,0,0,15,0,0,45,High,Rejected claim; Rejected value >= 25K
24483,CLM-00024483,34263,BILL-00034263,4656,PAT-0004656,1,INS001,HealthSecure Insurance,4,DEP004,Orthopedics,30396.59,0.0,30396.59,Rejected,Coverage Limit Exceeded,13.0,2026-02-20,2026-03-05,30,0,0,15,0,0,45,High,Rejected claim; Rejected value >= 25K
3165,CLM-00003165,4465,BILL-00004465,21602,PAT-0021602,4,INS004,National Health Plan,10,DEP010,Dermatology,30383.5,0.0,30383.5,Rejected,Pre-authorization Missing,20.0,2026-06-19,2026-07-09,30,0,0,15,0,0,45,High,Rejected claim; Rejected value >= 25K
12680,CLM-00012680,17714,BILL-00017714,3176,PAT-0003176,4,INS004,National Health Plan,4,DEP004,Orthopedics,189634.36,159254.42,30379.94,Partially Approved,Policy Exclusion,38.0,2024-04-18,2024-05-26,0,0,10,15,10,10,45,High,Partially approved; Rejected value >= 25K; Claim value >= 100K; Processing > 30 days
15303,CLM-00015303,21416,BILL-00021416,9663,PAT-0009663,5,INS005,LifeCare Insurance,2,DEP002,Cardiology,30372.78,0.0,30372.78,Rejected,Coverage Limit Exceeded,22.0,2025-09-30,2025-10-22,30,0,0,15,0,0,45,High,Rejected claim; Rejected value >= 25K
18896,CLM-00018896,26410,BILL-00026410,21969,PAT-0021969,1,INS001,HealthSecure Insurance,4,DEP004,Orthopedics,30370.76,0.0,30370.76,Rejected,Missing Documentation,7.0,2025-09-19,2025-09-26,30,0,0,15,0,0,45,High,Rejected claim; Rejected value >= 25K
28274,CLM-00028274,39563,BILL-00039563,22699,PAT-0022699,5,INS005,LifeCare Insurance,9,DEP009,ENT,30356.42,0.0,30356.42,Rejected,Missing Documentation,15.0,2024-01-06,2024-01-21,30,0,0,15,0,0,45,High,Rejected claim; Rejected value >= 25K
11308,CLM-00011308,15831,BILL-00015831,197,PAT-0000197,2,INS002,MediShield Assurance,7,DEP007,Oncology,109497.94,79160.35,30337.59,Partially Approved,Duplicate Claim,45.0,2024-03-20,2024-05-04,0,0,10,15,10,10,45,High,Partially approved; Rejected value >= 25K; Claim value >= 100K; Processing > 30 days
16839,CLM-00016839,23571,BILL-00023571,12741,PAT-0012741,1,INS001,HealthSecure Insurance,3,DEP003,Neurology,30311.41,0.0,30311.41,Rejected,Missing Documentation,20.0,2025-12-30,2026-01-19,30,0,0,15,0,0,45,High,Rejected claim; Rejected value >= 25K
14619,CLM-00014619,20426,BILL-00020426,3566,PAT-0003566,5,INS005,LifeCare Insurance,2,DEP002,Cardiology,30305.95,0.0,30305.95,Rejected,Missing Documentation,5.0,2025-12-22,2025-12-27,30,0,0,15,0,0,45,High,Rejected claim; Rejected value >= 25K
35224,CLM-00035224,49306,BILL-00049306,11654,PAT-0011654,5,INS005,LifeCare Insurance,9,DEP009,ENT,30302.95,0.0,30302.95,Rejected,Incorrect Coding,12.0,2026-05-11,2026-05-23,30,0,0,15,0,0,45,High,Rejected claim; Rejected value >= 25K
15905,CLM-00015905,22273,BILL-00022273,23956,PAT-0023956,3,INS003,CarePlus Health,5,DEP005,Pediatrics,30260.18,0.0,30260.18,Rejected,Pre-authorization Missing,21.0,2024-08-15,2024-09-05,30,0,0,15,0,0,45,High,Rejected claim; Rejected value >= 25K
3531,CLM-00003531,4978,BILL-00004978,1259,PAT-0001259,3,INS003,CarePlus Health,9,DEP009,ENT,30235.78,0.0,30235.78,Rejected,Policy Exclusion,10.0,2025-08-21,2025-08-31,30,0,0,15,0,0,45,High,Rejected claim; Rejected value >= 25K
2833,CLM-00002833,4008,BILL-00004008,3862,PAT-0003862,3,INS003,CarePlus Health,4,DEP004,Orthopedics,30216.48,0.0,30216.48,Rejected,Pre-authorization Missing,19.0,2023-04-24,2023-05-13,30,0,0,15,0,0,45,High,Rejected claim; Rejected value >= 25K
27709,CLM-00027709,38771,BILL-00038771,2663,PAT-0002663,5,INS005,LifeCare Insurance,8,DEP008,Gynecology,30187.91,0.0,30187.91,Rejected,Policy Exclusion,15.0,2025-11-22,2025-12-07,30,0,0,15,0,0,45,High,Rejected claim; Rejected value >= 25K
23091,CLM-00023091,32250,BILL-00032250,21824,PAT-0021824,2,INS002,MediShield Assurance,3,DEP003,Neurology,30180.93,0.0,30180.93,Rejected,Incorrect Coding,12.0,2023-04-21,2023-05-03,30,0,0,15,0,0,45,High,Rejected claim; Rejected value >= 25K
5619,CLM-00005619,7881,BILL-00007881,16189,PAT-0016189,4,INS004,National Health Plan,5,DEP005,Pediatrics,30137.82,0.0,30137.82,Rejected,Duplicate Claim,12.0,2026-03-06,2026-03-18,30,0,0,15,0,0,45,High,Rejected claim; Rejected value >= 25K
7726,CLM-00007726,10792,BILL-00010792,3730,PAT-0003730,1,INS001,HealthSecure Insurance,4,DEP004,Orthopedics,30137.04,0.0,30137.04,Rejected,Incorrect Coding,23.0,2025-08-09,2025-09-01,30,0,0,15,0,0,45,High,Rejected claim; Rejected value >= 25K
19970,CLM-00019970,27931,BILL-00027931,4254,PAT-0004254,5,INS005,LifeCare Insurance,4,DEP004,Orthopedics,30108.84,0.0,30108.84,Rejected,Pre-authorization Missing,23.0,2026-03-22,2026-04-14,30,0,0,15,0,0,45,High,Rejected claim; Rejected value >= 25K
25691,CLM-00025691,35967,BILL-00035967,2231,PAT-0002231,5,INS005,LifeCare Insurance,6,DEP006,General Medicine,30103.07,0.0,30103.07,Rejected,Duplicate Claim,25.0,2023-09-28,2023-10-23,30,0,0,15,0,0,45,High,Rejected claim; Rejected value >= 25K
22630,CLM-00022630,31621,BILL-00031621,21140,PAT-0021140,2,INS002,MediShield Assurance,1,DEP001,Emergency,30101.28,0.0,30101.28,Rejected,Missing Documentation,20.0,2026-08-17,2026-09-06,30,0,0,15,0,0,45,High,Rejected claim; Rejected value >= 25K
35891,CLM-00036080,50224,BILL-00050500,13721,PAT-0013721,2,INS002,MediShield Assurance,10,DEP010,Dermatology,30099.27,0.0,30099.27,Rejected,Pre-authorization Missing,20.0,2026-09-26,2026-10-16,30,0,0,15,0,0,45,High,Rejected claim; Rejected value >= 25K
33012,CLM-00033012,46155,BILL-00046155,3077,PAT-0003077,4,INS004,National Health Plan,3,DEP003,Neurology,30073.83,0.0,30073.83,Rejected,Incorrect Coding,18.0,2024-10-16,2024-11-03,30,0,0,15,0,0,45,High,Rejected claim; Rejected value >= 25K
22816,CLM-00022816,31873,BILL-00031873,14880,PAT-0014880,5,INS005,LifeCare Insurance,2,DEP002,Cardiology,30068.05,0.0,30068.05,Rejected,Coverage Limit Exceeded,24.0,2026-03-07,2026-03-31,30,0,0,15,0,0,45,High,Rejected claim; Rejected value >= 25K
10673,CLM-00010673,14945,BILL-00014945,11869,PAT-0011869,5,INS005,LifeCare Insurance,6,DEP006,General Medicine,30010.7,0.0,30010.7,Rejected,Coverage Limit Exceeded,19.0,2025-01-12,2025-01-31,30,0,0,15,0,0,45,High,Rejected claim; Rejected value >= 25K
33710,CLM-00033710,47144,BILL-00047144,18789,PAT-0018789,5,INS005,LifeCare Insurance,9,DEP009,ENT,29982.73,0.0,29982.73,Rejected,Coverage Limit Exceeded,25.0,2023-10-31,2023-11-25,30,0,0,15,0,0,45,High,Rejected claim; Rejected value >= 25K
10880,CLM-00010880,15241,BILL-00015241,17775,PAT-0017775,1,INS001,HealthSecure Insurance,1,DEP001,Emergency,29971.4,0.0,29971.4,Rejected,Pre-authorization Missing,5.0,2026-06-22,2026-06-27,30,0,0,15,0,0,45,High,Rejected claim; Rejected value >= 25K
23387,CLM-00023387,32698,BILL-00032698,16723,PAT-0016723,5,INS005,LifeCare Insurance,8,DEP008,Gynecology,29968.65,0.0,29968.65,Rejected,Incorrect Coding,11.0,2024-08-20,2024-08-31,30,0,0,15,0,0,45,High,Rejected claim; Rejected value >= 25K
25264,CLM-00025264,35349,BILL-00035349,8440,PAT-0008440,2,INS002,MediShield Assurance,6,DEP006,General Medicine,29958.34,0.0,29958.34,Rejected,Incorrect Coding,23.0,2023-06-24,2023-07-17,30,0,0,15,0,0,45,High,Rejected claim; Rejected value >= 25K
12378,CLM-00012378,17295,BILL-00017295,11778,PAT-0011778,2,INS002,MediShield Assurance,4,DEP004,Orthopedics,29939.9,0.0,29939.9,Rejected,Missing Documentation,12.0,2026-07-29,2026-08-10,30,0,0,15,0,0,45,High,Rejected claim; Rejected value >= 25K
8426,CLM-00008426,11770,BILL-00011770,5814,PAT-0005814,5,INS005,LifeCare Insurance,6,DEP006,General Medicine,29930.09,0.0,29930.09,Rejected,Coverage Limit Exceeded,18.0,2025-11-01,2025-11-19,30,0,0,15,0,0,45,High,Rejected claim; Rejected value >= 25K
13787,CLM-00013787,19254,BILL-00019254,4878,PAT-0004878,3,INS003,CarePlus Health,2,DEP002,Cardiology,29928.22,0.0,29928.22,Rejected,Incorrect Coding,15.0,2024-12-15,2024-12-30,30,0,0,15,0,0,45,High,Rejected claim; Rejected value >= 25K
31628,CLM-00031628,44242,BILL-00044242,21292,PAT-0021292,1,INS001,HealthSecure Insurance,8,DEP008,Gynecology,29925.26,0.0,29925.26,Rejected,Duplicate Claim,15.0,2023-11-18,2023-12-03,30,0,0,15,0,0,45,High,Rejected claim; Rejected value >= 25K
15178,CLM-00015178,21244,BILL-00021244,14927,PAT-0014927,3,INS003,CarePlus Health,3,DEP003,Neurology,29918.47,0.0,29918.47,Rejected,Incorrect Coding,5.0,2024-04-28,2024-05-03,30,0,0,15,0,0,45,High,Rejected claim; Rejected value >= 25K
2840,CLM-00002840,4018,BILL-00004018,22390,PAT-0022390,5,INS005,LifeCare Insurance,6,DEP006,General Medicine,29906.67,0.0,29906.67,Rejected,Pre-authorization Missing,17.0,2024-09-03,2024-09-20,30,0,0,15,0,0,45,High,Rejected claim; Rejected value >= 25K
197,CLM-00000197,280,BILL-00000280,22410,PAT-0022410,5,INS005,LifeCare Insurance,1,DEP001,Emergency,29887.89,0.0,29887.89,Rejected,Policy Exclusion,25.0,2026-08-12,2026-09-06,30,0,0,15,0,0,45,High,Rejected claim; Rejected value >= 25K
2196,CLM-00002196,3088,BILL-00003088,17921,PAT-0017921,3,INS003,CarePlus Health,3,DEP003,Neurology,29883.6,0.0,29883.6,Rejected,Missing Documentation,18.0,2023-03-06,2023-03-24,30,0,0,15,0,0,45,High,Rejected claim; Rejected value >= 25K
5661,CLM-00005661,7941,BILL-00007941,17278,PAT-0017278,2,INS002,MediShield Assurance,9,DEP009,ENT,29880.13,0.0,29880.13,Rejected,Pre-authorization Missing,10.0,2026-08-13,2026-08-23,30,0,0,15,0,0,45,High,Rejected claim; Rejected value >= 25K
23623,CLM-00023623,33036,BILL-00033036,23041,PAT-0023041,3,INS003,CarePlus Health,8,DEP008,Gynecology,29859.93,0.0,29859.93,Rejected,Pre-authorization Missing,21.0,2024-04-03,2024-04-24,30,0,0,15,0,0,45,High,Rejected claim; Rejected value >= 25K
35096,CLM-00035096,49135,BILL-00049135,6736,PAT-0006736,4,INS004,National Health Plan,10,DEP010,Dermatology,29854.37,0.0,29854.37,Rejected,Policy Exclusion,8.0,2025-02-19,2025-02-27,30,0,0,15,0,0,45,High,Rejected claim; Rejected value >= 25K
33482,CLM-00033482,46838,BILL-00046838,476,PAT-0000476,5,INS005,LifeCare Insurance,3,DEP003,Neurology,29854.15,0.0,29854.15,Rejected,Incorrect Coding,5.0,2024-10-10,2024-10-15,30,0,0,15,0,0,45,High,Rejected claim; Rejected value >= 25K
10622,CLM-00010622,14878,BILL-00014878,1064,PAT-0001064,5,INS005,LifeCare Insurance,10,DEP010,Dermatology,29852.18,0.0,29852.18,Rejected,Duplicate Claim,11.0,2025-09-21,2025-10-02,30,0,0,15,0,0,45,High,Rejected claim; Rejected value >= 25K
21302,CLM-00021302,29787,BILL-00029787,13007,PAT-0013007,5,INS005,LifeCare Insurance,1,DEP001,Emergency,29847.3,0.0,29847.3,Rejected,Pre-authorization Missing,19.0,2024-06-13,2024-07-02,30,0,0,15,0,0,45,High,Rejected claim; Rejected value >= 25K
12052,CLM-00012052,16841,BILL-00016841,13758,PAT-0013758,2,INS002,MediShield Assurance,1,DEP001,Emergency,29842.83,0.0,29842.83,Rejected,Missing Documentation,24.0,2025-05-26,2025-06-19,30,0,0,15,0,0,45,High,Rejected claim; Rejected value >= 25K
27958,CLM-00027958,39115,BILL-00039115,12635,PAT-0012635,1,INS001,HealthSecure Insurance,9,DEP009,ENT,29826.63,0.0,29826.63,Rejected,Incorrect Coding,11.0,2023-01-14,2023-01-25,30,0,0,15,0,0,45,High,Rejected claim; Rejected value >= 25K
32237,CLM-00032237,45095,BILL-00045095,12275,PAT-0012275,1,INS001,HealthSecure Insurance,1,DEP001,Emergency,29780.09,0.0,29780.09,Rejected,Duplicate Claim,13.0,2026-03-20,2026-04-02,30,0,0,15,0,0,45,High,Rejected claim; Rejected value >= 25K
31086,CLM-00031086,43517,BILL-00043517,12193,PAT-0012193,3,INS003,CarePlus Health,2,DEP002,Cardiology,29765.82,0.0,29765.82,Rejected,Policy Exclusion,5.0,2026-08-14,2026-08-19,30,0,0,15,0,0,45,High,Rejected claim; Rejected value >= 25K
36429,CLM-00036314,51035,BILL-00050856,16296,PAT-0016296,5,INS005,LifeCare Insurance,5,DEP005,Pediatrics,29758.56,0.0,29758.56,Rejected,Coverage Limit Exceeded,18.0,2026-10-01,2026-10-19,30,0,0,15,0,0,45,High,Rejected claim; Rejected value >= 25K
19565,CLM-00019565,27356,BILL-00027356,3458,PAT-0003458,1,INS001,HealthSecure Insurance,10,DEP010,Dermatology,29739.25,0.0,29739.25,Rejected,Coverage Limit Exceeded,7.0,2023-05-20,2023-05-27,30,0,0,15,0,0,45,High,Rejected claim; Rejected value >= 25K
26433,CLM-00026433,36989,BILL-00036989,15516,PAT-0015516,5,INS005,LifeCare Insurance,4,DEP004,Orthopedics,29732.04,0.0,29732.04,Rejected,Missing Documentation,12.0,2025-02-13,2025-02-25,30,0,0,15,0,0,45,High,Rejected claim; Rejected value >= 25K
21470,CLM-00021470,30029,BILL-00030029,4891,PAT-0004891,2,INS002,MediShield Assurance,9,DEP009,ENT,29726.45,0.0,29726.45,Rejected,Duplicate Claim,16.0,2025-01-04,2025-01-20,30,0,0,15,0,0,45,High,Rejected claim; Rejected value >= 25K
21681,CLM-00021681,30321,BILL-00030321,15353,PAT-0015353,1,INS001,HealthSecure Insurance,7,DEP007,Oncology,29720.86,0.0,29720.86,Rejected,Coverage Limit Exceeded,9.0,2023-03-22,2023-03-31,30,0,0,15,0,0,45,High,Rejected claim; Rejected value >= 25K
22617,CLM-00022617,31599,BILL-00031599,13607,PAT-0013607,1,INS001,HealthSecure Insurance,6,DEP006,General Medicine,29720.16,0.0,29720.16,Rejected,Incorrect Coding,17.0,2023-05-14,2023-05-31,30,0,0,15,0,0,45,High,Rejected claim; Rejected value >= 25K
29201,CLM-00029201,40896,BILL-00040896,21911,PAT-0021911,5,INS005,LifeCare Insurance,1,DEP001,Emergency,29712.88,0.0,29712.88,Rejected,Policy Exclusion,16.0,2023-07-28,2023-08-13,30,0,0,15,0,0,45,High,Rejected claim; Rejected value >= 25K
8859,CLM-00008859,12372,BILL-00012372,14968,PAT-0014968,4,INS004,National Health Plan,9,DEP009,ENT,29677.1,0.0,29677.1,Rejected,Coverage Limit Exceeded,23.0,2026-09-14,2026-10-07,30,0,0,15,0,0,45,High,Rejected claim; Rejected value >= 25K
19520,CLM-00019520,27301,BILL-00027301,3596,PAT-0003596,3,INS003,CarePlus Health,4,DEP004,Orthopedics,146650.24,116975.24,29675.0,Partially Approved,Pre-authorization Missing,37.0,2024-02-29,2024-04-06,0,0,10,15,10,10,45,High,Partially approved; Rejected value >= 25K; Claim value >= 100K; Processing > 30 days
6368,CLM-00006368,8905,BILL-00008905,19324,PAT-0019324,4,INS004,National Health Plan,1,DEP001,Emergency,130618.62,100946.48,29672.14,Partially Approved,Pre-authorization Missing,32.0,2025-10-01,2025-11-02,0,0,10,15,10,10,45,High,Partially approved; Rejected value >= 25K; Claim value >= 100K; Processing > 30 days
31118,CLM-00031118,43557,BILL-00043557,6309,PAT-0006309,1,INS001,HealthSecure Insurance,1,DEP001,Emergency,29661.5,0.0,29661.5,Rejected,Policy Exclusion,10.0,2023-02-23,2023-03-05,30,0,0,15,0,0,45,High,Rejected claim; Rejected value >= 25K
14350,CLM-00014350,20036,BILL-00020036,8192,PAT-0008192,1,INS001,HealthSecure Insurance,2,DEP002,Cardiology,29649.12,0.0,29649.12,Rejected,Duplicate Claim,17.0,2025-04-11,2025-04-28,30,0,0,15,0,0,45,High,Rejected claim; Rejected value >= 25K
36067,CLM-00036256,50492,BILL-00050769,21513,PAT-0021513,2,INS002,MediShield Assurance,1,DEP001,Emergency,29623.47,0.0,29623.47,Rejected,Missing Documentation,13.0,2026-10-01,2026-10-14,30,0,0,15,0,0,45,High,Rejected claim; Rejected value >= 25K
19950,CLM-00019950,27900,BILL-00027900,14120,PAT-0014120,1,INS001,HealthSecure Insurance,6,DEP006,General Medicine,29620.57,0.0,29620.57,Rejected,Missing Documentation,13.0,2025-11-11,2025-11-24,30,0,0,15,0,0,45,High,Rejected claim; Rejected value >= 25K
36088,CLM-00036277,50522,BILL-00050799,3180,PAT-0003180,4,INS004,National Health Plan,9,DEP009,ENT,29601.81,0.0,29601.81,Rejected,Coverage Limit Exceeded,18.0,2026-10-03,2026-10-21,30,0,0,15,0,0,45,High,Rejected claim; Rejected value >= 25K
19466,CLM-00019466,27229,BILL-00027229,6148,PAT-0006148,2,INS002,MediShield Assurance,5,DEP005,Pediatrics,29594.82,0.0,29594.82,Rejected,Policy Exclusion,11.0,2024-06-10,2024-06-21,30,0,0,15,0,0,45,High,Rejected claim; Rejected value >= 25K
30287,CLM-00030287,42398,BILL-00042398,16614,PAT-0016614,3,INS003,CarePlus Health,6,DEP006,General Medicine,29590.8,0.0,29590.8,Rejected,Coverage Limit Exceeded,9.0,2025-12-19,2025-12-28,30,0,0,15,0,0,45,High,Rejected claim; Rejected value >= 25K
24006,CLM-00024006,33595,BILL-00033595,19790,PAT-0019790,2,INS002,MediShield Assurance,9,DEP009,ENT,29582.49,0.0,29582.49,Rejected,Duplicate Claim,25.0,2026-03-01,2026-03-26,30,0,0,15,0,0,45,High,Rejected claim; Rejected value >= 25K
20505,CLM-00020505,28682,BILL-00028682,20092,PAT-0020092,4,INS004,National Health Plan,1,DEP001,Emergency,29573.95,0.0,29573.95,Rejected,Incorrect Coding,10.0,2024-09-01,2024-09-11,30,0,0,15,0,0,45,High,Rejected claim; Rejected value >= 25K
24892,CLM-00024892,34857,BILL-00034857,21376,PAT-0021376,2,INS002,MediShield Assurance,3,DEP003,Neurology,29533.39,0.0,29533.39,Rejected,Duplicate Claim,12.0,2023-10-09,2023-10-21,30,0,0,15,0,0,45,High,Rejected claim; Rejected value >= 25K
27113,CLM-00027113,37934,BILL-00037934,11020,PAT-0011020,4,INS004,National Health Plan,8,DEP008,Gynecology,29525.36,0.0,29525.36,Rejected,Missing Documentation,18.0,2024-06-07,2024-06-25,30,0,0,15,0,0,45,High,Rejected claim; Rejected value >= 25K
1797,CLM-00001797,2527,BILL-00002527,19689,PAT-0019689,2,INS002,MediShield Assurance,2,DEP002,Cardiology,29520.66,0.0,29520.66,Rejected,Incorrect Coding,17.0,2026-06-28,2026-07-15,30,0,0,15,0,0,45,High,Rejected claim; Rejected value >= 25K
18939,CLM-00018939,26481,BILL-00026481,16944,PAT-0016944,4,INS004,National Health Plan,9,DEP009,ENT,29497.31,0.0,29497.31,Rejected,Pre-authorization Missing,9.0,2025-01-06,2025-01-15,30,0,0,15,0,0,45,High,Rejected claim; Rejected value >= 25K
24624,CLM-00024624,34473,BILL-00034473,22114,PAT-0022114,5,INS005,LifeCare Insurance,7,DEP007,Oncology,29474.27,0.0,29474.27,Rejected,Duplicate Claim,14.0,2024-01-18,2024-02-01,30,0,0,15,0,0,45,High,Rejected claim; Rejected value >= 25K
26318,CLM-00026318,36828,BILL-00036828,13904,PAT-0013904,4,INS004,National Health Plan,3,DEP003,Neurology,29461.23,0.0,29461.23,Rejected,Policy Exclusion,17.0,2023-01-08,2023-01-25,30,0,0,15,0,0,45,High,Rejected claim; Rejected value >= 25K
18475,CLM-00018475,25836,BILL-00025836,21060,PAT-0021060,1,INS001,HealthSecure Insurance,7,DEP007,Oncology,29459.01,0.0,29459.01,Rejected,Coverage Limit Exceeded,23.0,2025-11-19,2025-12-12,30,0,0,15,0,0,45,High,Rejected claim; Rejected value >= 25K
24294,CLM-00024294,33984,BILL-00033984,19826,PAT-0019826,4,INS004,National Health Plan,8,DEP008,Gynecology,29445.23,0.0,29445.23,Rejected,Coverage Limit Exceeded,18.0,2024-09-02,2024-09-20,30,0,0,15,0,0,45,High,Rejected claim; Rejected value >= 25K
13389,CLM-00013389,18694,BILL-00018694,16421,PAT-0016421,1,INS001,HealthSecure Insurance,5,DEP005,Pediatrics,29439.69,0.0,29439.69,Rejected,Missing Documentation,14.0,2025-08-16,2025-08-30,30,0,0,15,0,0,45,High,Rejected claim; Rejected value >= 25K
35445,CLM-00035445,49629,BILL-00049629,7358,PAT-0007358,1,INS001,HealthSecure Insurance,8,DEP008,Gynecology,29438.79,0.0,29438.79,Rejected,Incorrect Coding,17.0,2025-12-12,2025-12-29,30,0,0,15,0,0,45,High,Rejected claim; Rejected value >= 25K
13907,CLM-00013907,19423,BILL-00019423,16537,PAT-0016537,2,INS002,MediShield Assurance,8,DEP008,Gynecology,29436.23,0.0,29436.23,Rejected,Duplicate Claim,19.0,2025-04-09,2025-04-28,30,0,0,15,0,0,45,High,Rejected claim; Rejected value >= 25K
35918,CLM-00036107,50258,BILL-00050534,12343,PAT-0012343,2,INS002,MediShield Assurance,10,DEP010,Dermatology,29392.18,0.0,29392.18,Rejected,Pre-authorization Missing,11.0,2026-09-27,2026-10-08,30,0,0,15,0,0,45,High,Rejected claim; Rejected value >= 25K
17260,CLM-00017260,24150,BILL-00024150,8029,PAT-0008029,5,INS005,LifeCare Insurance,6,DEP006,General Medicine,29345.57,0.0,29345.57,Rejected,Incorrect Coding,20.0,2023-05-26,2023-06-15,30,0,0,15,0,0,45,High,Rejected claim; Rejected value >= 25K
34801,CLM-00034801,48718,BILL-00048718,4649,PAT-0004649,4,INS004,National Health Plan,2,DEP002,Cardiology,29344.29,0.0,29344.29,Rejected,Duplicate Claim,17.0,2026-08-27,2026-09-13,30,0,0,15,0,0,45,High,Rejected claim; Rejected value >= 25K
30675,CLM-00030675,42938,BILL-00042938,83,PAT-0000083,2,INS002,MediShield Assurance,9,DEP009,ENT,29293.57,0.0,29293.57,Rejected,Pre-authorization Missing,13.0,2024-07-29,2024-08-11,30,0,0,15,0,0,45,High,Rejected claim; Rejected value >= 25K
3554,CLM-00003554,5006,BILL-00005006,170,PAT-0000170,4,INS004,National Health Plan,2,DEP002,Cardiology,29287.93,0.0,29287.93,Rejected,Coverage Limit Exceeded,22.0,2023-09-08,2023-09-30,30,0,0,15,0,0,45,High,Rejected claim; Rejected value >= 25K
29705,CLM-00029705,41582,BILL-00041582,554,PAT-0000554,5,INS005,LifeCare Insurance,6,DEP006,General Medicine,29286.16,0.0,29286.16,Rejected,Incorrect Coding,18.0,2025-07-12,2025-07-30,30,0,0,15,0,0,45,High,Rejected claim; Rejected value >= 25K
17312,CLM-00017312,24226,BILL-00024226,21600,PAT-0021600,5,INS005,LifeCare Insurance,7,DEP007,Oncology,29246.4,0.0,29246.4,Rejected,Policy Exclusion,8.0,2024-10-27,2024-11-04,30,0,0,15,0,0,45,High,Rejected claim; Rejected value >= 25K
16176,CLM-00016176,22654,BILL-00022654,617,PAT-0000617,2,INS002,MediShield Assurance,8,DEP008,Gynecology,29241.19,0.0,29241.19,Rejected,Pre-authorization Missing,25.0,2025-06-15,2025-07-10,30,0,0,15,0,0,45,High,Rejected claim; Rejected value >= 25K
33682,CLM-00033682,47108,BILL-00047108,9696,PAT-0009696,5,INS005,LifeCare Insurance,4,DEP004,Orthopedics,29224.66,0.0,29224.66,Rejected,Missing Documentation,9.0,2026-06-30,2026-07-09,30,0,0,15,0,0,45,High,Rejected claim; Rejected value >= 25K
26887,CLM-00026887,37623,BILL-00037623,10316,PAT-0010316,1,INS001,HealthSecure Insurance,6,DEP006,General Medicine,29220.65,0.0,29220.65,Rejected,Coverage Limit Exceeded,14.0,2024-08-06,2024-08-20,30,0,0,15,0,0,45,High,Rejected claim; Rejected value >= 25K
13901,CLM-00013901,19417,BILL-00019417,2844,PAT-0002844,2,INS002,MediShield Assurance,4,DEP004,Orthopedics,29203.78,0.0,29203.78,Rejected,Coverage Limit Exceeded,21.0,2025-05-24,2025-06-14,30,0,0,15,0,0,45,High,Rejected claim; Rejected value >= 25K
28827,CLM-00028827,40359,BILL-00040359,11738,PAT-0011738,2,INS002,MediShield Assurance,3,DEP003,Neurology,29190.81,0.0,29190.81,Rejected,Incorrect Coding,17.0,2026-04-04,2026-04-21,30,0,0,15,0,0,45,High,Rejected claim; Rejected value >= 25K
17889,CLM-00017889,25046,BILL-00025046,8362,PAT-0008362,1,INS001,HealthSecure Insurance,1,DEP001,Emergency,29181.79,0.0,29181.79,Rejected,Coverage Limit Exceeded,21.0,2024-06-29,2024-07-20,30,0,0,15,0,0,45,High,Rejected claim; Rejected value >= 25K
23403,CLM-00023403,32723,BILL-00032723,15597,PAT-0015597,3,INS003,CarePlus Health,2,DEP002,Cardiology,29173.74,0.0,29173.74,Rejected,Coverage Limit Exceeded,14.0,2026-02-23,2026-03-09,30,0,0,15,0,0,45,High,Rejected claim; Rejected value >= 25K
8215,CLM-00008215,11478,BILL-00011478,3337,PAT-0003337,1,INS001,HealthSecure Insurance,1,DEP001,Emergency,29165.97,0.0,29165.97,Rejected,Duplicate Claim,19.0,2024-07-03,2024-07-22,30,0,0,15,0,0,45,High,Rejected claim; Rejected value >= 25K
16615,CLM-00016615,23266,BILL-00023266,22414,PAT-0022414,1,INS001,HealthSecure Insurance,3,DEP003,Neurology,29150.68,0.0,29150.68,Rejected,Incorrect Coding,6.0,2025-10-28,2025-11-03,30,0,0,15,0,0,45,High,Rejected claim; Rejected value >= 25K
16354,CLM-00016354,22910,BILL-00022910,14558,PAT-0014558,2,INS002,MediShield Assurance,7,DEP007,Oncology,29125.93,0.0,29125.93,Rejected,Coverage Limit Exceeded,6.0,2025-08-31,2025-09-06,30,0,0,15,0,0,45,High,Rejected claim; Rejected value >= 25K
25197,CLM-00025197,35266,BILL-00035266,17018,PAT-0017018,4,INS004,National Health Plan,1,DEP001,Emergency,29125.46,0.0,29125.46,Rejected,Pre-authorization Missing,16.0,2025-08-05,2025-08-21,30,0,0,15,0,0,45,High,Rejected claim; Rejected value >= 25K
14622,CLM-00014622,20434,BILL-00020434,18440,PAT-0018440,2,INS002,MediShield Assurance,1,DEP001,Emergency,29124.23,0.0,29124.23,Rejected,Pre-authorization Missing,18.0,2025-09-14,2025-10-02,30,0,0,15,0,0,45,High,Rejected claim; Rejected value >= 25K
33939,CLM-00033939,47467,BILL-00047467,3472,PAT-0003472,3,INS003,CarePlus Health,9,DEP009,ENT,29106.51,0.0,29106.51,Rejected,Pre-authorization Missing,6.0,2025-07-22,2025-07-28,30,0,0,15,0,0,45,High,Rejected claim; Rejected value >= 25K
22299,CLM-00022299,31174,BILL-00031174,20546,PAT-0020546,3,INS003,CarePlus Health,4,DEP004,Orthopedics,29102.39,0.0,29102.39,Rejected,Pre-authorization Missing,5.0,2023-04-20,2023-04-25,30,0,0,15,0,0,45,High,Rejected claim; Rejected value >= 25K
9056,CLM-00009056,12654,BILL-00012654,19184,PAT-0019184,4,INS004,National Health Plan,7,DEP007,Oncology,29102.04,0.0,29102.04,Rejected,Policy Exclusion,5.0,2024-01-11,2024-01-16,30,0,0,15,0,0,45,High,Rejected claim; Rejected value >= 25K
30179,CLM-00030179,42253,BILL-00042253,16356,PAT-0016356,3,INS003,CarePlus Health,10,DEP010,Dermatology,29096.43,0.0,29096.43,Rejected,Coverage Limit Exceeded,20.0,2023-12-03,2023-12-23,30,0,0,15,0,0,45,High,Rejected claim; Rejected value >= 25K
32880,CLM-00032880,45977,BILL-00045977,14892,PAT-0014892,3,INS003,CarePlus Health,8,DEP008,Gynecology,29089.3,0.0,29089.3,Rejected,Missing Documentation,5.0,2025-11-11,2025-11-16,30,0,0,15,0,0,45,High,Rejected claim; Rejected value >= 25K
9920,CLM-00009920,13879,BILL-00013879,2871,PAT-0002871,5,INS005,LifeCare Insurance,7,DEP007,Oncology,29059.52,0.0,29059.52,Rejected,Pre-authorization Missing,21.0,2023-10-05,2023-10-26,30,0,0,15,0,0,45,High,Rejected claim; Rejected value >= 25K
4828,CLM-00004828,6785,BILL-00006785,13346,PAT-0013346,2,INS002,MediShield Assurance,5,DEP005,Pediatrics,29059.16,0.0,29059.16,Rejected,Pre-authorization Missing,17.0,2024-08-08,2024-08-25,30,0,0,15,0,0,45,High,Rejected claim; Rejected value >= 25K
30939,CLM-00030939,43299,BILL-00043299,5664,PAT-0005664,2,INS002,MediShield Assurance,9,DEP009,ENT,29033.77,0.0,29033.77,Rejected,Coverage Limit Exceeded,25.0,2023-03-01,2023-03-26,30,0,0,15,0,0,45,High,Rejected claim; Rejected value >= 25K
902,CLM-00000902,1274,BILL-00001274,18406,PAT-0018406,2,INS002,MediShield Assurance,5,DEP005,Pediatrics,29025.69,0.0,29025.69,Rejected,Pre-authorization Missing,12.0,2023-01-29,2023-02-10,30,0,0,15,0,0,45,High,Rejected claim; Rejected value >= 25K
22694,CLM-00022694,31713,BILL-00031713,19423,PAT-0019423,1,INS001,HealthSecure Insurance,10,DEP010,Dermatology,29002.66,0.0,29002.66,Rejected,Pre-authorization Missing,17.0,2024-07-20,2024-08-06,30,0,0,15,0,0,45,High,Rejected claim; Rejected value >= 25K
15150,CLM-00015150,21200,BILL-00021200,24459,PAT-0024459,1,INS001,HealthSecure Insurance,8,DEP008,Gynecology,116015.84,87033.85,28981.99,Partially Approved,Duplicate Claim,41.0,2025-03-29,2025-05-09,0,0,10,15,10,10,45,High,Partially approved; Rejected value >= 25K; Claim value >= 100K; Processing > 30 days
10370,CLM-00010370,14523,BILL-00014523,11456,PAT-0011456,4,INS004,National Health Plan,6,DEP006,General Medicine,28981.32,0.0,28981.32,Rejected,Missing Documentation,14.0,2024-09-26,2024-10-10,30,0,0,15,0,0,45,High,Rejected claim; Rejected value >= 25K
33981,CLM-00033981,47536,BILL-00047536,22926,PAT-0022926,1,INS001,HealthSecure Insurance,9,DEP009,ENT,28966.18,0.0,28966.18,Rejected,Duplicate Claim,8.0,2025-08-28,2025-09-05,30,0,0,15,0,0,45,High,Rejected claim; Rejected value >= 25K
8052,CLM-00008052,11248,BILL-00011248,354,PAT-0000354,3,INS003,CarePlus Health,2,DEP002,Cardiology,28954.99,0.0,28954.99,Rejected,Pre-authorization Missing,24.0,2025-04-13,2025-05-07,30,0,0,15,0,0,45,High,Rejected claim; Rejected value >= 25K
21671,CLM-00021671,30308,BILL-00030308,418,PAT-0000418,1,INS001,HealthSecure Insurance,3,DEP003,Neurology,28949.04,0.0,28949.04,Rejected,Policy Exclusion,17.0,2023-07-11,2023-07-28,30,0,0,15,0,0,45,High,Rejected claim; Rejected value >= 25K
18705,CLM-00018705,26137,BILL-00026137,16288,PAT-0016288,3,INS003,CarePlus Health,2,DEP002,Cardiology,104498.35,75551.09,28947.26,Partially Approved,Duplicate Claim,35.0,2025-09-21,2025-10-26,0,0,10,15,10,10,45,High,Partially approved; Rejected value >= 25K; Claim value >= 100K; Processing > 30 days
23222,CLM-00023222,32442,BILL-00032442,13875,PAT-0013875,2,INS002,MediShield Assurance,9,DEP009,ENT,28936.14,0.0,28936.14,Rejected,Missing Documentation,23.0,2024-06-18,2024-07-11,30,0,0,15,0,0,45,High,Rejected claim; Rejected value >= 25K
32488,CLM-00032488,45434,BILL-00045434,6385,PAT-0006385,4,INS004,National Health Plan,5,DEP005,Pediatrics,134265.92,105349.34,28916.58,Partially Approved,Coverage Limit Exceeded,34.0,2025-01-17,2025-02-20,0,0,10,15,10,10,45,High,Partially approved; Rejected value >= 25K; Claim value >= 100K; Processing > 30 days
29524,CLM-00029524,41337,BILL-00041337,2766,PAT-0002766,2,INS002,MediShield Assurance,7,DEP007,Oncology,28884.04,0.0,28884.04,Rejected,Policy Exclusion,8.0,2025-07-05,2025-07-13,30,0,0,15,0,0,45,High,Rejected claim; Rejected value >= 25K
12200,CLM-00012200,17050,BILL-00017050,11377,PAT-0011377,4,INS004,National Health Plan,2,DEP002,Cardiology,28883.89,0.0,28883.89,Rejected,Missing Documentation,7.0,2026-09-25,2026-10-02,30,0,0,15,0,0,45,High,Rejected claim; Rejected value >= 25K
8670,CLM-00008670,12093,BILL-00012093,14341,PAT-0014341,5,INS005,LifeCare Insurance,2,DEP002,Cardiology,28854.81,0.0,28854.81,Rejected,Policy Exclusion,15.0,2023-02-17,2023-03-04,30,0,0,15,0,0,45,High,Rejected claim; Rejected value >= 25K
1715,CLM-00001715,2421,BILL-00002421,9276,PAT-0009276,2,INS002,MediShield Assurance,10,DEP010,Dermatology,28825.94,0.0,28825.94,Rejected,Duplicate Claim,15.0,2025-06-25,2025-07-10,30,0,0,15,0,0,45,High,Rejected claim; Rejected value >= 25K
29634,CLM-00029634,41487,BILL-00041487,20688,PAT-0020688,1,INS001,HealthSecure Insurance,3,DEP003,Neurology,28823.14,0.0,28823.14,Rejected,Pre-authorization Missing,15.0,2023-01-30,2023-02-14,30,0,0,15,0,0,45,High,Rejected claim; Rejected value >= 25K
13344,CLM-00013344,18631,BILL-00018631,20031,PAT-0020031,1,INS001,HealthSecure Insurance,7,DEP007,Oncology,28772.13,0.0,28772.13,Rejected,Coverage Limit Exceeded,5.0,2024-10-14,2024-10-19,30,0,0,15,0,0,45,High,Rejected claim; Rejected value >= 25K
29624,CLM-00029624,41473,BILL-00041473,6343,PAT-0006343,2,INS002,MediShield Assurance,1,DEP001,Emergency,28719.63,0.0,28719.63,Rejected,Missing Documentation,24.0,2026-01-02,2026-01-26,30,0,0,15,0,0,45,High,Rejected claim; Rejected value >= 25K
13265,CLM-00013265,18518,BILL-00018518,2704,PAT-0002704,5,INS005,LifeCare Insurance,1,DEP001,Emergency,28708.19,0.0,28708.19,Rejected,Policy Exclusion,22.0,2026-08-25,2026-09-16,30,0,0,15,0,0,45,High,Rejected claim; Rejected value >= 25K
17732,CLM-00017732,24825,BILL-00024825,14083,PAT-0014083,3,INS003,CarePlus Health,9,DEP009,ENT,28696.0,0.0,28696.0,Rejected,Policy Exclusion,23.0,2023-03-20,2023-04-12,30,0,0,15,0,0,45,High,Rejected claim; Rejected value >= 25K
3287,CLM-00003287,4626,BILL-00004626,17528,PAT-0017528,1,INS001,HealthSecure Insurance,2,DEP002,Cardiology,28694.26,0.0,28694.26,Rejected,Missing Documentation,15.0,2023-07-27,2023-08-11,30,0,0,15,0,0,45,High,Rejected claim; Rejected value >= 25K
6165,CLM-00006165,8636,BILL-00008636,599,PAT-0000599,1,INS001,HealthSecure Insurance,5,DEP005,Pediatrics,28679.9,0.0,28679.9,Rejected,Incorrect Coding,21.0,2025-02-16,2025-03-09,30,0,0,15,0,0,45,High,Rejected claim; Rejected value >= 25K
32118,CLM-00032118,44926,BILL-00044926,15603,PAT-0015603,5,INS005,LifeCare Insurance,7,DEP007,Oncology,28656.75,0.0,28656.75,Rejected,Incorrect Coding,9.0,2025-12-25,2026-01-03,30,0,0,15,0,0,45,High,Rejected claim; Rejected value >= 25K
16259,CLM-00016259,22769,BILL-00022769,16608,PAT-0016608,2,INS002,MediShield Assurance,3,DEP003,Neurology,28652.67,0.0,28652.67,Rejected,Missing Documentation,24.0,2025-02-15,2025-03-11,30,0,0,15,0,0,45,High,Rejected claim; Rejected value >= 25K
12669,CLM-00012669,17697,BILL-00017697,19378,PAT-0019378,1,INS001,HealthSecure Insurance,4,DEP004,Orthopedics,28626.79,0.0,28626.79,Rejected,Policy Exclusion,22.0,2023-02-20,2023-03-14,30,0,0,15,0,0,45,High,Rejected claim; Rejected value >= 25K
36294,CLM-00035939,50828,BILL-00050289,6234,PAT-0006234,2,INS002,MediShield Assurance,3,DEP003,Neurology,28593.31,0.0,28593.31,Rejected,Missing Documentation,22.0,2026-09-27,2026-10-19,30,0,0,15,0,0,45,High,Rejected claim; Rejected value >= 25K
973,CLM-00000973,1373,BILL-00001373,21771,PAT-0021771,1,INS001,HealthSecure Insurance,5,DEP005,Pediatrics,28577.2,0.0,28577.2,Rejected,Duplicate Claim,17.0,2024-06-14,2024-07-01,30,0,0,15,0,0,45,High,Rejected claim; Rejected value >= 25K
27456,CLM-00027456,38418,BILL-00038418,10287,PAT-0010287,1,INS001,HealthSecure Insurance,10,DEP010,Dermatology,28571.67,0.0,28571.67,Rejected,Policy Exclusion,20.0,2023-05-29,2023-06-18,30,0,0,15,0,0,45,High,Rejected claim; Rejected value >= 25K
1402,CLM-00001402,1969,BILL-00001969,23626,PAT-0023626,4,INS004,National Health Plan,9,DEP009,ENT,28570.86,0.0,28570.86,Rejected,Incorrect Coding,17.0,2023-10-23,2023-11-09,30,0,0,15,0,0,45,High,Rejected claim; Rejected value >= 25K
3864,CLM-00003864,5453,BILL-00005453,22745,PAT-0022745,2,INS002,MediShield Assurance,5,DEP005,Pediatrics,28534.75,0.0,28534.75,Rejected,Policy Exclusion,6.0,2026-05-11,2026-05-17,30,0,0,15,0,0,45,High,Rejected claim; Rejected value >= 25K
30216,CLM-00030216,42305,BILL-00042305,14871,PAT-0014871,2,INS002,MediShield Assurance,3,DEP003,Neurology,28534.19,0.0,28534.19,Rejected,Coverage Limit Exceeded,16.0,2024-08-08,2024-08-24,30,0,0,15,0,0,45,High,Rejected claim; Rejected value >= 25K
9923,CLM-00009923,13882,BILL-00013882,11675,PAT-0011675,4,INS004,National Health Plan,7,DEP007,Oncology,28528.28,0.0,28528.28,Rejected,Policy Exclusion,8.0,2024-04-23,2024-05-01,30,0,0,15,0,0,45,High,Rejected claim; Rejected value >= 25K
35489,CLM-00035489,49686,BILL-00049686,22488,PAT-0022488,2,INS002,MediShield Assurance,1,DEP001,Emergency,28502.58,0.0,28502.58,Rejected,Pre-authorization Missing,20.0,2024-06-22,2024-07-12,30,0,0,15,0,0,45,High,Rejected claim; Rejected value >= 25K
7120,CLM-00007120,9943,BILL-00009943,22910,PAT-0022910,1,INS001,HealthSecure Insurance,7,DEP007,Oncology,28486.48,0.0,28486.48,Rejected,Coverage Limit Exceeded,12.0,2023-07-04,2023-07-16,30,0,0,15,0,0,45,High,Rejected claim; Rejected value >= 25K
20003,CLM-00020003,27973,BILL-00027973,23926,PAT-0023926,5,INS005,LifeCare Insurance,6,DEP006,General Medicine,28457.92,0.0,28457.92,Rejected,Missing Documentation,24.0,2023-12-26,2024-01-19,30,0,0,15,0,0,45,High,Rejected claim; Rejected value >= 25K
29015,CLM-00029015,40643,BILL-00040643,18244,PAT-0018244,3,INS003,CarePlus Health,5,DEP005,Pediatrics,28440.92,0.0,28440.92,Rejected,Coverage Limit Exceeded,9.0,2023-09-25,2023-10-04,30,0,0,15,0,0,45,High,Rejected claim; Rejected value >= 25K
13000,CLM-00013000,18158,BILL-00018158,12551,PAT-0012551,3,INS003,CarePlus Health,9,DEP009,ENT,28433.93,0.0,28433.93,Rejected,Pre-authorization Missing,8.0,2026-09-16,2026-09-24,30,0,0,15,0,0,45,High,Rejected claim; Rejected value >= 25K
7516,CLM-00007516,10514,BILL-00010514,21653,PAT-0021653,5,INS005,LifeCare Insurance,6,DEP006,General Medicine,109668.38,81250.84,28417.54,Partially Approved,Policy Exclusion,37.0,2026-07-06,2026-08-12,0,0,10,15,10,10,45,High,Partially approved; Rejected value >= 25K; Claim value >= 100K; Processing > 30 days
17980,CLM-00017980,25167,BILL-00025167,9566,PAT-0009566,3,INS003,CarePlus Health,4,DEP004,Orthopedics,28373.17,0.0,28373.17,Rejected,Duplicate Claim,12.0,2025-07-09,2025-07-21,30,0,0,15,0,0,45,High,Rejected claim; Rejected value >= 25K
17911,CLM-00017911,25077,BILL-00025077,7433,PAT-0007433,1,INS001,HealthSecure Insurance,5,DEP005,Pediatrics,28372.21,0.0,28372.21,Rejected,Incorrect Coding,19.0,2023-06-15,2023-07-04,30,0,0,15,0,0,45,High,Rejected claim; Rejected value >= 25K
28107,CLM-00028107,39321,BILL-00039321,18909,PAT-0018909,2,INS002,MediShield Assurance,6,DEP006,General Medicine,28368.38,0.0,28368.38,Rejected,Duplicate Claim,6.0,2023-08-22,2023-08-28,30,0,0,15,0,0,45,High,Rejected claim; Rejected value >= 25K
33934,CLM-00033934,47460,BILL-00047460,23019,PAT-0023019,3,INS003,CarePlus Health,7,DEP007,Oncology,28361.55,0.0,28361.55,Rejected,Incorrect Coding,11.0,2025-07-25,2025-08-05,30,0,0,15,0,0,45,High,Rejected claim; Rejected value >= 25K
16642,CLM-00016642,23303,BILL-00023303,24975,PAT-0024975,5,INS005,LifeCare Insurance,2,DEP002,Cardiology,28354.34,0.0,28354.34,Rejected,Policy Exclusion,6.0,2025-02-21,2025-02-27,30,0,0,15,0,0,45,High,Rejected claim; Rejected value >= 25K
32097,CLM-00032097,44900,BILL-00044900,5195,PAT-0005195,5,INS005,LifeCare Insurance,5,DEP005,Pediatrics,125873.13,97563.21,28309.92,Partially Approved,Missing Documentation,37.0,2024-06-27,2024-08-03,0,0,10,15,10,10,45,High,Partially approved; Rejected value >= 25K; Claim value >= 100K; Processing > 30 days
20432,CLM-00020432,28587,BILL-00028587,21282,PAT-0021282,4,INS004,National Health Plan,4,DEP004,Orthopedics,28283.01,0.0,28283.01,Rejected,Duplicate Claim,17.0,2024-06-29,2024-07-16,30,0,0,15,0,0,45,High,Rejected claim; Rejected value >= 25K
25842,CLM-00025842,36176,BILL-00036176,9893,PAT-0009893,5,INS005,LifeCare Insurance,1,DEP001,Emergency,28277.06,0.0,28277.06,Rejected,Pre-authorization Missing,14.0,2024-09-30,2024-10-14,30,0,0,15,0,0,45,High,Rejected claim; Rejected value >= 25K
5128,CLM-00005128,7190,BILL-00007190,4932,PAT-0004932,3,INS003,CarePlus Health,6,DEP006,General Medicine,28258.63,0.0,28258.63,Rejected,Policy Exclusion,21.0,2026-05-28,2026-06-18,30,0,0,15,0,0,45,High,Rejected claim; Rejected value >= 25K
19968,CLM-00019968,27928,BILL-00027928,22591,PAT-0022591,2,INS002,MediShield Assurance,9,DEP009,ENT,28223.01,0.0,28223.01,Rejected,Duplicate Claim,24.0,2025-12-05,2025-12-29,30,0,0,15,0,0,45,High,Rejected claim; Rejected value >= 25K
17567,CLM-00017567,24591,BILL-00024591,23619,PAT-0023619,5,INS005,LifeCare Insurance,4,DEP004,Orthopedics,28207.14,0.0,28207.14,Rejected,Pre-authorization Missing,24.0,2025-05-19,2025-06-12,30,0,0,15,0,0,45,High,Rejected claim; Rejected value >= 25K
18168,CLM-00018168,25416,BILL-00025416,304,PAT-0000304,5,INS005,LifeCare Insurance,2,DEP002,Cardiology,28198.84,0.0,28198.84,Rejected,Pre-authorization Missing,7.0,2024-02-24,2024-03-02,30,0,0,15,0,0,45,High,Rejected claim; Rejected value >= 25K
10044,CLM-00010044,14063,BILL-00014063,24341,PAT-0024341,4,INS004,National Health Plan,3,DEP003,Neurology,28190.79,0.0,28190.79,Rejected,Incorrect Coding,7.0,2026-06-13,2026-06-20,30,0,0,15,0,0,45,High,Rejected claim; Rejected value >= 25K
27028,CLM-00027028,37831,BILL-00037831,8738,PAT-0008738,1,INS001,HealthSecure Insurance,8,DEP008,Gynecology,28184.4,0.0,28184.4,Rejected,Duplicate Claim,19.0,2025-09-10,2025-09-29,30,0,0,15,0,0,45,High,Rejected claim; Rejected value >= 25K
31910,CLM-00031910,44649,BILL-00044649,4329,PAT-0004329,1,INS001,HealthSecure Insurance,10,DEP010,Dermatology,117822.34,89648.36,28173.98,Partially Approved,Missing Documentation,39.0,2024-08-30,2024-10-08,0,0,10,15,10,10,45,High,Partially approved; Rejected value >= 25K; Claim value >= 100K; Processing > 30 days
35464,CLM-00035464,49653,BILL-00049653,3422,PAT-0003422,4,INS004,National Health Plan,2,DEP002,Cardiology,28113.38,0.0,28113.38,Rejected,Missing Documentation,18.0,2023-12-07,2023-12-25,30,0,0,15,0,0,45,High,Rejected claim; Rejected value >= 25K
28385,CLM-00028385,39713,BILL-00039713,3563,PAT-0003563,3,INS003,CarePlus Health,10,DEP010,Dermatology,28112.68,0.0,28112.68,Rejected,Duplicate Claim,11.0,2025-02-09,2025-02-20,30,0,0,15,0,0,45,High,Rejected claim; Rejected value >= 25K
11658,CLM-00011658,16305,BILL-00016305,1995,PAT-0001995,1,INS001,HealthSecure Insurance,9,DEP009,ENT,28109.62,0.0,28109.62,Rejected,Missing Documentation,16.0,2023-09-11,2023-09-27,30,0,0,15,0,0,45,High,Rejected claim; Rejected value >= 25K
9681,CLM-00009681,13533,BILL-00013533,8778,PAT-0008778,4,INS004,National Health Plan,10,DEP010,Dermatology,28107.02,0.0,28107.02,Rejected,Pre-authorization Missing,17.0,2025-09-20,2025-10-07,30,0,0,15,0,0,45,High,Rejected claim; Rejected value >= 25K
28313,CLM-00028313,39612,BILL-00039612,24364,PAT-0024364,4,INS004,National Health Plan,5,DEP005,Pediatrics,160232.47,132128.86,28103.61,Partially Approved,Coverage Limit Exceeded,35.0,2026-08-23,2026-09-27,0,0,10,15,10,10,45,High,Partially approved; Rejected value >= 25K; Claim value >= 100K; Processing > 30 days
22024,CLM-00022024,30793,BILL-00030793,6925,PAT-0006925,4,INS004,National Health Plan,6,DEP006,General Medicine,28088.48,0.0,28088.48,Rejected,Policy Exclusion,6.0,2024-08-16,2024-08-22,30,0,0,15,0,0,45,High,Rejected claim; Rejected value >= 25K
30136,CLM-00030136,42193,BILL-00042193,19396,PAT-0019396,2,INS002,MediShield Assurance,9,DEP009,ENT,28068.45,0.0,28068.45,Rejected,Coverage Limit Exceeded,22.0,2024-09-12,2024-10-04,30,0,0,15,0,0,45,High,Rejected claim; Rejected value >= 25K
8932,CLM-00008932,12472,BILL-00012472,16323,PAT-0016323,4,INS004,National Health Plan,8,DEP008,Gynecology,28067.69,0.0,28067.69,Rejected,Incorrect Coding,19.0,2023-12-16,2024-01-04,30,0,0,15,0,0,45,High,Rejected claim; Rejected value >= 25K
19783,CLM-00019783,27666,BILL-00027666,18441,PAT-0018441,3,INS003,CarePlus Health,5,DEP005,Pediatrics,28056.11,0.0,28056.11,Rejected,Policy Exclusion,13.0,2023-03-30,2023-04-12,30,0,0,15,0,0,45,High,Rejected claim; Rejected value >= 25K
832,CLM-00000832,1180,BILL-00001180,1678,PAT-0001678,5,INS005,LifeCare Insurance,7,DEP007,Oncology,130693.41,102647.21,28046.2,Partially Approved,Missing Documentation,36.0,2026-08-25,2026-09-30,0,0,10,15,10,10,45,High,Partially approved; Rejected value >= 25K; Claim value >= 100K; Processing > 30 days
10285,CLM-00010285,14396,BILL-00014396,11226,PAT-0011226,5,INS005,LifeCare Insurance,8,DEP008,Gynecology,28027.64,0.0,28027.64,Rejected,Incorrect Coding,7.0,2026-09-20,2026-09-27,30,0,0,15,0,0,45,High,Rejected claim; Rejected value >= 25K
26766,CLM-00026766,37463,BILL-00037463,6599,PAT-0006599,2,INS002,MediShield Assurance,6,DEP006,General Medicine,28010.53,0.0,28010.53,Rejected,Pre-authorization Missing,9.0,2026-06-07,2026-06-16,30,0,0,15,0,0,45,High,Rejected claim; Rejected value >= 25K
30595,CLM-00030595,42824,BILL-00042824,19712,PAT-0019712,1,INS001,HealthSecure Insurance,4,DEP004,Orthopedics,27994.68,0.0,27994.68,Rejected,Incorrect Coding,17.0,2026-09-30,2026-10-17,30,0,0,15,0,0,45,High,Rejected claim; Rejected value >= 25K
31304,CLM-00031304,43805,BILL-00043805,3675,PAT-0003675,1,INS001,HealthSecure Insurance,1,DEP001,Emergency,27989.78,0.0,27989.78,Rejected,Coverage Limit Exceeded,9.0,2025-11-07,2025-11-16,30,0,0,15,0,0,45,High,Rejected claim; Rejected value >= 25K
27468,CLM-00027468,38432,BILL-00038432,2048,PAT-0002048,4,INS004,National Health Plan,8,DEP008,Gynecology,27986.03,0.0,27986.03,Rejected,Missing Documentation,25.0,2025-02-23,2025-03-20,30,0,0,15,0,0,45,High,Rejected claim; Rejected value >= 25K
13915,CLM-00013915,19432,BILL-00019432,24108,PAT-0024108,2,INS002,MediShield Assurance,6,DEP006,General Medicine,27975.71,0.0,27975.71,Rejected,Pre-authorization Missing,8.0,2023-04-28,2023-05-06,30,0,0,15,0,0,45,High,Rejected claim; Rejected value >= 25K
19552,CLM-00019552,27337,BILL-00027337,12806,PAT-0012806,1,INS001,HealthSecure Insurance,2,DEP002,Cardiology,27964.8,0.0,27964.8,Rejected,Missing Documentation,21.0,2024-07-20,2024-08-10,30,0,0,15,0,0,45,High,Rejected claim; Rejected value >= 25K
4311,CLM-00004311,6091,BILL-00006091,11565,PAT-0011565,5,INS005,LifeCare Insurance,3,DEP003,Neurology,27883.63,0.0,27883.63,Rejected,Missing Documentation,13.0,2026-03-23,2026-04-05,30,0,0,15,0,0,45,High,Rejected claim; Rejected value >= 25K
30140,CLM-00030140,42199,BILL-00042199,24824,PAT-0024824,1,INS001,HealthSecure Insurance,4,DEP004,Orthopedics,27879.39,0.0,27879.39,Rejected,Missing Documentation,22.0,2026-03-17,2026-04-08,30,0,0,15,0,0,45,High,Rejected claim; Rejected value >= 25K
24282,CLM-00024282,33971,BILL-00033971,20090,PAT-0020090,2,INS002,MediShield Assurance,9,DEP009,ENT,27877.93,0.0,27877.93,Rejected,Policy Exclusion,7.0,2026-09-18,2026-09-25,30,0,0,15,0,0,45,High,Rejected claim; Rejected value >= 25K
31563,CLM-00031563,44153,BILL-00044153,15261,PAT-0015261,1,INS001,HealthSecure Insurance,9,DEP009,ENT,27874.06,0.0,27874.06,Rejected,Policy Exclusion,17.0,2023-02-25,2023-03-14,30,0,0,15,0,0,45,High,Rejected claim; Rejected value >= 25K
29407,CLM-00029407,41186,BILL-00041186,6931,PAT-0006931,1,INS001,HealthSecure Insurance,10,DEP010,Dermatology,27862.13,0.0,27862.13,Rejected,Incorrect Coding,8.0,2024-12-08,2024-12-16,30,0,0,15,0,0,45,High,Rejected claim; Rejected value >= 25K
11247,CLM-00011247,15746,BILL-00015746,3030,PAT-0003030,3,INS003,CarePlus Health,10,DEP010,Dermatology,27841.37,0.0,27841.37,Rejected,Coverage Limit Exceeded,18.0,2023-04-28,2023-05-16,30,0,0,15,0,0,45,High,Rejected claim; Rejected value >= 25K
11171,CLM-00011171,15637,BILL-00015637,21951,PAT-0021951,2,INS002,MediShield Assurance,4,DEP004,Orthopedics,27839.48,0.0,27839.48,Rejected,Coverage Limit Exceeded,21.0,2023-09-30,2023-10-21,30,0,0,15,0,0,45,High,Rejected claim; Rejected value >= 25K
30096,CLM-00030096,42141,BILL-00042141,7745,PAT-0007745,4,INS004,National Health Plan,10,DEP010,Dermatology,27823.4,0.0,27823.4,Rejected,Policy Exclusion,25.0,2024-01-28,2024-02-22,30,0,0,15,0,0,45,High,Rejected claim; Rejected value >= 25K
35349,CLM-00035349,49489,BILL-00049489,24588,PAT-0024588,5,INS005,LifeCare Insurance,8,DEP008,Gynecology,122502.08,94680.62,27821.46,Partially Approved,Missing Documentation,44.0,2023-01-26,2023-03-11,0,0,10,15,10,10,45,High,Partially approved; Rejected value >= 25K; Claim value >= 100K; Processing > 30 days
10582,CLM-00010582,14823,BILL-00014823,11311,PAT-0011311,5,INS005,LifeCare Insurance,1,DEP001,Emergency,27819.48,0.0,27819.48,Rejected,Coverage Limit Exceeded,22.0,2023-10-02,2023-10-24,30,0,0,15,0,0,45,High,Rejected claim; Rejected value >= 25K
2981,CLM-00002981,4210,BILL-00004210,14304,PAT-0014304,3,INS003,CarePlus Health,1,DEP001,Emergency,27809.58,0.0,27809.58,Rejected,Coverage Limit Exceeded,24.0,2025-07-31,2025-08-24,30,0,0,15,0,0,45,High,Rejected claim; Rejected value >= 25K
2219,CLM-00002219,3126,BILL-00003126,19333,PAT-0019333,3,INS003,CarePlus Health,8,DEP008,Gynecology,27780.7,0.0,27780.7,Rejected,Policy Exclusion,10.0,2025-08-08,2025-08-18,30,0,0,15,0,0,45,High,Rejected claim; Rejected value >= 25K
17266,CLM-00017266,24157,BILL-00024157,7201,PAT-0007201,5,INS005,LifeCare Insurance,8,DEP008,Gynecology,27779.1,0.0,27779.1,Rejected,Incorrect Coding,9.0,2026-09-09,2026-09-18,30,0,0,15,0,0,45,High,Rejected claim; Rejected value >= 25K
28570,CLM-00028570,39987,BILL-00039987,20760,PAT-0020760,1,INS001,HealthSecure Insurance,5,DEP005,Pediatrics,27777.42,0.0,27777.42,Rejected,Pre-authorization Missing,24.0,2024-10-17,2024-11-10,30,0,0,15,0,0,45,High,Rejected claim; Rejected value >= 25K
3824,CLM-00003824,5396,BILL-00005396,2704,PAT-0002704,2,INS002,MediShield Assurance,3,DEP003,Neurology,27775.1,0.0,27775.1,Rejected,Duplicate Claim,19.0,2025-06-11,2025-06-30,30,0,0,15,0,0,45,High,Rejected claim; Rejected value >= 25K
7063,CLM-00007063,9864,BILL-00009864,14375,PAT-0014375,2,INS002,MediShield Assurance,7,DEP007,Oncology,27773.33,0.0,27773.33,Rejected,Incorrect Coding,24.0,2025-01-19,2025-02-12,30,0,0,15,0,0,45,High,Rejected claim; Rejected value >= 25K
27229,CLM-00027229,38099,BILL-00038099,12865,PAT-0012865,4,INS004,National Health Plan,8,DEP008,Gynecology,27746.53,0.0,27746.53,Rejected,Duplicate Claim,9.0,2025-10-27,2025-11-05,30,0,0,15,0,0,45,High,Rejected claim; Rejected value >= 25K
18683,CLM-00018683,26109,BILL-00026109,16741,PAT-0016741,3,INS003,CarePlus Health,3,DEP003,Neurology,27742.62,0.0,27742.62,Rejected,Duplicate Claim,24.0,2026-08-08,2026-09-01,30,0,0,15,0,0,45,High,Rejected claim; Rejected value >= 25K
29103,CLM-00029103,40759,BILL-00040759,19383,PAT-0019383,4,INS004,National Health Plan,2,DEP002,Cardiology,27735.28,0.0,27735.28,Rejected,Coverage Limit Exceeded,14.0,2026-02-23,2026-03-09,30,0,0,15,0,0,45,High,Rejected claim; Rejected value >= 25K
6531,CLM-00006531,9124,BILL-00009124,5082,PAT-0005082,4,INS004,National Health Plan,2,DEP002,Cardiology,27729.3,0.0,27729.3,Rejected,Duplicate Claim,18.0,2025-10-08,2025-10-26,30,0,0,15,0,0,45,High,Rejected claim; Rejected value >= 25K
5837,CLM-00005837,8187,BILL-00008187,16181,PAT-0016181,3,INS003,CarePlus Health,1,DEP001,Emergency,27717.54,0.0,27717.54,Rejected,Incorrect Coding,13.0,2024-01-17,2024-01-30,30,0,0,15,0,0,45,High,Rejected claim; Rejected value >= 25K
3131,CLM-00003131,4421,BILL-00004421,24649,PAT-0024649,2,INS002,MediShield Assurance,7,DEP007,Oncology,27684.88,0.0,27684.88,Rejected,Duplicate Claim,9.0,2026-09-12,2026-09-21,30,0,0,15,0,0,45,High,Rejected claim; Rejected value >= 25K
30668,CLM-00030668,42928,BILL-00042928,17489,PAT-0017489,4,INS004,National Health Plan,9,DEP009,ENT,27681.53,0.0,27681.53,Rejected,Missing Documentation,16.0,2026-06-11,2026-06-27,30,0,0,15,0,0,45,High,Rejected claim; Rejected value >= 25K
7655,CLM-00007655,10691,BILL-00010691,19555,PAT-0019555,1,INS001,HealthSecure Insurance,4,DEP004,Orthopedics,27678.21,0.0,27678.21,Rejected,Policy Exclusion,15.0,2025-05-13,2025-05-28,30,0,0,15,0,0,45,High,Rejected claim; Rejected value >= 25K
28820,CLM-00028820,40351,BILL-00040351,6391,PAT-0006391,2,INS002,MediShield Assurance,1,DEP001,Emergency,27671.67,0.0,27671.67,Rejected,Incorrect Coding,16.0,2024-03-05,2024-03-21,30,0,0,15,0,0,45,High,Rejected claim; Rejected value >= 25K
29864,CLM-00029864,41810,BILL-00041810,13794,PAT-0013794,4,INS004,National Health Plan,1,DEP001,Emergency,27649.04,0.0,27649.04,Rejected,Pre-authorization Missing,10.0,2025-02-15,2025-02-25,30,0,0,15,0,0,45,High,Rejected claim; Rejected value >= 25K
10789,CLM-00010789,15107,BILL-00015107,24238,PAT-0024238,4,INS004,National Health Plan,2,DEP002,Cardiology,27631.77,0.0,27631.77,Rejected,Policy Exclusion,20.0,2026-06-25,2026-07-15,30,0,0,15,0,0,45,High,Rejected claim; Rejected value >= 25K
20786,CLM-00020786,29060,BILL-00029060,14254,PAT-0014254,3,INS003,CarePlus Health,5,DEP005,Pediatrics,27631.67,0.0,27631.67,Rejected,Missing Documentation,8.0,2025-01-20,2025-01-28,30,0,0,15,0,0,45,High,Rejected claim; Rejected value >= 25K
25730,CLM-00025730,36015,BILL-00036015,1726,PAT-0001726,4,INS004,National Health Plan,5,DEP005,Pediatrics,27601.53,0.0,27601.53,Rejected,Coverage Limit Exceeded,11.0,2025-08-25,2025-09-05,30,0,0,15,0,0,45,High,Rejected claim; Rejected value >= 25K
1584,CLM-00001584,2233,BILL-00002233,2488,PAT-0002488,3,INS003,CarePlus Health,2,DEP002,Cardiology,27592.89,0.0,27592.89,Rejected,Pre-authorization Missing,23.0,2024-02-06,2024-02-29,30,0,0,15,0,0,45,High,Rejected claim; Rejected value >= 25K
10020,CLM-00010020,14026,BILL-00014026,21859,PAT-0021859,4,INS004,National Health Plan,4,DEP004,Orthopedics,27588.59,0.0,27588.59,Rejected,Pre-authorization Missing,6.0,2024-01-24,2024-01-30,30,0,0,15,0,0,45,High,Rejected claim; Rejected value >= 25K
20502,CLM-00020502,28679,BILL-00028679,11225,PAT-0011225,5,INS005,LifeCare Insurance,10,DEP010,Dermatology,27579.42,0.0,27579.42,Rejected,Incorrect Coding,18.0,2026-08-09,2026-08-27,30,0,0,15,0,0,45,High,Rejected claim; Rejected value >= 25K
591,CLM-00000591,843,BILL-00000843,21941,PAT-0021941,2,INS002,MediShield Assurance,1,DEP001,Emergency,27568.38,0.0,27568.38,Rejected,Coverage Limit Exceeded,9.0,2025-09-06,2025-09-15,30,0,0,15,0,0,45,High,Rejected claim; Rejected value >= 25K
27050,CLM-00027050,37854,BILL-00037854,16219,PAT-0016219,4,INS004,National Health Plan,10,DEP010,Dermatology,27537.3,0.0,27537.3,Rejected,Policy Exclusion,22.0,2023-08-15,2023-09-06,30,0,0,15,0,0,45,High,Rejected claim; Rejected value >= 25K
20844,CLM-00020844,29149,BILL-00029149,12659,PAT-0012659,2,INS002,MediShield Assurance,1,DEP001,Emergency,27522.83,0.0,27522.83,Rejected,Missing Documentation,24.0,2023-10-26,2023-11-19,30,0,0,15,0,0,45,High,Rejected claim; Rejected value >= 25K
2686,CLM-00002686,3784,BILL-00003784,1745,PAT-0001745,3,INS003,CarePlus Health,8,DEP008,Gynecology,27512.32,0.0,27512.32,Rejected,Pre-authorization Missing,19.0,2025-12-22,2026-01-10,30,0,0,15,0,0,45,High,Rejected claim; Rejected value >= 25K
4430,CLM-00004430,6261,BILL-00006261,14316,PAT-0014316,1,INS001,HealthSecure Insurance,5,DEP005,Pediatrics,27488.08,0.0,27488.08,Rejected,Pre-authorization Missing,6.0,2023-01-07,2023-01-13,30,0,0,15,0,0,45,High,Rejected claim; Rejected value >= 25K
3833,CLM-00003833,5409,BILL-00005409,4073,PAT-0004073,2,INS002,MediShield Assurance,1,DEP001,Emergency,27471.9,0.0,27471.9,Rejected,Duplicate Claim,23.0,2026-09-23,2026-10-16,30,0,0,15,0,0,45,High,Rejected claim; Rejected value >= 25K
4931,CLM-00004931,6936,BILL-00006936,2179,PAT-0002179,2,INS002,MediShield Assurance,1,DEP001,Emergency,27457.19,0.0,27457.19,Rejected,Missing Documentation,9.0,2024-01-09,2024-01-18,30,0,0,15,0,0,45,High,Rejected claim; Rejected value >= 25K
6323,CLM-00006323,8847,BILL-00008847,19712,PAT-0019712,4,INS004,National Health Plan,1,DEP001,Emergency,27417.45,0.0,27417.45,Rejected,Pre-authorization Missing,24.0,2026-04-18,2026-05-12,30,0,0,15,0,0,45,High,Rejected claim; Rejected value >= 25K
15113,CLM-00015113,21147,BILL-00021147,12995,PAT-0012995,1,INS001,HealthSecure Insurance,9,DEP009,ENT,27404.93,0.0,27404.93,Rejected,Incorrect Coding,21.0,2024-03-30,2024-04-20,30,0,0,15,0,0,45,High,Rejected claim; Rejected value >= 25K
9178,CLM-00009178,12831,BILL-00012831,9305,PAT-0009305,5,INS005,LifeCare Insurance,4,DEP004,Orthopedics,27399.6,0.0,27399.6,Rejected,Pre-authorization Missing,13.0,2025-02-06,2025-02-19,30,0,0,15,0,0,45,High,Rejected claim; Rejected value >= 25K
32873,CLM-00032873,45969,BILL-00045969,3227,PAT-0003227,5,INS005,LifeCare Insurance,10,DEP010,Dermatology,27379.85,0.0,27379.85,Rejected,Duplicate Claim,13.0,2025-11-10,2025-11-23,30,0,0,15,0,0,45,High,Rejected claim; Rejected value >= 25K
28864,CLM-00028864,40411,BILL-00040411,6418,PAT-0006418,4,INS004,National Health Plan,6,DEP006,General Medicine,27377.88,0.0,27377.88,Rejected,Policy Exclusion,19.0,2023-10-06,2023-10-25,30,0,0,15,0,0,45,High,Rejected claim; Rejected value >= 25K
11870,CLM-00011870,16589,BILL-00016589,6924,PAT-0006924,3,INS003,CarePlus Health,4,DEP004,Orthopedics,27367.57,0.0,27367.57,Rejected,Coverage Limit Exceeded,17.0,2024-01-06,2024-01-23,30,0,0,15,0,0,45,High,Rejected claim; Rejected value >= 25K
11808,CLM-00011808,16508,BILL-00016508,17609,PAT-0017609,5,INS005,LifeCare Insurance,1,DEP001,Emergency,27358.84,0.0,27358.84,Rejected,Policy Exclusion,8.0,2025-10-24,2025-11-01,30,0,0,15,0,0,45,High,Rejected claim; Rejected value >= 25K
35687,CLM-00035687,49952,BILL-00049952,21082,PAT-0021082,4,INS004,National Health Plan,7,DEP007,Oncology,27356.51,0.0,27356.51,Rejected,Policy Exclusion,22.0,2026-06-01,2026-06-23,30,0,0,15,0,0,45,High,Rejected claim; Rejected value >= 25K
28634,CLM-00028634,40076,BILL-00040076,2809,PAT-0002809,3,INS003,CarePlus Health,8,DEP008,Gynecology,174911.51,147577.01,27334.5,Partially Approved,Policy Exclusion,41.0,2026-03-05,2026-04-15,0,0,10,15,10,10,45,High,Partially approved; Rejected value >= 25K; Claim value >= 100K; Processing > 30 days
18206,CLM-00018206,25467,BILL-00025467,529,PAT-0000529,4,INS004,National Health Plan,5,DEP005,Pediatrics,27289.95,0.0,27289.95,Rejected,Missing Documentation,14.0,2025-05-04,2025-05-18,30,0,0,15,0,0,45,High,Rejected claim; Rejected value >= 25K
36616,CLM-00036501,51291,BILL-00051112,22656,PAT-0022656,3,INS003,CarePlus Health,8,DEP008,Gynecology,27281.57,0.0,27281.57,Rejected,Pre-authorization Missing,14.0,2026-10-03,2026-10-17,30,0,0,15,0,0,45,High,Rejected claim; Rejected value >= 25K
28609,CLM-00028609,40043,BILL-00040043,17450,PAT-0017450,5,INS005,LifeCare Insurance,6,DEP006,General Medicine,27247.13,0.0,27247.13,Rejected,Missing Documentation,15.0,2024-12-02,2024-12-17,30,0,0,15,0,0,45,High,Rejected claim; Rejected value >= 25K
5554,CLM-00005554,7793,BILL-00007793,63,PAT-0000063,5,INS005,LifeCare Insurance,5,DEP005,Pediatrics,27245.41,0.0,27245.41,Rejected,Pre-authorization Missing,19.0,2023-11-30,2023-12-19,30,0,0,15,0,0,45,High,Rejected claim; Rejected value >= 25K
18411,CLM-00018411,25749,BILL-00025749,21236,PAT-0021236,2,INS002,MediShield Assurance,2,DEP002,Cardiology,27239.52,0.0,27239.52,Rejected,Coverage Limit Exceeded,18.0,2024-05-26,2024-06-13,30,0,0,15,0,0,45,High,Rejected claim; Rejected value >= 25K
4477,CLM-00004477,6328,BILL-00006328,13417,PAT-0013417,3,INS003,CarePlus Health,3,DEP003,Neurology,27220.7,0.0,27220.7,Rejected,Pre-authorization Missing,22.0,2023-02-27,2023-03-21,30,0,0,15,0,0,45,High,Rejected claim; Rejected value >= 25K
3263,CLM-00003263,4591,BILL-00004591,9876,PAT-0009876,4,INS004,National Health Plan,8,DEP008,Gynecology,27218.2,0.0,27218.2,Rejected,Incorrect Coding,21.0,2024-08-12,2024-09-02,30,0,0,15,0,0,45,High,Rejected claim; Rejected value >= 25K
11047,CLM-00011047,15464,BILL-00015464,3362,PAT-0003362,4,INS004,National Health Plan,7,DEP007,Oncology,27176.29,0.0,27176.29,Rejected,Coverage Limit Exceeded,5.0,2026-07-05,2026-07-10,30,0,0,15,0,0,45,High,Rejected claim; Rejected value >= 25K
323,CLM-00000323,468,BILL-00000468,12150,PAT-0012150,4,INS004,National Health Plan,8,DEP008,Gynecology,179412.07,152252.53,27159.54,Partially Approved,Incorrect Coding,33.0,2023-02-25,2023-03-30,0,0,10,15,10,10,45,High,Partially approved; Rejected value >= 25K; Claim value >= 100K; Processing > 30 days
15543,CLM-00015543,21779,BILL-00021779,6956,PAT-0006956,2,INS002,MediShield Assurance,3,DEP003,Neurology,27152.8,0.0,27152.8,Rejected,Policy Exclusion,17.0,2024-02-19,2024-03-07,30,0,0,15,0,0,45,High,Rejected claim; Rejected value >= 25K
4560,CLM-00004560,6436,BILL-00006436,24098,PAT-0024098,5,INS005,LifeCare Insurance,9,DEP009,ENT,27150.99,0.0,27150.99,Rejected,Incorrect Coding,19.0,2023-08-30,2023-09-18,30,0,0,15,0,0,45,High,Rejected claim; Rejected value >= 25K
22334,CLM-00022334,31222,BILL-00031222,1094,PAT-0001094,1,INS001,HealthSecure Insurance,10,DEP010,Dermatology,27117.82,0.0,27117.82,Rejected,Pre-authorization Missing,5.0,2026-02-05,2026-02-10,30,0,0,15,0,0,45,High,Rejected claim; Rejected value >= 25K
28166,CLM-00028166,39407,BILL-00039407,1961,PAT-0001961,4,INS004,National Health Plan,2,DEP002,Cardiology,27084.51,0.0,27084.51,Rejected,Coverage Limit Exceeded,17.0,2026-01-01,2026-01-18,30,0,0,15,0,0,45,High,Rejected claim; Rejected value >= 25K
7445,CLM-00007445,10415,BILL-00010415,11931,PAT-0011931,1,INS001,HealthSecure Insurance,4,DEP004,Orthopedics,27083.7,0.0,27083.7,Rejected,Policy Exclusion,10.0,2025-10-08,2025-10-18,30,0,0,15,0,0,45,High,Rejected claim; Rejected value >= 25K
16403,CLM-00016403,22979,BILL-00022979,22319,PAT-0022319,1,INS001,HealthSecure Insurance,5,DEP005,Pediatrics,27083.58,0.0,27083.58,Rejected,Policy Exclusion,11.0,2024-06-09,2024-06-20,30,0,0,15,0,0,45,High,Rejected claim; Rejected value >= 25K
20451,CLM-00020451,28613,BILL-00028613,140,PAT-0000140,5,INS005,LifeCare Insurance,1,DEP001,Emergency,27060.96,0.0,27060.96,Rejected,Incorrect Coding,18.0,2024-02-06,2024-02-24,30,0,0,15,0,0,45,High,Rejected claim; Rejected value >= 25K
12823,CLM-00012823,17912,BILL-00017912,20385,PAT-0020385,1,INS001,HealthSecure Insurance,8,DEP008,Gynecology,27030.84,0.0,27030.84,Rejected,Incorrect Coding,18.0,2026-03-31,2026-04-18,30,0,0,15,0,0,45,High,Rejected claim; Rejected value >= 25K
15896,CLM-00015896,22262,BILL-00022262,22488,PAT-0022488,3,INS003,CarePlus Health,6,DEP006,General Medicine,27002.31,0.0,27002.31,Rejected,Missing Documentation,9.0,2025-04-02,2025-04-11,30,0,0,15,0,0,45,High,Rejected claim; Rejected value >= 25K
28843,CLM-00028843,40384,BILL-00040384,6720,PAT-0006720,5,INS005,LifeCare Insurance,1,DEP001,Emergency,26988.18,0.0,26988.18,Rejected,Missing Documentation,6.0,2024-02-03,2024-02-09,30,0,0,15,0,0,45,High,Rejected claim; Rejected value >= 25K
32038,CLM-00032038,44819,BILL-00044819,4336,PAT-0004336,2,INS002,MediShield Assurance,5,DEP005,Pediatrics,26974.58,0.0,26974.58,Rejected,Incorrect Coding,6.0,2024-05-10,2024-05-16,30,0,0,15,0,0,45,High,Rejected claim; Rejected value >= 25K
1753,CLM-00001753,2471,BILL-00002471,7518,PAT-0007518,3,INS003,CarePlus Health,5,DEP005,Pediatrics,26915.2,0.0,26915.2,Rejected,Coverage Limit Exceeded,9.0,2026-05-27,2026-06-05,30,0,0,15,0,0,45,High,Rejected claim; Rejected value >= 25K
3224,CLM-00003224,4537,BILL-00004537,10504,PAT-0010504,2,INS002,MediShield Assurance,2,DEP002,Cardiology,108750.22,81836.89,26913.33,Partially Approved,Missing Documentation,34.0,2025-08-08,2025-09-11,0,0,10,15,10,10,45,High,Partially approved; Rejected value >= 25K; Claim value >= 100K; Processing > 30 days
6008,CLM-00006008,8412,BILL-00008412,7261,PAT-0007261,1,INS001,HealthSecure Insurance,10,DEP010,Dermatology,168531.33,141625.43,26905.9,Partially Approved,Missing Documentation,39.0,2024-01-18,2024-02-26,0,0,10,15,10,10,45,High,Partially approved; Rejected value >= 25K; Claim value >= 100K; Processing > 30 days
7076,CLM-00007076,9883,BILL-00009883,13868,PAT-0013868,2,INS002,MediShield Assurance,9,DEP009,ENT,26884.73,0.0,26884.73,Rejected,Duplicate Claim,21.0,2025-03-27,2025-04-17,30,0,0,15,0,0,45,High,Rejected claim; Rejected value >= 25K
27154,CLM-00027154,37992,BILL-00037992,14414,PAT-0014414,4,INS004,National Health Plan,1,DEP001,Emergency,26871.68,0.0,26871.68,Rejected,Missing Documentation,9.0,2025-03-31,2025-04-09,30,0,0,15,0,0,45,High,Rejected claim; Rejected value >= 25K
29136,CLM-00029136,40806,BILL-00040806,17304,PAT-0017304,1,INS001,HealthSecure Insurance,10,DEP010,Dermatology,26871.63,0.0,26871.63,Rejected,Duplicate Claim,24.0,2025-01-30,2025-02-23,30,0,0,15,0,0,45,High,Rejected claim; Rejected value >= 25K
30918,CLM-00030918,43272,BILL-00043272,24458,PAT-0024458,2,INS002,MediShield Assurance,2,DEP002,Cardiology,147320.38,120454.73,26865.65,Partially Approved,Policy Exclusion,45.0,2026-07-08,2026-08-22,0,0,10,15,10,10,45,High,Partially approved; Rejected value >= 25K; Claim value >= 100K; Processing > 30 days
6907,CLM-00006907,9659,BILL-00009659,17610,PAT-0017610,1,INS001,HealthSecure Insurance,5,DEP005,Pediatrics,26855.38,0.0,26855.38,Rejected,Duplicate Claim,21.0,2024-09-01,2024-09-22,30,0,0,15,0,0,45,High,Rejected claim; Rejected value >= 25K
15998,CLM-00015998,22409,BILL-00022409,11732,PAT-0011732,1,INS001,HealthSecure Insurance,5,DEP005,Pediatrics,26846.99,0.0,26846.99,Rejected,Pre-authorization Missing,18.0,2025-02-01,2025-02-19,30,0,0,15,0,0,45,High,Rejected claim; Rejected value >= 25K
25113,CLM-00025113,35162,BILL-00035162,24550,PAT-0024550,3,INS003,CarePlus Health,5,DEP005,Pediatrics,26825.35,0.0,26825.35,Rejected,Policy Exclusion,20.0,2026-01-19,2026-02-08,30,0,0,15,0,0,45,High,Rejected claim; Rejected value >= 25K
2427,CLM-00002427,3412,BILL-00003412,22093,PAT-0022093,5,INS005,LifeCare Insurance,10,DEP010,Dermatology,26824.96,0.0,26824.96,Rejected,Pre-authorization Missing,14.0,2025-05-14,2025-05-28,30,0,0,15,0,0,45,High,Rejected claim; Rejected value >= 25K
18102,CLM-00018102,25331,BILL-00025331,23337,PAT-0023337,3,INS003,CarePlus Health,1,DEP001,Emergency,26820.84,0.0,26820.84,Rejected,Coverage Limit Exceeded,17.0,2026-05-24,2026-06-10,30,0,0,15,0,0,45,High,Rejected claim; Rejected value >= 25K
19917,CLM-00019917,27859,BILL-00027859,19882,PAT-0019882,4,INS004,National Health Plan,3,DEP003,Neurology,26820.44,0.0,26820.44,Rejected,Incorrect Coding,22.0,2026-03-08,2026-03-30,30,0,0,15,0,0,45,High,Rejected claim; Rejected value >= 25K
10289,CLM-00010289,14401,BILL-00014401,3453,PAT-0003453,3,INS003,CarePlus Health,2,DEP002,Cardiology,26805.89,0.0,26805.89,Rejected,Incorrect Coding,16.0,2025-07-26,2025-08-11,30,0,0,15,0,0,45,High,Rejected claim; Rejected value >= 25K
8191,CLM-00008191,11446,BILL-00011446,13353,PAT-0013353,4,INS004,National Health Plan,7,DEP007,Oncology,26803.78,0.0,26803.78,Rejected,Incorrect Coding,24.0,2024-09-27,2024-10-21,30,0,0,15,0,0,45,High,Rejected claim; Rejected value >= 25K
13051,CLM-00013051,18225,BILL-00018225,22363,PAT-0022363,1,INS001,HealthSecure Insurance,10,DEP010,Dermatology,26797.83,0.0,26797.83,Rejected,Coverage Limit Exceeded,22.0,2023-11-03,2023-11-25,30,0,0,15,0,0,45,High,Rejected claim; Rejected value >= 25K
21258,CLM-00021258,29717,BILL-00029717,1884,PAT-0001884,4,INS004,National Health Plan,3,DEP003,Neurology,26797.79,0.0,26797.79,Rejected,Policy Exclusion,7.0,2023-12-22,2023-12-29,30,0,0,15,0,0,45,High,Rejected claim; Rejected value >= 25K
4680,CLM-00004680,6594,BILL-00006594,18836,PAT-0018836,2,INS002,MediShield Assurance,3,DEP003,Neurology,105808.84,79023.36,26785.48,Partially Approved,Coverage Limit Exceeded,32.0,2024-11-14,2024-12-16,0,0,10,15,10,10,45,High,Partially approved; Rejected value >= 25K; Claim value >= 100K; Processing > 30 days
21022,CLM-00021022,29401,BILL-00029401,10354,PAT-0010354,2,INS002,MediShield Assurance,10,DEP010,Dermatology,26767.51,0.0,26767.51,Rejected,Missing Documentation,9.0,2025-02-23,2025-03-04,30,0,0,15,0,0,45,High,Rejected claim; Rejected value >= 25K
19136,CLM-00019136,26753,BILL-00026753,6042,PAT-0006042,5,INS005,LifeCare Insurance,9,DEP009,ENT,26755.24,0.0,26755.24,Rejected,Missing Documentation,20.0,2026-04-25,2026-05-15,30,0,0,15,0,0,45,High,Rejected claim; Rejected value >= 25K
18047,CLM-00018047,25261,BILL-00025261,22195,PAT-0022195,2,INS002,MediShield Assurance,1,DEP001,Emergency,26750.84,0.0,26750.84,Rejected,Policy Exclusion,5.0,2023-09-02,2023-09-07,30,0,0,15,0,0,45,High,Rejected claim; Rejected value >= 25K
27299,CLM-00027299,38211,BILL-00038211,7938,PAT-0007938,1,INS001,HealthSecure Insurance,10,DEP010,Dermatology,26745.55,0.0,26745.55,Rejected,Policy Exclusion,5.0,2026-02-06,2026-02-11,30,0,0,15,0,0,45,High,Rejected claim; Rejected value >= 25K
14149,CLM-00014149,19763,BILL-00019763,9869,PAT-0009869,1,INS001,HealthSecure Insurance,1,DEP001,Emergency,26741.82,0.0,26741.82,Rejected,Policy Exclusion,13.0,2023-06-05,2023-06-18,30,0,0,15,0,0,45,High,Rejected claim; Rejected value >= 25K
13037,CLM-00013037,18208,BILL-00018208,4622,PAT-0004622,3,INS003,CarePlus Health,9,DEP009,ENT,26737.23,0.0,26737.23,Rejected,Missing Documentation,12.0,2023-03-31,2023-04-12,30,0,0,15,0,0,45,High,Rejected claim; Rejected value >= 25K
27059,CLM-00027059,37864,BILL-00037864,23109,PAT-0023109,3,INS003,CarePlus Health,5,DEP005,Pediatrics,26729.98,0.0,26729.98,Rejected,Policy Exclusion,15.0,2025-01-14,2025-01-29,30,0,0,15,0,0,45,High,Rejected claim; Rejected value >= 25K
29608,CLM-00029608,41451,BILL-00041451,6920,PAT-0006920,2,INS002,MediShield Assurance,8,DEP008,Gynecology,26712.96,0.0,26712.96,Rejected,Coverage Limit Exceeded,7.0,2024-10-24,2024-10-31,30,0,0,15,0,0,45,High,Rejected claim; Rejected value >= 25K
7757,CLM-00007757,10840,BILL-00010840,2982,PAT-0002982,5,INS005,LifeCare Insurance,9,DEP009,ENT,26712.66,0.0,26712.66,Rejected,Policy Exclusion,11.0,2024-05-22,2024-06-02,30,0,0,15,0,0,45,High,Rejected claim; Rejected value >= 25K
26436,CLM-00026436,36995,BILL-00036995,3635,PAT-0003635,3,INS003,CarePlus Health,9,DEP009,ENT,106187.22,79476.24,26710.98,Partially Approved,Duplicate Claim,34.0,2026-09-10,2026-10-14,0,0,10,15,10,10,45,High,Partially approved; Rejected value >= 25K; Claim value >= 100K; Processing > 30 days
16788,CLM-00016788,23507,BILL-00023507,13890,PAT-0013890,1,INS001,HealthSecure Insurance,1,DEP001,Emergency,141101.97,114399.43,26702.54,Partially Approved,Policy Exclusion,33.0,2024-03-07,2024-04-09,0,0,10,15,10,10,45,High,Partially approved; Rejected value >= 25K; Claim value >= 100K; Processing > 30 days
17967,CLM-00017967,25152,BILL-00025152,20473,PAT-0020473,5,INS005,LifeCare Insurance,4,DEP004,Orthopedics,26675.86,0.0,26675.86,Rejected,Coverage Limit Exceeded,13.0,2024-03-30,2024-04-12,30,0,0,15,0,0,45,High,Rejected claim; Rejected value >= 25K
11112,CLM-00011112,15550,BILL-00015550,22237,PAT-0022237,4,INS004,National Health Plan,2,DEP002,Cardiology,26671.69,0.0,26671.69,Rejected,Pre-authorization Missing,20.0,2024-02-27,2024-03-18,30,0,0,15,0,0,45,High,Rejected claim; Rejected value >= 25K
15329,CLM-00015329,21456,BILL-00021456,5687,PAT-0005687,5,INS005,LifeCare Insurance,3,DEP003,Neurology,26655.55,0.0,26655.55,Rejected,Coverage Limit Exceeded,13.0,2026-07-11,2026-07-24,30,0,0,15,0,0,45,High,Rejected claim; Rejected value >= 25K
14374,CLM-00014374,20075,BILL-00020075,5267,PAT-0005267,3,INS003,CarePlus Health,1,DEP001,Emergency,26637.88,0.0,26637.88,Rejected,Pre-authorization Missing,10.0,2024-11-26,2024-12-06,30,0,0,15,0,0,45,High,Rejected claim; Rejected value >= 25K
12655,CLM-00012655,17678,BILL-00017678,8426,PAT-0008426,5,INS005,LifeCare Insurance,10,DEP010,Dermatology,26632.5,0.0,26632.5,Rejected,Duplicate Claim,19.0,2026-01-03,2026-01-22,30,0,0,15,0,0,45,High,Rejected claim; Rejected value >= 25K
35634,CLM-00035634,49880,BILL-00049880,16522,PAT-0016522,1,INS001,HealthSecure Insurance,4,DEP004,Orthopedics,26623.18,0.0,26623.18,Rejected,Missing Documentation,7.0,2026-07-25,2026-08-01,30,0,0,15,0,0,45,High,Rejected claim; Rejected value >= 25K
18497,CLM-00018497,25864,BILL-00025864,17048,PAT-0017048,2,INS002,MediShield Assurance,5,DEP005,Pediatrics,112629.54,86031.47,26598.07,Partially Approved,Coverage Limit Exceeded,35.0,2024-12-04,2025-01-08,0,0,10,15,10,10,45,High,Partially approved; Rejected value >= 25K; Claim value >= 100K; Processing > 30 days
4715,CLM-00004715,6638,BILL-00006638,9279,PAT-0009279,1,INS001,HealthSecure Insurance,7,DEP007,Oncology,26588.33,0.0,26588.33,Rejected,Pre-authorization Missing,11.0,2025-03-25,2025-04-05,30,0,0,15,0,0,45,High,Rejected claim; Rejected value >= 25K
4094,CLM-00004094,5760,BILL-00005760,10548,PAT-0010548,2,INS002,MediShield Assurance,6,DEP006,General Medicine,26587.03,0.0,26587.03,Rejected,Coverage Limit Exceeded,20.0,2026-09-14,2026-10-04,30,0,0,15,0,0,45,High,Rejected claim; Rejected value >= 25K
34072,CLM-00034072,47661,BILL-00047661,24334,PAT-0024334,1,INS001,HealthSecure Insurance,5,DEP005,Pediatrics,26584.65,0.0,26584.65,Rejected,Pre-authorization Missing,10.0,2024-10-14,2024-10-24,30,0,0,15,0,0,45,High,Rejected claim; Rejected value >= 25K
17143,CLM-00017143,23993,BILL-00023993,8964,PAT-0008964,2,INS002,MediShield Assurance,2,DEP002,Cardiology,26571.68,0.0,26571.68,Rejected,Coverage Limit Exceeded,5.0,2025-01-02,2025-01-07,30,0,0,15,0,0,45,High,Rejected claim; Rejected value >= 25K
33770,CLM-00033770,47225,BILL-00047225,1917,PAT-0001917,3,INS003,CarePlus Health,4,DEP004,Orthopedics,26560.59,0.0,26560.59,Rejected,Coverage Limit Exceeded,15.0,2025-12-13,2025-12-28,30,0,0,15,0,0,45,High,Rejected claim; Rejected value >= 25K
1724,CLM-00001724,2433,BILL-00002433,6599,PAT-0006599,2,INS002,MediShield Assurance,7,DEP007,Oncology,26553.57,0.0,26553.57,Rejected,Incorrect Coding,24.0,2024-07-27,2024-08-20,30,0,0,15,0,0,45,High,Rejected claim; Rejected value >= 25K
35572,CLM-00035572,49792,BILL-00049792,18341,PAT-0018341,4,INS004,National Health Plan,10,DEP010,Dermatology,26547.72,0.0,26547.72,Rejected,Pre-authorization Missing,10.0,2024-07-23,2024-08-02,30,0,0,15,0,0,45,High,Rejected claim; Rejected value >= 25K
8064,CLM-00008064,11267,BILL-00011267,17539,PAT-0017539,1,INS001,HealthSecure Insurance,3,DEP003,Neurology,26475.56,0.0,26475.56,Rejected,Missing Documentation,25.0,2023-03-15,2023-04-09,30,0,0,15,0,0,45,High,Rejected claim; Rejected value >= 25K
30458,CLM-00030458,42629,BILL-00042629,18487,PAT-0018487,3,INS003,CarePlus Health,10,DEP010,Dermatology,26465.77,0.0,26465.77,Rejected,Coverage Limit Exceeded,24.0,2023-04-19,2023-05-13,30,0,0,15,0,0,45,High,Rejected claim; Rejected value >= 25K
26037,CLM-00026037,36446,BILL-00036446,21364,PAT-0021364,2,INS002,MediShield Assurance,7,DEP007,Oncology,105687.85,79265.25,26422.6,Partially Approved,Duplicate Claim,44.0,2023-04-16,2023-05-30,0,0,10,15,10,10,45,High,Partially approved; Rejected value >= 25K; Claim value >= 100K; Processing > 30 days
25843,CLM-00025843,36177,BILL-00036177,3686,PAT-0003686,1,INS001,HealthSecure Insurance,9,DEP009,ENT,26408.84,0.0,26408.84,Rejected,Duplicate Claim,22.0,2023-06-09,2023-07-01,30,0,0,15,0,0,45,High,Rejected claim; Rejected value >= 25K
18926,CLM-00018926,26462,BILL-00026462,500,PAT-0000500,3,INS003,CarePlus Health,1,DEP001,Emergency,26378.31,0.0,26378.31,Rejected,Missing Documentation,12.0,2024-12-19,2024-12-31,30,0,0,15,0,0,45,High,Rejected claim; Rejected value >= 25K
12662,CLM-00012662,17687,BILL-00017687,14672,PAT-0014672,3,INS003,CarePlus Health,7,DEP007,Oncology,26377.43,0.0,26377.43,Rejected,Duplicate Claim,9.0,2024-11-01,2024-11-10,30,0,0,15,0,0,45,High,Rejected claim; Rejected value >= 25K
21126,CLM-00021126,29534,BILL-00029534,4217,PAT-0004217,5,INS005,LifeCare Insurance,1,DEP001,Emergency,26374.21,0.0,26374.21,Rejected,Policy Exclusion,21.0,2025-08-22,2025-09-12,30,0,0,15,0,0,45,High,Rejected claim; Rejected value >= 25K
20884,CLM-00020884,29200,BILL-00029200,4866,PAT-0004866,5,INS005,LifeCare Insurance,10,DEP010,Dermatology,26368.45,0.0,26368.45,Rejected,Coverage Limit Exceeded,18.0,2025-09-26,2025-10-14,30,0,0,15,0,0,45,High,Rejected claim; Rejected value >= 25K
22944,CLM-00022944,32055,BILL-00032055,13772,PAT-0013772,1,INS001,HealthSecure Insurance,5,DEP005,Pediatrics,26366.75,0.0,26366.75,Rejected,Missing Documentation,21.0,2025-02-21,2025-03-14,30,0,0,15,0,0,45,High,Rejected claim; Rejected value >= 25K
25817,CLM-00025817,36139,BILL-00036139,3325,PAT-0003325,1,INS001,HealthSecure Insurance,1,DEP001,Emergency,26353.81,0.0,26353.81,Rejected,Coverage Limit Exceeded,21.0,2023-12-18,2024-01-08,30,0,0,15,0,0,45,High,Rejected claim; Rejected value >= 25K
30936,CLM-00030936,43296,BILL-00043296,6047,PAT-0006047,1,INS001,HealthSecure Insurance,4,DEP004,Orthopedics,26348.24,0.0,26348.24,Rejected,Duplicate Claim,12.0,2026-01-20,2026-02-01,30,0,0,15,0,0,45,High,Rejected claim; Rejected value >= 25K
31115,CLM-00031115,43552,BILL-00043552,14165,PAT-0014165,2,INS002,MediShield Assurance,8,DEP008,Gynecology,26335.48,0.0,26335.48,Rejected,Policy Exclusion,5.0,2024-01-09,2024-01-14,30,0,0,15,0,0,45,High,Rejected claim; Rejected value >= 25K
21137,CLM-00021137,29549,BILL-00029549,16876,PAT-0016876,2,INS002,MediShield Assurance,3,DEP003,Neurology,26319.5,0.0,26319.5,Rejected,Incorrect Coding,21.0,2023-08-05,2023-08-26,30,0,0,15,0,0,45,High,Rejected claim; Rejected value >= 25K
30118,CLM-00030118,42168,BILL-00042168,6316,PAT-0006316,4,INS004,National Health Plan,10,DEP010,Dermatology,167981.26,141670.6,26310.66,Partially Approved,Coverage Limit Exceeded,38.0,2024-12-25,2025-02-01,0,0,10,15,10,10,45,High,Partially approved; Rejected value >= 25K; Claim value >= 100K; Processing > 30 days
19068,CLM-00019068,26664,BILL-00026664,7369,PAT-0007369,4,INS004,National Health Plan,8,DEP008,Gynecology,26293.43,0.0,26293.43,Rejected,Policy Exclusion,17.0,2026-03-18,2026-04-04,30,0,0,15,0,0,45,High,Rejected claim; Rejected value >= 25K
35823,CLM-00035823,50125,BILL-00050125,2111,PAT-0002111,2,INS002,MediShield Assurance,3,DEP003,Neurology,26281.51,0.0,26281.51,Rejected,Policy Exclusion,14.0,2026-09-26,2026-10-10,30,0,0,15,0,0,45,High,Rejected claim; Rejected value >= 25K
24093,CLM-00024093,33708,BILL-00033708,24905,PAT-0024905,1,INS001,HealthSecure Insurance,1,DEP001,Emergency,26279.67,0.0,26279.67,Rejected,Pre-authorization Missing,17.0,2024-01-31,2024-02-17,30,0,0,15,0,0,45,High,Rejected claim; Rejected value >= 25K
23460,CLM-00023460,32798,BILL-00032798,344,PAT-0000344,3,INS003,CarePlus Health,5,DEP005,Pediatrics,106379.97,80112.9,26267.07,Partially Approved,Pre-authorization Missing,31.0,2025-10-08,2025-11-08,0,0,10,15,10,10,45,High,Partially approved; Rejected value >= 25K; Claim value >= 100K; Processing > 30 days
16455,CLM-00016455,23050,BILL-00023050,16176,PAT-0016176,1,INS001,HealthSecure Insurance,10,DEP010,Dermatology,26253.89,0.0,26253.89,Rejected,Duplicate Claim,25.0,2024-12-04,2024-12-29,30,0,0,15,0,0,45,High,Rejected claim; Rejected value >= 25K
4898,CLM-00004898,6885,BILL-00006885,878,PAT-0000878,3,INS003,CarePlus Health,10,DEP010,Dermatology,26250.47,0.0,26250.47,Rejected,Pre-authorization Missing,10.0,2024-11-06,2024-11-16,30,0,0,15,0,0,45,High,Rejected claim; Rejected value >= 25K
20674,CLM-00020674,28908,BILL-00028908,1672,PAT-0001672,2,INS002,MediShield Assurance,9,DEP009,ENT,150864.0,124625.56,26238.44,Partially Approved,Policy Exclusion,40.0,2023-07-20,2023-08-29,0,0,10,15,10,10,45,High,Partially approved; Rejected value >= 25K; Claim value >= 100K; Processing > 30 days
29666,CLM-00029666,41528,BILL-00041528,7042,PAT-0007042,2,INS002,MediShield Assurance,5,DEP005,Pediatrics,26228.29,0.0,26228.29,Rejected,Pre-authorization Missing,25.0,2026-01-25,2026-02-19,30,0,0,15,0,0,45,High,Rejected claim; Rejected value >= 25K
23542,CLM-00023542,32912,BILL-00032912,2526,PAT-0002526,3,INS003,CarePlus Health,6,DEP006,General Medicine,26208.41,0.0,26208.41,Rejected,Coverage Limit Exceeded,5.0,2025-09-19,2025-09-24,30,0,0,15,0,0,45,High,Rejected claim; Rejected value >= 25K
23441,CLM-00023441,32772,BILL-00032772,24401,PAT-0024401,5,INS005,LifeCare Insurance,3,DEP003,Neurology,26206.33,0.0,26206.33,Rejected,Coverage Limit Exceeded,19.0,2023-06-28,2023-07-17,30,0,0,15,0,0,45,High,Rejected claim; Rejected value >= 25K
3293,CLM-00003293,4632,BILL-00004632,24715,PAT-0024715,2,INS002,MediShield Assurance,2,DEP002,Cardiology,26204.6,0.0,26204.6,Rejected,Incorrect Coding,13.0,2023-04-22,2023-05-05,30,0,0,15,0,0,45,High,Rejected claim; Rejected value >= 25K
26206,CLM-00026206,36669,BILL-00036669,21557,PAT-0021557,2,INS002,MediShield Assurance,5,DEP005,Pediatrics,26202.35,0.0,26202.35,Rejected,Coverage Limit Exceeded,17.0,2025-02-23,2025-03-12,30,0,0,15,0,0,45,High,Rejected claim; Rejected value >= 25K
34827,CLM-00034827,48754,BILL-00048754,19132,PAT-0019132,2,INS002,MediShield Assurance,3,DEP003,Neurology,26201.06,0.0,26201.06,Rejected,Missing Documentation,21.0,2023-06-27,2023-07-18,30,0,0,15,0,0,45,High,Rejected claim; Rejected value >= 25K
27156,CLM-00027156,37996,BILL-00037996,17920,PAT-0017920,4,INS004,National Health Plan,6,DEP006,General Medicine,26180.31,0.0,26180.31,Rejected,Duplicate Claim,8.0,2025-01-15,2025-01-23,30,0,0,15,0,0,45,High,Rejected claim; Rejected value >= 25K
33607,CLM-00033607,47008,BILL-00047008,10913,PAT-0010913,5,INS005,LifeCare Insurance,2,DEP002,Cardiology,26169.57,0.0,26169.57,Rejected,Pre-authorization Missing,16.0,2025-04-08,2025-04-24,30,0,0,15,0,0,45,High,Rejected claim; Rejected value >= 25K
13385,CLM-00013385,18689,BILL-00018689,9831,PAT-0009831,3,INS003,CarePlus Health,5,DEP005,Pediatrics,26164.14,0.0,26164.14,Rejected,Pre-authorization Missing,8.0,2025-12-18,2025-12-26,30,0,0,15,0,0,45,High,Rejected claim; Rejected value >= 25K
10311,CLM-00010311,14437,BILL-00014437,17615,PAT-0017615,4,INS004,National Health Plan,8,DEP008,Gynecology,26158.97,0.0,26158.97,Rejected,Duplicate Claim,13.0,2026-08-05,2026-08-18,30,0,0,15,0,0,45,High,Rejected claim; Rejected value >= 25K
18394,CLM-00018394,25723,BILL-00025723,21047,PAT-0021047,4,INS004,National Health Plan,7,DEP007,Oncology,26148.7,0.0,26148.7,Rejected,Missing Documentation,24.0,2026-06-30,2026-07-24,30,0,0,15,0,0,45,High,Rejected claim; Rejected value >= 25K
11184,CLM-00011184,15656,BILL-00015656,4497,PAT-0004497,4,INS004,National Health Plan,2,DEP002,Cardiology,26129.92,0.0,26129.92,Rejected,Incorrect Coding,6.0,2026-03-09,2026-03-15,30,0,0,15,0,0,45,High,Rejected claim; Rejected value >= 25K
34902,CLM-00034902,48858,BILL-00048858,8825,PAT-0008825,2,INS002,MediShield Assurance,1,DEP001,Emergency,26127.54,0.0,26127.54,Rejected,Incorrect Coding,15.0,2026-02-01,2026-02-16,30,0,0,15,0,0,45,High,Rejected claim; Rejected value >= 25K
17325,CLM-00017325,24246,BILL-00024246,20814,PAT-0020814,3,INS003,CarePlus Health,10,DEP010,Dermatology,26110.44,0.0,26110.44,Rejected,Coverage Limit Exceeded,17.0,2026-04-10,2026-04-27,30,0,0,15,0,0,45,High,Rejected claim; Rejected value >= 25K
2082,CLM-00002082,2937,BILL-00002937,21604,PAT-0021604,2,INS002,MediShield Assurance,2,DEP002,Cardiology,26100.91,0.0,26100.91,Rejected,Coverage Limit Exceeded,7.0,2023-02-19,2023-02-26,30,0,0,15,0,0,45,High,Rejected claim; Rejected value >= 25K
17744,CLM-00017744,24847,BILL-00024847,14642,PAT-0014642,4,INS004,National Health Plan,1,DEP001,Emergency,26091.5,0.0,26091.5,Rejected,Policy Exclusion,20.0,2023-06-14,2023-07-04,30,0,0,15,0,0,45,High,Rejected claim; Rejected value >= 25K
6307,CLM-00006307,8827,BILL-00008827,5033,PAT-0005033,1,INS001,HealthSecure Insurance,5,DEP005,Pediatrics,26079.53,0.0,26079.53,Rejected,Duplicate Claim,5.0,2026-01-17,2026-01-22,30,0,0,15,0,0,45,High,Rejected claim; Rejected value >= 25K
30794,CLM-00030794,43107,BILL-00043107,23464,PAT-0023464,2,INS002,MediShield Assurance,9,DEP009,ENT,26071.11,0.0,26071.11,Rejected,Incorrect Coding,14.0,2024-01-11,2024-01-25,30,0,0,15,0,0,45,High,Rejected claim; Rejected value >= 25K
1754,CLM-00001754,2472,BILL-00002472,3142,PAT-0003142,5,INS005,LifeCare Insurance,7,DEP007,Oncology,111100.69,85039.93,26060.76,Partially Approved,Incorrect Coding,45.0,2023-04-26,2023-06-10,0,0,10,15,10,10,45,High,Partially approved; Rejected value >= 25K; Claim value >= 100K; Processing > 30 days
22915,CLM-00022915,32016,BILL-00032016,20110,PAT-0020110,3,INS003,CarePlus Health,7,DEP007,Oncology,26048.2,0.0,26048.2,Rejected,Missing Documentation,14.0,2023-02-28,2023-03-14,30,0,0,15,0,0,45,High,Rejected claim; Rejected value >= 25K
28952,CLM-00028952,40549,BILL-00040549,16137,PAT-0016137,5,INS005,LifeCare Insurance,8,DEP008,Gynecology,26029.07,0.0,26029.07,Rejected,Missing Documentation,20.0,2026-04-17,2026-05-07,30,0,0,15,0,0,45,High,Rejected claim; Rejected value >= 25K
34170,CLM-00034170,47814,BILL-00047814,2912,PAT-0002912,4,INS004,National Health Plan,9,DEP009,ENT,26013.56,0.0,26013.56,Rejected,Missing Documentation,17.0,2025-07-07,2025-07-24,30,0,0,15,0,0,45,High,Rejected claim; Rejected value >= 25K
6105,CLM-00006105,8556,BILL-00008556,5685,PAT-0005685,1,INS001,HealthSecure Insurance,4,DEP004,Orthopedics,26006.6,0.0,26006.6,Rejected,Missing Documentation,12.0,2023-05-12,2023-05-24,30,0,0,15,0,0,45,High,Rejected claim; Rejected value >= 25K
35946,CLM-00036135,50299,BILL-00050575,17423,PAT-0017423,2,INS002,MediShield Assurance,6,DEP006,General Medicine,25994.61,0.0,25994.61,Rejected,Duplicate Claim,23.0,2026-09-27,2026-10-20,30,0,0,15,0,0,45,High,Rejected claim; Rejected value >= 25K
28939,CLM-00028939,40530,BILL-00040530,13420,PAT-0013420,4,INS004,National Health Plan,8,DEP008,Gynecology,25907.33,0.0,25907.33,Rejected,Duplicate Claim,25.0,2026-05-29,2026-06-23,30,0,0,15,0,0,45,High,Rejected claim; Rejected value >= 25K
30903,CLM-00030903,43250,BILL-00043250,2771,PAT-0002771,2,INS002,MediShield Assurance,9,DEP009,ENT,121733.09,95864.93,25868.16,Partially Approved,Policy Exclusion,33.0,2024-10-14,2024-11-16,0,0,10,15,10,10,45,High,Partially approved; Rejected value >= 25K; Claim value >= 100K; Processing > 30 days
34037,CLM-00034037,47619,BILL-00047619,11934,PAT-0011934,3,INS003,CarePlus Health,6,DEP006,General Medicine,25832.4,0.0,25832.4,Rejected,Policy Exclusion,10.0,2026-07-05,2026-07-15,30,0,0,15,0,0,45,High,Rejected claim; Rejected value >= 25K
3875,CLM-00003875,5464,BILL-00005464,11984,PAT-0011984,2,INS002,MediShield Assurance,6,DEP006,General Medicine,25823.78,0.0,25823.78,Rejected,Missing Documentation,11.0,2023-08-21,2023-09-01,30,0,0,15,0,0,45,High,Rejected claim; Rejected value >= 25K
17051,CLM-00017051,23875,BILL-00023875,13216,PAT-0013216,3,INS003,CarePlus Health,4,DEP004,Orthopedics,25805.81,0.0,25805.81,Rejected,Duplicate Claim,12.0,2023-09-06,2023-09-18,30,0,0,15,0,0,45,High,Rejected claim; Rejected value >= 25K
20244,CLM-00020244,28310,BILL-00028310,15120,PAT-0015120,2,INS002,MediShield Assurance,10,DEP010,Dermatology,25786.34,0.0,25786.34,Rejected,Duplicate Claim,6.0,2026-04-24,2026-04-30,30,0,0,15,0,0,45,High,Rejected claim; Rejected value >= 25K
21498,CLM-00021498,30067,BILL-00030067,298,PAT-0000298,4,INS004,National Health Plan,4,DEP004,Orthopedics,25780.51,0.0,25780.51,Rejected,Incorrect Coding,19.0,2025-08-19,2025-09-07,30,0,0,15,0,0,45,High,Rejected claim; Rejected value >= 25K
1690,CLM-00001690,2384,BILL-00002384,4351,PAT-0004351,2,INS002,MediShield Assurance,2,DEP002,Cardiology,25771.27,0.0,25771.27,Rejected,Incorrect Coding,9.0,2024-07-05,2024-07-14,30,0,0,15,0,0,45,High,Rejected claim; Rejected value >= 25K
919,CLM-00000919,1296,BILL-00001296,5958,PAT-0005958,4,INS004,National Health Plan,9,DEP009,ENT,25767.61,0.0,25767.61,Rejected,Policy Exclusion,8.0,2024-09-18,2024-09-26,30,0,0,15,0,0,45,High,Rejected claim; Rejected value >= 25K
30272,CLM-00030272,42378,BILL-00042378,301,PAT-0000301,1,INS001,HealthSecure Insurance,7,DEP007,Oncology,25760.86,0.0,25760.86,Rejected,Missing Documentation,23.0,2026-05-10,2026-06-02,30,0,0,15,0,0,45,High,Rejected claim; Rejected value >= 25K
33091,CLM-00033091,46276,BILL-00046276,19444,PAT-0019444,1,INS001,HealthSecure Insurance,2,DEP002,Cardiology,25744.81,0.0,25744.81,Rejected,Incorrect Coding,17.0,2024-04-29,2024-05-16,30,0,0,15,0,0,45,High,Rejected claim; Rejected value >= 25K
6401,CLM-00006401,8948,BILL-00008948,18021,PAT-0018021,3,INS003,CarePlus Health,3,DEP003,Neurology,25725.8,0.0,25725.8,Rejected,Coverage Limit Exceeded,9.0,2025-12-12,2025-12-21,30,0,0,15,0,0,45,High,Rejected claim; Rejected value >= 25K
3976,CLM-00003976,5598,BILL-00005598,14118,PAT-0014118,4,INS004,National Health Plan,9,DEP009,ENT,25710.72,0.0,25710.72,Rejected,Incorrect Coding,12.0,2026-05-01,2026-05-13,30,0,0,15,0,0,45,High,Rejected claim; Rejected value >= 25K
16466,CLM-00016466,23065,BILL-00023065,24546,PAT-0024546,1,INS001,HealthSecure Insurance,8,DEP008,Gynecology,25692.79,0.0,25692.79,Rejected,Incorrect Coding,20.0,2024-01-20,2024-02-09,30,0,0,15,0,0,45,High,Rejected claim; Rejected value >= 25K
35053,CLM-00035053,49074,BILL-00049074,11913,PAT-0011913,2,INS002,MediShield Assurance,3,DEP003,Neurology,25683.88,0.0,25683.88,Rejected,Pre-authorization Missing,17.0,2023-11-22,2023-12-09,30,0,0,15,0,0,45,High,Rejected claim; Rejected value >= 25K
25396,CLM-00025396,35533,BILL-00035533,7537,PAT-0007537,1,INS001,HealthSecure Insurance,5,DEP005,Pediatrics,25628.96,0.0,25628.96,Rejected,Missing Documentation,14.0,2025-12-16,2025-12-30,30,0,0,15,0,0,45,High,Rejected claim; Rejected value >= 25K
10127,CLM-00010127,14181,BILL-00014181,704,PAT-0000704,4,INS004,National Health Plan,10,DEP010,Dermatology,120008.04,94385.82,25622.22,Partially Approved,Incorrect Coding,40.0,2024-11-05,2024-12-15,0,0,10,15,10,10,45,High,Partially approved; Rejected value >= 25K; Claim value >= 100K; Processing > 30 days
22802,CLM-00022802,31853,BILL-00031853,13080,PAT-0013080,2,INS002,MediShield Assurance,3,DEP003,Neurology,25621.56,0.0,25621.56,Rejected,Duplicate Claim,16.0,2025-05-06,2025-05-22,30,0,0,15,0,0,45,High,Rejected claim; Rejected value >= 25K
24902,CLM-00024902,34871,BILL-00034871,5096,PAT-0005096,2,INS002,MediShield Assurance,2,DEP002,Cardiology,25523.0,0.0,25523.0,Rejected,Duplicate Claim,18.0,2023-09-07,2023-09-25,30,0,0,15,0,0,45,High,Rejected claim; Rejected value >= 25K
7217,CLM-00007217,10085,BILL-00010085,13976,PAT-0013976,2,INS002,MediShield Assurance,6,DEP006,General Medicine,106847.51,81335.01,25512.5,Partially Approved,Missing Documentation,31.0,2025-09-17,2025-10-18,0,0,10,15,10,10,45,High,Partially approved; Rejected value >= 25K; Claim value >= 100K; Processing > 30 days
27303,CLM-00027303,38217,BILL-00038217,16307,PAT-0016307,5,INS005,LifeCare Insurance,7,DEP007,Oncology,25507.49,0.0,25507.49,Rejected,Coverage Limit Exceeded,19.0,2023-09-04,2023-09-23,30,0,0,15,0,0,45,High,Rejected claim; Rejected value >= 25K
30718,CLM-00030718,42999,BILL-00042999,22578,PAT-0022578,5,INS005,LifeCare Insurance,6,DEP006,General Medicine,25506.36,0.0,25506.36,Rejected,Policy Exclusion,15.0,2023-04-19,2023-05-04,30,0,0,15,0,0,45,High,Rejected claim; Rejected value >= 25K
24400,CLM-00024400,34141,BILL-00034141,6683,PAT-0006683,2,INS002,MediShield Assurance,1,DEP001,Emergency,25501.39,0.0,25501.39,Rejected,Policy Exclusion,15.0,2026-02-08,2026-02-23,30,0,0,15,0,0,45,High,Rejected claim; Rejected value >= 25K
18945,CLM-00018945,26491,BILL-00026491,10804,PAT-0010804,4,INS004,National Health Plan,4,DEP004,Orthopedics,25488.38,0.0,25488.38,Rejected,Missing Documentation,5.0,2024-05-14,2024-05-19,30,0,0,15,0,0,45,High,Rejected claim; Rejected value >= 25K
10075,CLM-00010075,14103,BILL-00014103,6590,PAT-0006590,4,INS004,National Health Plan,2,DEP002,Cardiology,25462.92,0.0,25462.92,Rejected,Policy Exclusion,23.0,2024-02-03,2024-02-26,30,0,0,15,0,0,45,High,Rejected claim; Rejected value >= 25K
22822,CLM-00022822,31879,BILL-00031879,5346,PAT-0005346,4,INS004,National Health Plan,2,DEP002,Cardiology,25455.71,0.0,25455.71,Rejected,Policy Exclusion,20.0,2025-05-16,2025-06-05,30,0,0,15,0,0,45,High,Rejected claim; Rejected value >= 25K
20069,CLM-00020069,28072,BILL-00028072,14355,PAT-0014355,2,INS002,MediShield Assurance,1,DEP001,Emergency,25437.27,0.0,25437.27,Rejected,Missing Documentation,23.0,2026-06-03,2026-06-26,30,0,0,15,0,0,45,High,Rejected claim; Rejected value >= 25K
10533,CLM-00010533,14746,BILL-00014746,21233,PAT-0021233,3,INS003,CarePlus Health,6,DEP006,General Medicine,25436.08,0.0,25436.08,Rejected,Incorrect Coding,6.0,2025-07-31,2025-08-06,30,0,0,15,0,0,45,High,Rejected claim; Rejected value >= 25K
29942,CLM-00029942,41918,BILL-00041918,10895,PAT-0010895,3,INS003,CarePlus Health,6,DEP006,General Medicine,25422.22,0.0,25422.22,Rejected,Incorrect Coding,19.0,2025-06-09,2025-06-28,30,0,0,15,0,0,45,High,Rejected claim; Rejected value >= 25K
5556,CLM-00005556,7795,BILL-00007795,2698,PAT-0002698,1,INS001,HealthSecure Insurance,1,DEP001,Emergency,25417.08,0.0,25417.08,Rejected,Duplicate Claim,25.0,2026-02-16,2026-03-13,30,0,0,15,0,0,45,High,Rejected claim; Rejected value >= 25K
5105,CLM-00005105,7156,BILL-00007156,22302,PAT-0022302,3,INS003,CarePlus Health,7,DEP007,Oncology,158925.49,133511.31,25414.18,Partially Approved,Missing Documentation,42.0,2025-06-20,2025-08-01,0,0,10,15,10,10,45,High,Partially approved; Rejected value >= 25K; Claim value >= 100K; Processing > 30 days
416,CLM-00000416,600,BILL-00000600,20528,PAT-0020528,1,INS001,HealthSecure Insurance,4,DEP004,Orthopedics,25402.3,0.0,25402.3,Rejected,Missing Documentation,10.0,2024-11-24,2024-12-04,30,0,0,15,0,0,45,High,Rejected claim; Rejected value >= 25K
32508,CLM-00032508,45462,BILL-00045462,8497,PAT-0008497,5,INS005,LifeCare Insurance,10,DEP010,Dermatology,25399.78,0.0,25399.78,Rejected,Missing Documentation,13.0,2023-04-03,2023-04-16,30,0,0,15,0,0,45,High,Rejected claim; Rejected value >= 25K
18101,CLM-00018101,25330,BILL-00025330,18650,PAT-0018650,2,INS002,MediShield Assurance,8,DEP008,Gynecology,25397.9,0.0,25397.9,Rejected,Policy Exclusion,13.0,2026-05-10,2026-05-23,30,0,0,15,0,0,45,High,Rejected claim; Rejected value >= 25K
35805,CLM-00035805,50100,BILL-00050100,14881,PAT-0014881,4,INS004,National Health Plan,3,DEP003,Neurology,25368.5,0.0,25368.5,Rejected,Missing Documentation,6.0,2026-09-28,2026-10-04,30,0,0,15,0,0,45,High,Rejected claim; Rejected value >= 25K
27798,CLM-00027798,38894,BILL-00038894,18451,PAT-0018451,3,INS003,CarePlus Health,4,DEP004,Orthopedics,25348.09,0.0,25348.09,Rejected,Missing Documentation,15.0,2026-09-12,2026-09-27,30,0,0,15,0,0,45,High,Rejected claim; Rejected value >= 25K
9881,CLM-00009881,13819,BILL-00013819,452,PAT-0000452,4,INS004,National Health Plan,9,DEP009,ENT,25345.69,0.0,25345.69,Rejected,Missing Documentation,19.0,2025-11-08,2025-11-27,30,0,0,15,0,0,45,High,Rejected claim; Rejected value >= 25K
34988,CLM-00034988,48981,BILL-00048981,3844,PAT-0003844,5,INS005,LifeCare Insurance,7,DEP007,Oncology,25341.47,0.0,25341.47,Rejected,Incorrect Coding,21.0,2025-01-03,2025-01-24,30,0,0,15,0,0,45,High,Rejected claim; Rejected value >= 25K
17606,CLM-00017606,24649,BILL-00024649,11555,PAT-0011555,4,INS004,National Health Plan,8,DEP008,Gynecology,25338.16,0.0,25338.16,Rejected,Missing Documentation,20.0,2023-08-25,2023-09-14,30,0,0,15,0,0,45,High,Rejected claim; Rejected value >= 25K
31348,CLM-00031348,43859,BILL-00043859,1761,PAT-0001761,2,INS002,MediShield Assurance,5,DEP005,Pediatrics,25338.16,0.0,25338.16,Rejected,Missing Documentation,22.0,2024-10-20,2024-11-11,30,0,0,15,0,0,45,High,Rejected claim; Rejected value >= 25K
13567,CLM-00013567,18941,BILL-00018941,16712,PAT-0016712,3,INS003,CarePlus Health,1,DEP001,Emergency,25306.29,0.0,25306.29,Rejected,Duplicate Claim,16.0,2025-03-27,2025-04-12,30,0,0,15,0,0,45,High,Rejected claim; Rejected value >= 25K
8818,CLM-00008818,12313,BILL-00012313,13671,PAT-0013671,1,INS001,HealthSecure Insurance,2,DEP002,Cardiology,25284.99,0.0,25284.99,Rejected,Duplicate Claim,18.0,2023-04-15,2023-05-03,30,0,0,15,0,0,45,High,Rejected claim; Rejected value >= 25K
14015,CLM-00014015,19564,BILL-00019564,20438,PAT-0020438,5,INS005,LifeCare Insurance,1,DEP001,Emergency,25275.28,0.0,25275.28,Rejected,Duplicate Claim,13.0,2023-08-07,2023-08-20,30,0,0,15,0,0,45,High,Rejected claim; Rejected value >= 25K
25895,CLM-00025895,36244,BILL-00036244,16261,PAT-0016261,3,INS003,CarePlus Health,7,DEP007,Oncology,25237.74,0.0,25237.74,Rejected,Duplicate Claim,16.0,2023-09-30,2023-10-16,30,0,0,15,0,0,45,High,Rejected claim; Rejected value >= 25K
1863,CLM-00001863,2616,BILL-00002616,24060,PAT-0024060,2,INS002,MediShield Assurance,4,DEP004,Orthopedics,143324.77,118091.96,25232.81,Partially Approved,Duplicate Claim,36.0,2024-04-25,2024-05-31,0,0,10,15,10,10,45,High,Partially approved; Rejected value >= 25K; Claim value >= 100K; Processing > 30 days
28926,CLM-00028926,40511,BILL-00040511,4823,PAT-0004823,3,INS003,CarePlus Health,6,DEP006,General Medicine,25231.52,0.0,25231.52,Rejected,Pre-authorization Missing,21.0,2025-10-31,2025-11-21,30,0,0,15,0,0,45,High,Rejected claim; Rejected value >= 25K
23651,CLM-00023651,33078,BILL-00033078,11530,PAT-0011530,5,INS005,LifeCare Insurance,9,DEP009,ENT,25220.33,0.0,25220.33,Rejected,Missing Documentation,16.0,2023-09-18,2023-10-04,30,0,0,15,0,0,45,High,Rejected claim; Rejected value >= 25K
15299,CLM-00015299,21409,BILL-00021409,4567,PAT-0004567,5,INS005,LifeCare Insurance,8,DEP008,Gynecology,25189.32,0.0,25189.32,Rejected,Duplicate Claim,11.0,2024-05-01,2024-05-12,30,0,0,15,0,0,45,High,Rejected claim; Rejected value >= 25K
19698,CLM-00019698,27533,BILL-00027533,8783,PAT-0008783,5,INS005,LifeCare Insurance,3,DEP003,Neurology,25171.97,0.0,25171.97,Rejected,Pre-authorization Missing,14.0,2025-03-24,2025-04-07,30,0,0,15,0,0,45,High,Rejected claim; Rejected value >= 25K
17429,CLM-00017429,24398,BILL-00024398,590,PAT-0000590,1,INS001,HealthSecure Insurance,5,DEP005,Pediatrics,25170.05,0.0,25170.05,Rejected,Duplicate Claim,15.0,2023-07-21,2023-08-05,30,0,0,15,0,0,45,High,Rejected claim; Rejected value >= 25K
34387,CLM-00034387,48114,BILL-00048114,14742,PAT-0014742,5,INS005,LifeCare Insurance,2,DEP002,Cardiology,25101.59,0.0,25101.59,Rejected,Pre-authorization Missing,13.0,2024-01-27,2024-02-09,30,0,0,15,0,0,45,High,Rejected claim; Rejected value >= 25K
34240,CLM-00034240,47909,BILL-00047909,24851,PAT-0024851,4,INS004,National Health Plan,2,DEP002,Cardiology,25094.62,0.0,25094.62,Rejected,Incorrect Coding,17.0,2024-07-10,2024-07-27,30,0,0,15,0,0,45,High,Rejected claim; Rejected value >= 25K
36073,CLM-00036262,50500,BILL-00050777,21718,PAT-0021718,2,INS002,MediShield Assurance,10,DEP010,Dermatology,25089.24,0.0,25089.24,Rejected,Duplicate Claim,23.0,2026-10-04,2026-10-27,30,0,0,15,0,0,45,High,Rejected claim; Rejected value >= 25K
29866,CLM-00029866,41812,BILL-00041812,19329,PAT-0019329,3,INS003,CarePlus Health,4,DEP004,Orthopedics,25088.72,0.0,25088.72,Rejected,Policy Exclusion,19.0,2024-04-11,2024-04-30,30,0,0,15,0,0,45,High,Rejected claim; Rejected value >= 25K
23470,CLM-00023470,32811,BILL-00032811,2994,PAT-0002994,1,INS001,HealthSecure Insurance,8,DEP008,Gynecology,25072.26,0.0,25072.26,Rejected,Coverage Limit Exceeded,6.0,2025-05-16,2025-05-22,30,0,0,15,0,0,45,High,Rejected claim; Rejected value >= 25K
6345,CLM-00006345,8877,BILL-00008877,14313,PAT-0014313,4,INS004,National Health Plan,7,DEP007,Oncology,25041.62,0.0,25041.62,Rejected,Incorrect Coding,25.0,2023-03-27,2023-04-21,30,0,0,15,0,0,45,High,Rejected claim; Rejected value >= 25K
7906,CLM-00007906,11050,BILL-00011050,18809,PAT-0018809,1,INS001,HealthSecure Insurance,4,DEP004,Orthopedics,25030.1,0.0,25030.1,Rejected,Duplicate Claim,21.0,2023-10-25,2023-11-15,30,0,0,15,0,0,45,High,Rejected claim; Rejected value >= 25K
