batch_id,lab_test_id,patient_id,admission_id,doctor_id,test_date,test_name,test_category,result_value,result_unit,result_status,test_cost,abnormal_flag
BATCH-20260925-006,LAB-000156158,PAT-0015976,ADM-00052146,DOC-00048,2026-09-26 14:02:48,Blood Glucose,Biochemistry,Normal,,Normal,273.85,False
BATCH-20260925-006,LAB-000156159,PAT-0015976,ADM-00052146,DOC-00048,2026-09-29 12:03:13,Complete Blood Count,Hematology,Normal,,Normal,620.04,False
BATCH-20260925-006,LAB-000156160,PAT-0015976,ADM-00052146,DOC-00048,2026-10-01 08:37:36,Complete Blood Count,Hematology,Normal,,Normal,627.75,False
BATCH-20260925-006,LAB-000156161,PAT-0013841,ADM-00052147,DOC-00057,2026-09-26 19:37:57,Thyroid Profile,Endocrinology,Normal,,Normal,1191.24,False
BATCH-20260925-006,LAB-000156162,PAT-0019546,ADM-00052148,DOC-00053,2026-09-27 18:37:52,Liver Function Test,Biochemistry,Normal,,Normal,1117.89,False
BATCH-20260925-006,LAB-000156163,PAT-0019546,ADM-00052148,DOC-00053,2026-09-30 15:12:31,Blood Glucose,Biochemistry,Normal,,Normal,337.7,False
BATCH-20260925-006,LAB-000156164,PAT-0019546,ADM-00052148,DOC-00053,2026-09-27 19:06:46,Liver Function Test,Biochemistry,Normal,,Normal,1420.62,False
BATCH-20260925-006,LAB-000156165,PAT-0019546,ADM-00052148,DOC-00053,2026-09-27 13:00:01,Thyroid Profile,Endocrinology,Normal,,Normal,1187.39,False
BATCH-20260925-006,LAB-000156166,PAT-0019546,ADM-00052148,DOC-00053,2026-09-28 12:36:13,Troponin,Cardiac,Normal,,Normal,1536.79,False
BATCH-20260925-006,LAB-000156167,PAT-0000488,ADM-00052149,DOC-00130,2026-09-26 19:22:31,Kidney Function Test,Biochemistry,Abnormal,,Abnormal,1194.13,True
BATCH-20260925-006,LAB-000156168,PAT-0000488,ADM-00052149,DOC-00130,2026-09-27 18:39:05,Thyroid Profile,Endocrinology,Normal,,Normal,1017.15,False
BATCH-20260925-006,LAB-000156169,PAT-0017562,ADM-00052150,DOC-00103,2026-09-27 21:52:38,Thyroid Profile,Endocrinology,Abnormal,,Abnormal,1035.53,True
BATCH-20260925-006,LAB-000156170,PAT-0017562,ADM-00052150,DOC-00103,2026-09-30 07:04:49,Kidney Function Test,Biochemistry,Abnormal,,Abnormal,1154.71,True
BATCH-20260925-006,LAB-000156171,PAT-0017562,ADM-00052150,DOC-00103,2026-09-30 07:05:03,Troponin,Cardiac,Normal,,Normal,1673.87,False
BATCH-20260925-006,LAB-000156172,PAT-0017562,ADM-00052150,DOC-00103,2026-09-27 12:29:47,Thyroid Profile,Endocrinology,Abnormal,,Abnormal,920.77,True
BATCH-20260925-006,LAB-000156173,PAT-0000519,ADM-00052151,DOC-00079,2026-09-25 05:52:44,Thyroid Profile,Endocrinology,Normal,,Normal,1030.72,False
BATCH-20260925-006,LAB-000156174,PAT-0000519,ADM-00052151,DOC-00079,2026-09-25 18:16:24,Complete Blood Count,Hematology,Normal,,Normal,611.15,False
BATCH-20260925-006,LAB-000156175,PAT-0000519,ADM-00052151,DOC-00079,2026-09-26 09:05:02,Liver Function Test,Biochemistry,Normal,,Normal,1218.21,False
BATCH-20260925-006,LAB-000156176,PAT-0000519,ADM-00052151,DOC-00079,2026-09-25 20:41:12,Troponin,Cardiac,Normal,,Normal,1553.92,False
BATCH-20260925-006,LAB-000156177,PAT-0000519,ADM-00052151,DOC-00079,2026-09-25 15:47:28,Urine Routine,Pathology,Normal,,Normal,393.46,False
BATCH-20260925-006,LAB-000156178,PAT-0000675,ADM-00052152,DOC-00045,2026-09-28 07:12:07,Urine Routine,Pathology,Normal,,Normal,362.14,False
BATCH-20260925-006,LAB-000156179,PAT-0000675,ADM-00052152,DOC-00045,2026-09-29 19:46:20,Lipid Profile,Biochemistry,Normal,,Normal,937.45,False
BATCH-20260925-006,LAB-000156180,PAT-0000675,ADM-00052152,DOC-00045,2026-09-27 11:15:46,Thyroid Profile,Endocrinology,Abnormal,,Abnormal,1049.43,True
BATCH-20260925-006,LAB-000156181,PAT-0000675,ADM-00052152,DOC-00045,2026-09-26 07:47:45,Lipid Profile,Biochemistry,Abnormal,,Abnormal,1072.53,True
BATCH-20260925-006,LAB-000156182,PAT-0022979,ADM-00052153,DOC-00053,2026-09-27 10:16:24,Troponin,Cardiac,Normal,,Normal,1313.76,False
BATCH-20260925-006,LAB-000156183,PAT-0022979,ADM-00052153,DOC-00053,2026-09-28 02:08:22,Urine Routine,Pathology,Abnormal,,Abnormal,403.74,True
BATCH-20260925-006,LAB-000156184,PAT-0016059,ADM-00052154,DOC-00116,2026-09-26 14:01:47,Thyroid Profile,Endocrinology,Normal,,Normal,905.81,False
BATCH-20260925-006,LAB-000156185,PAT-0016059,ADM-00052154,DOC-00116,2026-09-26 17:57:18,Complete Blood Count,Hematology,Normal,,Normal,602.41,False
BATCH-20260925-006,LAB-000156186,PAT-0009475,ADM-00052155,DOC-00083,2026-10-01 20:26:26,Liver Function Test,Biochemistry,Abnormal,,Abnormal,1309.28,True
BATCH-20260925-006,LAB-000156187,PAT-0009475,ADM-00052155,DOC-00083,2026-09-29 07:10:34,Blood Glucose,Biochemistry,Abnormal,,Abnormal,356.49,True
BATCH-20260925-006,LAB-000156188,PAT-0001140,ADM-00052156,DOC-00096,2026-09-30 11:51:22,Liver Function Test,Biochemistry,Normal,,Normal,1286.55,False
BATCH-20260925-006,LAB-000156189,PAT-0001140,ADM-00052156,DOC-00096,2026-09-27 02:11:07,Lipid Profile,Biochemistry,Abnormal,,Abnormal,886.22,True
BATCH-20260925-006,LAB-000156190,PAT-0001335,ADM-00052157,DOC-00085,2026-09-28 19:02:26,Troponin,Cardiac,Abnormal,,Abnormal,1577.02,True
BATCH-20260925-006,LAB-000156191,PAT-0001335,ADM-00052157,DOC-00085,2026-09-26 23:39:00,Thyroid Profile,Endocrinology,Abnormal,,Abnormal,1128.97,True
BATCH-20260925-006,LAB-000156192,PAT-0001335,ADM-00052157,DOC-00085,2026-09-27 13:15:00,Kidney Function Test,Biochemistry,Normal,,Normal,1040.06,False
BATCH-20260925-006,LAB-000156193,PAT-0001335,ADM-00052157,DOC-00085,2026-09-26 03:07:02,Blood Glucose,Biochemistry,Abnormal,,Abnormal,299.23,True
BATCH-20260925-006,LAB-000156194,PAT-0001335,ADM-00052157,DOC-00085,2026-09-28 02:11:12,Troponin,Cardiac,Normal,,Normal,1612.08,False
BATCH-20260925-006,LAB-000156195,PAT-0020608,ADM-00052158,DOC-00054,2026-09-30 21:01:11,Lipid Profile,Biochemistry,Normal,,Normal,1009.97,False
BATCH-20260925-006,LAB-000156196,PAT-0006898,ADM-00052159,DOC-00132,2026-09-27 11:03:04,Blood Glucose,Biochemistry,Abnormal,,Abnormal,335.7,True
BATCH-20260925-006,LAB-000156197,PAT-0016764,ADM-00052160,DOC-00079,2026-09-27 20:17:49,Lipid Profile,Biochemistry,Abnormal,,Abnormal,992.57,True
BATCH-20260925-006,LAB-000156198,PAT-0016764,ADM-00052160,DOC-00079,2026-09-29 05:57:20,Liver Function Test,Biochemistry,Normal,,Normal,1135.21,False
BATCH-20260925-006,LAB-000156199,PAT-0016764,ADM-00052160,DOC-00079,2026-10-02 01:54:41,Thyroid Profile,Endocrinology,Normal,,Normal,1036.79,False
BATCH-20260925-006,LAB-000156200,PAT-0016764,ADM-00052160,DOC-00079,2026-09-30 20:31:33,Urine Routine,Pathology,Abnormal,,Abnormal,333.21,True
BATCH-20260925-006,LAB-000156201,PAT-0004270,ADM-00052161,DOC-00107,2026-09-27 23:59:58,Kidney Function Test,Biochemistry,Abnormal,,Abnormal,1084.36,True
BATCH-20260925-006,LAB-000156202,PAT-0004270,ADM-00052161,DOC-00107,2026-09-29 00:24:04,Liver Function Test,Biochemistry,Normal,,Normal,1170.69,False
BATCH-20260925-006,LAB-000156203,PAT-0004270,ADM-00052161,DOC-00107,2026-09-28 16:35:32,Thyroid Profile,Endocrinology,Abnormal,,Abnormal,1043.1,True
BATCH-20260925-006,LAB-000156204,PAT-0004270,ADM-00052161,DOC-00107,2026-09-25 23:46:13,Urine Routine,Pathology,Normal,,Normal,386.37,False
BATCH-20260925-006,LAB-000156205,PAT-0000352,ADM-00052162,DOC-00026,2026-09-27 07:16:49,Troponin,Cardiac,Normal,,Normal,1616.76,False
BATCH-20260925-006,LAB-000156206,PAT-0000352,ADM-00052162,DOC-00026,2026-09-30 20:16:19,Complete Blood Count,Hematology,Abnormal,,Abnormal,688.03,True
BATCH-20260925-006,LAB-000156207,PAT-0000352,ADM-00052162,DOC-00026,2026-09-30 05:04:28,Urine Routine,Pathology,Normal,,Normal,365.81,False
BATCH-20260925-006,LAB-000156208,PAT-0023968,ADM-00052163,DOC-00088,2026-09-29 14:57:09,Troponin,Cardiac,Normal,,Normal,1263.34,False
BATCH-20260925-006,LAB-000156209,PAT-0023968,ADM-00052163,DOC-00088,2026-09-25 23:12:32,Kidney Function Test,Biochemistry,Normal,,Normal,1278.82,False
BATCH-20260925-006,LAB-000156210,PAT-0023968,ADM-00052163,DOC-00088,2026-09-30 17:56:08,Lipid Profile,Biochemistry,Normal,,Normal,1072.62,False
BATCH-20260925-006,LAB-000156211,PAT-0023968,ADM-00052163,DOC-00088,2026-09-30 01:45:27,Kidney Function Test,Biochemistry,Normal,,Normal,1063.95,False
BATCH-20260925-006,LAB-000156212,PAT-0000275,ADM-00052164,DOC-00036,2026-10-09 12:55:30,Liver Function Test,Biochemistry,Abnormal,,Abnormal,1332.45,True
BATCH-20260925-006,LAB-000156213,PAT-0000275,ADM-00052164,DOC-00036,2026-10-03 16:36:28,Liver Function Test,Biochemistry,Abnormal,,Abnormal,1201.8,True
BATCH-20260925-006,LAB-000156214,PAT-0009326,ADM-00052165,DOC-00106,2026-09-27 19:13:30,Lipid Profile,Biochemistry,Normal,,Normal,888.99,False
BATCH-20260925-006,LAB-000156215,PAT-0009326,ADM-00052165,DOC-00106,2026-09-26 14:51:12,Complete Blood Count,Hematology,Abnormal,,Abnormal,750.37,True
BATCH-20260925-006,LAB-000156216,PAT-0022182,ADM-00052166,DOC-00041,2026-09-29 11:18:57,Thyroid Profile,Endocrinology,Normal,,Normal,1193.49,False
BATCH-20260925-006,LAB-000156217,PAT-0023837,ADM-00052167,DOC-00121,2026-09-26 13:59:27,Urine Routine,Pathology,Normal,,Normal,412.08,False
BATCH-20260925-006,LAB-000156218,PAT-0023837,ADM-00052167,DOC-00121,2026-09-25 23:12:49,Thyroid Profile,Endocrinology,Normal,,Normal,1128.61,False
BATCH-20260925-006,LAB-000156219,PAT-0022035,ADM-00052168,DOC-00133,2026-09-27 20:28:23,Blood Glucose,Biochemistry,Normal,,Normal,315.95,False
BATCH-20260925-006,LAB-000156220,PAT-0017687,ADM-00052169,DOC-00127,2026-09-26 12:10:00,Urine Routine,Pathology,Normal,,Normal,404.6,False
BATCH-20260925-006,LAB-000156221,PAT-0017687,ADM-00052169,DOC-00127,2026-09-28 00:56:13,Troponin,Cardiac,Abnormal,,Abnormal,1641.7,True
BATCH-20260925-006,LAB-000156222,PAT-0009850,ADM-00052170,DOC-00103,2026-09-27 13:34:36,Lipid Profile,Biochemistry,Normal,,Normal,1051.04,False
BATCH-20260925-006,LAB-000156223,PAT-0009850,ADM-00052170,DOC-00103,2026-09-27 10:51:14,Lipid Profile,Biochemistry,Abnormal,,Abnormal,960.85,True
BATCH-20260925-006,LAB-000156224,PAT-0024432,ADM-00052171,DOC-00024,2026-09-30 19:10:21,Kidney Function Test,Biochemistry,Normal,,Normal,1285.14,False
BATCH-20260925-006,LAB-000156225,PAT-0024432,ADM-00052171,DOC-00024,2026-09-28 12:06:45,Thyroid Profile,Endocrinology,Abnormal,,Abnormal,1043.0,True
BATCH-20260925-006,LAB-000156226,PAT-0022017,ADM-00052172,DOC-00041,2026-10-02 10:15:26,Liver Function Test,Biochemistry,Normal,,Normal,1315.72,False
BATCH-20260925-006,LAB-000156227,PAT-0005291,ADM-00052173,DOC-00107,2026-09-30 02:16:07,Kidney Function Test,Biochemistry,Normal,,Normal,1276.44,False
BATCH-20260925-006,LAB-000156228,PAT-0005291,ADM-00052173,DOC-00107,2026-09-27 03:24:05,Liver Function Test,Biochemistry,Normal,,Normal,1086.85,False
BATCH-20260925-006,LAB-000156229,PAT-0005291,ADM-00052173,DOC-00107,2026-09-25 22:27:20,Blood Glucose,Biochemistry,Normal,,Normal,345.92,False
BATCH-20260925-006,LAB-000156230,PAT-0005291,ADM-00052173,DOC-00107,2026-09-28 20:32:09,Complete Blood Count,Hematology,Normal,,Normal,619.37,False
BATCH-20260925-006,LAB-000156231,PAT-0024398,ADM-00052174,DOC-00048,2026-09-29 08:26:50,Kidney Function Test,Biochemistry,Normal,,Normal,1067.1,False
BATCH-20260925-006,LAB-000156232,PAT-0024398,ADM-00052174,DOC-00048,2026-09-25 18:59:53,Troponin,Cardiac,Normal,,Normal,1262.6,False
BATCH-20260925-006,LAB-000156233,PAT-0024398,ADM-00052174,DOC-00048,2026-09-26 05:13:43,Liver Function Test,Biochemistry,Normal,,Normal,1413.21,False
BATCH-20260925-006,LAB-000156234,PAT-0013869,ADM-00052175,DOC-00101,2026-10-05 08:50:39,Complete Blood Count,Hematology,Normal,,Normal,725.52,False
BATCH-20260925-006,LAB-000156235,PAT-0013869,ADM-00052175,DOC-00101,2026-10-02 22:00:17,Blood Glucose,Biochemistry,Normal,,Normal,283.83,False
BATCH-20260925-006,LAB-000156236,PAT-0013869,ADM-00052175,DOC-00101,2026-10-05 23:20:49,Complete Blood Count,Hematology,Normal,,Normal,600.37,False
BATCH-20260925-006,LAB-000156237,PAT-0010278,ADM-00052176,DOC-00005,2026-09-26 09:52:56,Liver Function Test,Biochemistry,Abnormal,,Abnormal,1143.34,True
BATCH-20260925-006,LAB-000156238,PAT-0004443,ADM-00052177,DOC-00146,2026-09-26 00:20:03,Liver Function Test,Biochemistry,Abnormal,,Abnormal,1166.13,True
BATCH-20260925-006,LAB-000156239,PAT-0004443,ADM-00052177,DOC-00146,2026-09-27 00:25:38,Troponin,Cardiac,Normal,,Normal,1449.38,False
BATCH-20260925-006,LAB-000156240,PAT-0004443,ADM-00052177,DOC-00146,2026-09-26 01:09:55,Urine Routine,Pathology,Abnormal,,Abnormal,416.79,True
BATCH-20260925-006,LAB-000156241,PAT-0004443,ADM-00052177,DOC-00146,2026-09-30 19:41:29,Troponin,Cardiac,Normal,,Normal,1630.54,False
BATCH-20260925-006,LAB-000156242,PAT-0004443,ADM-00052177,DOC-00146,2026-09-26 05:09:36,Urine Routine,Pathology,Abnormal,,Abnormal,317.56,True
BATCH-20260925-006,LAB-000156243,PAT-0024738,ADM-00052178,DOC-00100,2026-09-25 23:35:48,Troponin,Cardiac,Abnormal,,Abnormal,1524.38,True
BATCH-20260925-006,LAB-000156244,PAT-0024738,ADM-00052178,DOC-00100,2026-09-30 07:48:32,Thyroid Profile,Endocrinology,Normal,,Normal,1056.49,False
BATCH-20260925-006,LAB-000156245,PAT-0024738,ADM-00052178,DOC-00100,2026-10-01 20:02:03,Thyroid Profile,Endocrinology,Abnormal,,Abnormal,951.31,True
BATCH-20260925-006,LAB-000156246,PAT-0024738,ADM-00052178,DOC-00100,2026-10-05 10:19:52,Troponin,Cardiac,Normal,,Normal,1356.11,False
BATCH-20260925-006,LAB-000156247,PAT-0010479,ADM-00052179,DOC-00048,2026-09-25 23:20:23,Kidney Function Test,Biochemistry,Abnormal,,Abnormal,1270.43,True
BATCH-20260925-006,LAB-000156248,PAT-0010479,ADM-00052179,DOC-00048,2026-09-25 20:33:43,Blood Glucose,Biochemistry,Normal,,Normal,336.39,False
BATCH-20260925-006,LAB-000156249,PAT-0010479,ADM-00052179,DOC-00048,2026-09-26 12:04:44,Kidney Function Test,Biochemistry,Normal,,Normal,1302.11,False
BATCH-20260925-006,LAB-000156250,PAT-0010479,ADM-00052179,DOC-00048,2026-09-26 18:21:06,Liver Function Test,Biochemistry,Normal,,Normal,1247.63,False
BATCH-20260925-006,LAB-000156251,PAT-0010479,ADM-00052179,DOC-00048,2026-09-26 09:35:07,Kidney Function Test,Biochemistry,Abnormal,,Abnormal,1235.85,True
BATCH-20260925-006,LAB-000156252,PAT-0002937,ADM-00052180,DOC-00022,2026-09-29 17:21:35,Kidney Function Test,Biochemistry,Abnormal,,Abnormal,1170.25,True
BATCH-20260925-006,LAB-000156253,PAT-0002937,ADM-00052180,DOC-00022,2026-09-26 21:09:15,Blood Glucose,Biochemistry,Abnormal,,Abnormal,335.51,True
BATCH-20260925-006,LAB-000156254,PAT-0009733,ADM-00052181,DOC-00064,2026-09-27 14:39:54,Kidney Function Test,Biochemistry,Normal,,Normal,1261.98,False
BATCH-20260925-006,LAB-000156255,PAT-0009733,ADM-00052181,DOC-00064,2026-09-27 22:50:51,Lipid Profile,Biochemistry,Normal,,Normal,958.44,False
BATCH-20260925-006,LAB-000156256,PAT-0009733,ADM-00052181,DOC-00064,2026-09-27 13:08:44,Troponin,Cardiac,Normal,,Normal,1454.02,False
BATCH-20260925-006,LAB-000156257,PAT-0009733,ADM-00052181,DOC-00064,2026-09-26 19:00:07,Complete Blood Count,Hematology,Normal,,Normal,642.62,False
BATCH-20260925-006,LAB-000156258,PAT-0016621,ADM-00052182,DOC-00063,2026-10-05 18:40:39,Kidney Function Test,Biochemistry,Normal,,Normal,1028.07,False
BATCH-20260925-006,LAB-000156259,PAT-0016621,ADM-00052182,DOC-00063,2026-10-05 17:39:32,Thyroid Profile,Endocrinology,Normal,,Normal,999.45,False
BATCH-20260925-006,LAB-000156260,PAT-0008700,ADM-00052183,DOC-00092,2026-09-26 19:21:58,Complete Blood Count,Hematology,Normal,,Normal,647.76,False
BATCH-20260925-006,LAB-000156261,PAT-0008700,ADM-00052183,DOC-00092,2026-10-02 01:02:01,Liver Function Test,Biochemistry,Normal,,Normal,1080.53,False
BATCH-20260925-006,LAB-000156262,PAT-0008700,ADM-00052183,DOC-00092,2026-09-28 23:54:21,Troponin,Cardiac,Abnormal,,Abnormal,1424.58,True
BATCH-20260925-006,LAB-000156263,PAT-0008700,ADM-00052183,DOC-00092,2026-10-02 05:44:08,Kidney Function Test,Biochemistry,Abnormal,,Abnormal,1238.45,True
BATCH-20260925-006,LAB-000156264,PAT-0006189,ADM-00052184,DOC-00072,2026-09-25 20:58:08,Lipid Profile,Biochemistry,Normal,,Normal,816.6,False
BATCH-20260925-006,LAB-000156265,PAT-0006189,ADM-00052184,DOC-00072,2026-09-26 21:14:32,Liver Function Test,Biochemistry,Abnormal,,Abnormal,1148.08,True
BATCH-20260925-006,LAB-000156266,PAT-0006189,ADM-00052184,DOC-00072,2026-09-25 12:04:42,Blood Glucose,Biochemistry,Normal,,Normal,357.15,False
BATCH-20260925-006,LAB-000156267,PAT-0006189,ADM-00052184,DOC-00072,2026-09-27 06:30:21,Liver Function Test,Biochemistry,Normal,,Normal,1099.83,False
BATCH-20260925-006,LAB-000156268,PAT-0006189,ADM-00052184,DOC-00072,2026-09-26 10:39:28,Lipid Profile,Biochemistry,Normal,,Normal,843.12,False
BATCH-20260925-006,LAB-000156269,PAT-0016296,ADM-00052185,DOC-00122,2026-09-28 00:52:00,Blood Glucose,Biochemistry,Normal,,Normal,348.54,False
BATCH-20260925-006,LAB-000156270,PAT-0016141,ADM-00052186,DOC-00134,2026-09-26 01:30:26,Blood Glucose,Biochemistry,Abnormal,,Abnormal,291.13,True
BATCH-20260925-006,LAB-000156271,PAT-0016141,ADM-00052186,DOC-00134,2026-09-27 17:36:00,Complete Blood Count,Hematology,Normal,,Normal,703.32,False
BATCH-20260925-006,LAB-000156272,PAT-0017752,ADM-00052187,DOC-00007,2026-09-29 08:58:46,Troponin,Cardiac,Abnormal,,Abnormal,1332.56,True
BATCH-20260925-006,LAB-000156273,PAT-0001905,ADM-00052188,DOC-00024,2026-09-30 02:25:32,Blood Glucose,Biochemistry,Normal,,Normal,294.8,False
BATCH-20260925-006,LAB-000156274,PAT-0001905,ADM-00052188,DOC-00024,2026-09-27 15:37:41,Blood Glucose,Biochemistry,Normal,,Normal,337.45,False
BATCH-20260925-006,LAB-000156275,PAT-0001905,ADM-00052188,DOC-00024,2026-09-28 08:36:52,Lipid Profile,Biochemistry,Normal,,Normal,896.09,False
BATCH-20260925-006,LAB-000156276,PAT-0001905,ADM-00052188,DOC-00024,2026-09-30 00:59:00,Urine Routine,Pathology,Abnormal,,Abnormal,382.77,True
BATCH-20260925-006,LAB-000156277,PAT-0001905,ADM-00052188,DOC-00024,2026-09-27 08:46:39,Thyroid Profile,Endocrinology,Normal,,Normal,1063.91,False
BATCH-20260925-006,LAB-000156278,PAT-0006538,ADM-00052189,DOC-00067,2026-09-26 05:51:15,Blood Glucose,Biochemistry,Normal,,Normal,286.87,False
BATCH-20260925-006,LAB-000156279,PAT-0006538,ADM-00052189,DOC-00067,2026-09-26 03:14:27,Urine Routine,Pathology,Normal,,Normal,380.16,False
BATCH-20260925-006,LAB-000156280,PAT-0006538,ADM-00052189,DOC-00067,2026-09-25 13:55:09,Complete Blood Count,Hematology,Normal,,Normal,631.65,False
BATCH-20260925-006,LAB-000156281,PAT-0006538,ADM-00052189,DOC-00067,2026-09-25 23:46:48,Liver Function Test,Biochemistry,Abnormal,,Abnormal,1257.02,True
BATCH-20260925-006,LAB-000156282,PAT-0019214,ADM-00052190,DOC-00139,2026-09-25 17:44:16,Lipid Profile,Biochemistry,Normal,,Normal,1010.18,False
BATCH-20260925-006,LAB-000156283,PAT-0019214,ADM-00052190,DOC-00139,2026-09-25 16:40:18,Liver Function Test,Biochemistry,Normal,,Normal,1341.19,False
BATCH-20260925-006,LAB-000156284,PAT-0019214,ADM-00052190,DOC-00139,2026-09-25 16:41:03,Urine Routine,Pathology,Normal,,Normal,330.16,False
BATCH-20260925-006,LAB-000156285,PAT-0019214,ADM-00052190,DOC-00139,2026-09-25 10:25:46,Urine Routine,Pathology,Normal,,Normal,320.57,False
BATCH-20260925-006,LAB-000156286,PAT-0019214,ADM-00052190,DOC-00139,2026-09-25 04:59:38,Kidney Function Test,Biochemistry,Normal,,Normal,1293.89,False
BATCH-20260925-006,LAB-000156287,PAT-0009686,ADM-00052191,DOC-00066,2026-09-25 20:45:50,Complete Blood Count,Hematology,Normal,,Normal,705.07,False
BATCH-20260925-006,LAB-000156288,PAT-0009686,ADM-00052191,DOC-00066,2026-09-25 17:00:04,Lipid Profile,Biochemistry,Abnormal,,Abnormal,1040.02,True
BATCH-20260925-006,LAB-000156289,PAT-0017252,ADM-00052192,DOC-00017,2026-10-01 20:23:22,Complete Blood Count,Hematology,Normal,,Normal,627.19,False
BATCH-20260925-006,LAB-000156290,PAT-0017961,ADM-00052193,DOC-00042,2026-09-26 19:06:24,Liver Function Test,Biochemistry,Normal,,Normal,1262.85,False
BATCH-20260925-006,LAB-000156291,PAT-0013544,ADM-00052194,DOC-00132,2026-10-02 12:44:32,Thyroid Profile,Endocrinology,Normal,,Normal,997.64,False
BATCH-20260925-006,LAB-000156292,PAT-0013544,ADM-00052194,DOC-00132,2026-09-29 10:09:27,Blood Glucose,Biochemistry,Abnormal,,Abnormal,350.35,True
BATCH-20260925-006,LAB-000156293,PAT-0013544,ADM-00052194,DOC-00132,2026-09-26 08:46:40,Liver Function Test,Biochemistry,Normal,,Normal,1123.93,False
BATCH-20260925-006,LAB-000156294,PAT-0013544,ADM-00052194,DOC-00132,2026-10-03 18:29:36,Complete Blood Count,Hematology,Normal,,Normal,766.13,False
BATCH-20260925-006,LAB-000156295,PAT-0024553,ADM-00052195,DOC-00010,2026-09-26 01:45:39,Complete Blood Count,Hematology,Normal,,Normal,756.74,False
BATCH-20260925-006,LAB-000156296,PAT-0000210,ADM-00052196,DOC-00031,2026-09-26 18:16:32,Thyroid Profile,Endocrinology,Normal,,Normal,1183.7,False
BATCH-20260925-006,LAB-000156297,PAT-0000210,ADM-00052196,DOC-00031,2026-09-25 18:11:54,Urine Routine,Pathology,Normal,,Normal,419.33,False
BATCH-20260925-006,LAB-000156298,PAT-0000210,ADM-00052196,DOC-00031,2026-09-25 14:30:07,Blood Glucose,Biochemistry,Normal,,Normal,297.68,False
BATCH-20260925-006,LAB-000156299,PAT-0000210,ADM-00052196,DOC-00031,2026-09-25 18:47:34,Blood Glucose,Biochemistry,Normal,,Normal,339.79,False
BATCH-20260925-006,LAB-000156300,PAT-0012917,ADM-00052197,DOC-00115,2026-09-28 01:00:25,Urine Routine,Pathology,Normal,,Normal,403.16,False
BATCH-20260925-006,LAB-000156301,PAT-0012917,ADM-00052197,DOC-00115,2026-09-29 17:43:07,Complete Blood Count,Hematology,Normal,,Normal,696.01,False
BATCH-20260925-006,LAB-000156302,PAT-0012917,ADM-00052197,DOC-00115,2026-09-25 10:02:17,Troponin,Cardiac,Abnormal,,Abnormal,1446.27,True
BATCH-20260925-006,LAB-000156303,PAT-0012917,ADM-00052197,DOC-00115,2026-09-29 15:17:07,Kidney Function Test,Biochemistry,Normal,,Normal,991.18,False
BATCH-20260925-006,LAB-000156304,PAT-0012917,ADM-00052197,DOC-00115,2026-09-27 02:57:19,Complete Blood Count,Hematology,Abnormal,,Abnormal,725.93,True
BATCH-20260925-006,LAB-000156305,PAT-0024453,ADM-00052198,DOC-00048,2026-09-26 05:50:19,Thyroid Profile,Endocrinology,Normal,,Normal,943.96,False
BATCH-20260925-006,LAB-000156306,PAT-0024453,ADM-00052198,DOC-00048,2026-09-27 20:43:50,Lipid Profile,Biochemistry,Normal,,Normal,878.8,False
BATCH-20260925-006,LAB-000156307,PAT-0020157,ADM-00052199,DOC-00047,2026-09-28 23:38:45,Kidney Function Test,Biochemistry,Normal,,Normal,1076.76,False
BATCH-20260925-006,LAB-000156308,PAT-0020157,ADM-00052199,DOC-00047,2026-09-27 12:15:27,Complete Blood Count,Hematology,Normal,,Normal,589.17,False
BATCH-20260925-006,LAB-000156309,PAT-0020157,ADM-00052199,DOC-00047,2026-09-27 13:16:44,Urine Routine,Pathology,Normal,,Normal,330.38,False
BATCH-20260925-006,LAB-000156310,PAT-0015063,ADM-00052200,DOC-00120,2026-09-28 05:37:00,Kidney Function Test,Biochemistry,Normal,,Normal,1213.35,False
BATCH-20260925-006,LAB-000156311,PAT-0015063,ADM-00052200,DOC-00120,2026-09-28 07:30:03,Complete Blood Count,Hematology,Normal,,Normal,676.23,False
BATCH-20260925-006,LAB-000156312,PAT-0015063,ADM-00052200,DOC-00120,2026-09-28 23:31:58,Liver Function Test,Biochemistry,Normal,,Normal,1094.96,False
BATCH-20260925-006,LAB-000156313,PAT-0005344,ADM-00052201,DOC-00117,2026-09-27 00:04:41,Blood Glucose,Biochemistry,Normal,,Normal,294.83,False
BATCH-20260925-006,LAB-000156314,PAT-0005344,ADM-00052201,DOC-00117,2026-10-01 00:39:35,Lipid Profile,Biochemistry,Normal,,Normal,891.05,False
BATCH-20260925-006,LAB-000156315,PAT-0005344,ADM-00052201,DOC-00117,2026-09-27 10:51:19,Complete Blood Count,Hematology,Normal,,Normal,597.19,False
BATCH-20260925-006,LAB-000156316,PAT-0019948,ADM-00052202,DOC-00150,2026-10-03 08:50:06,Thyroid Profile,Endocrinology,Normal,,Normal,994.28,False
BATCH-20260925-006,LAB-000156317,PAT-0019948,ADM-00052202,DOC-00150,2026-09-27 13:22:22,Troponin,Cardiac,Abnormal,,Abnormal,1515.76,True
BATCH-20260925-006,LAB-000156318,PAT-0017432,ADM-00052203,DOC-00019,2026-09-28 08:51:40,Thyroid Profile,Endocrinology,Abnormal,,Abnormal,1156.47,True
BATCH-20260925-006,LAB-000156319,PAT-0017432,ADM-00052203,DOC-00019,2026-09-27 13:42:29,Urine Routine,Pathology,Normal,,Normal,351.96,False
BATCH-20260925-006,LAB-000156320,PAT-0007499,ADM-00052204,DOC-00060,2026-09-26 23:39:25,Troponin,Cardiac,Abnormal,,Abnormal,1622.25,True
BATCH-20260925-006,LAB-000156321,PAT-0014809,ADM-00052205,DOC-00105,2026-09-25 22:18:38,Lipid Profile,Biochemistry,Abnormal,,Abnormal,833.07,True
BATCH-20260925-006,LAB-000156322,PAT-0014809,ADM-00052205,DOC-00105,2026-09-26 05:56:04,Urine Routine,Pathology,Normal,,Normal,360.95,False
BATCH-20260925-006,LAB-000156323,PAT-0005818,ADM-00052206,DOC-00008,2026-09-26 15:53:47,Urine Routine,Pathology,Normal,,Normal,323.44,False
BATCH-20260925-006,LAB-000156324,PAT-0005818,ADM-00052206,DOC-00008,2026-09-26 03:41:00,Kidney Function Test,Biochemistry,Normal,,Normal,1251.29,False
BATCH-20260925-006,LAB-000156325,PAT-0005818,ADM-00052206,DOC-00008,2026-09-25 17:54:45,Blood Glucose,Biochemistry,Normal,,Normal,310.24,False
BATCH-20260925-006,LAB-000156326,PAT-0021660,ADM-00052207,DOC-00059,2026-09-28 05:23:52,Troponin,Cardiac,Normal,,Normal,1665.55,False
BATCH-20260925-006,LAB-000156327,PAT-0019583,ADM-00052208,DOC-00063,2026-09-26 17:52:12,Troponin,Cardiac,Normal,,Normal,1663.21,False
BATCH-20260925-006,LAB-000156328,PAT-0019583,ADM-00052208,DOC-00063,2026-09-26 00:47:24,Troponin,Cardiac,Normal,,Normal,1598.52,False
BATCH-20260925-006,LAB-000156329,PAT-0019583,ADM-00052208,DOC-00063,2026-09-25 11:39:46,Blood Glucose,Biochemistry,Normal,,Normal,326.97,False
BATCH-20260925-006,LAB-000156330,PAT-0000537,ADM-00052209,DOC-00036,2026-09-28 03:31:22,Troponin,Cardiac,Normal,,Normal,1668.57,False
BATCH-20260925-006,LAB-000156331,PAT-0000537,ADM-00052209,DOC-00036,2026-09-27 21:42:29,Lipid Profile,Biochemistry,Normal,,Normal,1063.24,False
BATCH-20260925-006,LAB-000156332,PAT-0000537,ADM-00052209,DOC-00036,2026-09-28 22:26:19,Liver Function Test,Biochemistry,Normal,,Normal,1193.15,False
BATCH-20260925-006,LAB-000156333,PAT-0000537,ADM-00052209,DOC-00036,2026-09-27 08:33:51,Complete Blood Count,Hematology,Normal,,Normal,706.15,False
BATCH-20260925-006,LAB-000156334,PAT-0018663,ADM-00052210,DOC-00039,2026-09-29 23:07:00,Liver Function Test,Biochemistry,Normal,,Normal,1244.39,False
BATCH-20260925-006,LAB-000156335,PAT-0018663,ADM-00052210,DOC-00039,2026-09-28 22:32:24,Complete Blood Count,Hematology,Normal,,Normal,756.93,False
BATCH-20260925-006,LAB-000156336,PAT-0018663,ADM-00052210,DOC-00039,2026-09-26 18:04:36,Lipid Profile,Biochemistry,Normal,,Normal,982.38,False
BATCH-20260925-006,LAB-000156337,PAT-0018663,ADM-00052210,DOC-00039,2026-09-28 16:07:40,Thyroid Profile,Endocrinology,Normal,,Normal,1180.03,False
BATCH-20260925-006,LAB-000156338,PAT-0019194,ADM-00052211,DOC-00037,2026-09-29 00:56:30,Kidney Function Test,Biochemistry,Normal,,Normal,1237.9,False
BATCH-20260925-006,LAB-000156339,PAT-0019194,ADM-00052211,DOC-00037,2026-09-29 21:06:12,Complete Blood Count,Hematology,Normal,,Normal,640.31,False
BATCH-20260925-006,LAB-000156340,PAT-0011864,ADM-00052212,DOC-00065,2026-09-26 04:58:41,Lipid Profile,Biochemistry,Normal,,Normal,995.49,False
BATCH-20260925-006,LAB-000156341,PAT-0011864,ADM-00052212,DOC-00065,2026-09-28 17:31:52,Kidney Function Test,Biochemistry,Normal,,Normal,1143.1,False
BATCH-20260925-006,LAB-000156342,PAT-0011864,ADM-00052212,DOC-00065,2026-09-25 07:04:36,Liver Function Test,Biochemistry,Normal,,Normal,1268.1,False
BATCH-20260925-006,LAB-000156343,PAT-0011864,ADM-00052212,DOC-00065,2026-09-27 21:05:08,Complete Blood Count,Hematology,Normal,,Normal,751.0,False
BATCH-20260925-006,LAB-000156344,PAT-0011864,ADM-00052212,DOC-00065,2026-09-27 06:41:25,Liver Function Test,Biochemistry,Normal,,Normal,1224.21,False
BATCH-20260925-006,LAB-000156345,PAT-0014618,ADM-00052213,DOC-00001,2026-09-27 06:43:16,Complete Blood Count,Hematology,Abnormal,,Abnormal,614.27,True
BATCH-20260925-006,LAB-000156346,PAT-0014618,ADM-00052213,DOC-00001,2026-09-29 00:50:51,Blood Glucose,Biochemistry,Normal,,Normal,282.65,False
BATCH-20260925-006,LAB-000156347,PAT-0014618,ADM-00052213,DOC-00001,2026-09-29 15:44:02,Kidney Function Test,Biochemistry,Abnormal,,Abnormal,1275.23,True
BATCH-20260925-006,LAB-000156348,PAT-0014618,ADM-00052213,DOC-00001,2026-09-28 11:51:19,Thyroid Profile,Endocrinology,Normal,,Normal,1020.3,False
BATCH-20260925-006,LAB-000156349,PAT-0014618,ADM-00052213,DOC-00001,2026-09-25 23:09:20,Complete Blood Count,Hematology,Normal,,Normal,708.66,False
BATCH-20260925-006,LAB-000156350,PAT-0002972,ADM-00052214,DOC-00056,2026-09-27 17:44:51,Thyroid Profile,Endocrinology,Normal,,Normal,1058.47,False
BATCH-20260925-006,LAB-000156351,PAT-0002972,ADM-00052214,DOC-00056,2026-09-27 20:07:53,Complete Blood Count,Hematology,Normal,,Normal,689.76,False
BATCH-20260925-006,LAB-000156352,PAT-0002972,ADM-00052214,DOC-00056,2026-09-27 15:46:17,Liver Function Test,Biochemistry,Normal,,Normal,1280.58,False
BATCH-20260925-006,LAB-000156353,PAT-0000008,ADM-00052215,DOC-00105,2026-09-25 23:11:02,Lipid Profile,Biochemistry,Normal,,Normal,927.26,False
BATCH-20260925-006,LAB-000156354,PAT-0000008,ADM-00052215,DOC-00105,2026-09-26 13:56:26,Lipid Profile,Biochemistry,Normal,,Normal,981.03,False
BATCH-20260925-006,LAB-000156355,PAT-0000008,ADM-00052215,DOC-00105,2026-09-26 08:36:14,Complete Blood Count,Hematology,Normal,,Normal,636.24,False
BATCH-20260925-006,LAB-000156356,PAT-0000008,ADM-00052215,DOC-00105,2026-09-26 02:55:03,Thyroid Profile,Endocrinology,Normal,,Normal,1011.02,False
BATCH-20260925-006,LAB-000156357,PAT-0000008,ADM-00052215,DOC-00105,2026-09-26 01:45:53,Troponin,Cardiac,Normal,,Normal,1667.62,False
BATCH-20260925-006,LAB-000156358,PAT-0020102,ADM-00052216,DOC-00011,2026-09-27 11:14:05,Thyroid Profile,Endocrinology,Normal,,Normal,1022.89,False
BATCH-20260925-006,LAB-000156359,PAT-0020102,ADM-00052216,DOC-00011,2026-09-26 21:36:40,Urine Routine,Pathology,Normal,,Normal,403.45,False
BATCH-20260925-006,LAB-000156360,PAT-0020102,ADM-00052216,DOC-00011,2026-09-27 08:44:01,Blood Glucose,Biochemistry,Normal,,Normal,324.01,False
BATCH-20260925-006,LAB-000156361,PAT-0014569,ADM-00052217,DOC-00039,2026-09-26 16:00:10,Liver Function Test,Biochemistry,Normal,,Normal,1355.66,False
BATCH-20260925-006,LAB-000156362,PAT-0012510,ADM-00052218,DOC-00139,2026-09-26 08:24:57,Blood Glucose,Biochemistry,Normal,,Normal,280.68,False
BATCH-20260925-006,LAB-000156363,PAT-0012510,ADM-00052218,DOC-00139,2026-09-25 10:31:52,Kidney Function Test,Biochemistry,Normal,,Normal,1020.71,False
BATCH-20260925-006,LAB-000156364,PAT-0000572,ADM-00052219,DOC-00076,2026-09-30 19:05:18,Liver Function Test,Biochemistry,Normal,,Normal,1155.34,False
BATCH-20260925-006,LAB-000156365,PAT-0000572,ADM-00052219,DOC-00076,2026-09-28 15:12:00,Complete Blood Count,Hematology,Normal,,Normal,623.39,False
BATCH-20260925-006,LAB-000156366,PAT-0000572,ADM-00052219,DOC-00076,2026-09-29 20:32:13,Lipid Profile,Biochemistry,Normal,,Normal,1062.33,False
BATCH-20260925-006,LAB-000156367,PAT-0000572,ADM-00052219,DOC-00076,2026-09-29 17:52:12,Blood Glucose,Biochemistry,Normal,,Normal,283.5,False
BATCH-20260925-006,LAB-000156368,PAT-0000572,ADM-00052219,DOC-00076,2026-09-29 07:27:06,Thyroid Profile,Endocrinology,Normal,,Normal,1136.34,False
BATCH-20260925-006,LAB-000156369,PAT-0024008,ADM-00052220,DOC-00009,2026-09-28 21:18:52,Lipid Profile,Biochemistry,Abnormal,,Abnormal,1018.75,True
BATCH-20260925-006,LAB-000156370,PAT-0024008,ADM-00052220,DOC-00009,2026-10-01 13:12:50,Thyroid Profile,Endocrinology,Abnormal,,Abnormal,1008.74,True
BATCH-20260925-006,LAB-000156371,PAT-0024008,ADM-00052220,DOC-00009,2026-09-27 11:43:46,Liver Function Test,Biochemistry,Normal,,Normal,1234.54,False
BATCH-20260925-006,LAB-000156372,PAT-0024008,ADM-00052220,DOC-00009,2026-10-01 04:09:37,Liver Function Test,Biochemistry,Abnormal,,Abnormal,1243.06,True
BATCH-20260925-006,LAB-000156373,PAT-0024008,ADM-00052220,DOC-00009,2026-10-03 07:08:36,Thyroid Profile,Endocrinology,Normal,,Normal,1006.62,False
BATCH-20260925-006,LAB-000156374,PAT-0009335,ADM-00052221,DOC-00136,2026-09-29 06:50:48,Complete Blood Count,Hematology,Normal,,Normal,641.75,False
BATCH-20260925-006,LAB-000156375,PAT-0009335,ADM-00052221,DOC-00136,2026-09-27 18:57:39,Lipid Profile,Biochemistry,Normal,,Normal,1063.65,False
BATCH-20260925-006,LAB-000156376,PAT-0009335,ADM-00052221,DOC-00136,2026-09-30 15:44:20,Urine Routine,Pathology,Abnormal,,Abnormal,325.64,True
BATCH-20260925-006,LAB-000156377,PAT-0016381,ADM-00052222,DOC-00129,2026-09-25 07:17:50,Troponin,Cardiac,Abnormal,,Abnormal,1517.06,True
BATCH-20260925-006,LAB-000156378,PAT-0016381,ADM-00052222,DOC-00129,2026-09-27 05:13:24,Kidney Function Test,Biochemistry,Normal,,Normal,1030.22,False
BATCH-20260925-006,LAB-000156379,PAT-0016381,ADM-00052222,DOC-00129,2026-09-26 06:24:02,Troponin,Cardiac,Abnormal,,Abnormal,1638.01,True
BATCH-20260925-006,LAB-000156380,PAT-0014822,ADM-00052223,DOC-00075,2026-09-27 11:40:38,Troponin,Cardiac,Normal,,Normal,1431.38,False
BATCH-20260925-006,LAB-000156381,PAT-0014822,ADM-00052223,DOC-00075,2026-09-27 13:31:18,Blood Glucose,Biochemistry,Normal,,Normal,299.66,False
BATCH-20260925-006,LAB-000156382,PAT-0014822,ADM-00052223,DOC-00075,2026-09-28 14:26:37,Kidney Function Test,Biochemistry,Normal,,Normal,1098.26,False
BATCH-20260925-006,LAB-000156383,PAT-0007616,ADM-00052224,DOC-00060,2026-09-27 02:32:28,Thyroid Profile,Endocrinology,Normal,,Normal,1191.47,False
BATCH-20260925-006,LAB-000156384,PAT-0007616,ADM-00052224,DOC-00060,2026-09-28 21:23:00,Lipid Profile,Biochemistry,Normal,,Normal,828.01,False
BATCH-20260925-006,LAB-000156385,PAT-0007616,ADM-00052224,DOC-00060,2026-09-26 07:36:47,Lipid Profile,Biochemistry,Normal,,Normal,817.61,False
BATCH-20260925-006,LAB-000156386,PAT-0007616,ADM-00052224,DOC-00060,2026-09-26 07:51:15,Blood Glucose,Biochemistry,Normal,,Normal,306.5,False
BATCH-20260925-006,LAB-000156387,PAT-0001850,ADM-00052225,DOC-00060,2026-09-28 21:35:03,Lipid Profile,Biochemistry,Normal,,Normal,903.27,False
BATCH-20260925-006,LAB-000156388,PAT-0023710,ADM-00052226,DOC-00147,2026-09-27 00:52:19,Liver Function Test,Biochemistry,Normal,,Normal,1235.01,False
BATCH-20260925-006,LAB-000156389,PAT-0023710,ADM-00052226,DOC-00147,2026-09-27 20:30:49,Urine Routine,Pathology,Abnormal,,Abnormal,330.52,True
BATCH-20260925-006,LAB-000156390,PAT-0001514,ADM-00052227,DOC-00085,2026-09-25 18:10:30,Kidney Function Test,Biochemistry,Normal,,Normal,1240.07,False
BATCH-20260925-006,LAB-000156391,PAT-0001514,ADM-00052227,DOC-00085,2026-09-25 22:41:56,Blood Glucose,Biochemistry,Normal,,Normal,323.63,False
BATCH-20260925-006,LAB-000156392,PAT-0001514,ADM-00052227,DOC-00085,2026-09-29 00:28:44,Complete Blood Count,Hematology,Normal,,Normal,721.66,False
BATCH-20260925-006,LAB-000156393,PAT-0001514,ADM-00052227,DOC-00085,2026-09-27 04:07:37,Complete Blood Count,Hematology,Normal,,Normal,702.01,False
BATCH-20260925-006,LAB-000156394,PAT-0003757,ADM-00052228,DOC-00086,2026-09-27 02:24:36,Kidney Function Test,Biochemistry,Normal,,Normal,1152.75,False
BATCH-20260925-006,LAB-000156395,PAT-0003757,ADM-00052228,DOC-00086,2026-09-26 13:11:40,Urine Routine,Pathology,Normal,,Normal,337.54,False
BATCH-20260925-006,LAB-000156396,PAT-0003757,ADM-00052228,DOC-00086,2026-09-26 22:03:20,Troponin,Cardiac,Normal,,Normal,1567.24,False
BATCH-20260925-006,LAB-000156397,PAT-0003757,ADM-00052228,DOC-00086,2026-09-26 10:11:49,Troponin,Cardiac,Normal,,Normal,1292.29,False
BATCH-20260925-006,LAB-000156398,PAT-0014873,ADM-00052229,DOC-00090,2026-09-27 17:14:31,Lipid Profile,Biochemistry,Normal,,Normal,982.06,False
BATCH-20260925-006,LAB-000156399,PAT-0014873,ADM-00052229,DOC-00090,2026-09-30 16:21:34,Blood Glucose,Biochemistry,Normal,,Normal,326.54,False
BATCH-20260925-006,LAB-000156400,PAT-0014873,ADM-00052229,DOC-00090,2026-09-28 05:14:49,Thyroid Profile,Endocrinology,Normal,,Normal,1188.94,False
BATCH-20260925-006,LAB-000156401,PAT-0001546,ADM-00052230,DOC-00092,2026-09-27 06:38:55,Complete Blood Count,Hematology,Abnormal,,Abnormal,619.53,True
BATCH-20260925-006,LAB-000156402,PAT-0008833,ADM-00052231,DOC-00107,2026-10-06 16:36:49,Troponin,Cardiac,Normal,,Normal,1469.07,False
BATCH-20260925-006,LAB-000156403,PAT-0008833,ADM-00052231,DOC-00107,2026-10-03 17:29:08,Troponin,Cardiac,Abnormal,,Abnormal,1326.34,True
BATCH-20260925-006,LAB-000156404,PAT-0008833,ADM-00052231,DOC-00107,2026-09-29 22:49:44,Complete Blood Count,Hematology,Normal,,Normal,691.41,False
BATCH-20260925-006,LAB-000156405,PAT-0020163,ADM-00052232,DOC-00023,2026-09-25 05:05:27,Liver Function Test,Biochemistry,Normal,,Normal,1314.56,False
BATCH-20260925-006,LAB-000156406,PAT-0020163,ADM-00052232,DOC-00023,2026-09-25 07:51:44,Complete Blood Count,Hematology,Normal,,Normal,728.43,False
BATCH-20260925-006,LAB-000156407,PAT-0020163,ADM-00052232,DOC-00023,2026-09-26 22:48:36,Liver Function Test,Biochemistry,Normal,,Normal,1313.31,False
BATCH-20260925-006,LAB-000156408,PAT-0000443,ADM-00052233,DOC-00086,2026-10-03 01:30:30,Lipid Profile,Biochemistry,Abnormal,,Abnormal,999.51,True
BATCH-20260925-006,LAB-000156409,PAT-0000443,ADM-00052233,DOC-00086,2026-10-02 07:11:03,Kidney Function Test,Biochemistry,Normal,,Normal,1285.22,False
BATCH-20260925-006,LAB-000156410,PAT-0006206,ADM-00052234,DOC-00003,2026-09-29 15:22:05,Kidney Function Test,Biochemistry,Abnormal,,Abnormal,1016.66,True
BATCH-20260925-006,LAB-000156411,PAT-0021275,ADM-00052235,DOC-00024,2026-09-28 19:28:20,Liver Function Test,Biochemistry,Normal,,Normal,1416.05,False
BATCH-20260925-006,LAB-000156412,PAT-0021275,ADM-00052235,DOC-00024,2026-09-28 05:32:17,Urine Routine,Pathology,Abnormal,,Abnormal,398.53,True
BATCH-20260925-006,LAB-000156413,PAT-0021275,ADM-00052235,DOC-00024,2026-09-30 04:15:07,Urine Routine,Pathology,Normal,,Normal,340.7,False
BATCH-20260925-006,LAB-000156414,PAT-0021275,ADM-00052235,DOC-00024,2026-09-29 03:24:24,Lipid Profile,Biochemistry,Abnormal,,Abnormal,937.3,True
BATCH-20260925-006,LAB-000156415,PAT-0018606,ADM-00052236,DOC-00087,2026-09-27 21:07:47,Troponin,Cardiac,Normal,,Normal,1370.1,False
BATCH-20260925-006,LAB-000156416,PAT-0018606,ADM-00052236,DOC-00087,2026-09-27 03:21:35,Kidney Function Test,Biochemistry,Normal,,Normal,1261.74,False
BATCH-20260925-006,LAB-000156417,PAT-0018606,ADM-00052236,DOC-00087,2026-09-27 12:29:52,Troponin,Cardiac,Normal,,Normal,1588.19,False
BATCH-20260925-006,LAB-000156418,PAT-0018083,ADM-00052237,DOC-00059,2026-09-28 18:58:17,Lipid Profile,Biochemistry,Normal,,Normal,964.92,False
BATCH-20260925-006,LAB-000156419,PAT-0018083,ADM-00052237,DOC-00059,2026-10-01 03:43:48,Urine Routine,Pathology,Normal,,Normal,363.47,False
BATCH-20260925-006,LAB-000156420,PAT-0017663,ADM-00052238,DOC-00149,2026-09-29 04:39:15,Complete Blood Count,Hematology,Normal,,Normal,701.25,False
BATCH-20260925-006,LAB-000156421,PAT-0011403,ADM-00052239,DOC-00079,2026-09-26 11:34:28,Complete Blood Count,Hematology,Normal,,Normal,668.0,False
BATCH-20260925-006,LAB-000156422,PAT-0011403,ADM-00052239,DOC-00079,2026-09-30 15:22:12,Thyroid Profile,Endocrinology,Normal,,Normal,1026.0,False
BATCH-20260925-006,LAB-000156423,PAT-0011403,ADM-00052239,DOC-00079,2026-09-29 12:22:06,Lipid Profile,Biochemistry,Normal,,Normal,842.67,False
BATCH-20260925-006,LAB-000156424,PAT-0011131,ADM-00052240,DOC-00111,2026-09-27 01:14:17,Complete Blood Count,Hematology,Normal,,Normal,705.02,False
BATCH-20260925-006,LAB-000156425,PAT-0011131,ADM-00052240,DOC-00111,2026-09-25 08:16:57,Kidney Function Test,Biochemistry,Normal,,Normal,1129.09,False
BATCH-20260925-006,LAB-000156426,PAT-0011131,ADM-00052240,DOC-00111,2026-09-25 07:52:46,Complete Blood Count,Hematology,Abnormal,,Abnormal,730.26,True
BATCH-20260925-006,LAB-000156427,PAT-0011131,ADM-00052240,DOC-00111,2026-09-28 16:18:18,Kidney Function Test,Biochemistry,Abnormal,,Abnormal,1269.7,True
BATCH-20260925-006,LAB-000156428,PAT-0015279,ADM-00052241,DOC-00006,2026-09-30 16:33:50,Lipid Profile,Biochemistry,Normal,,Normal,885.24,False
BATCH-20260925-006,LAB-000156429,PAT-0015279,ADM-00052241,DOC-00006,2026-09-27 17:36:05,Urine Routine,Pathology,Abnormal,,Abnormal,412.15,True
BATCH-20260925-006,LAB-000156430,PAT-0015279,ADM-00052241,DOC-00006,2026-09-26 23:28:03,Troponin,Cardiac,Normal,,Normal,1656.58,False
BATCH-20260925-006,LAB-000156431,PAT-0023864,ADM-00052242,DOC-00125,2026-09-25 08:54:10,Liver Function Test,Biochemistry,Abnormal,,Abnormal,1360.81,True
BATCH-20260925-006,LAB-000156432,PAT-0023864,ADM-00052242,DOC-00125,2026-09-25 13:59:52,Urine Routine,Pathology,Normal,,Normal,349.82,False
BATCH-20260925-006,LAB-000156433,PAT-0023864,ADM-00052242,DOC-00125,2026-09-25 03:47:29,Blood Glucose,Biochemistry,Normal,,Normal,324.23,False
BATCH-20260925-006,LAB-000156434,PAT-0023864,ADM-00052242,DOC-00125,2026-09-25 20:50:37,Lipid Profile,Biochemistry,Abnormal,,Abnormal,953.27,True
BATCH-20260925-006,LAB-000156435,PAT-0023864,ADM-00052242,DOC-00125,2026-09-25 13:54:17,Blood Glucose,Biochemistry,Normal,,Normal,326.19,False
BATCH-20260925-006,LAB-000156436,PAT-0012234,ADM-00052243,DOC-00133,2026-09-27 22:10:09,Liver Function Test,Biochemistry,Normal,,Normal,1136.55,False
BATCH-20260925-006,LAB-000156437,PAT-0020884,ADM-00052244,DOC-00128,2026-09-30 08:43:25,Blood Glucose,Biochemistry,Normal,,Normal,309.86,False
BATCH-20260925-006,LAB-000156438,PAT-0020884,ADM-00052244,DOC-00128,2026-09-28 16:27:17,Complete Blood Count,Hematology,Normal,,Normal,723.59,False
BATCH-20260925-006,LAB-000156439,PAT-0020884,ADM-00052244,DOC-00128,2026-09-28 00:26:35,Lipid Profile,Biochemistry,Normal,,Normal,1037.55,False
BATCH-20260925-006,LAB-000156440,PAT-0021222,ADM-00052245,DOC-00097,2026-09-27 11:36:16,Urine Routine,Pathology,Normal,,Normal,418.03,False
BATCH-20260925-006,LAB-000156441,PAT-0021222,ADM-00052245,DOC-00097,2026-09-26 11:02:28,Lipid Profile,Biochemistry,Normal,,Normal,963.69,False
BATCH-20260925-006,LAB-000156442,PAT-0021222,ADM-00052245,DOC-00097,2026-09-26 07:11:38,Troponin,Cardiac,Abnormal,,Abnormal,1554.56,True
BATCH-20260925-006,LAB-000156443,PAT-0021222,ADM-00052245,DOC-00097,2026-09-26 02:24:03,Lipid Profile,Biochemistry,Normal,,Normal,1076.83,False
BATCH-20260925-006,LAB-000156444,PAT-0013876,ADM-00052246,DOC-00137,2026-09-27 22:18:24,Kidney Function Test,Biochemistry,Normal,,Normal,1208.1,False
BATCH-20260925-006,LAB-000156445,PAT-0013876,ADM-00052246,DOC-00137,2026-09-27 08:37:11,Liver Function Test,Biochemistry,Normal,,Normal,1351.07,False
BATCH-20260925-006,LAB-000156446,PAT-0013876,ADM-00052246,DOC-00137,2026-09-27 02:00:32,Urine Routine,Pathology,Normal,,Normal,363.91,False
BATCH-20260925-006,LAB-000156447,PAT-0013876,ADM-00052246,DOC-00137,2026-09-27 09:32:36,Liver Function Test,Biochemistry,Normal,,Normal,1266.41,False
BATCH-20260925-006,LAB-000156448,PAT-0013876,ADM-00052246,DOC-00137,2026-09-26 20:10:55,Blood Glucose,Biochemistry,Abnormal,,Abnormal,286.92,True
BATCH-20260925-006,LAB-000156449,PAT-0001408,ADM-00052247,DOC-00001,2026-09-29 02:21:53,Thyroid Profile,Endocrinology,Normal,,Normal,1170.43,False
BATCH-20260925-006,LAB-000156450,PAT-0001408,ADM-00052247,DOC-00001,2026-09-28 20:19:12,Complete Blood Count,Hematology,Abnormal,,Abnormal,772.02,True
BATCH-20260925-006,LAB-000156451,PAT-0001408,ADM-00052247,DOC-00001,2026-09-30 02:27:55,Kidney Function Test,Biochemistry,Abnormal,,Abnormal,1057.89,True
BATCH-20260925-006,LAB-000156452,PAT-0018732,ADM-00052248,DOC-00034,2026-09-27 22:01:23,Lipid Profile,Biochemistry,Normal,,Normal,895.43,False
BATCH-20260925-006,LAB-000156453,PAT-0018732,ADM-00052248,DOC-00034,2026-09-28 02:41:56,Kidney Function Test,Biochemistry,Normal,,Normal,998.37,False
BATCH-20260925-006,LAB-000156454,PAT-0018732,ADM-00052248,DOC-00034,2026-09-28 00:28:47,Troponin,Cardiac,Normal,,Normal,1564.84,False
BATCH-20260925-006,LAB-000156455,PAT-0018732,ADM-00052248,DOC-00034,2026-09-27 13:11:37,Thyroid Profile,Endocrinology,Normal,,Normal,1061.42,False
BATCH-20260925-006,LAB-000156456,PAT-0018732,ADM-00052248,DOC-00034,2026-09-26 13:14:29,Kidney Function Test,Biochemistry,Normal,,Normal,1295.85,False
BATCH-20260925-006,LAB-000156457,PAT-0007778,ADM-00052249,DOC-00119,2026-10-02 11:08:33,Blood Glucose,Biochemistry,Normal,,Normal,283.91,False
BATCH-20260925-006,LAB-000156458,PAT-0007778,ADM-00052249,DOC-00119,2026-09-30 19:56:04,Kidney Function Test,Biochemistry,Normal,,Normal,1013.39,False
BATCH-20260925-006,LAB-000156459,PAT-0007778,ADM-00052249,DOC-00119,2026-09-29 03:12:01,Liver Function Test,Biochemistry,Abnormal,,Abnormal,1435.9,True
BATCH-20260925-006,LAB-000156460,PAT-0007778,ADM-00052249,DOC-00119,2026-10-01 05:35:02,Blood Glucose,Biochemistry,Normal,,Normal,315.26,False
BATCH-20260925-006,LAB-000156461,PAT-0007778,ADM-00052249,DOC-00119,2026-09-26 18:32:32,Troponin,Cardiac,Normal,,Normal,1435.58,False
BATCH-20260925-006,LAB-000156462,PAT-0022711,ADM-00052250,DOC-00127,2026-09-27 14:23:16,Urine Routine,Pathology,Normal,,Normal,349.33,False
BATCH-20260925-006,LAB-000156463,PAT-0022711,ADM-00052250,DOC-00127,2026-09-26 05:59:19,Kidney Function Test,Biochemistry,Normal,,Normal,1041.12,False
BATCH-20260925-006,LAB-000156464,PAT-0022711,ADM-00052250,DOC-00127,2026-09-30 10:39:09,Urine Routine,Pathology,Normal,,Normal,347.11,False
BATCH-20260925-006,LAB-000156465,PAT-0022711,ADM-00052250,DOC-00127,2026-09-26 12:35:06,Complete Blood Count,Hematology,Normal,,Normal,660.48,False
BATCH-20260925-006,LAB-000156466,PAT-0000258,ADM-00052251,DOC-00020,2026-09-26 16:36:11,Urine Routine,Pathology,Normal,,Normal,316.79,False
BATCH-20260925-006,LAB-000156467,PAT-0019055,ADM-00052252,DOC-00039,2026-09-29 10:03:34,Complete Blood Count,Hematology,Normal,,Normal,683.92,False
BATCH-20260925-006,LAB-000156468,PAT-0008286,ADM-00052253,DOC-00061,2026-09-29 00:00:04,Urine Routine,Pathology,Normal,,Normal,335.2,False
BATCH-20260925-006,LAB-000156469,PAT-0008286,ADM-00052253,DOC-00061,2026-09-28 22:41:51,Complete Blood Count,Hematology,Normal,,Normal,648.19,False
BATCH-20260925-006,LAB-000156470,PAT-0012389,ADM-00052254,DOC-00024,2026-09-29 06:26:31,Thyroid Profile,Endocrinology,Normal,,Normal,1013.98,False
BATCH-20260925-006,LAB-000156471,PAT-0012389,ADM-00052254,DOC-00024,2026-09-26 23:57:59,Thyroid Profile,Endocrinology,Normal,,Normal,1015.86,False
BATCH-20260925-006,LAB-000156472,PAT-0012389,ADM-00052254,DOC-00024,2026-10-01 21:46:22,Lipid Profile,Biochemistry,Normal,,Normal,835.13,False
BATCH-20260925-006,LAB-000156473,PAT-0012389,ADM-00052254,DOC-00024,2026-09-25 08:20:20,Blood Glucose,Biochemistry,Normal,,Normal,274.98,False
BATCH-20260925-006,LAB-000156474,PAT-0012389,ADM-00052254,DOC-00024,2026-09-27 09:11:19,Troponin,Cardiac,Normal,,Normal,1651.32,False
BATCH-20260925-006,LAB-000156475,PAT-0003736,ADM-00052255,DOC-00008,2026-09-27 07:00:16,Liver Function Test,Biochemistry,Normal,,Normal,1281.82,False
BATCH-20260925-006,LAB-000156476,PAT-0003736,ADM-00052255,DOC-00008,2026-09-30 21:06:24,Troponin,Cardiac,Normal,,Normal,1569.24,False
BATCH-20260925-006,LAB-000156477,PAT-0013919,ADM-00052256,DOC-00139,2026-09-26 22:48:09,Complete Blood Count,Hematology,Normal,,Normal,586.9,False
BATCH-20260925-006,LAB-000156478,PAT-0013919,ADM-00052256,DOC-00139,2026-09-27 08:39:23,Thyroid Profile,Endocrinology,Normal,,Normal,1045.81,False
BATCH-20260925-006,LAB-000156479,PAT-0013919,ADM-00052256,DOC-00139,2026-09-26 12:05:32,Liver Function Test,Biochemistry,Normal,,Normal,1084.94,False
BATCH-20260925-006,LAB-000156480,PAT-0013919,ADM-00052256,DOC-00139,2026-09-27 13:53:49,Complete Blood Count,Hematology,Normal,,Normal,709.93,False
BATCH-20260925-006,LAB-000156481,PAT-0013919,ADM-00052256,DOC-00139,2026-09-26 23:18:51,Complete Blood Count,Hematology,Normal,,Normal,649.02,False
BATCH-20260925-006,LAB-000156482,PAT-0016375,ADM-00052257,DOC-00127,2026-09-26 13:36:32,Lipid Profile,Biochemistry,Normal,,Normal,969.42,False
BATCH-20260925-006,LAB-000156483,PAT-0016375,ADM-00052257,DOC-00127,2026-09-26 02:30:54,Thyroid Profile,Endocrinology,Normal,,Normal,1075.09,False
BATCH-20260925-006,LAB-000156484,PAT-0016375,ADM-00052257,DOC-00127,2026-09-25 21:36:10,Thyroid Profile,Endocrinology,Normal,,Normal,946.38,False
BATCH-20260925-006,LAB-000156485,PAT-0016375,ADM-00052257,DOC-00127,2026-09-25 18:03:21,Lipid Profile,Biochemistry,Abnormal,,Abnormal,993.51,True
BATCH-20260925-006,LAB-000156486,PAT-0000984,ADM-00052258,DOC-00120,2026-09-25 09:52:13,Urine Routine,Pathology,Abnormal,,Abnormal,391.46,True
BATCH-20260925-006,LAB-000156487,PAT-0000984,ADM-00052258,DOC-00120,2026-09-26 16:40:02,Urine Routine,Pathology,Normal,,Normal,342.2,False
BATCH-20260925-006,LAB-000156488,PAT-0000984,ADM-00052258,DOC-00120,2026-09-27 02:29:43,Blood Glucose,Biochemistry,Normal,,Normal,300.18,False
BATCH-20260925-006,LAB-000156489,PAT-0000984,ADM-00052258,DOC-00120,2026-09-26 21:37:19,Thyroid Profile,Endocrinology,Normal,,Normal,1186.59,False
BATCH-20260925-006,LAB-000156490,PAT-0000984,ADM-00052258,DOC-00120,2026-09-27 00:52:13,Lipid Profile,Biochemistry,Normal,,Normal,1054.19,False
BATCH-20260925-006,LAB-000156491,PAT-0015397,ADM-00052259,DOC-00008,2026-09-26 02:06:20,Blood Glucose,Biochemistry,Normal,,Normal,279.24,False
BATCH-20260925-006,LAB-000156492,PAT-0015397,ADM-00052259,DOC-00008,2026-09-29 01:47:11,Troponin,Cardiac,Abnormal,,Abnormal,1419.95,True
BATCH-20260925-006,LAB-000156493,PAT-0015331,ADM-00052260,DOC-00139,2026-09-29 02:00:22,Urine Routine,Pathology,Normal,,Normal,415.71,False
BATCH-20260925-006,LAB-000156494,PAT-0015331,ADM-00052260,DOC-00139,2026-09-30 12:53:25,Urine Routine,Pathology,Abnormal,,Abnormal,374.67,True
BATCH-20260925-006,LAB-000156495,PAT-0015331,ADM-00052260,DOC-00139,2026-09-30 07:42:37,Complete Blood Count,Hematology,Normal,,Normal,669.72,False
BATCH-20260925-006,LAB-000156496,PAT-0015331,ADM-00052260,DOC-00139,2026-09-28 22:31:30,Thyroid Profile,Endocrinology,Normal,,Normal,977.06,False
BATCH-20260925-006,LAB-000156497,PAT-0016598,ADM-00052261,DOC-00049,2026-09-30 04:03:25,Lipid Profile,Biochemistry,Abnormal,,Abnormal,1072.77,True
BATCH-20260925-006,LAB-000156498,PAT-0016598,ADM-00052261,DOC-00049,2026-09-28 23:33:52,Complete Blood Count,Hematology,Abnormal,,Abnormal,705.65,True
BATCH-20260925-006,LAB-000156499,PAT-0016598,ADM-00052261,DOC-00049,2026-09-29 07:55:35,Lipid Profile,Biochemistry,Abnormal,,Abnormal,1058.52,True
BATCH-20260925-006,LAB-000156500,PAT-0016598,ADM-00052261,DOC-00049,2026-09-28 06:21:35,Kidney Function Test,Biochemistry,Normal,,Normal,1223.84,False
BATCH-20260925-006,LAB-000156501,PAT-0016598,ADM-00052261,DOC-00049,2026-09-27 13:50:54,Complete Blood Count,Hematology,Normal,,Normal,646.05,False
BATCH-20260925-006,LAB-000156502,PAT-0019884,ADM-00052262,DOC-00139,2026-09-26 15:46:52,Complete Blood Count,Hematology,Abnormal,,Abnormal,615.34,True
BATCH-20260925-006,LAB-000156503,PAT-0019884,ADM-00052262,DOC-00139,2026-09-25 08:25:35,Lipid Profile,Biochemistry,Normal,,Normal,1054.25,False
BATCH-20260925-006,LAB-000156504,PAT-0000914,ADM-00052263,DOC-00072,2026-09-27 05:34:36,Lipid Profile,Biochemistry,Abnormal,,Abnormal,1007.96,True
BATCH-20260925-006,LAB-000156505,PAT-0000914,ADM-00052263,DOC-00072,2026-09-27 20:22:14,Liver Function Test,Biochemistry,Normal,,Normal,1423.62,False
BATCH-20260925-006,LAB-000156506,PAT-0000914,ADM-00052263,DOC-00072,2026-09-28 12:28:18,Kidney Function Test,Biochemistry,Normal,,Normal,1050.69,False
BATCH-20260925-006,LAB-000156507,PAT-0000763,ADM-00052264,DOC-00087,2026-09-26 13:56:28,Kidney Function Test,Biochemistry,Normal,,Normal,1074.07,False
BATCH-20260925-006,LAB-000156508,PAT-0000763,ADM-00052264,DOC-00087,2026-09-29 06:28:05,Kidney Function Test,Biochemistry,Normal,,Normal,1182.22,False
BATCH-20260925-006,LAB-000156509,PAT-0000763,ADM-00052264,DOC-00087,2026-09-26 17:59:40,Troponin,Cardiac,Normal,,Normal,1499.96,False
BATCH-20260925-006,LAB-000156510,PAT-0008260,ADM-00052265,DOC-00032,2026-09-30 22:11:45,Thyroid Profile,Endocrinology,Normal,,Normal,1033.99,False
BATCH-20260925-006,LAB-000156511,PAT-0008260,ADM-00052265,DOC-00032,2026-10-05 23:09:40,Liver Function Test,Biochemistry,Normal,,Normal,1087.31,False
BATCH-20260925-006,LAB-000156512,PAT-0008260,ADM-00052265,DOC-00032,2026-10-02 07:17:16,Troponin,Cardiac,Normal,,Normal,1653.89,False
BATCH-20260925-006,LAB-000156513,PAT-0008216,ADM-00052266,DOC-00116,2026-10-01 01:09:44,Thyroid Profile,Endocrinology,Abnormal,,Abnormal,902.76,True
BATCH-20260925-006,LAB-000156514,PAT-0008216,ADM-00052266,DOC-00116,2026-09-25 14:16:44,Thyroid Profile,Endocrinology,Normal,,Normal,1154.61,False
BATCH-20260925-006,LAB-000156515,PAT-0008216,ADM-00052266,DOC-00116,2026-09-26 17:34:02,Thyroid Profile,Endocrinology,Normal,,Normal,1122.2,False
BATCH-20260925-006,LAB-000156516,PAT-0008216,ADM-00052266,DOC-00116,2026-10-01 04:27:13,Kidney Function Test,Biochemistry,Normal,,Normal,1147.52,False
BATCH-20260925-006,LAB-000156517,PAT-0008216,ADM-00052266,DOC-00116,2026-09-30 12:13:17,Complete Blood Count,Hematology,Normal,,Normal,736.91,False
BATCH-20260925-006,LAB-000156518,PAT-0001089,ADM-00052267,DOC-00104,2026-09-27 11:47:57,Blood Glucose,Biochemistry,Normal,,Normal,275.08,False
BATCH-20260925-006,LAB-000156519,PAT-0015314,ADM-00052268,DOC-00001,2026-09-26 14:06:06,Liver Function Test,Biochemistry,Normal,,Normal,1346.49,False
BATCH-20260925-006,LAB-000156520,PAT-0015314,ADM-00052268,DOC-00001,2026-09-26 22:01:04,Thyroid Profile,Endocrinology,Normal,,Normal,1051.65,False
BATCH-20260925-006,LAB-000156521,PAT-0022184,ADM-00052269,DOC-00133,2026-09-26 08:05:02,Thyroid Profile,Endocrinology,Normal,,Normal,1161.31,False
BATCH-20260925-006,LAB-000156522,PAT-0022184,ADM-00052269,DOC-00133,2026-09-30 15:51:46,Kidney Function Test,Biochemistry,Normal,,Normal,1265.61,False
BATCH-20260925-006,LAB-000156523,PAT-0022184,ADM-00052269,DOC-00133,2026-09-29 12:15:35,Complete Blood Count,Hematology,Normal,,Normal,692.96,False
BATCH-20260925-006,LAB-000156524,PAT-0018918,ADM-00052270,DOC-00006,2026-09-27 22:49:41,Troponin,Cardiac,Normal,,Normal,1433.72,False
BATCH-20260925-006,LAB-000156525,PAT-0014000,ADM-00052271,DOC-00101,2026-09-25 22:48:18,Urine Routine,Pathology,Abnormal,,Abnormal,404.24,True
BATCH-20260925-006,LAB-000156526,PAT-0014000,ADM-00052271,DOC-00101,2026-09-26 10:24:41,Troponin,Cardiac,Normal,,Normal,1574.72,False
BATCH-20260925-006,LAB-000156527,PAT-0014000,ADM-00052271,DOC-00101,2026-09-25 23:06:02,Lipid Profile,Biochemistry,Normal,,Normal,950.84,False
BATCH-20260925-006,LAB-000156528,PAT-0001094,ADM-00052272,DOC-00109,2026-09-29 19:28:40,Blood Glucose,Biochemistry,Normal,,Normal,299.53,False
BATCH-20260925-006,LAB-000156529,PAT-0016235,ADM-00052273,DOC-00059,2026-09-26 13:51:48,Liver Function Test,Biochemistry,Normal,,Normal,1351.03,False
BATCH-20260925-006,LAB-000156530,PAT-0024892,ADM-00052274,DOC-00094,2026-09-25 19:41:54,Blood Glucose,Biochemistry,Normal,,Normal,292.27,False
BATCH-20260925-006,LAB-000156531,PAT-0017224,ADM-00052275,DOC-00071,2026-09-28 02:24:48,Lipid Profile,Biochemistry,Normal,,Normal,866.97,False
BATCH-20260925-006,LAB-000156532,PAT-0017224,ADM-00052275,DOC-00071,2026-09-27 02:51:22,Liver Function Test,Biochemistry,Normal,,Normal,1435.31,False
BATCH-20260925-006,LAB-000156533,PAT-0017224,ADM-00052275,DOC-00071,2026-09-28 07:40:29,Liver Function Test,Biochemistry,Normal,,Normal,1139.24,False
BATCH-20260925-006,LAB-000156534,PAT-0025542,ADM-00052276,DOC-00135,2026-09-28 02:08:21,Liver Function Test,Biochemistry,Normal,,Normal,1392.09,False
BATCH-20260925-006,LAB-000156535,PAT-0025542,ADM-00052276,DOC-00135,2026-09-26 23:17:20,Thyroid Profile,Endocrinology,Normal,,Normal,1068.2,False
BATCH-20260925-006,LAB-000156536,PAT-0025542,ADM-00052276,DOC-00135,2026-09-28 07:43:44,Troponin,Cardiac,Normal,,Normal,1460.13,False
BATCH-20260925-006,LAB-000156537,PAT-0025542,ADM-00052276,DOC-00135,2026-09-28 20:55:01,Complete Blood Count,Hematology,Abnormal,,Abnormal,756.38,True
BATCH-20260925-006,LAB-000156538,PAT-0025542,ADM-00052276,DOC-00135,2026-09-27 07:07:10,Blood Glucose,Biochemistry,Normal,,Normal,335.07,False
BATCH-20260925-006,LAB-000156539,PAT-0004382,ADM-00052277,DOC-00074,2026-09-28 17:31:40,Thyroid Profile,Endocrinology,Abnormal,,Abnormal,1093.89,True
BATCH-20260925-006,LAB-000156540,PAT-0004382,ADM-00052277,DOC-00074,2026-09-26 14:41:31,Urine Routine,Pathology,Normal,,Normal,353.34,False
BATCH-20260925-006,LAB-000156541,PAT-0004382,ADM-00052277,DOC-00074,2026-09-29 10:19:33,Troponin,Cardiac,Normal,,Normal,1374.09,False
BATCH-20260925-006,LAB-000156542,PAT-0004382,ADM-00052277,DOC-00074,2026-09-28 10:46:35,Lipid Profile,Biochemistry,Normal,,Normal,991.02,False
BATCH-20260925-006,LAB-000156543,PAT-0004382,ADM-00052277,DOC-00074,2026-09-27 15:44:24,Blood Glucose,Biochemistry,Normal,,Normal,317.31,False
BATCH-20260925-006,LAB-000156544,PAT-0012473,ADM-00052278,DOC-00138,2026-09-26 15:49:21,Blood Glucose,Biochemistry,Abnormal,,Abnormal,332.85,True
BATCH-20260925-006,LAB-000156545,PAT-0012473,ADM-00052278,DOC-00138,2026-09-25 06:49:23,Liver Function Test,Biochemistry,Abnormal,,Abnormal,1099.39,True
BATCH-20260925-006,LAB-000156546,PAT-0012473,ADM-00052278,DOC-00138,2026-09-26 11:25:03,Liver Function Test,Biochemistry,Abnormal,,Abnormal,1150.54,True
BATCH-20260925-006,LAB-000156547,PAT-0012473,ADM-00052278,DOC-00138,2026-09-27 06:23:55,Complete Blood Count,Hematology,Normal,,Normal,750.54,False
BATCH-20260925-006,LAB-000156548,PAT-0025214,ADM-00052279,DOC-00091,2026-09-26 09:46:05,Lipid Profile,Biochemistry,Normal,,Normal,925.68,False
BATCH-20260925-006,LAB-000156549,PAT-0025214,ADM-00052279,DOC-00091,2026-09-26 07:29:30,Troponin,Cardiac,Normal,,Normal,1342.85,False
BATCH-20260925-006,LAB-000156550,PAT-0023888,ADM-00052280,DOC-00045,2026-09-25 18:21:53,Thyroid Profile,Endocrinology,Normal,,Normal,1157.71,False
BATCH-20260925-006,LAB-000156551,PAT-0023888,ADM-00052280,DOC-00045,2026-09-27 01:04:16,Complete Blood Count,Hematology,Normal,,Normal,720.14,False
BATCH-20260925-006,LAB-000156552,PAT-0023888,ADM-00052280,DOC-00045,2026-09-28 03:03:05,Blood Glucose,Biochemistry,Normal,,Normal,279.88,False
BATCH-20260925-006,LAB-000156553,PAT-0017325,ADM-00052281,DOC-00147,2026-09-28 06:03:48,Kidney Function Test,Biochemistry,Normal,,Normal,1142.09,False
BATCH-20260925-006,LAB-000156554,PAT-0017325,ADM-00052281,DOC-00147,2026-09-29 15:07:59,Kidney Function Test,Biochemistry,Normal,,Normal,1252.43,False
BATCH-20260925-006,LAB-000156555,PAT-0017325,ADM-00052281,DOC-00147,2026-10-02 03:19:37,Urine Routine,Pathology,Normal,,Normal,340.82,False
BATCH-20260925-006,LAB-000156556,PAT-0017325,ADM-00052281,DOC-00147,2026-10-03 21:17:05,Thyroid Profile,Endocrinology,Abnormal,,Abnormal,993.62,True
BATCH-20260925-006,LAB-000156557,PAT-0002920,ADM-00052282,DOC-00083,2026-09-26 23:56:38,Kidney Function Test,Biochemistry,Normal,,Normal,1194.66,False
BATCH-20260925-006,LAB-000156558,PAT-0002920,ADM-00052282,DOC-00083,2026-09-28 08:21:42,Kidney Function Test,Biochemistry,Normal,,Normal,1273.6,False
BATCH-20260925-006,LAB-000156559,PAT-0002920,ADM-00052282,DOC-00083,2026-09-27 16:02:15,Urine Routine,Pathology,Normal,,Normal,363.4,False
BATCH-20260925-006,LAB-000156560,PAT-0013197,ADM-00052283,DOC-00021,2026-09-26 18:41:58,Lipid Profile,Biochemistry,Normal,,Normal,990.09,False
BATCH-20260925-006,LAB-000156561,PAT-0012494,ADM-00052284,DOC-00124,2026-09-25 08:55:54,Blood Glucose,Biochemistry,Abnormal,,Abnormal,315.16,True
BATCH-20260925-006,LAB-000156562,PAT-0012494,ADM-00052284,DOC-00124,2026-09-25 22:46:02,Liver Function Test,Biochemistry,Abnormal,,Abnormal,1129.72,True
BATCH-20260925-006,LAB-000156563,PAT-0012494,ADM-00052284,DOC-00124,2026-09-26 04:02:17,Lipid Profile,Biochemistry,Normal,,Normal,925.94,False
BATCH-20260925-006,LAB-000156564,PAT-0018848,ADM-00052285,DOC-00128,2026-09-26 01:57:53,Thyroid Profile,Endocrinology,Abnormal,,Abnormal,989.2,True
BATCH-20260925-006,LAB-000156565,PAT-0018848,ADM-00052285,DOC-00128,2026-10-03 11:39:59,Troponin,Cardiac,Normal,,Normal,1456.92,False
BATCH-20260925-006,LAB-000156566,PAT-0018848,ADM-00052285,DOC-00128,2026-10-02 12:33:52,Thyroid Profile,Endocrinology,Abnormal,,Abnormal,929.98,True
BATCH-20260925-006,LAB-000156567,PAT-0018848,ADM-00052285,DOC-00128,2026-09-28 00:08:09,Lipid Profile,Biochemistry,Abnormal,,Abnormal,1056.15,True
BATCH-20260925-006,LAB-000156568,PAT-0018848,ADM-00052285,DOC-00128,2026-10-02 02:05:25,Liver Function Test,Biochemistry,Normal,,Normal,1189.65,False
BATCH-20260925-006,LAB-000156569,PAT-0012843,ADM-00052286,DOC-00077,2026-09-25 04:28:16,Thyroid Profile,Endocrinology,Normal,,Normal,1013.87,False
BATCH-20260925-006,LAB-000156570,PAT-0012843,ADM-00052286,DOC-00077,2026-09-28 18:49:39,Complete Blood Count,Hematology,Normal,,Normal,734.43,False
BATCH-20260925-006,LAB-000156571,PAT-0012843,ADM-00052286,DOC-00077,2026-09-28 16:12:54,Complete Blood Count,Hematology,Normal,,Normal,779.68,False
BATCH-20260925-006,LAB-000156572,PAT-0012843,ADM-00052286,DOC-00077,2026-09-26 15:14:03,Thyroid Profile,Endocrinology,Normal,,Normal,1093.21,False
BATCH-20260925-006,LAB-000156573,PAT-0006349,ADM-00052287,DOC-00135,2026-09-30 03:14:59,Liver Function Test,Biochemistry,Abnormal,,Abnormal,1320.71,True
BATCH-20260925-006,LAB-000156574,PAT-0004625,ADM-00052288,DOC-00078,2026-10-02 01:25:55,Complete Blood Count,Hematology,Abnormal,,Abnormal,682.29,True
BATCH-20260925-006,LAB-000156575,PAT-0004625,ADM-00052288,DOC-00078,2026-09-28 11:41:28,Blood Glucose,Biochemistry,Normal,,Normal,313.75,False
BATCH-20260925-006,LAB-000156576,PAT-0004625,ADM-00052288,DOC-00078,2026-09-30 23:05:36,Kidney Function Test,Biochemistry,Normal,,Normal,1300.04,False
BATCH-20260925-006,LAB-000156577,PAT-0004625,ADM-00052288,DOC-00078,2026-09-30 04:29:01,Troponin,Cardiac,Normal,,Normal,1446.21,False
BATCH-20260925-006,LAB-000156578,PAT-0015174,ADM-00052289,DOC-00020,2026-09-26 00:33:44,Complete Blood Count,Hematology,Normal,,Normal,716.51,False
BATCH-20260925-006,LAB-000156579,PAT-0015174,ADM-00052289,DOC-00020,2026-09-25 20:05:22,Complete Blood Count,Hematology,Abnormal,,Abnormal,699.26,True
BATCH-20260925-006,LAB-000156580,PAT-0015174,ADM-00052289,DOC-00020,2026-09-27 13:40:18,Urine Routine,Pathology,Abnormal,,Abnormal,376.36,True
BATCH-20260925-006,LAB-000156581,PAT-0008827,ADM-00052290,DOC-00078,2026-09-30 11:24:11,Complete Blood Count,Hematology,Normal,,Normal,614.07,False
BATCH-20260925-006,LAB-000156582,PAT-0008827,ADM-00052290,DOC-00078,2026-09-25 03:50:51,Complete Blood Count,Hematology,Normal,,Normal,700.57,False
BATCH-20260925-006,LAB-000156583,PAT-0013816,ADM-00052291,DOC-00112,2026-09-27 10:00:08,Urine Routine,Pathology,Normal,,Normal,368.56,False
BATCH-20260925-006,LAB-000156584,PAT-0013816,ADM-00052291,DOC-00112,2026-09-27 02:30:13,Liver Function Test,Biochemistry,Normal,,Normal,1192.3,False
BATCH-20260925-006,LAB-000156585,PAT-0013816,ADM-00052291,DOC-00112,2026-09-25 16:18:44,Troponin,Cardiac,Normal,,Normal,1410.92,False
BATCH-20260925-006,LAB-000156586,PAT-0013816,ADM-00052291,DOC-00112,2026-09-25 18:43:42,Lipid Profile,Biochemistry,Normal,,Normal,849.12,False
BATCH-20260925-006,LAB-000156587,PAT-0017458,ADM-00052292,DOC-00041,2026-09-28 21:43:30,Urine Routine,Pathology,Normal,,Normal,375.3,False
BATCH-20260925-006,LAB-000156588,PAT-0017458,ADM-00052292,DOC-00041,2026-09-28 19:13:58,Complete Blood Count,Hematology,Normal,,Normal,778.25,False
BATCH-20260925-006,LAB-000156589,PAT-0010255,ADM-00052293,DOC-00018,2026-09-27 00:59:01,Thyroid Profile,Endocrinology,Normal,,Normal,987.67,False
BATCH-20260925-006,LAB-000156590,PAT-0010255,ADM-00052293,DOC-00018,2026-09-25 07:30:49,Thyroid Profile,Endocrinology,Normal,,Normal,1040.14,False
BATCH-20260925-006,LAB-000156591,PAT-0010255,ADM-00052293,DOC-00018,2026-09-26 06:48:19,Complete Blood Count,Hematology,Normal,,Normal,674.1,False
BATCH-20260925-006,LAB-000156592,PAT-0002779,ADM-00052294,DOC-00067,2026-09-30 19:23:22,Troponin,Cardiac,Normal,,Normal,1286.59,False
BATCH-20260925-006,LAB-000156593,PAT-0002779,ADM-00052294,DOC-00067,2026-09-30 20:57:02,Liver Function Test,Biochemistry,Abnormal,,Abnormal,1227.26,True
BATCH-20260925-006,LAB-000156594,PAT-0002779,ADM-00052294,DOC-00067,2026-09-27 00:24:18,Troponin,Cardiac,Normal,,Normal,1519.32,False
BATCH-20260925-006,LAB-000156595,PAT-0002779,ADM-00052294,DOC-00067,2026-09-29 07:42:34,Thyroid Profile,Endocrinology,Normal,,Normal,951.83,False
BATCH-20260925-006,LAB-000156596,PAT-0015521,ADM-00052295,DOC-00007,2026-09-29 12:10:46,Urine Routine,Pathology,Abnormal,,Abnormal,391.72,True
BATCH-20260925-006,LAB-000156597,PAT-0015521,ADM-00052295,DOC-00007,2026-09-25 16:35:37,Troponin,Cardiac,Normal,,Normal,1655.95,False
BATCH-20260925-006,LAB-000156598,PAT-0015521,ADM-00052295,DOC-00007,2026-09-25 10:24:55,Complete Blood Count,Hematology,Normal,,Normal,778.0,False
BATCH-20260925-006,LAB-000156599,PAT-0015521,ADM-00052295,DOC-00007,2026-09-30 20:14:24,Liver Function Test,Biochemistry,Normal,,Normal,1235.49,False
BATCH-20260925-006,LAB-000156600,PAT-0015521,ADM-00052295,DOC-00007,2026-09-29 10:04:25,Kidney Function Test,Biochemistry,Abnormal,,Abnormal,1029.6,True
BATCH-20260925-006,LAB-000156601,PAT-0008383,ADM-00052296,DOC-00111,2026-09-26 09:50:01,Thyroid Profile,Endocrinology,Normal,,Normal,984.35,False
BATCH-20260925-006,LAB-000156602,PAT-0008383,ADM-00052296,DOC-00111,2026-09-27 08:50:42,Lipid Profile,Biochemistry,Abnormal,,Abnormal,866.14,True
BATCH-20260925-006,LAB-000156603,PAT-0008383,ADM-00052296,DOC-00111,2026-09-28 18:41:20,Complete Blood Count,Hematology,Normal,,Normal,627.94,False
BATCH-20260925-006,LAB-000156604,PAT-0008383,ADM-00052296,DOC-00111,2026-09-25 21:59:32,Troponin,Cardiac,Abnormal,,Abnormal,1311.73,True
BATCH-20260925-006,LAB-000156605,PAT-0000999,ADM-00052297,DOC-00003,2026-09-26 16:16:10,Kidney Function Test,Biochemistry,Normal,,Normal,1047.13,False
BATCH-20260925-006,LAB-000156606,PAT-0000999,ADM-00052297,DOC-00003,2026-09-25 18:09:49,Thyroid Profile,Endocrinology,Normal,,Normal,1191.52,False
BATCH-20260925-006,LAB-000156607,PAT-0008446,ADM-00052298,DOC-00084,2026-09-26 18:51:46,Thyroid Profile,Endocrinology,Normal,,Normal,1142.28,False
BATCH-20260925-006,LAB-000156608,PAT-0008446,ADM-00052298,DOC-00084,2026-09-27 10:08:59,Lipid Profile,Biochemistry,Normal,,Normal,962.59,False
BATCH-20260925-006,LAB-000156609,PAT-0008446,ADM-00052298,DOC-00084,2026-09-26 06:24:52,Complete Blood Count,Hematology,Normal,,Normal,762.86,False
BATCH-20260925-006,LAB-000156610,PAT-0008446,ADM-00052298,DOC-00084,2026-09-26 18:11:22,Lipid Profile,Biochemistry,Normal,,Normal,866.98,False
BATCH-20260925-006,LAB-000156611,PAT-0017877,ADM-00052299,DOC-00012,2026-10-06 12:47:01,Troponin,Cardiac,Abnormal,,Abnormal,1405.23,True
BATCH-20260925-006,LAB-000156612,PAT-0017877,ADM-00052299,DOC-00012,2026-10-03 06:13:38,Lipid Profile,Biochemistry,Abnormal,,Abnormal,1056.19,True
BATCH-20260925-006,LAB-000156613,PAT-0017877,ADM-00052299,DOC-00012,2026-09-29 00:50:56,Liver Function Test,Biochemistry,Normal,,Normal,1115.09,False
BATCH-20260925-006,LAB-000156614,PAT-0017877,ADM-00052299,DOC-00012,2026-10-01 21:32:22,Lipid Profile,Biochemistry,Normal,,Normal,1050.75,False
BATCH-20260925-006,LAB-000156615,PAT-0010091,ADM-00052300,DOC-00131,2026-09-26 08:44:15,Urine Routine,Pathology,Abnormal,,Abnormal,396.93,True
BATCH-20260925-006,LAB-000156616,PAT-0000688,ADM-00052301,DOC-00049,2026-09-26 13:27:15,Lipid Profile,Biochemistry,Normal,,Normal,998.15,False
BATCH-20260925-006,LAB-000156617,PAT-0002166,ADM-00052302,DOC-00140,2026-09-28 13:11:00,Complete Blood Count,Hematology,Abnormal,,Abnormal,674.66,True
BATCH-20260925-006,LAB-000156618,PAT-0002166,ADM-00052302,DOC-00140,2026-09-26 18:56:50,Blood Glucose,Biochemistry,Normal,,Normal,278.44,False
BATCH-20260925-006,LAB-000156619,PAT-0002166,ADM-00052302,DOC-00140,2026-09-29 01:34:50,Thyroid Profile,Endocrinology,Normal,,Normal,1101.64,False
BATCH-20260925-006,LAB-000156620,PAT-0002166,ADM-00052302,DOC-00140,2026-09-28 09:12:53,Liver Function Test,Biochemistry,Abnormal,,Abnormal,1221.99,True
BATCH-20260925-006,LAB-000156621,PAT-0002560,ADM-00052303,DOC-00119,2026-09-25 12:24:09,Thyroid Profile,Endocrinology,Normal,,Normal,1056.51,False
BATCH-20260925-006,LAB-000156622,PAT-0002560,ADM-00052303,DOC-00119,2026-09-25 18:01:35,Urine Routine,Pathology,Normal,,Normal,390.56,False
BATCH-20260925-006,LAB-000156623,PAT-0002560,ADM-00052303,DOC-00119,2026-09-26 02:28:54,Urine Routine,Pathology,Normal,,Normal,404.46,False
BATCH-20260925-006,LAB-000156624,PAT-0002560,ADM-00052303,DOC-00119,2026-09-25 14:01:38,Urine Routine,Pathology,Normal,,Normal,328.18,False
BATCH-20260925-006,LAB-000156625,PAT-0002560,ADM-00052303,DOC-00119,2026-09-26 04:28:17,Liver Function Test,Biochemistry,Normal,,Normal,1389.89,False
BATCH-20260925-006,LAB-000156626,PAT-0001778,ADM-00052304,DOC-00044,2026-09-27 01:25:28,Troponin,Cardiac,Normal,,Normal,1375.71,False
BATCH-20260925-006,LAB-000156627,PAT-0001778,ADM-00052304,DOC-00044,2026-09-27 10:47:30,Liver Function Test,Biochemistry,Normal,,Normal,1323.51,False
BATCH-20260925-006,LAB-000156628,PAT-0022806,ADM-00052305,DOC-00148,2026-09-27 11:45:48,Complete Blood Count,Hematology,Normal,,Normal,726.3,False
BATCH-20260925-006,LAB-000156629,PAT-0022806,ADM-00052305,DOC-00148,2026-09-26 11:08:23,Blood Glucose,Biochemistry,Abnormal,,Abnormal,291.76,True
BATCH-20260925-006,LAB-000156630,PAT-0022806,ADM-00052305,DOC-00148,2026-09-26 10:21:16,Kidney Function Test,Biochemistry,Normal,,Normal,1296.94,False
BATCH-20260925-006,LAB-000156631,PAT-0022806,ADM-00052305,DOC-00148,2026-09-27 17:40:03,Liver Function Test,Biochemistry,Abnormal,,Abnormal,1212.88,True
BATCH-20260925-006,LAB-000156632,PAT-0022806,ADM-00052305,DOC-00148,2026-09-29 11:36:26,Urine Routine,Pathology,Normal,,Normal,368.67,False
BATCH-20260925-006,LAB-000156633,PAT-0003943,ADM-00052306,DOC-00103,2026-09-27 14:16:30,Liver Function Test,Biochemistry,Normal,,Normal,1298.83,False
BATCH-20260925-006,LAB-000156634,PAT-0003943,ADM-00052306,DOC-00103,2026-09-27 11:27:57,Lipid Profile,Biochemistry,Normal,,Normal,969.66,False
BATCH-20260925-006,LAB-000156635,PAT-0001861,ADM-00052307,DOC-00100,2026-09-27 01:13:09,Blood Glucose,Biochemistry,Normal,,Normal,288.07,False
BATCH-20260925-006,LAB-000156636,PAT-0001861,ADM-00052307,DOC-00100,2026-09-28 10:49:18,Kidney Function Test,Biochemistry,Normal,,Normal,1100.45,False
BATCH-20260925-006,LAB-000156637,PAT-0001861,ADM-00052307,DOC-00100,2026-09-25 17:34:21,Urine Routine,Pathology,Normal,,Normal,379.21,False
BATCH-20260925-006,LAB-000156638,PAT-0001861,ADM-00052307,DOC-00100,2026-09-27 11:36:28,Urine Routine,Pathology,Normal,,Normal,358.97,False
BATCH-20260925-006,LAB-000156639,PAT-0003967,ADM-00052308,DOC-00147,2026-09-25 20:59:21,Urine Routine,Pathology,Normal,,Normal,416.46,False
BATCH-20260925-006,LAB-000156640,PAT-0003967,ADM-00052308,DOC-00147,2026-09-26 10:43:16,Kidney Function Test,Biochemistry,Normal,,Normal,1127.15,False
BATCH-20260925-006,LAB-000156641,PAT-0003967,ADM-00052308,DOC-00147,2026-09-26 14:40:43,Blood Glucose,Biochemistry,Abnormal,,Abnormal,275.51,True
BATCH-20260925-006,LAB-000156642,PAT-0003967,ADM-00052308,DOC-00147,2026-09-26 09:45:02,Kidney Function Test,Biochemistry,Normal,,Normal,1054.71,False
BATCH-20260925-006,LAB-000156643,PAT-0003967,ADM-00052308,DOC-00147,2026-09-26 16:47:13,Blood Glucose,Biochemistry,Normal,,Normal,301.16,False
BATCH-20260925-006,LAB-000156644,PAT-0010750,ADM-00052309,DOC-00051,2026-09-25 16:15:16,Blood Glucose,Biochemistry,Abnormal,,Abnormal,321.4,True
BATCH-20260925-006,LAB-000156645,PAT-0010750,ADM-00052309,DOC-00051,2026-09-29 19:54:51,Thyroid Profile,Endocrinology,Normal,,Normal,1005.71,False
BATCH-20260925-006,LAB-000156646,PAT-0017278,ADM-00052310,DOC-00003,2026-10-01 10:15:19,Complete Blood Count,Hematology,Normal,,Normal,688.01,False
BATCH-20260925-006,LAB-000156647,PAT-0017278,ADM-00052310,DOC-00003,2026-09-26 00:40:56,Troponin,Cardiac,Abnormal,,Abnormal,1290.18,True
BATCH-20260925-006,LAB-000156648,PAT-0017278,ADM-00052310,DOC-00003,2026-09-27 11:13:02,Kidney Function Test,Biochemistry,Abnormal,,Abnormal,1181.9,True
BATCH-20260925-006,LAB-000156649,PAT-0017278,ADM-00052310,DOC-00003,2026-09-29 22:35:58,Complete Blood Count,Hematology,Normal,,Normal,741.33,False
BATCH-20260925-006,LAB-000156650,PAT-0017278,ADM-00052310,DOC-00003,2026-10-06 15:16:37,Urine Routine,Pathology,Abnormal,,Abnormal,403.08,True
BATCH-20260925-006,LAB-000156651,PAT-0008134,ADM-00052311,DOC-00092,2026-09-26 00:06:37,Kidney Function Test,Biochemistry,Normal,,Normal,1041.04,False
BATCH-20260925-006,LAB-000156652,PAT-0008134,ADM-00052311,DOC-00092,2026-09-25 08:23:36,Complete Blood Count,Hematology,Abnormal,,Abnormal,678.84,True
BATCH-20260925-006,LAB-000156653,PAT-0005758,ADM-00052312,DOC-00006,2026-09-27 02:17:25,Liver Function Test,Biochemistry,Normal,,Normal,1157.84,False
BATCH-20260925-006,LAB-000156654,PAT-0005758,ADM-00052312,DOC-00006,2026-09-29 12:52:08,Complete Blood Count,Hematology,Normal,,Normal,764.82,False
BATCH-20260925-006,LAB-000156655,PAT-0005758,ADM-00052312,DOC-00006,2026-09-25 20:11:09,Liver Function Test,Biochemistry,Normal,,Normal,1233.55,False
BATCH-20260925-006,LAB-000156656,PAT-0005758,ADM-00052312,DOC-00006,2026-09-27 13:46:58,Thyroid Profile,Endocrinology,Normal,,Normal,943.97,False
BATCH-20260925-006,LAB-000156657,PAT-0002487,ADM-00052313,DOC-00030,2026-09-27 03:33:08,Blood Glucose,Biochemistry,Normal,,Normal,324.76,False
BATCH-20260925-006,LAB-000156658,PAT-0002487,ADM-00052313,DOC-00030,2026-09-28 08:44:54,Complete Blood Count,Hematology,Abnormal,,Abnormal,718.21,True
BATCH-20260925-006,LAB-000156659,PAT-0023883,ADM-00052314,DOC-00037,2026-09-28 06:30:51,Liver Function Test,Biochemistry,Normal,,Normal,1312.83,False
BATCH-20260925-006,LAB-000156660,PAT-0003330,ADM-00052315,DOC-00037,2026-09-28 14:34:41,Urine Routine,Pathology,Normal,,Normal,370.16,False
BATCH-20260925-006,LAB-000156661,PAT-0003330,ADM-00052315,DOC-00037,2026-09-29 20:47:57,Liver Function Test,Biochemistry,Normal,,Normal,1348.34,False
BATCH-20260925-006,LAB-000156662,PAT-0003330,ADM-00052315,DOC-00037,2026-09-29 17:20:45,Blood Glucose,Biochemistry,Abnormal,,Abnormal,342.91,True
BATCH-20260925-006,LAB-000156663,PAT-0003330,ADM-00052315,DOC-00037,2026-09-26 08:57:33,Liver Function Test,Biochemistry,Normal,,Normal,1244.12,False
BATCH-20260925-006,LAB-000156664,PAT-0005769,ADM-00052316,DOC-00112,2026-09-26 09:08:21,Liver Function Test,Biochemistry,Abnormal,,Abnormal,1082.81,True
BATCH-20260925-006,LAB-000156665,PAT-0005769,ADM-00052316,DOC-00112,2026-09-26 00:44:09,Liver Function Test,Biochemistry,Normal,,Normal,1189.98,False
BATCH-20260925-006,LAB-000156666,PAT-0005769,ADM-00052316,DOC-00112,2026-09-26 00:46:08,Thyroid Profile,Endocrinology,Normal,,Normal,1189.74,False
BATCH-20260925-006,LAB-000156667,PAT-0004288,ADM-00052317,DOC-00018,2026-09-26 06:18:13,Thyroid Profile,Endocrinology,Normal,,Normal,1070.91,False
BATCH-20260925-006,LAB-000156668,PAT-0004288,ADM-00052317,DOC-00018,2026-09-26 18:11:41,Urine Routine,Pathology,Normal,,Normal,369.92,False
BATCH-20260925-006,LAB-000156669,PAT-0004288,ADM-00052317,DOC-00018,2026-09-28 01:06:30,Troponin,Cardiac,Normal,,Normal,1672.65,False
BATCH-20260925-006,LAB-000156670,PAT-0004288,ADM-00052317,DOC-00018,2026-09-28 13:00:25,Thyroid Profile,Endocrinology,Normal,,Normal,901.5,False
BATCH-20260925-006,LAB-000156671,PAT-0008805,ADM-00052318,DOC-00090,2026-09-27 18:24:22,Liver Function Test,Biochemistry,Normal,,Normal,1281.95,False
BATCH-20260925-006,LAB-000156672,PAT-0008805,ADM-00052318,DOC-00090,2026-09-26 12:36:35,Complete Blood Count,Hematology,Normal,,Normal,605.01,False
BATCH-20260925-006,LAB-000156673,PAT-0008805,ADM-00052318,DOC-00090,2026-09-26 09:45:06,Blood Glucose,Biochemistry,Abnormal,,Abnormal,343.57,True
BATCH-20260925-006,LAB-000156674,PAT-0023441,ADM-00052319,DOC-00045,2026-09-26 11:59:53,Thyroid Profile,Endocrinology,Normal,,Normal,1032.76,False
BATCH-20260925-006,LAB-000156675,PAT-0023441,ADM-00052319,DOC-00045,2026-09-25 21:21:13,Troponin,Cardiac,Normal,,Normal,1678.99,False
BATCH-20260925-006,LAB-000156676,PAT-0023441,ADM-00052319,DOC-00045,2026-09-26 03:15:14,Kidney Function Test,Biochemistry,Normal,,Normal,1003.23,False
BATCH-20260925-006,LAB-000156677,PAT-0002131,ADM-00052320,DOC-00029,2026-10-01 08:58:42,Kidney Function Test,Biochemistry,Abnormal,,Abnormal,1220.83,True
BATCH-20260925-006,LAB-000156678,PAT-0002131,ADM-00052320,DOC-00029,2026-09-26 07:01:01,Liver Function Test,Biochemistry,Abnormal,,Abnormal,1229.2,True
BATCH-20260925-006,LAB-000156679,PAT-0013318,ADM-00052321,DOC-00076,2026-09-29 16:06:38,Kidney Function Test,Biochemistry,Normal,,Normal,1010.55,False
BATCH-20260925-006,LAB-000156680,PAT-0002967,ADM-00052322,DOC-00097,2026-09-26 08:07:46,Liver Function Test,Biochemistry,Normal,,Normal,1294.67,False
BATCH-20260925-006,LAB-000156681,PAT-0002967,ADM-00052322,DOC-00097,2026-09-27 06:46:06,Troponin,Cardiac,Normal,,Normal,1416.82,False
BATCH-20260925-006,LAB-000156682,PAT-0020334,ADM-00052323,DOC-00092,2026-09-27 22:18:48,Kidney Function Test,Biochemistry,Normal,,Normal,1214.68,False
BATCH-20260925-006,LAB-000156683,PAT-0020334,ADM-00052323,DOC-00092,2026-09-28 15:29:46,Troponin,Cardiac,Normal,,Normal,1547.59,False
BATCH-20260925-006,LAB-000156684,PAT-0020334,ADM-00052323,DOC-00092,2026-09-27 08:25:08,Urine Routine,Pathology,Normal,,Normal,369.22,False
BATCH-20260925-006,LAB-000156685,PAT-0010810,ADM-00052324,DOC-00071,2026-09-28 12:52:21,Urine Routine,Pathology,Normal,,Normal,350.5,False
BATCH-20260925-006,LAB-000156686,PAT-0020313,ADM-00052325,DOC-00140,2026-09-27 20:32:52,Troponin,Cardiac,Normal,,Normal,1534.6,False
BATCH-20260925-006,LAB-000156687,PAT-0020313,ADM-00052325,DOC-00140,2026-09-28 11:12:31,Kidney Function Test,Biochemistry,Normal,,Normal,993.14,False
BATCH-20260925-006,LAB-000156688,PAT-0020313,ADM-00052325,DOC-00140,2026-09-29 12:55:48,Complete Blood Count,Hematology,Normal,,Normal,592.65,False
BATCH-20260925-006,LAB-000156689,PAT-0006186,ADM-00052326,DOC-00020,2026-09-27 14:09:04,Blood Glucose,Biochemistry,Normal,,Normal,321.67,False
BATCH-20260925-006,LAB-000156690,PAT-0006186,ADM-00052326,DOC-00020,2026-09-27 13:51:49,Lipid Profile,Biochemistry,Normal,,Normal,1079.32,False
BATCH-20260925-006,LAB-000156691,PAT-0006186,ADM-00052326,DOC-00020,2026-09-28 09:10:01,Thyroid Profile,Endocrinology,Normal,,Normal,912.51,False
BATCH-20260925-006,LAB-000156692,PAT-0012930,ADM-00052327,DOC-00032,2026-10-02 10:38:05,Liver Function Test,Biochemistry,Normal,,Normal,1395.52,False
BATCH-20260925-006,LAB-000156693,PAT-0012930,ADM-00052327,DOC-00032,2026-09-27 22:53:05,Kidney Function Test,Biochemistry,Normal,,Normal,1289.02,False
BATCH-20260925-006,LAB-000156694,PAT-0012930,ADM-00052327,DOC-00032,2026-09-26 10:29:27,Troponin,Cardiac,Normal,,Normal,1597.01,False
BATCH-20260925-006,LAB-000156695,PAT-0025409,ADM-00052328,DOC-00032,2026-09-26 09:29:02,Kidney Function Test,Biochemistry,Normal,,Normal,1226.82,False
BATCH-20260925-006,LAB-000156696,PAT-0025409,ADM-00052328,DOC-00032,2026-09-27 15:57:54,Thyroid Profile,Endocrinology,Normal,,Normal,1093.01,False
BATCH-20260925-006,LAB-000156697,PAT-0025409,ADM-00052328,DOC-00032,2026-09-25 22:07:54,Troponin,Cardiac,Normal,,Normal,1536.46,False
BATCH-20260925-006,LAB-000156698,PAT-0025409,ADM-00052328,DOC-00032,2026-09-27 08:19:27,Urine Routine,Pathology,Abnormal,,Abnormal,354.15,True
BATCH-20260925-006,LAB-000156699,PAT-0005005,ADM-00052329,DOC-00061,2026-09-26 14:57:05,Kidney Function Test,Biochemistry,Normal,,Normal,1292.06,False
BATCH-20260925-006,LAB-000156700,PAT-0001262,ADM-00052330,DOC-00107,2026-10-08 07:14:43,Complete Blood Count,Hematology,Normal,,Normal,732.82,False
BATCH-20260925-006,LAB-000156701,PAT-0001262,ADM-00052330,DOC-00107,2026-10-01 06:00:27,Urine Routine,Pathology,Normal,,Normal,408.78,False
BATCH-20260925-006,LAB-000156702,PAT-0001262,ADM-00052330,DOC-00107,2026-10-07 02:36:12,Liver Function Test,Biochemistry,Normal,,Normal,1302.47,False
BATCH-20260925-006,LAB-000156703,PAT-0005225,ADM-00052331,DOC-00021,2026-09-25 21:15:48,Thyroid Profile,Endocrinology,Abnormal,,Abnormal,1191.48,True
BATCH-20260925-006,LAB-000156704,PAT-0005896,ADM-00052332,DOC-00101,2026-09-26 11:13:32,Troponin,Cardiac,Normal,,Normal,1551.16,False
BATCH-20260925-006,LAB-000156705,PAT-0013034,ADM-00052333,DOC-00144,2026-09-25 23:48:40,Liver Function Test,Biochemistry,Normal,,Normal,1147.55,False
BATCH-20260925-006,LAB-000156706,PAT-0013034,ADM-00052333,DOC-00144,2026-09-25 22:55:37,Kidney Function Test,Biochemistry,Normal,,Normal,998.05,False
BATCH-20260925-006,LAB-000156707,PAT-0013034,ADM-00052333,DOC-00144,2026-09-26 17:38:43,Liver Function Test,Biochemistry,Normal,,Normal,1373.29,False
BATCH-20260925-006,LAB-000156708,PAT-0013034,ADM-00052333,DOC-00144,2026-09-25 21:31:47,Liver Function Test,Biochemistry,Abnormal,,Abnormal,1174.49,True
BATCH-20260925-006,LAB-000156709,PAT-0013034,ADM-00052333,DOC-00144,2026-09-26 17:20:07,Kidney Function Test,Biochemistry,Normal,,Normal,1247.37,False
BATCH-20260925-006,LAB-000156710,PAT-0006906,ADM-00052334,DOC-00048,2026-09-30 15:40:32,Kidney Function Test,Biochemistry,Normal,,Normal,1018.22,False
BATCH-20260925-006,LAB-000156711,PAT-0006906,ADM-00052334,DOC-00048,2026-09-28 08:34:05,Urine Routine,Pathology,Normal,,Normal,317.6,False
BATCH-20260925-006,LAB-000156712,PAT-0006906,ADM-00052334,DOC-00048,2026-09-27 21:30:25,Kidney Function Test,Biochemistry,Normal,,Normal,1291.46,False
BATCH-20260925-006,LAB-000156713,PAT-0006906,ADM-00052334,DOC-00048,2026-09-28 20:16:40,Complete Blood Count,Hematology,Normal,,Normal,726.92,False
BATCH-20260925-006,LAB-000156714,PAT-0006906,ADM-00052334,DOC-00048,2026-09-27 06:41:28,Complete Blood Count,Hematology,Abnormal,,Abnormal,684.92,True
BATCH-20260925-006,LAB-000156715,PAT-0013159,ADM-00052335,DOC-00070,2026-09-25 20:21:07,Kidney Function Test,Biochemistry,Normal,,Normal,1220.1,False
BATCH-20260925-006,LAB-000156716,PAT-0013159,ADM-00052335,DOC-00070,2026-09-27 13:50:39,Kidney Function Test,Biochemistry,Abnormal,,Abnormal,991.72,True
BATCH-20260925-006,LAB-000156717,PAT-0013159,ADM-00052335,DOC-00070,2026-09-26 22:11:30,Troponin,Cardiac,Normal,,Normal,1581.32,False
BATCH-20260925-006,LAB-000156718,PAT-0013159,ADM-00052335,DOC-00070,2026-09-27 23:15:54,Kidney Function Test,Biochemistry,Normal,,Normal,1043.07,False
BATCH-20260925-006,LAB-000156719,PAT-0011682,ADM-00052336,DOC-00063,2026-09-25 19:19:09,Complete Blood Count,Hematology,Abnormal,,Abnormal,776.4,True
BATCH-20260925-006,LAB-000156720,PAT-0011682,ADM-00052336,DOC-00063,2026-10-02 09:27:08,Urine Routine,Pathology,Normal,,Normal,383.06,False
BATCH-20260925-006,LAB-000156721,PAT-0011682,ADM-00052336,DOC-00063,2026-09-27 18:25:44,Urine Routine,Pathology,Normal,,Normal,369.36,False
BATCH-20260925-006,LAB-000156722,PAT-0011682,ADM-00052336,DOC-00063,2026-10-04 04:35:43,Urine Routine,Pathology,Normal,,Normal,404.09,False
BATCH-20260925-006,LAB-000156723,PAT-0006274,ADM-00052337,DOC-00093,2026-10-06 01:56:16,Troponin,Cardiac,Normal,,Normal,1430.3,False
BATCH-20260925-006,LAB-000156724,PAT-0006274,ADM-00052337,DOC-00093,2026-10-01 14:28:55,Troponin,Cardiac,Normal,,Normal,1670.19,False
BATCH-20260925-006,LAB-000156725,PAT-0006274,ADM-00052337,DOC-00093,2026-09-29 16:03:00,Blood Glucose,Biochemistry,Normal,,Normal,310.28,False
BATCH-20260925-006,LAB-000156726,PAT-0006274,ADM-00052337,DOC-00093,2026-09-26 20:58:53,Blood Glucose,Biochemistry,Abnormal,,Abnormal,333.09,True
BATCH-20260925-006,LAB-000156727,PAT-0006274,ADM-00052337,DOC-00093,2026-10-02 00:49:19,Kidney Function Test,Biochemistry,Normal,,Normal,1104.73,False
BATCH-20260925-006,LAB-000156728,PAT-0006414,ADM-00052338,DOC-00085,2026-10-08 08:52:10,Blood Glucose,Biochemistry,Normal,,Normal,337.99,False
BATCH-20260925-006,LAB-000156729,PAT-0006414,ADM-00052338,DOC-00085,2026-10-05 11:42:35,Liver Function Test,Biochemistry,Normal,,Normal,1116.74,False
BATCH-20260925-006,LAB-000156730,PAT-0006414,ADM-00052338,DOC-00085,2026-10-01 00:19:34,Urine Routine,Pathology,Abnormal,,Abnormal,379.65,True
BATCH-20260925-006,LAB-000156731,PAT-0018513,ADM-00052339,DOC-00128,2026-09-28 19:09:46,Complete Blood Count,Hematology,Normal,,Normal,754.61,False
BATCH-20260925-006,LAB-000156732,PAT-0024856,ADM-00052340,DOC-00144,2026-10-01 22:07:33,Liver Function Test,Biochemistry,Normal,,Normal,1200.24,False
BATCH-20260925-006,LAB-000156733,PAT-0022494,ADM-00052341,DOC-00099,2026-09-25 11:11:31,Troponin,Cardiac,Normal,,Normal,1466.22,False
BATCH-20260925-006,LAB-000156734,PAT-0022494,ADM-00052341,DOC-00099,2026-09-28 00:35:57,Thyroid Profile,Endocrinology,Normal,,Normal,1059.22,False
BATCH-20260925-006,LAB-000156735,PAT-0022494,ADM-00052341,DOC-00099,2026-09-27 03:19:52,Blood Glucose,Biochemistry,Abnormal,,Abnormal,288.28,True
BATCH-20260925-006,LAB-000156736,PAT-0022494,ADM-00052341,DOC-00099,2026-09-25 07:57:50,Troponin,Cardiac,Normal,,Normal,1457.29,False
BATCH-20260925-006,LAB-000156737,PAT-0017716,ADM-00052342,DOC-00090,2026-09-28 08:25:56,Kidney Function Test,Biochemistry,Abnormal,,Abnormal,1125.35,True
BATCH-20260925-006,LAB-000156738,PAT-0017716,ADM-00052342,DOC-00090,2026-09-26 17:46:49,Kidney Function Test,Biochemistry,Normal,,Normal,1255.08,False
BATCH-20260925-006,LAB-000156739,PAT-0017716,ADM-00052342,DOC-00090,2026-09-27 22:30:36,Kidney Function Test,Biochemistry,Normal,,Normal,1188.28,False
BATCH-20260925-006,LAB-000156740,PAT-0017716,ADM-00052342,DOC-00090,2026-09-26 19:22:52,Troponin,Cardiac,Normal,,Normal,1350.01,False
BATCH-20260925-006,LAB-000156741,PAT-0017716,ADM-00052342,DOC-00090,2026-09-25 20:39:55,Urine Routine,Pathology,Normal,,Normal,337.04,False
BATCH-20260925-006,LAB-000156742,PAT-0023069,ADM-00052343,DOC-00105,2026-09-26 18:51:24,Thyroid Profile,Endocrinology,Normal,,Normal,1061.56,False
BATCH-20260925-006,LAB-000156743,PAT-0023069,ADM-00052343,DOC-00105,2026-09-29 11:52:14,Kidney Function Test,Biochemistry,Normal,,Normal,1115.25,False
BATCH-20260925-006,LAB-000156744,PAT-0023069,ADM-00052343,DOC-00105,2026-09-26 02:56:39,Thyroid Profile,Endocrinology,Normal,,Normal,978.01,False
BATCH-20260925-006,LAB-000156745,PAT-0018456,ADM-00052344,DOC-00021,2026-09-27 16:30:03,Troponin,Cardiac,Normal,,Normal,1591.57,False
BATCH-20260925-006,LAB-000156746,PAT-0018456,ADM-00052344,DOC-00021,2026-09-27 20:23:18,Complete Blood Count,Hematology,Normal,,Normal,622.68,False
BATCH-20260925-006,LAB-000156747,PAT-0024366,ADM-00052345,DOC-00121,2026-09-26 07:35:30,Lipid Profile,Biochemistry,Abnormal,,Abnormal,998.47,True
BATCH-20260925-006,LAB-000156748,PAT-0024366,ADM-00052345,DOC-00121,2026-09-26 14:16:12,Urine Routine,Pathology,Normal,,Normal,382.89,False
BATCH-20260925-006,LAB-000156749,PAT-0024366,ADM-00052345,DOC-00121,2026-09-26 22:11:29,Lipid Profile,Biochemistry,Normal,,Normal,1011.36,False
BATCH-20260925-006,LAB-000156750,PAT-0024366,ADM-00052345,DOC-00121,2026-09-26 05:43:06,Urine Routine,Pathology,Normal,,Normal,318.99,False
BATCH-20260925-006,LAB-000156751,PAT-0005215,ADM-00052346,DOC-00025,2026-09-28 15:52:23,Liver Function Test,Biochemistry,Normal,,Normal,1306.47,False
BATCH-20260925-006,LAB-000156752,PAT-0012500,ADM-00052347,DOC-00030,2026-09-26 15:40:30,Blood Glucose,Biochemistry,Abnormal,,Abnormal,328.61,True
BATCH-20260925-006,LAB-000156753,PAT-0012500,ADM-00052347,DOC-00030,2026-10-04 18:45:44,Lipid Profile,Biochemistry,Normal,,Normal,1076.07,False
BATCH-20260925-006,LAB-000156754,PAT-0012500,ADM-00052347,DOC-00030,2026-09-30 20:03:37,Kidney Function Test,Biochemistry,Abnormal,,Abnormal,1137.57,True
BATCH-20260925-006,LAB-000156755,PAT-0012500,ADM-00052347,DOC-00030,2026-10-02 11:44:40,Kidney Function Test,Biochemistry,Normal,,Normal,1101.95,False
BATCH-20260925-006,LAB-000156756,PAT-0014691,ADM-00052348,DOC-00092,2026-09-27 13:54:38,Kidney Function Test,Biochemistry,Normal,,Normal,1001.26,False
BATCH-20260925-006,LAB-000156757,PAT-0014691,ADM-00052348,DOC-00092,2026-09-28 00:26:32,Lipid Profile,Biochemistry,Abnormal,,Abnormal,1067.76,True
BATCH-20260925-006,LAB-000156758,PAT-0014691,ADM-00052348,DOC-00092,2026-09-27 20:50:29,Urine Routine,Pathology,Normal,,Normal,373.21,False
BATCH-20260925-006,LAB-000156759,PAT-0014691,ADM-00052348,DOC-00092,2026-09-29 15:06:45,Kidney Function Test,Biochemistry,Normal,,Normal,1091.16,False
BATCH-20260925-006,LAB-000156760,PAT-0023002,ADM-00052349,DOC-00036,2026-09-26 22:34:55,Troponin,Cardiac,Normal,,Normal,1544.92,False
BATCH-20260925-006,LAB-000156761,PAT-0023002,ADM-00052349,DOC-00036,2026-09-26 17:00:08,Troponin,Cardiac,Normal,,Normal,1569.88,False
BATCH-20260925-006,LAB-000156762,PAT-0003888,ADM-00052350,DOC-00100,2026-09-27 00:13:46,Complete Blood Count,Hematology,Normal,,Normal,735.83,False
BATCH-20260925-006,LAB-000156763,PAT-0003888,ADM-00052350,DOC-00100,2026-09-27 07:08:31,Complete Blood Count,Hematology,Abnormal,,Abnormal,633.91,True
BATCH-20260925-006,LAB-000156764,PAT-0003888,ADM-00052350,DOC-00100,2026-09-25 17:01:14,Complete Blood Count,Hematology,Abnormal,,Abnormal,695.58,True
BATCH-20260925-006,LAB-000156765,PAT-0003888,ADM-00052350,DOC-00100,2026-09-25 12:28:38,Blood Glucose,Biochemistry,Normal,,Normal,355.06,False
BATCH-20260925-006,LAB-000156766,PAT-0003888,ADM-00052350,DOC-00100,2026-09-27 07:03:16,Liver Function Test,Biochemistry,Normal,,Normal,1310.98,False
BATCH-20260925-006,LAB-000156767,PAT-0003905,ADM-00052351,DOC-00085,2026-09-27 02:22:38,Liver Function Test,Biochemistry,Normal,,Normal,1186.49,False
BATCH-20260925-006,LAB-000156768,PAT-0003905,ADM-00052351,DOC-00085,2026-09-27 10:45:22,Troponin,Cardiac,Normal,,Normal,1502.61,False
BATCH-20260925-006,LAB-000156769,PAT-0000575,ADM-00052352,DOC-00050,2026-09-28 03:31:15,Complete Blood Count,Hematology,Normal,,Normal,732.94,False
BATCH-20260925-006,LAB-000156770,PAT-0000575,ADM-00052352,DOC-00050,2026-09-28 02:40:39,Urine Routine,Pathology,Normal,,Normal,386.19,False
BATCH-20260925-006,LAB-000156771,PAT-0000575,ADM-00052352,DOC-00050,2026-09-28 20:18:13,Thyroid Profile,Endocrinology,Normal,,Normal,1054.18,False
BATCH-20260925-006,LAB-000156772,PAT-0000575,ADM-00052352,DOC-00050,2026-09-27 20:56:23,Liver Function Test,Biochemistry,Abnormal,,Abnormal,1252.14,True
BATCH-20260925-006,LAB-000156773,PAT-0020606,ADM-00052353,DOC-00141,2026-09-27 01:12:50,Kidney Function Test,Biochemistry,Abnormal,,Abnormal,1004.58,True
BATCH-20260925-006,LAB-000156774,PAT-0020606,ADM-00052353,DOC-00141,2026-09-25 18:32:05,Thyroid Profile,Endocrinology,Normal,,Normal,1053.41,False
BATCH-20260925-006,LAB-000156775,PAT-0020606,ADM-00052353,DOC-00141,2026-09-27 01:40:29,Blood Glucose,Biochemistry,Normal,,Normal,328.57,False
BATCH-20260925-006,LAB-000156776,PAT-0020606,ADM-00052353,DOC-00141,2026-09-27 06:12:37,Complete Blood Count,Hematology,Normal,,Normal,623.69,False
BATCH-20260925-006,LAB-000156777,PAT-0020606,ADM-00052353,DOC-00141,2026-09-25 21:51:45,Lipid Profile,Biochemistry,Normal,,Normal,842.02,False
BATCH-20260925-006,LAB-000156778,PAT-0003033,ADM-00052354,DOC-00042,2026-09-27 13:33:51,Troponin,Cardiac,Normal,,Normal,1589.97,False
BATCH-20260925-006,LAB-000156779,PAT-0013471,ADM-00052355,DOC-00073,2026-09-27 13:44:11,Liver Function Test,Biochemistry,Normal,,Normal,1275.08,False
BATCH-20260925-006,LAB-000156780,PAT-0000185,ADM-00052356,DOC-00041,2026-09-25 20:11:58,Liver Function Test,Biochemistry,Normal,,Normal,1254.26,False
BATCH-20260925-006,LAB-000156781,PAT-0000185,ADM-00052356,DOC-00041,2026-09-25 17:43:56,Complete Blood Count,Hematology,Normal,,Normal,690.38,False
BATCH-20260925-006,LAB-000156782,PAT-0000185,ADM-00052356,DOC-00041,2026-09-25 08:36:39,Troponin,Cardiac,Normal,,Normal,1370.34,False
BATCH-20260925-006,LAB-000156783,PAT-0000185,ADM-00052356,DOC-00041,2026-09-25 08:18:42,Kidney Function Test,Biochemistry,Normal,,Normal,1088.86,False
BATCH-20260925-006,LAB-000156784,PAT-0000727,ADM-00052357,DOC-00140,2026-10-02 20:58:48,Thyroid Profile,Endocrinology,Abnormal,,Abnormal,1047.25,True
BATCH-20260925-006,LAB-000156785,PAT-0000727,ADM-00052357,DOC-00140,2026-10-08 09:01:16,Troponin,Cardiac,Abnormal,,Abnormal,1453.0,True
BATCH-20260925-006,LAB-000156786,PAT-0000727,ADM-00052357,DOC-00140,2026-10-03 05:10:19,Troponin,Cardiac,Abnormal,,Abnormal,1621.44,True
BATCH-20260925-006,LAB-000156787,PAT-0000260,ADM-00052358,DOC-00087,2026-09-27 10:08:54,Urine Routine,Pathology,Normal,,Normal,336.79,False
BATCH-20260925-006,LAB-000156788,PAT-0000955,ADM-00052359,DOC-00027,2026-10-01 00:35:35,Kidney Function Test,Biochemistry,Abnormal,,Abnormal,1296.54,True
BATCH-20260925-006,LAB-000156789,PAT-0009060,ADM-00052360,DOC-00079,2026-10-06 18:30:01,Thyroid Profile,Endocrinology,Normal,,Normal,901.41,False
BATCH-20260925-006,LAB-000156790,PAT-0004318,ADM-00052361,DOC-00030,2026-09-25 23:35:52,Complete Blood Count,Hematology,Normal,,Normal,683.97,False
BATCH-20260925-006,LAB-000156791,PAT-0012508,ADM-00052362,DOC-00129,2026-09-26 20:17:25,Troponin,Cardiac,Normal,,Normal,1646.8,False
BATCH-20260925-006,LAB-000156792,PAT-0012508,ADM-00052362,DOC-00129,2026-09-30 01:46:57,Thyroid Profile,Endocrinology,Abnormal,,Abnormal,1064.29,True
BATCH-20260925-006,LAB-000156793,PAT-0012508,ADM-00052362,DOC-00129,2026-09-27 01:10:30,Blood Glucose,Biochemistry,Normal,,Normal,337.83,False
BATCH-20260925-006,LAB-000156794,PAT-0003053,ADM-00052363,DOC-00128,2026-09-25 09:14:37,Liver Function Test,Biochemistry,Normal,,Normal,1162.1,False
BATCH-20260925-006,LAB-000156795,PAT-0009518,ADM-00052364,DOC-00050,2026-10-04 20:22:27,Lipid Profile,Biochemistry,Abnormal,,Abnormal,882.85,True
BATCH-20260925-006,LAB-000156796,PAT-0009518,ADM-00052364,DOC-00050,2026-10-06 07:55:06,Complete Blood Count,Hematology,Normal,,Normal,684.7,False
BATCH-20260925-006,LAB-000156797,PAT-0009518,ADM-00052364,DOC-00050,2026-10-03 16:38:38,Blood Glucose,Biochemistry,Abnormal,,Abnormal,335.03,True
BATCH-20260925-006,LAB-000156798,PAT-0009518,ADM-00052364,DOC-00050,2026-10-04 14:15:56,Liver Function Test,Biochemistry,Normal,,Normal,1381.09,False
BATCH-20260925-006,LAB-000156799,PAT-0009518,ADM-00052364,DOC-00050,2026-09-29 23:35:55,Troponin,Cardiac,Normal,,Normal,1531.91,False
BATCH-20260925-006,LAB-000156800,PAT-0021320,ADM-00052365,DOC-00054,2026-09-25 14:02:46,Complete Blood Count,Hematology,Normal,,Normal,743.34,False
BATCH-20260925-006,LAB-000156801,PAT-0021320,ADM-00052365,DOC-00054,2026-09-26 03:01:23,Complete Blood Count,Hematology,Abnormal,,Abnormal,729.82,True
BATCH-20260925-006,LAB-000156802,PAT-0021320,ADM-00052365,DOC-00054,2026-09-27 06:44:05,Thyroid Profile,Endocrinology,Normal,,Normal,906.63,False
BATCH-20260925-006,LAB-000156803,PAT-0021320,ADM-00052365,DOC-00054,2026-09-26 11:09:55,Kidney Function Test,Biochemistry,Normal,,Normal,1096.93,False
BATCH-20260925-006,LAB-000156804,PAT-0021320,ADM-00052365,DOC-00054,2026-09-28 23:39:03,Blood Glucose,Biochemistry,Normal,,Normal,346.93,False
BATCH-20260925-006,LAB-000156805,PAT-0002378,ADM-00052366,DOC-00061,2026-09-26 20:48:45,Complete Blood Count,Hematology,Normal,,Normal,649.87,False
BATCH-20260925-006,LAB-000156806,PAT-0002378,ADM-00052366,DOC-00061,2026-09-25 14:57:49,Thyroid Profile,Endocrinology,Normal,,Normal,1053.38,False
BATCH-20260925-006,LAB-000156807,PAT-0002378,ADM-00052366,DOC-00061,2026-09-26 10:05:12,Thyroid Profile,Endocrinology,Normal,,Normal,980.09,False
BATCH-20260925-006,LAB-000156808,PAT-0002378,ADM-00052366,DOC-00061,2026-09-26 14:59:15,Urine Routine,Pathology,Normal,,Normal,418.53,False
BATCH-20260925-006,LAB-000156809,PAT-0002378,ADM-00052366,DOC-00061,2026-09-26 00:32:17,Liver Function Test,Biochemistry,Normal,,Normal,1321.81,False
BATCH-20260925-006,LAB-000156810,PAT-0025563,ADM-00052367,DOC-00083,2026-09-26 11:35:40,Complete Blood Count,Hematology,Normal,,Normal,610.66,False
BATCH-20260925-006,LAB-000156811,PAT-0025563,ADM-00052367,DOC-00083,2026-09-25 14:05:15,Liver Function Test,Biochemistry,Normal,,Normal,1124.87,False
BATCH-20260925-006,LAB-000156812,PAT-0025563,ADM-00052367,DOC-00083,2026-09-25 11:37:31,Troponin,Cardiac,Normal,,Normal,1327.18,False
BATCH-20260925-006,LAB-000156813,PAT-0025563,ADM-00052367,DOC-00083,2026-09-26 16:02:08,Lipid Profile,Biochemistry,Normal,,Normal,1052.45,False
BATCH-20260925-006,LAB-000156814,PAT-0025563,ADM-00052367,DOC-00083,2026-09-25 13:15:02,Troponin,Cardiac,Normal,,Normal,1451.58,False
BATCH-20260925-006,LAB-000156815,PAT-0023577,ADM-00052368,DOC-00138,2026-09-29 13:27:30,Blood Glucose,Biochemistry,Normal,,Normal,354.83,False
BATCH-20260925-006,LAB-000156816,PAT-0023577,ADM-00052368,DOC-00138,2026-09-27 21:07:14,Thyroid Profile,Endocrinology,Normal,,Normal,929.71,False
BATCH-20260925-006,LAB-000156817,PAT-0003826,ADM-00052369,DOC-00070,2026-09-29 08:19:14,Urine Routine,Pathology,Normal,,Normal,336.59,False
BATCH-20260925-006,LAB-000156818,PAT-0003826,ADM-00052369,DOC-00070,2026-09-25 17:22:59,Complete Blood Count,Hematology,Normal,,Normal,664.03,False
BATCH-20260925-006,LAB-000156819,PAT-0021647,ADM-00052370,DOC-00147,2026-09-27 07:15:22,Kidney Function Test,Biochemistry,Abnormal,,Abnormal,1110.22,True
BATCH-20260925-006,LAB-000156820,PAT-0021647,ADM-00052370,DOC-00147,2026-09-26 00:33:28,Thyroid Profile,Endocrinology,Normal,,Normal,970.22,False
BATCH-20260925-006,LAB-000156821,PAT-0021647,ADM-00052370,DOC-00147,2026-09-27 04:56:01,Blood Glucose,Biochemistry,Normal,,Normal,317.53,False
BATCH-20260925-006,LAB-000156822,PAT-0023904,ADM-00052371,DOC-00098,2026-09-28 19:29:14,Liver Function Test,Biochemistry,Normal,,Normal,1195.48,False
BATCH-20260925-006,LAB-000156823,PAT-0023904,ADM-00052371,DOC-00098,2026-09-29 00:35:02,Kidney Function Test,Biochemistry,Normal,,Normal,1127.11,False
BATCH-20260925-006,LAB-000156824,PAT-0023904,ADM-00052371,DOC-00098,2026-09-30 07:47:00,Complete Blood Count,Hematology,Normal,,Normal,742.95,False
BATCH-20260925-006,LAB-000156825,PAT-0007257,ADM-00052372,DOC-00114,2026-09-26 00:58:56,Kidney Function Test,Biochemistry,Normal,,Normal,1199.17,False
BATCH-20260925-006,LAB-000156826,PAT-0007257,ADM-00052372,DOC-00114,2026-09-28 13:48:16,Thyroid Profile,Endocrinology,Normal,,Normal,927.66,False
BATCH-20260925-006,LAB-000156827,PAT-0007257,ADM-00052372,DOC-00114,2026-09-28 03:42:18,Thyroid Profile,Endocrinology,Normal,,Normal,1031.29,False
BATCH-20260925-006,LAB-000156828,PAT-0007257,ADM-00052372,DOC-00114,2026-09-27 12:27:36,Lipid Profile,Biochemistry,Normal,,Normal,913.48,False
BATCH-20260925-006,LAB-000156829,PAT-0007257,ADM-00052372,DOC-00114,2026-09-27 03:36:08,Liver Function Test,Biochemistry,Normal,,Normal,1237.52,False
BATCH-20260925-006,LAB-000156830,PAT-0014494,ADM-00052373,DOC-00046,2026-09-25 12:22:45,Urine Routine,Pathology,Normal,,Normal,319.44,False
BATCH-20260925-006,LAB-000156831,PAT-0014494,ADM-00052373,DOC-00046,2026-09-25 05:29:23,Lipid Profile,Biochemistry,Normal,,Normal,1011.56,False
BATCH-20260925-006,LAB-000156832,PAT-0014494,ADM-00052373,DOC-00046,2026-09-26 23:35:35,Lipid Profile,Biochemistry,Abnormal,,Abnormal,862.99,True
BATCH-20260925-006,LAB-000156833,PAT-0014494,ADM-00052373,DOC-00046,2026-09-26 12:34:19,Complete Blood Count,Hematology,Normal,,Normal,618.54,False
BATCH-20260925-006,LAB-000156834,PAT-0002782,ADM-00052374,DOC-00128,2026-09-26 16:10:21,Liver Function Test,Biochemistry,Normal,,Normal,1392.69,False
BATCH-20260925-006,LAB-000156835,PAT-0002782,ADM-00052374,DOC-00128,2026-09-26 22:36:06,Urine Routine,Pathology,Normal,,Normal,346.59,False
BATCH-20260925-006,LAB-000156836,PAT-0015567,ADM-00052375,DOC-00102,2026-09-26 10:31:08,Kidney Function Test,Biochemistry,Normal,,Normal,1276.7,False
BATCH-20260925-006,LAB-000156837,PAT-0015567,ADM-00052375,DOC-00102,2026-09-25 13:31:38,Blood Glucose,Biochemistry,Normal,,Normal,294.28,False
BATCH-20260925-006,LAB-000156838,PAT-0015567,ADM-00052375,DOC-00102,2026-09-27 07:34:30,Lipid Profile,Biochemistry,Normal,,Normal,942.41,False
BATCH-20260925-006,LAB-000156839,PAT-0002961,ADM-00052376,DOC-00039,2026-09-25 22:29:48,Urine Routine,Pathology,Normal,,Normal,409.07,False
BATCH-20260925-006,LAB-000156840,PAT-0002961,ADM-00052376,DOC-00039,2026-09-27 20:15:44,Troponin,Cardiac,Normal,,Normal,1470.08,False
BATCH-20260925-006,LAB-000156841,PAT-0002961,ADM-00052376,DOC-00039,2026-09-28 15:56:36,Urine Routine,Pathology,Normal,,Normal,376.77,False
BATCH-20260925-006,LAB-000156842,PAT-0024578,ADM-00052377,DOC-00126,2026-09-25 16:32:13,Urine Routine,Pathology,Normal,,Normal,380.46,False
BATCH-20260925-006,LAB-000156843,PAT-0008638,ADM-00052378,DOC-00069,2026-09-29 22:07:24,Thyroid Profile,Endocrinology,Normal,,Normal,968.39,False
BATCH-20260925-006,LAB-000156844,PAT-0008638,ADM-00052378,DOC-00069,2026-10-01 02:46:23,Liver Function Test,Biochemistry,Normal,,Normal,1409.94,False
BATCH-20260925-006,LAB-000156845,PAT-0008638,ADM-00052378,DOC-00069,2026-09-28 22:35:58,Liver Function Test,Biochemistry,Normal,,Normal,1418.86,False
BATCH-20260925-006,LAB-000156846,PAT-0019787,ADM-00052379,DOC-00047,2026-10-01 06:55:40,Troponin,Cardiac,Abnormal,,Abnormal,1616.12,True
BATCH-20260925-006,LAB-000156847,PAT-0019787,ADM-00052379,DOC-00047,2026-09-25 13:25:24,Liver Function Test,Biochemistry,Normal,,Normal,1256.85,False
BATCH-20260925-006,LAB-000156848,PAT-0019787,ADM-00052379,DOC-00047,2026-09-26 21:47:29,Thyroid Profile,Endocrinology,Normal,,Normal,906.67,False
BATCH-20260925-006,LAB-000156849,PAT-0005480,ADM-00052380,DOC-00031,2026-09-25 05:58:55,Blood Glucose,Biochemistry,Normal,,Normal,302.44,False
BATCH-20260925-006,LAB-000156850,PAT-0005480,ADM-00052380,DOC-00031,2026-09-25 18:48:31,Troponin,Cardiac,Normal,,Normal,1494.3,False
BATCH-20260925-006,LAB-000156851,PAT-0025533,ADM-00052381,DOC-00041,2026-09-27 15:01:14,Urine Routine,Pathology,Normal,,Normal,325.44,False
BATCH-20260925-006,LAB-000156852,PAT-0005752,ADM-00052382,DOC-00134,2026-09-29 17:32:47,Urine Routine,Pathology,Normal,,Normal,348.09,False
BATCH-20260925-006,LAB-000156853,PAT-0005752,ADM-00052382,DOC-00134,2026-09-28 10:14:26,Complete Blood Count,Hematology,Normal,,Normal,632.96,False
BATCH-20260925-006,LAB-000156854,PAT-0005752,ADM-00052382,DOC-00134,2026-09-30 06:01:43,Blood Glucose,Biochemistry,Normal,,Normal,306.15,False
BATCH-20260925-006,LAB-000156855,PAT-0005752,ADM-00052382,DOC-00134,2026-09-29 07:58:42,Thyroid Profile,Endocrinology,Normal,,Normal,1198.91,False
BATCH-20260925-006,LAB-000156856,PAT-0005752,ADM-00052382,DOC-00134,2026-09-30 11:17:00,Urine Routine,Pathology,Normal,,Normal,360.44,False
BATCH-20260925-006,LAB-000156857,PAT-0011190,ADM-00052383,DOC-00029,2026-09-26 13:15:43,Urine Routine,Pathology,Normal,,Normal,332.93,False
BATCH-20260925-006,LAB-000156858,PAT-0011190,ADM-00052383,DOC-00029,2026-09-26 20:00:25,Thyroid Profile,Endocrinology,Normal,,Normal,1099.81,False
BATCH-20260925-006,LAB-000156859,PAT-0011190,ADM-00052383,DOC-00029,2026-09-27 08:45:58,Liver Function Test,Biochemistry,Abnormal,,Abnormal,1398.45,True
BATCH-20260925-006,LAB-000156860,PAT-0009749,ADM-00052384,DOC-00094,2026-09-29 20:43:55,Troponin,Cardiac,Normal,,Normal,1323.93,False
BATCH-20260925-006,LAB-000156861,PAT-0009749,ADM-00052384,DOC-00094,2026-09-27 15:01:04,Thyroid Profile,Endocrinology,Abnormal,,Abnormal,1130.41,True
BATCH-20260925-006,LAB-000156862,PAT-0009749,ADM-00052384,DOC-00094,2026-09-30 00:01:33,Complete Blood Count,Hematology,Abnormal,,Abnormal,644.04,True
BATCH-20260925-006,LAB-000156863,PAT-0009749,ADM-00052384,DOC-00094,2026-09-27 13:53:31,Kidney Function Test,Biochemistry,Normal,,Normal,1039.15,False
BATCH-20260925-006,LAB-000156864,PAT-0009749,ADM-00052384,DOC-00094,2026-09-25 10:28:22,Complete Blood Count,Hematology,Abnormal,,Abnormal,756.61,True
BATCH-20260925-006,LAB-000156865,PAT-0024226,ADM-00052385,DOC-00100,2026-10-02 07:14:35,Troponin,Cardiac,Normal,,Normal,1444.7,False
BATCH-20260925-006,LAB-000156866,PAT-0011277,ADM-00052386,DOC-00048,2026-09-28 03:12:46,Liver Function Test,Biochemistry,Normal,,Normal,1150.19,False
BATCH-20260925-006,LAB-000156867,PAT-0011277,ADM-00052386,DOC-00048,2026-10-04 20:22:43,Complete Blood Count,Hematology,Normal,,Normal,719.35,False
BATCH-20260925-006,LAB-000156868,PAT-0017500,ADM-00052387,DOC-00139,2026-09-25 23:20:25,Complete Blood Count,Hematology,Normal,,Normal,757.23,False
BATCH-20260925-006,LAB-000156869,PAT-0017500,ADM-00052387,DOC-00139,2026-09-26 00:36:49,Complete Blood Count,Hematology,Abnormal,,Abnormal,609.64,True
BATCH-20260925-006,LAB-000156870,PAT-0017500,ADM-00052387,DOC-00139,2026-09-25 16:44:05,Blood Glucose,Biochemistry,Normal,,Normal,314.69,False
BATCH-20260925-006,LAB-000156871,PAT-0017500,ADM-00052387,DOC-00139,2026-09-26 02:51:47,Urine Routine,Pathology,Normal,,Normal,356.25,False
BATCH-20260925-006,LAB-000156872,PAT-0017500,ADM-00052387,DOC-00139,2026-09-25 23:54:17,Urine Routine,Pathology,Normal,,Normal,385.45,False
BATCH-20260925-006,LAB-000156873,PAT-0003878,ADM-00052388,DOC-00001,2026-09-26 18:00:45,Kidney Function Test,Biochemistry,Abnormal,,Abnormal,1297.41,True
BATCH-20260925-006,LAB-000156874,PAT-0003878,ADM-00052388,DOC-00001,2026-09-26 22:27:13,Lipid Profile,Biochemistry,Normal,,Normal,1061.23,False
BATCH-20260925-006,LAB-000156875,PAT-0003878,ADM-00052388,DOC-00001,2026-09-26 09:24:32,Lipid Profile,Biochemistry,Normal,,Normal,980.58,False
BATCH-20260925-006,LAB-000156876,PAT-0003878,ADM-00052388,DOC-00001,2026-09-25 12:36:51,Complete Blood Count,Hematology,Normal,,Normal,634.37,False
BATCH-20260925-006,LAB-000156877,PAT-0019793,ADM-00052389,DOC-00066,2026-09-25 07:23:53,Urine Routine,Pathology,Abnormal,,Abnormal,383.08,True
BATCH-20260925-006,LAB-000156878,PAT-0000577,ADM-00052390,DOC-00029,2026-09-30 02:26:43,Troponin,Cardiac,Normal,,Normal,1390.84,False
BATCH-20260925-006,LAB-000156879,PAT-0000577,ADM-00052390,DOC-00029,2026-09-27 20:50:42,Blood Glucose,Biochemistry,Normal,,Normal,337.97,False
BATCH-20260925-006,LAB-000156880,PAT-0008265,ADM-00052391,DOC-00071,2026-09-29 23:45:33,Lipid Profile,Biochemistry,Normal,,Normal,969.86,False
BATCH-20260925-006,LAB-000156881,PAT-0008265,ADM-00052391,DOC-00071,2026-09-27 02:10:30,Thyroid Profile,Endocrinology,Abnormal,,Abnormal,1059.81,True
BATCH-20260925-006,LAB-000156882,PAT-0008265,ADM-00052391,DOC-00071,2026-09-28 04:43:25,Thyroid Profile,Endocrinology,Abnormal,,Abnormal,1064.76,True
BATCH-20260925-006,LAB-000156883,PAT-0016831,ADM-00052392,DOC-00052,2026-09-25 23:00:19,Liver Function Test,Biochemistry,Normal,,Normal,1088.31,False
BATCH-20260925-006,LAB-000156884,PAT-0016831,ADM-00052392,DOC-00052,2026-09-25 10:23:26,Kidney Function Test,Biochemistry,Normal,,Normal,1083.11,False
BATCH-20260925-006,LAB-000156885,PAT-0005216,ADM-00052393,DOC-00134,2026-09-26 03:44:11,Complete Blood Count,Hematology,Normal,,Normal,621.47,False
BATCH-20260925-006,LAB-000156886,PAT-0005216,ADM-00052393,DOC-00134,2026-09-30 02:52:51,Complete Blood Count,Hematology,Normal,,Normal,760.49,False
BATCH-20260925-006,LAB-000156887,PAT-0005216,ADM-00052393,DOC-00134,2026-09-30 17:24:34,Urine Routine,Pathology,Normal,,Normal,347.12,False
BATCH-20260925-006,LAB-000156888,PAT-0005216,ADM-00052393,DOC-00134,2026-09-29 08:35:25,Blood Glucose,Biochemistry,Normal,,Normal,296.79,False
BATCH-20260925-006,LAB-000156889,PAT-0003596,ADM-00052394,DOC-00134,2026-09-28 15:03:23,Thyroid Profile,Endocrinology,Normal,,Normal,1003.31,False
BATCH-20260925-006,LAB-000156890,PAT-0003596,ADM-00052394,DOC-00134,2026-09-27 01:12:07,Urine Routine,Pathology,Normal,,Normal,402.16,False
BATCH-20260925-006,LAB-000156891,PAT-0003596,ADM-00052394,DOC-00134,2026-09-28 17:39:54,Thyroid Profile,Endocrinology,Normal,,Normal,1090.78,False
BATCH-20260925-006,LAB-000156892,PAT-0003596,ADM-00052394,DOC-00134,2026-09-27 06:10:31,Thyroid Profile,Endocrinology,Normal,,Normal,1175.7,False
BATCH-20260925-006,LAB-000156893,PAT-0017762,ADM-00052395,DOC-00001,2026-09-25 10:48:38,Lipid Profile,Biochemistry,Abnormal,,Abnormal,1079.91,True
BATCH-20260925-006,LAB-000156894,PAT-0017762,ADM-00052395,DOC-00001,2026-09-26 00:50:24,Troponin,Cardiac,Normal,,Normal,1308.02,False
BATCH-20260925-006,LAB-000156895,PAT-0017762,ADM-00052395,DOC-00001,2026-09-26 06:39:48,Thyroid Profile,Endocrinology,Normal,,Normal,979.97,False
BATCH-20260925-006,LAB-000156896,PAT-0017762,ADM-00052395,DOC-00001,2026-09-25 10:09:59,Liver Function Test,Biochemistry,Normal,,Normal,1222.31,False
BATCH-20260925-006,LAB-000156897,PAT-0018029,ADM-00052396,DOC-00066,2026-09-28 02:21:02,Liver Function Test,Biochemistry,Normal,,Normal,1250.43,False
BATCH-20260925-006,LAB-000156898,PAT-0018029,ADM-00052396,DOC-00066,2026-09-28 16:36:16,Complete Blood Count,Hematology,Normal,,Normal,679.4,False
BATCH-20260925-006,LAB-000156899,PAT-0018029,ADM-00052396,DOC-00066,2026-09-25 22:56:13,Troponin,Cardiac,Normal,,Normal,1455.84,False
BATCH-20260925-006,LAB-000156900,PAT-0006952,ADM-00052397,DOC-00067,2026-09-26 04:39:59,Complete Blood Count,Hematology,Normal,,Normal,600.51,False
BATCH-20260925-006,LAB-000156901,PAT-0006952,ADM-00052397,DOC-00067,2026-09-26 20:58:39,Thyroid Profile,Endocrinology,Normal,,Normal,972.23,False
BATCH-20260925-006,LAB-000156902,PAT-0006952,ADM-00052397,DOC-00067,2026-09-27 15:01:33,Thyroid Profile,Endocrinology,Normal,,Normal,1074.71,False
BATCH-20260925-006,LAB-000156903,PAT-0006952,ADM-00052397,DOC-00067,2026-09-28 16:43:31,Blood Glucose,Biochemistry,Normal,,Normal,288.48,False
BATCH-20260925-006,LAB-000156904,PAT-0006952,ADM-00052397,DOC-00067,2026-09-28 10:31:15,Thyroid Profile,Endocrinology,Normal,,Normal,969.8,False
BATCH-20260925-006,LAB-000156905,PAT-0009562,ADM-00052398,DOC-00114,2026-09-30 02:05:41,Lipid Profile,Biochemistry,Normal,,Normal,1027.45,False
BATCH-20260925-006,LAB-000156906,PAT-0009562,ADM-00052398,DOC-00114,2026-09-29 22:28:49,Lipid Profile,Biochemistry,Normal,,Normal,833.69,False
BATCH-20260925-006,LAB-000156907,PAT-0009562,ADM-00052398,DOC-00114,2026-10-01 05:22:40,Troponin,Cardiac,Normal,,Normal,1618.08,False
BATCH-20260925-006,LAB-000156908,PAT-0018136,ADM-00052399,DOC-00105,2026-09-26 06:15:33,Blood Glucose,Biochemistry,Normal,,Normal,347.39,False
BATCH-20260925-006,LAB-000156909,PAT-0018136,ADM-00052399,DOC-00105,2026-09-26 03:47:26,Lipid Profile,Biochemistry,Normal,,Normal,849.97,False
BATCH-20260925-006,LAB-000156910,PAT-0018136,ADM-00052399,DOC-00105,2026-09-25 19:19:36,Urine Routine,Pathology,Normal,,Normal,365.71,False
BATCH-20260925-006,LAB-000156911,PAT-0018417,ADM-00052400,DOC-00067,2026-09-25 08:23:15,Blood Glucose,Biochemistry,Abnormal,,Abnormal,272.26,True
BATCH-20260925-006,LAB-000156912,PAT-0018417,ADM-00052400,DOC-00067,2026-09-26 00:38:48,Kidney Function Test,Biochemistry,Normal,,Normal,1150.29,False
BATCH-20260925-006,LAB-000156913,PAT-0018417,ADM-00052400,DOC-00067,2026-09-27 00:22:26,Urine Routine,Pathology,Abnormal,,Abnormal,386.37,True
BATCH-20260925-006,LAB-000156914,PAT-0018417,ADM-00052400,DOC-00067,2026-09-25 07:08:42,Liver Function Test,Biochemistry,Normal,,Normal,1322.89,False
BATCH-20260925-006,LAB-000156915,PAT-0012227,ADM-00052401,DOC-00007,2026-09-27 07:26:49,Complete Blood Count,Hematology,Normal,,Normal,702.12,False
BATCH-20260925-006,LAB-000156916,PAT-0012227,ADM-00052401,DOC-00007,2026-09-30 14:28:20,Kidney Function Test,Biochemistry,Normal,,Normal,1069.13,False
BATCH-20260925-006,LAB-000156917,PAT-0012227,ADM-00052401,DOC-00007,2026-09-30 22:02:11,Kidney Function Test,Biochemistry,Normal,,Normal,1169.62,False
BATCH-20260925-006,LAB-000156918,PAT-0003914,ADM-00052402,DOC-00079,2026-09-26 09:29:15,Thyroid Profile,Endocrinology,Normal,,Normal,1174.95,False
BATCH-20260925-006,LAB-000156919,PAT-0003914,ADM-00052402,DOC-00079,2026-09-25 19:27:30,Thyroid Profile,Endocrinology,Normal,,Normal,908.48,False
BATCH-20260925-006,LAB-000156920,PAT-0003914,ADM-00052402,DOC-00079,2026-09-26 07:37:28,Blood Glucose,Biochemistry,Normal,,Normal,286.38,False
BATCH-20260925-006,LAB-000156921,PAT-0003914,ADM-00052402,DOC-00079,2026-09-26 05:13:25,Lipid Profile,Biochemistry,Normal,,Normal,876.62,False
BATCH-20260925-006,LAB-000156922,PAT-0003914,ADM-00052402,DOC-00079,2026-09-26 01:26:59,Urine Routine,Pathology,Abnormal,,Abnormal,365.36,True
BATCH-20260925-006,LAB-000156923,PAT-0015409,ADM-00052403,DOC-00011,2026-09-26 08:26:27,Complete Blood Count,Hematology,Normal,,Normal,713.55,False
BATCH-20260925-006,LAB-000156924,PAT-0015409,ADM-00052403,DOC-00011,2026-09-27 12:52:56,Kidney Function Test,Biochemistry,Normal,,Normal,1086.36,False
BATCH-20260925-006,LAB-000156925,PAT-0015409,ADM-00052403,DOC-00011,2026-09-25 21:51:53,Urine Routine,Pathology,Abnormal,,Abnormal,331.88,True
BATCH-20260925-006,LAB-000156926,PAT-0015409,ADM-00052403,DOC-00011,2026-09-28 02:34:37,Urine Routine,Pathology,Normal,,Normal,398.06,False
BATCH-20260925-006,LAB-000156927,PAT-0010021,ADM-00052404,DOC-00028,2026-09-30 19:41:08,Urine Routine,Pathology,Normal,,Normal,346.02,False
BATCH-20260925-006,LAB-000156928,PAT-0010021,ADM-00052404,DOC-00028,2026-09-29 22:50:06,Complete Blood Count,Hematology,Abnormal,,Abnormal,682.5,True
BATCH-20260925-006,LAB-000156929,PAT-0010021,ADM-00052404,DOC-00028,2026-09-28 21:27:50,Complete Blood Count,Hematology,Normal,,Normal,621.16,False
BATCH-20260925-006,LAB-000156930,PAT-0010021,ADM-00052404,DOC-00028,2026-09-27 21:06:51,Lipid Profile,Biochemistry,Normal,,Normal,1066.63,False
BATCH-20260925-006,LAB-000156931,PAT-0002826,ADM-00052405,DOC-00030,2026-09-30 02:48:09,Complete Blood Count,Hematology,Normal,,Normal,775.61,False
BATCH-20260925-006,LAB-000156932,PAT-0002826,ADM-00052405,DOC-00030,2026-09-25 20:08:49,Liver Function Test,Biochemistry,Normal,,Normal,1150.12,False
BATCH-20260925-006,LAB-000156933,PAT-0002826,ADM-00052405,DOC-00030,2026-09-30 12:52:02,Troponin,Cardiac,Normal,,Normal,1468.21,False
BATCH-20260925-006,LAB-000156934,PAT-0002826,ADM-00052405,DOC-00030,2026-09-30 20:24:09,Troponin,Cardiac,Normal,,Normal,1506.55,False
BATCH-20260925-006,LAB-000156935,PAT-0023232,ADM-00052406,DOC-00124,2026-09-25 19:55:42,Blood Glucose,Biochemistry,Normal,,Normal,323.38,False
BATCH-20260925-006,LAB-000156936,PAT-0023232,ADM-00052406,DOC-00124,2026-09-25 13:52:20,Lipid Profile,Biochemistry,Normal,,Normal,890.75,False
BATCH-20260925-006,LAB-000156937,PAT-0023232,ADM-00052406,DOC-00124,2026-09-25 14:06:55,Troponin,Cardiac,Normal,,Normal,1472.63,False
BATCH-20260925-006,LAB-000156938,PAT-0023232,ADM-00052406,DOC-00124,2026-09-26 20:56:54,Kidney Function Test,Biochemistry,Normal,,Normal,1123.19,False
BATCH-20260925-006,LAB-000156939,PAT-0022966,ADM-00052407,DOC-00140,2026-09-27 19:36:34,Liver Function Test,Biochemistry,Normal,,Normal,1257.71,False
BATCH-20260925-006,LAB-000156940,PAT-0022966,ADM-00052407,DOC-00140,2026-09-28 14:46:26,Troponin,Cardiac,Normal,,Normal,1348.2,False
BATCH-20260925-006,LAB-000156941,PAT-0022966,ADM-00052407,DOC-00140,2026-09-26 05:38:57,Blood Glucose,Biochemistry,Normal,,Normal,352.87,False
BATCH-20260925-006,LAB-000156942,PAT-0022966,ADM-00052407,DOC-00140,2026-09-26 02:28:34,Liver Function Test,Biochemistry,Normal,,Normal,1304.49,False
BATCH-20260925-006,LAB-000156943,PAT-0022966,ADM-00052407,DOC-00140,2026-09-27 09:56:09,Liver Function Test,Biochemistry,Normal,,Normal,1345.42,False
BATCH-20260925-006,LAB-000156944,PAT-0000976,ADM-00052408,DOC-00099,2026-09-27 00:10:54,Urine Routine,Pathology,Abnormal,,Abnormal,349.21,True
BATCH-20260925-006,LAB-000156945,PAT-0000976,ADM-00052408,DOC-00099,2026-09-26 01:13:07,Blood Glucose,Biochemistry,Abnormal,,Abnormal,349.97,True
BATCH-20260925-006,LAB-000156946,PAT-0000976,ADM-00052408,DOC-00099,2026-09-28 08:13:40,Urine Routine,Pathology,Normal,,Normal,377.79,False
BATCH-20260925-006,LAB-000156947,PAT-0000976,ADM-00052408,DOC-00099,2026-09-26 15:58:44,Troponin,Cardiac,Normal,,Normal,1528.94,False
BATCH-20260925-006,LAB-000156948,PAT-0025505,ADM-00052409,DOC-00105,2026-09-26 11:30:01,Complete Blood Count,Hematology,Normal,,Normal,665.11,False
BATCH-20260925-006,LAB-000156949,PAT-0011759,ADM-00052410,DOC-00096,2026-09-25 23:59:28,Troponin,Cardiac,Normal,,Normal,1500.91,False
BATCH-20260925-006,LAB-000156950,PAT-0017823,ADM-00052411,DOC-00109,2026-10-04 10:33:09,Liver Function Test,Biochemistry,Normal,,Normal,1111.66,False
BATCH-20260925-006,LAB-000156951,PAT-0017823,ADM-00052411,DOC-00109,2026-10-01 03:56:11,Lipid Profile,Biochemistry,Abnormal,,Abnormal,1049.79,True
BATCH-20260925-006,LAB-000156952,PAT-0017823,ADM-00052411,DOC-00109,2026-09-28 08:11:12,Blood Glucose,Biochemistry,Normal,,Normal,335.49,False
BATCH-20260925-006,LAB-000156953,PAT-0017823,ADM-00052411,DOC-00109,2026-10-04 10:34:32,Troponin,Cardiac,Normal,,Normal,1652.17,False
BATCH-20260925-006,LAB-000156954,PAT-0012024,ADM-00052412,DOC-00100,2026-09-26 10:50:17,Thyroid Profile,Endocrinology,Abnormal,,Abnormal,1188.62,True
BATCH-20260925-006,LAB-000156955,PAT-0019202,ADM-00052413,DOC-00004,2026-09-28 11:59:20,Troponin,Cardiac,Normal,,Normal,1388.44,False
BATCH-20260925-006,LAB-000156956,PAT-0019202,ADM-00052413,DOC-00004,2026-09-28 06:22:34,Lipid Profile,Biochemistry,Normal,,Normal,988.09,False
BATCH-20260925-006,LAB-000156957,PAT-0019202,ADM-00052413,DOC-00004,2026-10-05 15:22:54,Lipid Profile,Biochemistry,Normal,,Normal,993.09,False
BATCH-20260925-006,LAB-000156958,PAT-0019202,ADM-00052413,DOC-00004,2026-09-25 09:18:02,Kidney Function Test,Biochemistry,Normal,,Normal,1089.94,False
BATCH-20260925-006,LAB-000156959,PAT-0012033,ADM-00052414,DOC-00031,2026-09-27 15:33:15,Liver Function Test,Biochemistry,Normal,,Normal,1315.93,False
BATCH-20260925-006,LAB-000156960,PAT-0012033,ADM-00052414,DOC-00031,2026-09-26 01:17:34,Liver Function Test,Biochemistry,Abnormal,,Abnormal,1327.06,True
BATCH-20260925-006,LAB-000156961,PAT-0000589,ADM-00052415,DOC-00036,2026-09-28 09:32:15,Complete Blood Count,Hematology,Abnormal,,Abnormal,671.87,True
BATCH-20260925-006,LAB-000156962,PAT-0008443,ADM-00052416,DOC-00112,2026-09-26 14:13:59,Kidney Function Test,Biochemistry,Normal,,Normal,1318.2,False
BATCH-20260925-006,LAB-000156963,PAT-0008443,ADM-00052416,DOC-00112,2026-09-27 23:59:15,Complete Blood Count,Hematology,Normal,,Normal,738.63,False
BATCH-20260925-006,LAB-000156964,PAT-0008443,ADM-00052416,DOC-00112,2026-09-25 15:16:52,Kidney Function Test,Biochemistry,Abnormal,,Abnormal,1150.38,True
BATCH-20260925-006,LAB-000156965,PAT-0008443,ADM-00052416,DOC-00112,2026-09-28 19:39:52,Lipid Profile,Biochemistry,Normal,,Normal,1007.41,False
BATCH-20260925-006,LAB-000156966,PAT-0008443,ADM-00052416,DOC-00112,2026-09-28 20:18:25,Thyroid Profile,Endocrinology,Normal,,Normal,920.16,False
BATCH-20260925-006,LAB-000156967,PAT-0020014,ADM-00052417,DOC-00054,2026-09-27 10:01:02,Troponin,Cardiac,Normal,,Normal,1495.72,False
BATCH-20260925-006,LAB-000156968,PAT-0020014,ADM-00052417,DOC-00054,2026-09-27 18:34:29,Troponin,Cardiac,Normal,,Normal,1665.17,False
BATCH-20260925-006,LAB-000156969,PAT-0020014,ADM-00052417,DOC-00054,2026-10-01 21:13:51,Troponin,Cardiac,Normal,,Normal,1511.32,False
BATCH-20260925-006,LAB-000156970,PAT-0020014,ADM-00052417,DOC-00054,2026-09-26 19:32:55,Lipid Profile,Biochemistry,Abnormal,,Abnormal,1060.94,True
BATCH-20260925-006,LAB-000156971,PAT-0020014,ADM-00052417,DOC-00054,2026-10-01 04:39:06,Thyroid Profile,Endocrinology,Abnormal,,Abnormal,1094.78,True
BATCH-20260925-006,LAB-000156972,PAT-0004957,ADM-00052418,DOC-00145,2026-09-25 22:26:08,Kidney Function Test,Biochemistry,Abnormal,,Abnormal,1279.66,True
BATCH-20260925-006,LAB-000156973,PAT-0004957,ADM-00052418,DOC-00145,2026-09-26 13:47:50,Kidney Function Test,Biochemistry,Abnormal,,Abnormal,1233.2,True
BATCH-20260925-006,LAB-000156974,PAT-0004957,ADM-00052418,DOC-00145,2026-09-27 15:51:37,Urine Routine,Pathology,Abnormal,,Abnormal,413.11,True
BATCH-20260925-006,LAB-000156975,PAT-0004957,ADM-00052418,DOC-00145,2026-09-26 21:07:35,Troponin,Cardiac,Abnormal,,Abnormal,1510.52,True
BATCH-20260925-006,LAB-000156976,PAT-0018653,ADM-00052419,DOC-00065,2026-09-26 09:34:36,Liver Function Test,Biochemistry,Normal,,Normal,1391.34,False
BATCH-20260925-006,LAB-000156977,PAT-0018653,ADM-00052419,DOC-00065,2026-09-25 13:33:36,Thyroid Profile,Endocrinology,Normal,,Normal,1193.22,False
BATCH-20260925-006,LAB-000156978,PAT-0018653,ADM-00052419,DOC-00065,2026-09-26 01:59:46,Blood Glucose,Biochemistry,Abnormal,,Abnormal,279.58,True
BATCH-20260925-006,LAB-000156979,PAT-0019992,ADM-00052420,DOC-00059,2026-09-29 14:10:21,Blood Glucose,Biochemistry,Normal,,Normal,314.37,False
BATCH-20260925-006,LAB-000156980,PAT-0019992,ADM-00052420,DOC-00059,2026-09-29 04:11:21,Urine Routine,Pathology,Normal,,Normal,405.72,False
BATCH-20260925-006,LAB-000156981,PAT-0005757,ADM-00052421,DOC-00107,2026-09-27 10:16:38,Troponin,Cardiac,Abnormal,,Abnormal,1451.39,True
