batch_id,lab_test_id,patient_id,admission_id,doctor_id,test_date,test_name,test_category,result_value,result_unit,result_status,test_cost,abnormal_flag
BATCH-20260925-004,LAB-000154485,PAT-0020688,ADM-00051594,DOC-00046,2026-09-28 04:53:52,Thyroid Profile,Endocrinology,Normal,,Normal,1162.0,False
BATCH-20260925-004,LAB-000154486,PAT-0020688,ADM-00051594,DOC-00046,2026-09-29 07:25:58,Troponin,Cardiac,Normal,,Normal,1331.43,False
BATCH-20260925-004,LAB-000154487,PAT-0020688,ADM-00051594,DOC-00046,2026-09-26 21:11:36,Complete Blood Count,Hematology,Abnormal,,Abnormal,740.97,True
BATCH-20260925-004,LAB-000154488,PAT-0017470,ADM-00051595,DOC-00149,2026-10-02 17:09:42,Blood Glucose,Biochemistry,Normal,,Normal,344.15,False
BATCH-20260925-004,LAB-000154489,PAT-0017470,ADM-00051595,DOC-00149,2026-09-26 04:00:52,Liver Function Test,Biochemistry,Normal,,Normal,1101.37,False
BATCH-20260925-004,LAB-000154490,PAT-0017470,ADM-00051595,DOC-00149,2026-09-28 12:57:25,Urine Routine,Pathology,Normal,,Normal,324.94,False
BATCH-20260925-004,LAB-000154491,PAT-0017470,ADM-00051595,DOC-00149,2026-10-02 00:10:37,Lipid Profile,Biochemistry,Normal,,Normal,855.24,False
BATCH-20260925-004,LAB-000154492,PAT-0017470,ADM-00051595,DOC-00149,2026-09-26 23:11:38,Kidney Function Test,Biochemistry,Normal,,Normal,1299.52,False
BATCH-20260925-004,LAB-000154493,PAT-0006925,ADM-00051596,DOC-00134,2026-09-28 21:16:36,Liver Function Test,Biochemistry,Normal,,Normal,1226.24,False
BATCH-20260925-004,LAB-000154494,PAT-0006925,ADM-00051596,DOC-00134,2026-09-25 13:50:20,Blood Glucose,Biochemistry,Normal,,Normal,339.63,False
BATCH-20260925-004,LAB-000154495,PAT-0014480,ADM-00051597,DOC-00109,2026-09-25 20:33:46,Blood Glucose,Biochemistry,Normal,,Normal,286.43,False
BATCH-20260925-004,LAB-000154496,PAT-0014480,ADM-00051597,DOC-00109,2026-09-25 14:03:38,Blood Glucose,Biochemistry,Normal,,Normal,273.85,False
BATCH-20260925-004,LAB-000154497,PAT-0014480,ADM-00051597,DOC-00109,2026-09-26 07:33:44,Complete Blood Count,Hematology,Normal,,Normal,620.04,False
BATCH-20260925-004,LAB-000154498,PAT-0011290,ADM-00051598,DOC-00042,2026-09-28 03:31:24,Thyroid Profile,Endocrinology,Abnormal,,Abnormal,1186.3,True
BATCH-20260925-004,LAB-000154499,PAT-0004821,ADM-00051599,DOC-00059,2026-09-25 06:56:18,Kidney Function Test,Biochemistry,Normal,,Normal,1206.3,False
BATCH-20260925-004,LAB-000154500,PAT-0004821,ADM-00051599,DOC-00059,2026-09-26 00:10:40,Liver Function Test,Biochemistry,Normal,,Normal,1117.89,False
BATCH-20260925-004,LAB-000154501,PAT-0004821,ADM-00051599,DOC-00059,2026-09-25 06:57:20,Blood Glucose,Biochemistry,Normal,,Normal,295.49,False
BATCH-20260925-004,LAB-000154502,PAT-0023866,ADM-00051600,DOC-00146,2026-09-29 10:00:09,Liver Function Test,Biochemistry,Normal,,Normal,1361.63,False
BATCH-20260925-004,LAB-000154503,PAT-0022432,ADM-00051601,DOC-00053,2026-09-30 15:02:03,Complete Blood Count,Hematology,Normal,,Normal,747.42,False
BATCH-20260925-004,LAB-000154504,PAT-0022432,ADM-00051601,DOC-00053,2026-09-29 01:53:47,Kidney Function Test,Biochemistry,Normal,,Normal,1058.74,False
BATCH-20260925-004,LAB-000154505,PAT-0022432,ADM-00051601,DOC-00053,2026-09-27 21:28:17,Thyroid Profile,Endocrinology,Normal,,Normal,1017.15,False
BATCH-20260925-004,LAB-000154506,PAT-0016059,ADM-00051602,DOC-00116,2026-09-26 14:06:35,Thyroid Profile,Endocrinology,Normal,,Normal,1035.53,False
BATCH-20260925-004,LAB-000154507,PAT-0016059,ADM-00051602,DOC-00116,2026-09-26 16:48:31,Kidney Function Test,Biochemistry,Normal,,Normal,1103.78,False
BATCH-20260925-004,LAB-000154508,PAT-0016059,ADM-00051602,DOC-00116,2026-09-26 05:56:37,Troponin,Cardiac,Normal,,Normal,1491.37,False
BATCH-20260925-004,LAB-000154509,PAT-0016059,ADM-00051602,DOC-00116,2026-09-26 11:45:52,Thyroid Profile,Endocrinology,Normal,,Normal,920.77,False
BATCH-20260925-004,LAB-000154510,PAT-0009475,ADM-00051603,DOC-00083,2026-09-25 19:03:03,Thyroid Profile,Endocrinology,Normal,,Normal,1030.72,False
BATCH-20260925-004,LAB-000154511,PAT-0009475,ADM-00051603,DOC-00083,2026-09-27 20:37:44,Complete Blood Count,Hematology,Normal,,Normal,611.15,False
BATCH-20260925-004,LAB-000154512,PAT-0009475,ADM-00051603,DOC-00083,2026-09-30 07:52:18,Liver Function Test,Biochemistry,Normal,,Normal,1218.21,False
BATCH-20260925-004,LAB-000154513,PAT-0009475,ADM-00051603,DOC-00083,2026-09-28 06:16:58,Troponin,Cardiac,Normal,,Normal,1553.92,False
BATCH-20260925-004,LAB-000154514,PAT-0009475,ADM-00051603,DOC-00083,2026-09-27 10:41:59,Urine Routine,Pathology,Normal,,Normal,393.46,False
BATCH-20260925-004,LAB-000154515,PAT-0001140,ADM-00051604,DOC-00096,2026-09-28 06:00:04,Urine Routine,Pathology,Normal,,Normal,362.14,False
BATCH-20260925-004,LAB-000154516,PAT-0001140,ADM-00051604,DOC-00096,2026-09-29 18:34:17,Lipid Profile,Biochemistry,Normal,,Normal,937.45,False
BATCH-20260925-004,LAB-000154517,PAT-0001140,ADM-00051604,DOC-00096,2026-09-27 10:03:43,Thyroid Profile,Endocrinology,Abnormal,,Abnormal,1049.43,True
BATCH-20260925-004,LAB-000154518,PAT-0001140,ADM-00051604,DOC-00096,2026-09-26 06:35:42,Lipid Profile,Biochemistry,Abnormal,,Abnormal,1072.53,True
BATCH-20260925-004,LAB-000154519,PAT-0001335,ADM-00051605,DOC-00085,2026-09-26 20:46:12,Troponin,Cardiac,Normal,,Normal,1313.76,False
BATCH-20260925-004,LAB-000154520,PAT-0001335,ADM-00051605,DOC-00085,2026-09-27 04:42:11,Urine Routine,Pathology,Abnormal,,Abnormal,403.74,True
BATCH-20260925-004,LAB-000154521,PAT-0020608,ADM-00051606,DOC-00054,2026-10-01 03:03:32,Thyroid Profile,Endocrinology,Normal,,Normal,905.81,False
BATCH-20260925-004,LAB-000154522,PAT-0020608,ADM-00051606,DOC-00054,2026-10-02 10:27:39,Complete Blood Count,Hematology,Normal,,Normal,602.41,False
BATCH-20260925-004,LAB-000154523,PAT-0006898,ADM-00051607,DOC-00132,2026-09-28 04:55:44,Liver Function Test,Biochemistry,Abnormal,,Abnormal,1309.28,True
BATCH-20260925-004,LAB-000154524,PAT-0006898,ADM-00051607,DOC-00132,2026-09-26 22:17:48,Blood Glucose,Biochemistry,Abnormal,,Abnormal,356.49,True
BATCH-20260925-004,LAB-000154525,PAT-0016764,ADM-00051608,DOC-00079,2026-10-02 11:02:36,Liver Function Test,Biochemistry,Normal,,Normal,1435.46,False
BATCH-20260925-004,LAB-000154526,PAT-0016764,ADM-00051608,DOC-00079,2026-09-27 22:56:43,Lipid Profile,Biochemistry,Normal,,Normal,886.22,False
BATCH-20260925-004,LAB-000154527,PAT-0004270,ADM-00051609,DOC-00107,2026-09-30 16:36:00,Troponin,Cardiac,Abnormal,,Abnormal,1577.02,True
BATCH-20260925-004,LAB-000154528,PAT-0004270,ADM-00051609,DOC-00107,2026-09-27 01:49:09,Thyroid Profile,Endocrinology,Abnormal,,Abnormal,1128.97,True
BATCH-20260925-004,LAB-000154529,PAT-0004270,ADM-00051609,DOC-00107,2026-09-28 05:01:09,Kidney Function Test,Biochemistry,Abnormal,,Abnormal,1040.06,True
BATCH-20260925-004,LAB-000154530,PAT-0004270,ADM-00051609,DOC-00107,2026-09-25 08:45:12,Blood Glucose,Biochemistry,Abnormal,,Abnormal,299.23,True
BATCH-20260925-004,LAB-000154531,PAT-0004270,ADM-00051609,DOC-00107,2026-09-29 06:53:32,Troponin,Cardiac,Normal,,Normal,1612.08,False
BATCH-20260925-004,LAB-000154532,PAT-0000352,ADM-00051610,DOC-00026,2026-09-30 18:03:06,Lipid Profile,Biochemistry,Normal,,Normal,1009.97,False
BATCH-20260925-004,LAB-000154533,PAT-0023968,ADM-00051611,DOC-00088,2026-09-30 06:06:57,Blood Glucose,Biochemistry,Abnormal,,Abnormal,335.7,True
BATCH-20260925-004,LAB-000154534,PAT-0000275,ADM-00051612,DOC-00036,2026-09-30 06:11:59,Lipid Profile,Biochemistry,Abnormal,,Abnormal,992.57,True
BATCH-20260925-004,LAB-000154535,PAT-0000275,ADM-00051612,DOC-00036,2026-10-03 01:31:02,Liver Function Test,Biochemistry,Normal,,Normal,1135.21,False
BATCH-20260925-004,LAB-000154536,PAT-0000275,ADM-00051612,DOC-00036,2026-10-08 17:25:43,Thyroid Profile,Endocrinology,Abnormal,,Abnormal,1036.79,True
BATCH-20260925-004,LAB-000154537,PAT-0000275,ADM-00051612,DOC-00036,2026-10-06 06:39:28,Urine Routine,Pathology,Abnormal,,Abnormal,333.21,True
BATCH-20260925-004,LAB-000154538,PAT-0009326,ADM-00051613,DOC-00106,2026-09-27 07:37:28,Kidney Function Test,Biochemistry,Normal,,Normal,1084.36,False
BATCH-20260925-004,LAB-000154539,PAT-0009326,ADM-00051613,DOC-00106,2026-09-27 19:49:31,Liver Function Test,Biochemistry,Normal,,Normal,1170.69,False
BATCH-20260925-004,LAB-000154540,PAT-0009326,ADM-00051613,DOC-00106,2026-09-27 15:55:15,Thyroid Profile,Endocrinology,Abnormal,,Abnormal,1043.1,True
BATCH-20260925-004,LAB-000154541,PAT-0009326,ADM-00051613,DOC-00106,2026-09-26 07:30:35,Urine Routine,Pathology,Normal,,Normal,386.37,False
BATCH-20260925-004,LAB-000154542,PAT-0022182,ADM-00051614,DOC-00041,2026-09-30 04:12:09,Troponin,Cardiac,Normal,,Normal,1575.69,False
BATCH-20260925-004,LAB-000154543,PAT-0022182,ADM-00051614,DOC-00041,2026-09-29 01:11:23,Blood Glucose,Biochemistry,Normal,,Normal,358.48,False
BATCH-20260925-004,LAB-000154544,PAT-0022182,ADM-00051614,DOC-00041,2026-09-28 06:58:25,Complete Blood Count,Hematology,Abnormal,,Abnormal,688.03,True
BATCH-20260925-004,LAB-000154545,PAT-0023837,ADM-00051615,DOC-00121,2026-09-26 17:55:34,Thyroid Profile,Endocrinology,Normal,,Normal,1093.88,False
BATCH-20260925-004,LAB-000154546,PAT-0023837,ADM-00051615,DOC-00121,2026-09-25 20:48:03,Thyroid Profile,Endocrinology,Abnormal,,Abnormal,1019.26,True
BATCH-20260925-004,LAB-000154547,PAT-0023837,ADM-00051615,DOC-00121,2026-09-25 19:10:14,Complete Blood Count,Hematology,Normal,,Normal,673.37,False
BATCH-20260925-004,LAB-000154548,PAT-0023837,ADM-00051615,DOC-00121,2026-09-25 22:14:23,Urine Routine,Pathology,Normal,,Normal,376.61,False
BATCH-20260925-004,LAB-000154549,PAT-0022035,ADM-00051616,DOC-00133,2026-09-27 18:04:22,Kidney Function Test,Biochemistry,Abnormal,,Abnormal,1053.4,True
BATCH-20260925-004,LAB-000154550,PAT-0022035,ADM-00051616,DOC-00133,2026-09-26 20:31:38,Liver Function Test,Biochemistry,Abnormal,,Abnormal,1332.45,True
BATCH-20260925-004,LAB-000154551,PAT-0022035,ADM-00051616,DOC-00133,2026-09-27 11:43:11,Liver Function Test,Biochemistry,Normal,,Normal,1200.6,False
BATCH-20260925-004,LAB-000154552,PAT-0017687,ADM-00051617,DOC-00127,2026-09-25 21:31:43,Lipid Profile,Biochemistry,Normal,,Normal,927.36,False
BATCH-20260925-004,LAB-000154553,PAT-0017687,ADM-00051617,DOC-00127,2026-09-25 15:34:24,Liver Function Test,Biochemistry,Normal,,Normal,1088.75,False
BATCH-20260925-004,LAB-000154554,PAT-0017687,ADM-00051617,DOC-00127,2026-09-25 20:57:51,Liver Function Test,Biochemistry,Normal,,Normal,1436.48,False
BATCH-20260925-004,LAB-000154555,PAT-0009850,ADM-00051618,DOC-00103,2026-09-27 04:37:15,Kidney Function Test,Biochemistry,Normal,,Normal,1124.11,False
BATCH-20260925-004,LAB-000154556,PAT-0009850,ADM-00051618,DOC-00103,2026-09-27 21:17:32,Urine Routine,Pathology,Normal,,Normal,348.23,False
BATCH-20260925-004,LAB-000154557,PAT-0009850,ADM-00051618,DOC-00103,2026-09-26 07:44:29,Kidney Function Test,Biochemistry,Normal,,Normal,1025.74,False
BATCH-20260925-004,LAB-000154558,PAT-0024432,ADM-00051619,DOC-00024,2026-09-29 17:41:15,Kidney Function Test,Biochemistry,Normal,,Normal,1243.05,False
BATCH-20260925-004,LAB-000154559,PAT-0024432,ADM-00051619,DOC-00024,2026-09-30 14:13:10,Thyroid Profile,Endocrinology,Normal,,Normal,922.81,False
BATCH-20260925-004,LAB-000154560,PAT-0024432,ADM-00051619,DOC-00024,2026-10-01 07:04:55,Lipid Profile,Biochemistry,Abnormal,,Abnormal,1051.04,True
BATCH-20260925-004,LAB-000154561,PAT-0024432,ADM-00051619,DOC-00024,2026-09-30 20:11:27,Lipid Profile,Biochemistry,Abnormal,,Abnormal,960.85,True
BATCH-20260925-004,LAB-000154562,PAT-0024432,ADM-00051619,DOC-00024,2026-09-26 21:01:53,Kidney Function Test,Biochemistry,Normal,,Normal,1147.26,False
BATCH-20260925-004,LAB-000154563,PAT-0022017,ADM-00051620,DOC-00041,2026-09-29 01:59:39,Thyroid Profile,Endocrinology,Abnormal,,Abnormal,1043.0,True
BATCH-20260925-004,LAB-000154564,PAT-0005291,ADM-00051621,DOC-00107,2026-09-29 14:00:40,Liver Function Test,Biochemistry,Normal,,Normal,1282.71,False
BATCH-20260925-004,LAB-000154565,PAT-0024398,ADM-00051622,DOC-00048,2026-09-27 20:29:26,Troponin,Cardiac,Normal,,Normal,1557.11,False
BATCH-20260925-004,LAB-000154566,PAT-0024398,ADM-00051622,DOC-00048,2026-09-27 01:51:27,Liver Function Test,Biochemistry,Normal,,Normal,1086.85,False
BATCH-20260925-004,LAB-000154567,PAT-0024398,ADM-00051622,DOC-00048,2026-09-25 20:54:42,Blood Glucose,Biochemistry,Normal,,Normal,345.92,False
BATCH-20260925-004,LAB-000154568,PAT-0013869,ADM-00051623,DOC-00101,2026-09-29 16:53:55,Thyroid Profile,Endocrinology,Abnormal,,Abnormal,1054.3,True
BATCH-20260925-004,LAB-000154569,PAT-0010278,ADM-00051624,DOC-00005,2026-09-26 09:46:59,Kidney Function Test,Biochemistry,Normal,,Normal,1067.1,False
BATCH-20260925-004,LAB-000154570,PAT-0010278,ADM-00051624,DOC-00005,2026-09-25 12:25:15,Troponin,Cardiac,Normal,,Normal,1262.6,False
BATCH-20260925-004,LAB-000154571,PAT-0010278,ADM-00051624,DOC-00005,2026-09-25 14:58:42,Liver Function Test,Biochemistry,Normal,,Normal,1413.21,False
BATCH-20260925-004,LAB-000154572,PAT-0004443,ADM-00051625,DOC-00146,2026-09-28 11:04:54,Complete Blood Count,Hematology,Normal,,Normal,725.52,False
BATCH-20260925-004,LAB-000154573,PAT-0004443,ADM-00051625,DOC-00146,2026-09-27 20:22:19,Blood Glucose,Biochemistry,Normal,,Normal,283.83,False
BATCH-20260925-004,LAB-000154574,PAT-0004443,ADM-00051625,DOC-00146,2026-09-29 23:34:40,Complete Blood Count,Hematology,Normal,,Normal,732.11,False
BATCH-20260925-004,LAB-000154575,PAT-0024738,ADM-00051626,DOC-00100,2026-10-02 09:43:25,Troponin,Cardiac,Normal,,Normal,1278.24,False
BATCH-20260925-004,LAB-000154576,PAT-0010479,ADM-00051627,DOC-00048,2026-09-26 15:40:53,Lipid Profile,Biochemistry,Normal,,Normal,886.77,False
BATCH-20260925-004,LAB-000154577,PAT-0010479,ADM-00051627,DOC-00048,2026-09-26 10:42:50,Kidney Function Test,Biochemistry,Abnormal,,Abnormal,1150.46,True
BATCH-20260925-004,LAB-000154578,PAT-0010479,ADM-00051627,DOC-00048,2026-09-26 11:02:37,Lipid Profile,Biochemistry,Normal,,Normal,818.08,False
BATCH-20260925-004,LAB-000154579,PAT-0010479,ADM-00051627,DOC-00048,2026-09-26 13:07:45,Complete Blood Count,Hematology,Normal,,Normal,660.21,False
BATCH-20260925-004,LAB-000154580,PAT-0010479,ADM-00051627,DOC-00048,2026-09-25 21:22:45,Liver Function Test,Biochemistry,Normal,,Normal,1267.87,False
BATCH-20260925-004,LAB-000154581,PAT-0002937,ADM-00051628,DOC-00022,2026-09-30 20:55:23,Urine Routine,Pathology,Normal,,Normal,365.61,False
BATCH-20260925-004,LAB-000154582,PAT-0009733,ADM-00051629,DOC-00064,2026-09-27 01:26:51,Complete Blood Count,Hematology,Normal,,Normal,677.55,False
BATCH-20260925-004,LAB-000154583,PAT-0009733,ADM-00051629,DOC-00064,2026-09-27 17:27:04,Lipid Profile,Biochemistry,Normal,,Normal,896.21,False
BATCH-20260925-004,LAB-000154584,PAT-0016621,ADM-00051630,DOC-00063,2026-10-05 21:24:27,Kidney Function Test,Biochemistry,Abnormal,,Abnormal,1238.65,True
BATCH-20260925-004,LAB-000154585,PAT-0016621,ADM-00051630,DOC-00063,2026-09-30 03:10:52,Troponin,Cardiac,Normal,,Normal,1356.11,False
BATCH-20260925-004,LAB-000154586,PAT-0016621,ADM-00051630,DOC-00063,2026-09-26 06:23:06,Kidney Function Test,Biochemistry,Abnormal,,Abnormal,1270.43,True
BATCH-20260925-004,LAB-000154587,PAT-0016621,ADM-00051630,DOC-00063,2026-09-25 08:09:48,Blood Glucose,Biochemistry,Normal,,Normal,336.39,False
BATCH-20260925-004,LAB-000154588,PAT-0016621,ADM-00051630,DOC-00063,2026-09-30 12:17:50,Kidney Function Test,Biochemistry,Abnormal,,Abnormal,1302.11,True
BATCH-20260925-004,LAB-000154589,PAT-0008700,ADM-00051631,DOC-00092,2026-10-01 12:47:24,Thyroid Profile,Endocrinology,Normal,,Normal,1078.89,False
BATCH-20260925-004,LAB-000154590,PAT-0008700,ADM-00051631,DOC-00092,2026-09-28 18:45:10,Complete Blood Count,Hematology,Normal,,Normal,720.56,False
BATCH-20260925-004,LAB-000154591,PAT-0008700,ADM-00051631,DOC-00092,2026-09-29 18:41:19,Kidney Function Test,Biochemistry,Abnormal,,Abnormal,1170.25,True
BATCH-20260925-004,LAB-000154592,PAT-0006189,ADM-00051632,DOC-00072,2026-09-27 11:07:53,Blood Glucose,Biochemistry,Normal,,Normal,342.39,False
BATCH-20260925-004,LAB-000154593,PAT-0016296,ADM-00051633,DOC-00122,2026-09-26 21:02:26,Urine Routine,Pathology,Normal,,Normal,350.12,False
BATCH-20260925-004,LAB-000154594,PAT-0016296,ADM-00051633,DOC-00122,2026-09-29 02:58:27,Troponin,Cardiac,Normal,,Normal,1454.02,False
BATCH-20260925-004,LAB-000154595,PAT-0016141,ADM-00051634,DOC-00134,2026-09-27 16:22:42,Complete Blood Count,Hematology,Normal,,Normal,689.11,False
BATCH-20260925-004,LAB-000154596,PAT-0017752,ADM-00051635,DOC-00007,2026-10-02 20:13:23,Thyroid Profile,Endocrinology,Normal,,Normal,1010.76,False
BATCH-20260925-004,LAB-000154597,PAT-0017752,ADM-00051635,DOC-00007,2026-10-01 16:23:06,Kidney Function Test,Biochemistry,Normal,,Normal,1247.27,False
BATCH-20260925-004,LAB-000154598,PAT-0017752,ADM-00051635,DOC-00007,2026-09-29 19:17:37,Troponin,Cardiac,Normal,,Normal,1648.43,False
BATCH-20260925-004,LAB-000154599,PAT-0017752,ADM-00051635,DOC-00007,2026-10-02 01:25:09,Liver Function Test,Biochemistry,Normal,,Normal,1080.53,False
BATCH-20260925-004,LAB-000154600,PAT-0001905,ADM-00051636,DOC-00024,2026-09-27 10:23:05,Liver Function Test,Biochemistry,Normal,,Normal,1357.52,False
BATCH-20260925-004,LAB-000154601,PAT-0001905,ADM-00051636,DOC-00024,2026-09-28 05:36:14,Kidney Function Test,Biochemistry,Normal,,Normal,1238.45,False
BATCH-20260925-004,LAB-000154602,PAT-0001905,ADM-00051636,DOC-00024,2026-09-26 06:59:52,Lipid Profile,Biochemistry,Normal,,Normal,816.6,False
BATCH-20260925-004,LAB-000154603,PAT-0001905,ADM-00051636,DOC-00024,2026-09-28 07:32:41,Liver Function Test,Biochemistry,Abnormal,,Abnormal,1148.08,True
BATCH-20260925-004,LAB-000154604,PAT-0006538,ADM-00051637,DOC-00067,2026-09-25 10:32:10,Thyroid Profile,Endocrinology,Abnormal,,Abnormal,1131.48,True
BATCH-20260925-004,LAB-000154605,PAT-0019214,ADM-00051638,DOC-00139,2026-09-25 06:13:10,Liver Function Test,Biochemistry,Normal,,Normal,1432.22,False
BATCH-20260925-004,LAB-000154606,PAT-0019214,ADM-00051638,DOC-00139,2026-09-25 08:40:52,Kidney Function Test,Biochemistry,Normal,,Normal,1059.17,False
BATCH-20260925-004,LAB-000154607,PAT-0019214,ADM-00051638,DOC-00139,2026-09-25 16:31:26,Blood Glucose,Biochemistry,Normal,,Normal,348.54,False
BATCH-20260925-004,LAB-000154608,PAT-0019214,ADM-00051638,DOC-00139,2026-09-25 23:47:50,Lipid Profile,Biochemistry,Abnormal,,Abnormal,821.01,True
BATCH-20260925-004,LAB-000154609,PAT-0019214,ADM-00051638,DOC-00139,2026-09-26 03:04:04,Complete Blood Count,Hematology,Normal,,Normal,619.79,False
BATCH-20260925-004,LAB-000154610,PAT-0009686,ADM-00051639,DOC-00066,2026-09-25 18:30:09,Complete Blood Count,Hematology,Normal,,Normal,772.97,False
BATCH-20260925-004,LAB-000154611,PAT-0009686,ADM-00051639,DOC-00066,2026-09-26 03:03:15,Liver Function Test,Biochemistry,Abnormal,,Abnormal,1403.37,True
BATCH-20260925-004,LAB-000154612,PAT-0009686,ADM-00051639,DOC-00066,2026-09-25 17:40:57,Troponin,Cardiac,Normal,,Normal,1588.1,False
BATCH-20260925-004,LAB-000154613,PAT-0009686,ADM-00051639,DOC-00066,2026-09-25 13:59:03,Liver Function Test,Biochemistry,Normal,,Normal,1337.89,False
BATCH-20260925-004,LAB-000154614,PAT-0017252,ADM-00051640,DOC-00017,2026-09-26 02:28:31,Thyroid Profile,Endocrinology,Abnormal,,Abnormal,943.89,True
BATCH-20260925-004,LAB-000154615,PAT-0017252,ADM-00051640,DOC-00017,2026-09-28 11:47:26,Liver Function Test,Biochemistry,Normal,,Normal,1217.1,False
BATCH-20260925-004,LAB-000154616,PAT-0017252,ADM-00051640,DOC-00017,2026-09-29 12:01:23,Lipid Profile,Biochemistry,Normal,,Normal,840.2,False
BATCH-20260925-004,LAB-000154617,PAT-0017252,ADM-00051640,DOC-00017,2026-09-28 06:54:20,Lipid Profile,Biochemistry,Normal,,Normal,1026.16,False
BATCH-20260925-004,LAB-000154618,PAT-0017252,ADM-00051640,DOC-00017,2026-10-01 07:41:41,Complete Blood Count,Hematology,Normal,,Normal,730.68,False
BATCH-20260925-004,LAB-000154619,PAT-0017961,ADM-00051641,DOC-00042,2026-09-25 10:52:40,Thyroid Profile,Endocrinology,Normal,,Normal,921.12,False
BATCH-20260925-004,LAB-000154620,PAT-0017961,ADM-00051641,DOC-00042,2026-09-28 22:55:07,Troponin,Cardiac,Normal,,Normal,1320.18,False
BATCH-20260925-004,LAB-000154621,PAT-0013544,ADM-00051642,DOC-00132,2026-10-02 19:28:56,Complete Blood Count,Hematology,Normal,,Normal,651.72,False
BATCH-20260925-004,LAB-000154622,PAT-0013544,ADM-00051642,DOC-00132,2026-09-29 04:39:41,Blood Glucose,Biochemistry,Normal,,Normal,300.82,False
BATCH-20260925-004,LAB-000154623,PAT-0013544,ADM-00051642,DOC-00132,2026-09-28 00:04:23,Urine Routine,Pathology,Normal,,Normal,320.57,False
BATCH-20260925-004,LAB-000154624,PAT-0024553,ADM-00051643,DOC-00010,2026-09-25 09:16:12,Liver Function Test,Biochemistry,Abnormal,,Abnormal,1095.15,True
BATCH-20260925-004,LAB-000154625,PAT-0024553,ADM-00051643,DOC-00010,2026-09-25 10:34:13,Thyroid Profile,Endocrinology,Normal,,Normal,912.79,False
BATCH-20260925-004,LAB-000154626,PAT-0000210,ADM-00051644,DOC-00031,2026-09-27 11:25:41,Complete Blood Count,Hematology,Abnormal,,Abnormal,773.92,True
BATCH-20260925-004,LAB-000154627,PAT-0000210,ADM-00051644,DOC-00031,2026-09-26 05:37:47,Blood Glucose,Biochemistry,Normal,,Normal,290.53,False
BATCH-20260925-004,LAB-000154628,PAT-0000210,ADM-00051644,DOC-00031,2026-09-26 11:19:07,Troponin,Cardiac,Normal,,Normal,1568.91,False
BATCH-20260925-004,LAB-000154629,PAT-0012917,ADM-00051645,DOC-00115,2026-09-25 18:00:48,Thyroid Profile,Endocrinology,Abnormal,,Abnormal,963.18,True
BATCH-20260925-004,LAB-000154630,PAT-0012917,ADM-00051645,DOC-00115,2026-09-27 04:38:40,Liver Function Test,Biochemistry,Normal,,Normal,1224.74,False
BATCH-20260925-004,LAB-000154631,PAT-0024453,ADM-00051646,DOC-00048,2026-09-26 16:15:59,Blood Glucose,Biochemistry,Normal,,Normal,320.8,False
BATCH-20260925-004,LAB-000154632,PAT-0020157,ADM-00051647,DOC-00047,2026-09-28 19:22:47,Complete Blood Count,Hematology,Normal,,Normal,756.74,False
BATCH-20260925-004,LAB-000154633,PAT-0020157,ADM-00051647,DOC-00047,2026-09-28 18:55:34,Troponin,Cardiac,Normal,,Normal,1676.06,False
BATCH-20260925-004,LAB-000154634,PAT-0020157,ADM-00051647,DOC-00047,2026-09-25 21:07:55,Thyroid Profile,Endocrinology,Normal,,Normal,942.9,False
BATCH-20260925-004,LAB-000154635,PAT-0020157,ADM-00051647,DOC-00047,2026-09-25 20:17:40,Blood Glucose,Biochemistry,Normal,,Normal,297.68,False
BATCH-20260925-004,LAB-000154636,PAT-0020157,ADM-00051647,DOC-00047,2026-09-26 04:52:35,Blood Glucose,Biochemistry,Normal,,Normal,339.79,False
BATCH-20260925-004,LAB-000154637,PAT-0015063,ADM-00051648,DOC-00120,2026-09-28 10:12:02,Urine Routine,Pathology,Normal,,Normal,403.16,False
BATCH-20260925-004,LAB-000154638,PAT-0015063,ADM-00051648,DOC-00120,2026-09-30 02:54:44,Complete Blood Count,Hematology,Normal,,Normal,696.01,False
BATCH-20260925-004,LAB-000154639,PAT-0015063,ADM-00051648,DOC-00120,2026-09-25 19:13:54,Troponin,Cardiac,Abnormal,,Abnormal,1446.27,True
BATCH-20260925-004,LAB-000154640,PAT-0015063,ADM-00051648,DOC-00120,2026-09-30 00:28:44,Kidney Function Test,Biochemistry,Normal,,Normal,991.18,False
BATCH-20260925-004,LAB-000154641,PAT-0015063,ADM-00051648,DOC-00120,2026-09-27 12:08:56,Complete Blood Count,Hematology,Normal,,Normal,725.93,False
BATCH-20260925-004,LAB-000154642,PAT-0005344,ADM-00051649,DOC-00117,2026-09-27 03:58:38,Thyroid Profile,Endocrinology,Normal,,Normal,943.96,False
BATCH-20260925-004,LAB-000154643,PAT-0005344,ADM-00051649,DOC-00117,2026-09-30 09:45:40,Lipid Profile,Biochemistry,Normal,,Normal,878.8,False
BATCH-20260925-004,LAB-000154644,PAT-0019948,ADM-00051650,DOC-00150,2026-10-03 02:09:08,Kidney Function Test,Biochemistry,Abnormal,,Abnormal,1076.76,True
BATCH-20260925-004,LAB-000154645,PAT-0019948,ADM-00051650,DOC-00150,2026-09-30 03:22:32,Complete Blood Count,Hematology,Normal,,Normal,589.17,False
BATCH-20260925-004,LAB-000154646,PAT-0019948,ADM-00051650,DOC-00150,2026-09-30 05:25:07,Urine Routine,Pathology,Normal,,Normal,330.38,False
BATCH-20260925-004,LAB-000154647,PAT-0017432,ADM-00051651,DOC-00019,2026-09-27 22:41:30,Kidney Function Test,Biochemistry,Normal,,Normal,1213.35,False
BATCH-20260925-004,LAB-000154648,PAT-0017432,ADM-00051651,DOC-00019,2026-09-28 00:34:33,Complete Blood Count,Hematology,Normal,,Normal,676.23,False
BATCH-20260925-004,LAB-000154649,PAT-0017432,ADM-00051651,DOC-00019,2026-09-28 16:36:28,Liver Function Test,Biochemistry,Normal,,Normal,1094.96,False
BATCH-20260925-004,LAB-000154650,PAT-0007499,ADM-00051652,DOC-00060,2026-09-28 15:39:56,Blood Glucose,Biochemistry,Normal,,Normal,294.83,False
BATCH-20260925-004,LAB-000154651,PAT-0007499,ADM-00051652,DOC-00060,2026-09-28 20:54:07,Lipid Profile,Biochemistry,Normal,,Normal,959.91,False
BATCH-20260925-004,LAB-000154652,PAT-0007499,ADM-00051652,DOC-00060,2026-09-25 14:12:34,Troponin,Cardiac,Normal,,Normal,1338.27,False
BATCH-20260925-004,LAB-000154653,PAT-0014809,ADM-00051653,DOC-00105,2026-09-26 00:54:09,Urine Routine,Pathology,Normal,,Normal,392.43,False
BATCH-20260925-004,LAB-000154654,PAT-0014809,ADM-00051653,DOC-00105,2026-09-26 22:21:45,Blood Glucose,Biochemistry,Normal,,Normal,322.18,False
BATCH-20260925-004,LAB-000154655,PAT-0014809,ADM-00051653,DOC-00105,2026-09-25 08:37:01,Lipid Profile,Biochemistry,Normal,,Normal,1068.66,False
BATCH-20260925-004,LAB-000154656,PAT-0005818,ADM-00051654,DOC-00008,2026-09-25 11:27:59,Thyroid Profile,Endocrinology,Normal,,Normal,1036.83,False
BATCH-20260925-004,LAB-000154657,PAT-0005818,ADM-00051654,DOC-00008,2026-09-26 23:07:36,Troponin,Cardiac,Normal,,Normal,1363.8,False
BATCH-20260925-004,LAB-000154658,PAT-0005818,ADM-00051654,DOC-00008,2026-09-25 15:01:06,Lipid Profile,Biochemistry,Normal,,Normal,826.15,False
BATCH-20260925-004,LAB-000154659,PAT-0005818,ADM-00051654,DOC-00008,2026-09-26 12:42:41,Urine Routine,Pathology,Normal,,Normal,360.95,False
BATCH-20260925-004,LAB-000154660,PAT-0021660,ADM-00051655,DOC-00059,2026-09-27 15:10:33,Urine Routine,Pathology,Normal,,Normal,323.44,False
BATCH-20260925-004,LAB-000154661,PAT-0021660,ADM-00051655,DOC-00059,2026-09-26 14:44:59,Kidney Function Test,Biochemistry,Abnormal,,Abnormal,1251.29,True
BATCH-20260925-004,LAB-000154662,PAT-0021660,ADM-00051655,DOC-00059,2026-09-25 19:12:29,Blood Glucose,Biochemistry,Normal,,Normal,310.24,False
BATCH-20260925-004,LAB-000154663,PAT-0019583,ADM-00051656,DOC-00063,2026-09-26 21:06:58,Troponin,Cardiac,Normal,,Normal,1665.55,False
BATCH-20260925-004,LAB-000154664,PAT-0000537,ADM-00051657,DOC-00036,2026-09-28 16:27:13,Troponin,Cardiac,Normal,,Normal,1663.21,False
BATCH-20260925-004,LAB-000154665,PAT-0000537,ADM-00051657,DOC-00036,2026-09-27 06:17:37,Troponin,Cardiac,Normal,,Normal,1598.52,False
BATCH-20260925-004,LAB-000154666,PAT-0000537,ADM-00051657,DOC-00036,2026-09-26 04:02:21,Blood Glucose,Biochemistry,Normal,,Normal,326.97,False
BATCH-20260925-004,LAB-000154667,PAT-0018663,ADM-00051658,DOC-00039,2026-09-30 14:52:52,Troponin,Cardiac,Normal,,Normal,1668.57,False
BATCH-20260925-004,LAB-000154668,PAT-0018663,ADM-00051658,DOC-00039,2026-09-30 03:15:05,Lipid Profile,Biochemistry,Normal,,Normal,1063.24,False
BATCH-20260925-004,LAB-000154669,PAT-0018663,ADM-00051658,DOC-00039,2026-10-02 04:42:45,Liver Function Test,Biochemistry,Normal,,Normal,1193.15,False
BATCH-20260925-004,LAB-000154670,PAT-0018663,ADM-00051658,DOC-00039,2026-09-29 00:57:50,Complete Blood Count,Hematology,Normal,,Normal,706.15,False
BATCH-20260925-004,LAB-000154671,PAT-0019194,ADM-00051659,DOC-00037,2026-09-30 17:02:45,Liver Function Test,Biochemistry,Normal,,Normal,1372.94,False
BATCH-20260925-004,LAB-000154672,PAT-0019194,ADM-00051659,DOC-00037,2026-09-25 20:47:39,Thyroid Profile,Endocrinology,Normal,,Normal,1156.28,False
BATCH-20260925-004,LAB-000154673,PAT-0019194,ADM-00051659,DOC-00037,2026-09-26 07:28:11,Liver Function Test,Biochemistry,Normal,,Normal,1166.52,False
BATCH-20260925-004,LAB-000154674,PAT-0019194,ADM-00051659,DOC-00037,2026-09-27 18:53:01,Blood Glucose,Biochemistry,Normal,,Normal,343.74,False
BATCH-20260925-004,LAB-000154675,PAT-0011864,ADM-00051660,DOC-00065,2026-09-25 06:06:31,Lipid Profile,Biochemistry,Normal,,Normal,966.85,False
BATCH-20260925-004,LAB-000154676,PAT-0011864,ADM-00051660,DOC-00065,2026-09-29 21:42:44,Thyroid Profile,Endocrinology,Abnormal,,Abnormal,1115.81,True
BATCH-20260925-004,LAB-000154677,PAT-0014618,ADM-00051661,DOC-00001,2026-09-26 06:00:17,Lipid Profile,Biochemistry,Normal,,Normal,995.49,False
BATCH-20260925-004,LAB-000154678,PAT-0014618,ADM-00051661,DOC-00001,2026-09-30 04:51:26,Kidney Function Test,Biochemistry,Normal,,Normal,1191.93,False
BATCH-20260925-004,LAB-000154679,PAT-0014618,ADM-00051661,DOC-00001,2026-09-25 08:06:12,Liver Function Test,Biochemistry,Normal,,Normal,1268.1,False
BATCH-20260925-004,LAB-000154680,PAT-0014618,ADM-00051661,DOC-00001,2026-09-27 22:06:44,Complete Blood Count,Hematology,Normal,,Normal,751.0,False
BATCH-20260925-004,LAB-000154681,PAT-0014618,ADM-00051661,DOC-00001,2026-09-27 07:43:01,Liver Function Test,Biochemistry,Normal,,Normal,1224.21,False
BATCH-20260925-004,LAB-000154682,PAT-0002972,ADM-00051662,DOC-00056,2026-09-27 21:35:53,Complete Blood Count,Hematology,Abnormal,,Abnormal,614.27,True
BATCH-20260925-004,LAB-000154683,PAT-0002972,ADM-00051662,DOC-00056,2026-09-29 15:43:28,Blood Glucose,Biochemistry,Normal,,Normal,282.65,False
BATCH-20260925-004,LAB-000154684,PAT-0002972,ADM-00051662,DOC-00056,2026-09-29 12:13:07,Kidney Function Test,Biochemistry,Abnormal,,Abnormal,1096.32,True
BATCH-20260925-004,LAB-000154685,PAT-0002972,ADM-00051662,DOC-00056,2026-09-26 03:54:33,Liver Function Test,Biochemistry,Normal,,Normal,1094.88,False
BATCH-20260925-004,LAB-000154686,PAT-0002972,ADM-00051662,DOC-00056,2026-09-28 16:23:36,Lipid Profile,Biochemistry,Abnormal,,Abnormal,1040.29,True
BATCH-20260925-004,LAB-000154687,PAT-0000008,ADM-00051663,DOC-00105,2026-09-26 10:22:36,Thyroid Profile,Endocrinology,Normal,,Normal,1058.47,False
BATCH-20260925-004,LAB-000154688,PAT-0000008,ADM-00051663,DOC-00105,2026-09-26 10:58:22,Complete Blood Count,Hematology,Normal,,Normal,689.76,False
BATCH-20260925-004,LAB-000154689,PAT-0000008,ADM-00051663,DOC-00105,2026-09-26 09:52:58,Liver Function Test,Biochemistry,Normal,,Normal,1280.58,False
BATCH-20260925-004,LAB-000154690,PAT-0020102,ADM-00051664,DOC-00011,2026-09-28 01:57:23,Lipid Profile,Biochemistry,Normal,,Normal,818.64,False
BATCH-20260925-004,LAB-000154691,PAT-0020102,ADM-00051664,DOC-00011,2026-09-28 15:49:02,Lipid Profile,Biochemistry,Normal,,Normal,928.07,False
BATCH-20260925-004,LAB-000154692,PAT-0020102,ADM-00051664,DOC-00011,2026-09-28 07:10:36,Lipid Profile,Biochemistry,Abnormal,,Abnormal,888.49,True
BATCH-20260925-004,LAB-000154693,PAT-0020102,ADM-00051664,DOC-00011,2026-09-27 10:11:48,Kidney Function Test,Biochemistry,Normal,,Normal,1242.72,False
BATCH-20260925-004,LAB-000154694,PAT-0020102,ADM-00051664,DOC-00011,2026-09-26 07:26:09,Thyroid Profile,Endocrinology,Normal,,Normal,1011.02,False
BATCH-20260925-004,LAB-000154695,PAT-0014569,ADM-00051665,DOC-00039,2026-09-27 13:40:27,Kidney Function Test,Biochemistry,Abnormal,,Abnormal,1204.01,True
BATCH-20260925-004,LAB-000154696,PAT-0014569,ADM-00051665,DOC-00039,2026-09-27 10:44:04,Thyroid Profile,Endocrinology,Normal,,Normal,1022.89,False
BATCH-20260925-004,LAB-000154697,PAT-0014569,ADM-00051665,DOC-00039,2026-09-26 21:06:39,Urine Routine,Pathology,Normal,,Normal,403.45,False
BATCH-20260925-004,LAB-000154698,PAT-0014569,ADM-00051665,DOC-00039,2026-09-27 08:14:00,Blood Glucose,Biochemistry,Normal,,Normal,324.01,False
BATCH-20260925-004,LAB-000154699,PAT-0012510,ADM-00051666,DOC-00139,2026-09-26 02:29:49,Liver Function Test,Biochemistry,Normal,,Normal,1355.66,False
BATCH-20260925-004,LAB-000154700,PAT-0000572,ADM-00051667,DOC-00076,2026-09-28 01:06:46,Blood Glucose,Biochemistry,Normal,,Normal,280.68,False
BATCH-20260925-004,LAB-000154701,PAT-0000572,ADM-00051667,DOC-00076,2026-09-26 05:20:37,Kidney Function Test,Biochemistry,Normal,,Normal,1020.71,False
BATCH-20260925-004,LAB-000154702,PAT-0024008,ADM-00051668,DOC-00009,2026-09-28 01:38:31,Liver Function Test,Biochemistry,Normal,,Normal,1192.37,False
BATCH-20260925-004,LAB-000154703,PAT-0024008,ADM-00051668,DOC-00009,2026-09-30 19:59:11,Complete Blood Count,Hematology,Normal,,Normal,623.39,False
BATCH-20260925-004,LAB-000154704,PAT-0024008,ADM-00051668,DOC-00009,2026-10-03 06:39:37,Lipid Profile,Biochemistry,Normal,,Normal,1062.33,False
BATCH-20260925-004,LAB-000154705,PAT-0024008,ADM-00051668,DOC-00009,2026-10-03 01:19:35,Blood Glucose,Biochemistry,Normal,,Normal,283.5,False
BATCH-20260925-004,LAB-000154706,PAT-0024008,ADM-00051668,DOC-00009,2026-10-02 04:29:23,Thyroid Profile,Endocrinology,Normal,,Normal,1136.34,False
BATCH-20260925-004,LAB-000154707,PAT-0009335,ADM-00051669,DOC-00136,2026-09-30 01:29:32,Lipid Profile,Biochemistry,Normal,,Normal,884.74,False
BATCH-20260925-004,LAB-000154708,PAT-0009335,ADM-00051669,DOC-00136,2026-09-27 05:21:58,Thyroid Profile,Endocrinology,Normal,,Normal,953.44,False
BATCH-20260925-004,LAB-000154709,PAT-0009335,ADM-00051669,DOC-00136,2026-09-26 19:50:26,Troponin,Cardiac,Normal,,Normal,1466.57,False
BATCH-20260925-004,LAB-000154710,PAT-0009335,ADM-00051669,DOC-00136,2026-09-30 16:18:50,Lipid Profile,Biochemistry,Normal,,Normal,970.64,False
BATCH-20260925-004,LAB-000154711,PAT-0009335,ADM-00051669,DOC-00136,2026-09-27 19:03:49,Lipid Profile,Biochemistry,Normal,,Normal,1077.1,False
BATCH-20260925-004,LAB-000154712,PAT-0016381,ADM-00051670,DOC-00129,2026-09-27 02:44:48,Thyroid Profile,Endocrinology,Normal,,Normal,1065.63,False
BATCH-20260925-004,LAB-000154713,PAT-0016381,ADM-00051670,DOC-00129,2026-09-26 03:01:32,Complete Blood Count,Hematology,Normal,,Normal,620.96,False
BATCH-20260925-004,LAB-000154714,PAT-0016381,ADM-00051670,DOC-00129,2026-09-26 14:45:55,Lipid Profile,Biochemistry,Normal,,Normal,1063.65,False
BATCH-20260925-004,LAB-000154715,PAT-0016381,ADM-00051670,DOC-00129,2026-09-25 13:13:01,Urine Routine,Pathology,Abnormal,,Abnormal,327.15,True
BATCH-20260925-004,LAB-000154716,PAT-0016381,ADM-00051670,DOC-00129,2026-09-25 07:17:50,Troponin,Cardiac,Abnormal,,Abnormal,1517.06,True
BATCH-20260925-004,LAB-000154717,PAT-0014822,ADM-00051671,DOC-00075,2026-09-28 10:01:07,Liver Function Test,Biochemistry,Normal,,Normal,1143.17,False
BATCH-20260925-004,LAB-000154718,PAT-0014822,ADM-00051671,DOC-00075,2026-09-27 08:10:58,Thyroid Profile,Endocrinology,Normal,,Normal,1033.41,False
BATCH-20260925-004,LAB-000154719,PAT-0007616,ADM-00051672,DOC-00060,2026-09-29 16:42:41,Urine Routine,Pathology,Normal,,Normal,327.34,False
BATCH-20260925-004,LAB-000154720,PAT-0007616,ADM-00051672,DOC-00060,2026-09-27 03:27:09,Lipid Profile,Biochemistry,Normal,,Normal,913.83,False
BATCH-20260925-004,LAB-000154721,PAT-0007616,ADM-00051672,DOC-00060,2026-09-28 09:57:59,Troponin,Cardiac,Normal,,Normal,1512.01,False
BATCH-20260925-004,LAB-000154722,PAT-0001850,ADM-00051673,DOC-00060,2026-09-25 19:12:51,Thyroid Profile,Endocrinology,Normal,,Normal,1194.56,False
BATCH-20260925-004,LAB-000154723,PAT-0001850,ADM-00051673,DOC-00060,2026-09-26 03:03:57,Blood Glucose,Biochemistry,Normal,,Normal,359.55,False
BATCH-20260925-004,LAB-000154724,PAT-0001850,ADM-00051673,DOC-00060,2026-09-25 15:59:23,Blood Glucose,Biochemistry,Abnormal,,Abnormal,352.23,True
BATCH-20260925-004,LAB-000154725,PAT-0023710,ADM-00051674,DOC-00147,2026-09-28 01:59:31,Urine Routine,Pathology,Normal,,Normal,405.94,False
BATCH-20260925-004,LAB-000154726,PAT-0001514,ADM-00051675,DOC-00085,2026-09-29 11:07:01,Lipid Profile,Biochemistry,Normal,,Normal,903.27,False
BATCH-20260925-004,LAB-000154727,PAT-0003757,ADM-00051676,DOC-00086,2026-09-27 18:41:25,Liver Function Test,Biochemistry,Normal,,Normal,1235.01,False
BATCH-20260925-004,LAB-000154728,PAT-0003757,ADM-00051676,DOC-00086,2026-09-26 10:16:28,Urine Routine,Pathology,Abnormal,,Abnormal,376.83,True
BATCH-20260925-004,LAB-000154729,PAT-0014873,ADM-00051677,DOC-00090,2026-09-25 23:51:41,Kidney Function Test,Biochemistry,Normal,,Normal,1240.07,False
BATCH-20260925-004,LAB-000154730,PAT-0014873,ADM-00051677,DOC-00090,2026-09-26 04:23:07,Blood Glucose,Biochemistry,Normal,,Normal,323.63,False
BATCH-20260925-004,LAB-000154731,PAT-0014873,ADM-00051677,DOC-00090,2026-09-30 04:12:28,Complete Blood Count,Hematology,Normal,,Normal,692.15,False
BATCH-20260925-004,LAB-000154732,PAT-0014873,ADM-00051677,DOC-00090,2026-09-26 11:13:14,Urine Routine,Pathology,Abnormal,,Abnormal,406.05,True
BATCH-20260925-004,LAB-000154733,PAT-0001546,ADM-00051678,DOC-00092,2026-09-26 05:58:31,Troponin,Cardiac,Normal,,Normal,1436.42,False
BATCH-20260925-004,LAB-000154734,PAT-0001546,ADM-00051678,DOC-00092,2026-09-26 19:43:45,Thyroid Profile,Endocrinology,Normal,,Normal,976.68,False
BATCH-20260925-004,LAB-000154735,PAT-0001546,ADM-00051678,DOC-00092,2026-09-27 00:58:53,Kidney Function Test,Biochemistry,Normal,,Normal,1221.23,False
BATCH-20260925-004,LAB-000154736,PAT-0001546,ADM-00051678,DOC-00092,2026-09-26 23:31:13,Liver Function Test,Biochemistry,Normal,,Normal,1226.26,False
BATCH-20260925-004,LAB-000154737,PAT-0001546,ADM-00051678,DOC-00092,2026-09-26 10:27:31,Lipid Profile,Biochemistry,Abnormal,,Abnormal,847.63,True
BATCH-20260925-004,LAB-000154738,PAT-0008833,ADM-00051679,DOC-00107,2026-10-03 07:20:29,Liver Function Test,Biochemistry,Normal,,Normal,1121.27,False
BATCH-20260925-004,LAB-000154739,PAT-0020163,ADM-00051680,DOC-00023,2026-09-25 15:10:12,Kidney Function Test,Biochemistry,Normal,,Normal,1009.79,False
BATCH-20260925-004,LAB-000154740,PAT-0020163,ADM-00051680,DOC-00023,2026-09-27 15:30:23,Complete Blood Count,Hematology,Abnormal,,Abnormal,770.32,True
BATCH-20260925-004,LAB-000154741,PAT-0020163,ADM-00051680,DOC-00023,2026-09-27 03:29:51,Lipid Profile,Biochemistry,Normal,,Normal,889.0,False
BATCH-20260925-004,LAB-000154742,PAT-0000443,ADM-00051681,DOC-00086,2026-09-25 15:21:22,Troponin,Cardiac,Normal,,Normal,1519.99,False
BATCH-20260925-004,LAB-000154743,PAT-0006206,ADM-00051682,DOC-00003,2026-10-02 10:54:19,Urine Routine,Pathology,Normal,,Normal,374.0,False
BATCH-20260925-004,LAB-000154744,PAT-0006206,ADM-00051682,DOC-00003,2026-09-29 04:23:36,Troponin,Cardiac,Normal,,Normal,1626.56,False
BATCH-20260925-004,LAB-000154745,PAT-0021275,ADM-00051683,DOC-00024,2026-09-26 02:10:51,Complete Blood Count,Hematology,Normal,,Normal,728.43,False
BATCH-20260925-004,LAB-000154746,PAT-0018606,ADM-00051684,DOC-00087,2026-09-27 21:28:26,Kidney Function Test,Biochemistry,Normal,,Normal,1103.09,False
BATCH-20260925-004,LAB-000154747,PAT-0018606,ADM-00051684,DOC-00087,2026-09-27 19:31:21,Lipid Profile,Biochemistry,Abnormal,,Abnormal,999.51,True
BATCH-20260925-004,LAB-000154748,PAT-0018606,ADM-00051684,DOC-00087,2026-09-27 14:56:30,Kidney Function Test,Biochemistry,Normal,,Normal,1285.22,False
BATCH-20260925-004,LAB-000154749,PAT-0018083,ADM-00051685,DOC-00059,2026-09-29 02:07:17,Kidney Function Test,Biochemistry,Abnormal,,Abnormal,1016.66,True
BATCH-20260925-004,LAB-000154750,PAT-0017663,ADM-00051686,DOC-00149,2026-09-28 21:47:16,Liver Function Test,Biochemistry,Normal,,Normal,1416.05,False
BATCH-20260925-004,LAB-000154751,PAT-0017663,ADM-00051686,DOC-00149,2026-09-28 07:51:13,Urine Routine,Pathology,Abnormal,,Abnormal,398.53,True
BATCH-20260925-004,LAB-000154752,PAT-0017663,ADM-00051686,DOC-00149,2026-09-27 07:25:22,Urine Routine,Pathology,Normal,,Normal,354.21,False
BATCH-20260925-004,LAB-000154753,PAT-0017663,ADM-00051686,DOC-00149,2026-09-29 05:43:20,Lipid Profile,Biochemistry,Abnormal,,Abnormal,937.3,True
BATCH-20260925-004,LAB-000154754,PAT-0011403,ADM-00051687,DOC-00079,2026-09-28 07:30:04,Troponin,Cardiac,Normal,,Normal,1530.39,False
BATCH-20260925-004,LAB-000154755,PAT-0011403,ADM-00051687,DOC-00079,2026-10-01 02:44:43,Troponin,Cardiac,Normal,,Normal,1542.99,False
BATCH-20260925-004,LAB-000154756,PAT-0011403,ADM-00051687,DOC-00079,2026-09-27 08:01:30,Lipid Profile,Biochemistry,Normal,,Normal,1023.35,False
BATCH-20260925-004,LAB-000154757,PAT-0011131,ADM-00051688,DOC-00111,2026-09-30 03:04:43,Liver Function Test,Biochemistry,Normal,,Normal,1224.09,False
BATCH-20260925-004,LAB-000154758,PAT-0011131,ADM-00051688,DOC-00111,2026-09-25 08:26:09,Troponin,Cardiac,Abnormal,,Abnormal,1642.73,True
BATCH-20260925-004,LAB-000154759,PAT-0011131,ADM-00051688,DOC-00111,2026-09-26 19:43:27,Thyroid Profile,Endocrinology,Abnormal,,Abnormal,933.4,True
BATCH-20260925-004,LAB-000154760,PAT-0011131,ADM-00051688,DOC-00111,2026-09-28 20:46:58,Thyroid Profile,Endocrinology,Normal,,Normal,1036.19,False
BATCH-20260925-004,LAB-000154761,PAT-0011131,ADM-00051688,DOC-00111,2026-09-27 10:34:55,Lipid Profile,Biochemistry,Normal,,Normal,842.67,False
BATCH-20260925-004,LAB-000154762,PAT-0015279,ADM-00051689,DOC-00006,2026-09-27 12:16:24,Complete Blood Count,Hematology,Normal,,Normal,705.02,False
BATCH-20260925-004,LAB-000154763,PAT-0015279,ADM-00051689,DOC-00006,2026-09-25 19:19:04,Kidney Function Test,Biochemistry,Normal,,Normal,1129.09,False
BATCH-20260925-004,LAB-000154764,PAT-0015279,ADM-00051689,DOC-00006,2026-09-25 18:54:53,Complete Blood Count,Hematology,Normal,,Normal,730.26,False
BATCH-20260925-004,LAB-000154765,PAT-0015279,ADM-00051689,DOC-00006,2026-09-29 03:20:25,Kidney Function Test,Biochemistry,Normal,,Normal,1269.7,False
BATCH-20260925-004,LAB-000154766,PAT-0023864,ADM-00051690,DOC-00125,2026-09-25 10:54:06,Lipid Profile,Biochemistry,Normal,,Normal,865.66,False
BATCH-20260925-004,LAB-000154767,PAT-0023864,ADM-00051690,DOC-00125,2026-09-25 12:54:17,Urine Routine,Pathology,Abnormal,,Abnormal,412.15,True
BATCH-20260925-004,LAB-000154768,PAT-0023864,ADM-00051690,DOC-00125,2026-09-25 08:22:17,Troponin,Cardiac,Normal,,Normal,1656.58,False
BATCH-20260925-004,LAB-000154769,PAT-0012234,ADM-00051691,DOC-00133,2026-09-27 07:54:26,Liver Function Test,Biochemistry,Abnormal,,Abnormal,1360.81,True
BATCH-20260925-004,LAB-000154770,PAT-0012234,ADM-00051691,DOC-00133,2026-09-28 04:17:16,Urine Routine,Pathology,Normal,,Normal,349.82,False
BATCH-20260925-004,LAB-000154771,PAT-0012234,ADM-00051691,DOC-00133,2026-09-26 11:27:42,Blood Glucose,Biochemistry,Normal,,Normal,324.23,False
BATCH-20260925-004,LAB-000154772,PAT-0012234,ADM-00051691,DOC-00133,2026-09-29 07:40:13,Lipid Profile,Biochemistry,Abnormal,,Abnormal,953.27,True
BATCH-20260925-004,LAB-000154773,PAT-0012234,ADM-00051691,DOC-00133,2026-09-28 03:54:56,Blood Glucose,Biochemistry,Normal,,Normal,326.19,False
BATCH-20260925-004,LAB-000154774,PAT-0020884,ADM-00051692,DOC-00128,2026-09-29 08:56:54,Liver Function Test,Biochemistry,Normal,,Normal,1136.55,False
BATCH-20260925-004,LAB-000154775,PAT-0021222,ADM-00051693,DOC-00097,2026-09-27 00:38:27,Blood Glucose,Biochemistry,Normal,,Normal,309.86,False
BATCH-20260925-004,LAB-000154776,PAT-0021222,ADM-00051693,DOC-00097,2026-09-26 14:34:25,Complete Blood Count,Hematology,Normal,,Normal,723.59,False
BATCH-20260925-004,LAB-000154777,PAT-0021222,ADM-00051693,DOC-00097,2026-09-26 10:34:14,Lipid Profile,Biochemistry,Normal,,Normal,1037.55,False
BATCH-20260925-004,LAB-000154778,PAT-0013876,ADM-00051694,DOC-00137,2026-09-27 15:50:21,Urine Routine,Pathology,Normal,,Normal,418.03,False
BATCH-20260925-004,LAB-000154779,PAT-0013876,ADM-00051694,DOC-00137,2026-09-26 15:16:33,Lipid Profile,Biochemistry,Normal,,Normal,963.69,False
BATCH-20260925-004,LAB-000154780,PAT-0013876,ADM-00051694,DOC-00137,2026-09-26 11:25:43,Troponin,Cardiac,Abnormal,,Abnormal,1554.56,True
BATCH-20260925-004,LAB-000154781,PAT-0013876,ADM-00051694,DOC-00137,2026-09-26 06:38:08,Lipid Profile,Biochemistry,Normal,,Normal,1076.83,False
BATCH-20260925-004,LAB-000154782,PAT-0001408,ADM-00051695,DOC-00001,2026-09-28 17:16:24,Kidney Function Test,Biochemistry,Normal,,Normal,1097.28,False
BATCH-20260925-004,LAB-000154783,PAT-0001408,ADM-00051695,DOC-00001,2026-10-01 18:01:15,Troponin,Cardiac,Normal,,Normal,1424.99,False
BATCH-20260925-004,LAB-000154784,PAT-0001408,ADM-00051695,DOC-00001,2026-09-28 20:45:15,Complete Blood Count,Hematology,Normal,,Normal,684.87,False
BATCH-20260925-004,LAB-000154785,PAT-0001408,ADM-00051695,DOC-00001,2026-09-26 01:51:35,Troponin,Cardiac,Normal,,Normal,1282.42,False
BATCH-20260925-004,LAB-000154786,PAT-0001408,ADM-00051695,DOC-00001,2026-09-28 11:46:26,Liver Function Test,Biochemistry,Normal,,Normal,1213.21,False
BATCH-20260925-004,LAB-000154787,PAT-0018732,ADM-00051696,DOC-00034,2026-09-27 09:31:17,Complete Blood Count,Hematology,Abnormal,,Abnormal,759.3,True
BATCH-20260925-004,LAB-000154788,PAT-0018732,ADM-00051696,DOC-00034,2026-09-28 01:30:46,Liver Function Test,Biochemistry,Normal,,Normal,1157.3,False
BATCH-20260925-004,LAB-000154789,PAT-0018732,ADM-00051696,DOC-00034,2026-09-27 15:57:00,Urine Routine,Pathology,Normal,,Normal,377.21,False
BATCH-20260925-004,LAB-000154790,PAT-0007778,ADM-00051697,DOC-00119,2026-09-28 10:58:33,Thyroid Profile,Endocrinology,Abnormal,,Abnormal,1050.73,True
BATCH-20260925-004,LAB-000154791,PAT-0007778,ADM-00051697,DOC-00119,2026-10-02 17:20:41,Complete Blood Count,Hematology,Abnormal,,Abnormal,743.43,True
BATCH-20260925-004,LAB-000154792,PAT-0007778,ADM-00051697,DOC-00119,2026-10-02 08:02:15,Troponin,Cardiac,Normal,,Normal,1599.48,False
BATCH-20260925-004,LAB-000154793,PAT-0007778,ADM-00051697,DOC-00119,2026-09-26 15:34:18,Blood Glucose,Biochemistry,Normal,,Normal,343.97,False
BATCH-20260925-004,LAB-000154794,PAT-0007778,ADM-00051697,DOC-00119,2026-09-30 19:56:04,Lipid Profile,Biochemistry,Normal,,Normal,829.14,False
BATCH-20260925-004,LAB-000154795,PAT-0022711,ADM-00051698,DOC-00127,2026-09-26 19:21:22,Lipid Profile,Biochemistry,Abnormal,,Abnormal,1028.39,True
BATCH-20260925-004,LAB-000154796,PAT-0022711,ADM-00051698,DOC-00127,2026-09-29 14:31:38,Blood Glucose,Biochemistry,Normal,,Normal,345.39,False
BATCH-20260925-004,LAB-000154797,PAT-0022711,ADM-00051698,DOC-00127,2026-09-28 13:53:28,Troponin,Cardiac,Normal,,Normal,1438.93,False
BATCH-20260925-004,LAB-000154798,PAT-0000258,ADM-00051699,DOC-00020,2026-09-26 09:23:32,Urine Routine,Pathology,Normal,,Normal,375.88,False
BATCH-20260925-004,LAB-000154799,PAT-0019055,ADM-00051700,DOC-00039,2026-09-26 14:05:01,Thyroid Profile,Endocrinology,Normal,,Normal,1021.54,False
BATCH-20260925-004,LAB-000154800,PAT-0019055,ADM-00051700,DOC-00039,2026-09-27 20:23:59,Blood Glucose,Biochemistry,Abnormal,,Abnormal,355.98,True
BATCH-20260925-004,LAB-000154801,PAT-0019055,ADM-00051700,DOC-00039,2026-09-30 10:18:26,Liver Function Test,Biochemistry,Abnormal,,Abnormal,1277.17,True
BATCH-20260925-004,LAB-000154802,PAT-0008286,ADM-00051701,DOC-00061,2026-09-25 09:53:00,Lipid Profile,Biochemistry,Normal,,Normal,1019.59,False
BATCH-20260925-004,LAB-000154803,PAT-0008286,ADM-00051701,DOC-00061,2026-09-25 14:21:31,Complete Blood Count,Hematology,Normal,,Normal,741.74,False
BATCH-20260925-004,LAB-000154804,PAT-0008286,ADM-00051701,DOC-00061,2026-09-28 05:29:44,Blood Glucose,Biochemistry,Abnormal,,Abnormal,314.46,True
BATCH-20260925-004,LAB-000154805,PAT-0008286,ADM-00051701,DOC-00061,2026-09-25 11:21:02,Kidney Function Test,Biochemistry,Normal,,Normal,1189.76,False
BATCH-20260925-004,LAB-000154806,PAT-0012389,ADM-00051702,DOC-00024,2026-10-01 21:04:13,Thyroid Profile,Endocrinology,Abnormal,,Abnormal,1050.84,True
BATCH-20260925-004,LAB-000154807,PAT-0012389,ADM-00051702,DOC-00024,2026-09-29 00:14:02,Thyroid Profile,Endocrinology,Normal,,Normal,1186.42,False
BATCH-20260925-004,LAB-000154808,PAT-0012389,ADM-00051702,DOC-00024,2026-09-26 21:47:18,Lipid Profile,Biochemistry,Normal,,Normal,858.91,False
BATCH-20260925-004,LAB-000154809,PAT-0012389,ADM-00051702,DOC-00024,2026-09-28 17:30:19,Blood Glucose,Biochemistry,Normal,,Normal,340.45,False
BATCH-20260925-004,LAB-000154810,PAT-0012389,ADM-00051702,DOC-00024,2026-10-01 07:13:02,Complete Blood Count,Hematology,Normal,,Normal,600.3,False
BATCH-20260925-004,LAB-000154811,PAT-0003736,ADM-00051703,DOC-00008,2026-09-28 07:56:28,Lipid Profile,Biochemistry,Normal,,Normal,878.92,False
BATCH-20260925-004,LAB-000154812,PAT-0013919,ADM-00051704,DOC-00139,2026-09-25 21:47:51,Troponin,Cardiac,Normal,,Normal,1513.93,False
BATCH-20260925-004,LAB-000154813,PAT-0013919,ADM-00051704,DOC-00139,2026-09-26 22:48:09,Complete Blood Count,Hematology,Normal,,Normal,586.9,False
BATCH-20260925-004,LAB-000154814,PAT-0013919,ADM-00051704,DOC-00139,2026-09-27 08:39:23,Thyroid Profile,Endocrinology,Normal,,Normal,1045.81,False
BATCH-20260925-004,LAB-000154815,PAT-0013919,ADM-00051704,DOC-00139,2026-09-26 12:05:32,Liver Function Test,Biochemistry,Normal,,Normal,1084.94,False
BATCH-20260925-004,LAB-000154816,PAT-0013919,ADM-00051704,DOC-00139,2026-09-27 13:53:49,Complete Blood Count,Hematology,Normal,,Normal,709.93,False
BATCH-20260925-004,LAB-000154817,PAT-0016375,ADM-00051705,DOC-00127,2026-09-26 04:02:44,Urine Routine,Pathology,Normal,,Normal,315.39,False
BATCH-20260925-004,LAB-000154818,PAT-0000984,ADM-00051706,DOC-00120,2026-09-27 03:35:04,Lipid Profile,Biochemistry,Normal,,Normal,969.42,False
BATCH-20260925-004,LAB-000154819,PAT-0000984,ADM-00051706,DOC-00120,2026-09-26 05:23:49,Thyroid Profile,Endocrinology,Normal,,Normal,1075.09,False
BATCH-20260925-004,LAB-000154820,PAT-0000984,ADM-00051706,DOC-00120,2026-09-25 19:34:21,Thyroid Profile,Endocrinology,Normal,,Normal,946.38,False
BATCH-20260925-004,LAB-000154821,PAT-0000984,ADM-00051706,DOC-00120,2026-09-25 12:28:43,Lipid Profile,Biochemistry,Abnormal,,Abnormal,993.51,True
BATCH-20260925-004,LAB-000154822,PAT-0015397,ADM-00051707,DOC-00008,2026-09-25 06:01:35,Urine Routine,Pathology,Abnormal,,Abnormal,391.46,True
BATCH-20260925-004,LAB-000154823,PAT-0015397,ADM-00051707,DOC-00008,2026-09-30 01:53:01,Urine Routine,Pathology,Normal,,Normal,406.15,False
BATCH-20260925-004,LAB-000154824,PAT-0015397,ADM-00051707,DOC-00008,2026-09-25 20:17:56,Troponin,Cardiac,Normal,,Normal,1661.04,False
BATCH-20260925-004,LAB-000154825,PAT-0015397,ADM-00051707,DOC-00008,2026-09-27 03:28:20,Thyroid Profile,Endocrinology,Normal,,Normal,1131.33,False
BATCH-20260925-004,LAB-000154826,PAT-0015397,ADM-00051707,DOC-00008,2026-09-28 12:01:35,Lipid Profile,Biochemistry,Normal,,Normal,1054.19,False
BATCH-20260925-004,LAB-000154827,PAT-0015331,ADM-00051708,DOC-00139,2026-09-30 23:12:52,Blood Glucose,Biochemistry,Normal,,Normal,284.04,False
BATCH-20260925-004,LAB-000154828,PAT-0015331,ADM-00051708,DOC-00139,2026-09-29 12:52:56,Troponin,Cardiac,Abnormal,,Abnormal,1419.95,True
BATCH-20260925-004,LAB-000154829,PAT-0016598,ADM-00051709,DOC-00049,2026-10-02 05:58:36,Urine Routine,Pathology,Normal,,Normal,415.71,False
BATCH-20260925-004,LAB-000154830,PAT-0016598,ADM-00051709,DOC-00049,2026-10-02 04:27:12,Urine Routine,Pathology,Abnormal,,Abnormal,359.02,True
BATCH-20260925-004,LAB-000154831,PAT-0016598,ADM-00051709,DOC-00049,2026-10-01 13:40:05,Kidney Function Test,Biochemistry,Normal,,Normal,1099.06,False
BATCH-20260925-004,LAB-000154832,PAT-0016598,ADM-00051709,DOC-00049,2026-10-02 03:35:19,Thyroid Profile,Endocrinology,Normal,,Normal,943.79,False
BATCH-20260925-004,LAB-000154833,PAT-0019884,ADM-00051710,DOC-00139,2026-09-27 18:28:18,Urine Routine,Pathology,Normal,,Normal,410.02,False
BATCH-20260925-004,LAB-000154834,PAT-0019884,ADM-00051710,DOC-00139,2026-09-26 02:27:21,Complete Blood Count,Hematology,Abnormal,,Abnormal,705.65,True
BATCH-20260925-004,LAB-000154835,PAT-0019884,ADM-00051710,DOC-00139,2026-09-28 02:43:40,Lipid Profile,Biochemistry,Abnormal,,Abnormal,1072.97,True
BATCH-20260925-004,LAB-000154836,PAT-0019884,ADM-00051710,DOC-00139,2026-09-28 02:54:20,Thyroid Profile,Endocrinology,Normal,,Normal,972.97,False
BATCH-20260925-004,LAB-000154837,PAT-0000914,ADM-00051711,DOC-00072,2026-09-25 07:17:37,Kidney Function Test,Biochemistry,Normal,,Normal,1270.53,False
BATCH-20260925-004,LAB-000154838,PAT-0000914,ADM-00051711,DOC-00072,2026-09-25 23:55:00,Kidney Function Test,Biochemistry,Normal,,Normal,1252.74,False
BATCH-20260925-004,LAB-000154839,PAT-0000763,ADM-00051712,DOC-00087,2026-09-28 18:37:47,Complete Blood Count,Hematology,Abnormal,,Abnormal,615.34,True
BATCH-20260925-004,LAB-000154840,PAT-0000763,ADM-00051712,DOC-00087,2026-09-26 03:55:13,Lipid Profile,Biochemistry,Normal,,Normal,1054.25,False
BATCH-20260925-004,LAB-000154841,PAT-0000763,ADM-00051712,DOC-00087,2026-09-26 16:21:22,Thyroid Profile,Endocrinology,Abnormal,,Abnormal,1003.14,True
BATCH-20260925-004,LAB-000154842,PAT-0000763,ADM-00051712,DOC-00087,2026-09-28 12:31:40,Liver Function Test,Biochemistry,Normal,,Normal,1423.62,False
BATCH-20260925-004,LAB-000154843,PAT-0000763,ADM-00051712,DOC-00087,2026-09-29 04:37:44,Kidney Function Test,Biochemistry,Normal,,Normal,1050.69,False
BATCH-20260925-004,LAB-000154844,PAT-0008260,ADM-00051713,DOC-00032,2026-09-27 10:55:23,Kidney Function Test,Biochemistry,Normal,,Normal,1074.07,False
BATCH-20260925-004,LAB-000154845,PAT-0008260,ADM-00051713,DOC-00032,2026-10-02 19:58:38,Kidney Function Test,Biochemistry,Normal,,Normal,1182.22,False
BATCH-20260925-004,LAB-000154846,PAT-0008260,ADM-00051713,DOC-00032,2026-09-27 19:01:47,Troponin,Cardiac,Normal,,Normal,1499.96,False
BATCH-20260925-004,LAB-000154847,PAT-0008216,ADM-00051714,DOC-00116,2026-09-30 10:39:51,Thyroid Profile,Endocrinology,Normal,,Normal,1033.99,False
BATCH-20260925-004,LAB-000154848,PAT-0008216,ADM-00051714,DOC-00116,2026-09-25 16:45:06,Liver Function Test,Biochemistry,Normal,,Normal,1391.96,False
BATCH-20260925-004,LAB-000154849,PAT-0008216,ADM-00051714,DOC-00116,2026-10-01 19:45:22,Troponin,Cardiac,Normal,,Normal,1653.89,False
BATCH-20260925-004,LAB-000154850,PAT-0001089,ADM-00051715,DOC-00104,2026-09-28 18:52:26,Thyroid Profile,Endocrinology,Abnormal,,Abnormal,1038.35,True
BATCH-20260925-004,LAB-000154851,PAT-0001089,ADM-00051715,DOC-00104,2026-09-27 14:59:27,Thyroid Profile,Endocrinology,Normal,,Normal,1051.91,False
BATCH-20260925-004,LAB-000154852,PAT-0001089,ADM-00051715,DOC-00104,2026-09-26 11:14:14,Lipid Profile,Biochemistry,Normal,,Normal,1012.72,False
BATCH-20260925-004,LAB-000154853,PAT-0001089,ADM-00051715,DOC-00104,2026-09-29 22:17:51,Blood Glucose,Biochemistry,Normal,,Normal,325.5,False
BATCH-20260925-004,LAB-000154854,PAT-0001089,ADM-00051715,DOC-00104,2026-09-25 06:21:27,Troponin,Cardiac,Normal,,Normal,1339.83,False
BATCH-20260925-004,LAB-000154855,PAT-0015314,ADM-00051716,DOC-00001,2026-09-25 15:22:14,Lipid Profile,Biochemistry,Normal,,Normal,1013.65,False
BATCH-20260925-004,LAB-000154856,PAT-0015314,ADM-00051716,DOC-00001,2026-09-26 04:21:29,Urine Routine,Pathology,Abnormal,,Abnormal,341.71,True
BATCH-20260925-004,LAB-000154857,PAT-0015314,ADM-00051716,DOC-00001,2026-09-27 10:26:43,Urine Routine,Pathology,Normal,,Normal,354.07,False
BATCH-20260925-004,LAB-000154858,PAT-0015314,ADM-00051716,DOC-00001,2026-09-26 13:12:08,Troponin,Cardiac,Normal,,Normal,1538.04,False
BATCH-20260925-004,LAB-000154859,PAT-0022184,ADM-00051717,DOC-00133,2026-09-26 08:05:02,Thyroid Profile,Endocrinology,Normal,,Normal,1161.31,False
BATCH-20260925-004,LAB-000154860,PAT-0022184,ADM-00051717,DOC-00133,2026-09-30 15:51:46,Kidney Function Test,Biochemistry,Normal,,Normal,1265.61,False
BATCH-20260925-004,LAB-000154861,PAT-0022184,ADM-00051717,DOC-00133,2026-09-29 12:15:35,Complete Blood Count,Hematology,Normal,,Normal,692.96,False
BATCH-20260925-004,LAB-000154862,PAT-0018918,ADM-00051718,DOC-00006,2026-09-27 22:49:41,Troponin,Cardiac,Normal,,Normal,1433.72,False
BATCH-20260925-004,LAB-000154863,PAT-0014000,ADM-00051719,DOC-00101,2026-09-25 22:48:18,Urine Routine,Pathology,Abnormal,,Abnormal,404.24,True
BATCH-20260925-004,LAB-000154864,PAT-0014000,ADM-00051719,DOC-00101,2026-09-26 10:24:41,Troponin,Cardiac,Normal,,Normal,1574.72,False
BATCH-20260925-004,LAB-000154865,PAT-0014000,ADM-00051719,DOC-00101,2026-09-25 23:06:02,Lipid Profile,Biochemistry,Normal,,Normal,950.84,False
BATCH-20260925-004,LAB-000154866,PAT-0001094,ADM-00051720,DOC-00109,2026-09-29 19:28:40,Blood Glucose,Biochemistry,Normal,,Normal,299.53,False
BATCH-20260925-004,LAB-000154867,PAT-0016235,ADM-00051721,DOC-00059,2026-09-26 13:51:48,Liver Function Test,Biochemistry,Normal,,Normal,1351.03,False
BATCH-20260925-004,LAB-000154868,PAT-0024892,ADM-00051722,DOC-00094,2026-09-25 19:41:54,Blood Glucose,Biochemistry,Normal,,Normal,292.27,False
BATCH-20260925-004,LAB-000154869,PAT-0017224,ADM-00051723,DOC-00071,2026-09-28 02:24:48,Lipid Profile,Biochemistry,Normal,,Normal,866.97,False
BATCH-20260925-004,LAB-000154870,PAT-0017224,ADM-00051723,DOC-00071,2026-09-27 02:51:22,Liver Function Test,Biochemistry,Normal,,Normal,1435.31,False
BATCH-20260925-004,LAB-000154871,PAT-0017224,ADM-00051723,DOC-00071,2026-09-28 07:40:29,Liver Function Test,Biochemistry,Normal,,Normal,1139.24,False
BATCH-20260925-004,LAB-000154872,PAT-0014125,ADM-00051724,DOC-00051,2026-10-01 17:22:47,Liver Function Test,Biochemistry,Normal,,Normal,1392.09,False
BATCH-20260925-004,LAB-000154873,PAT-0014125,ADM-00051724,DOC-00051,2026-09-29 11:40:45,Thyroid Profile,Endocrinology,Normal,,Normal,1068.2,False
BATCH-20260925-004,LAB-000154874,PAT-0014125,ADM-00051724,DOC-00051,2026-10-02 04:33:32,Troponin,Cardiac,Normal,,Normal,1460.13,False
BATCH-20260925-004,LAB-000154875,PAT-0014125,ADM-00051724,DOC-00051,2026-09-26 15:25:31,Complete Blood Count,Hematology,Abnormal,,Abnormal,667.05,True
BATCH-20260925-004,LAB-000154876,PAT-0014125,ADM-00051724,DOC-00051,2026-10-02 07:52:33,Urine Routine,Pathology,Normal,,Normal,349.32,False
BATCH-20260925-004,LAB-000154877,PAT-0021695,ADM-00051725,DOC-00121,2026-09-29 17:01:40,Thyroid Profile,Endocrinology,Normal,,Normal,1196.31,False
BATCH-20260925-004,LAB-000154878,PAT-0021695,ADM-00051725,DOC-00121,2026-09-28 02:19:22,Lipid Profile,Biochemistry,Normal,,Normal,893.9,False
BATCH-20260925-004,LAB-000154879,PAT-0021695,ADM-00051725,DOC-00121,2026-09-26 06:39:25,Liver Function Test,Biochemistry,Normal,,Normal,1146.44,False
BATCH-20260925-004,LAB-000154880,PAT-0021695,ADM-00051725,DOC-00121,2026-09-29 03:19:36,Troponin,Cardiac,Normal,,Normal,1497.86,False
BATCH-20260925-004,LAB-000154881,PAT-0021695,ADM-00051725,DOC-00121,2026-09-27 07:41:31,Liver Function Test,Biochemistry,Normal,,Normal,1269.26,False
BATCH-20260925-004,LAB-000154882,PAT-0021609,ADM-00051726,DOC-00138,2026-09-26 15:49:21,Blood Glucose,Biochemistry,Abnormal,,Abnormal,332.85,True
BATCH-20260925-004,LAB-000154883,PAT-0021609,ADM-00051726,DOC-00138,2026-09-25 06:49:23,Liver Function Test,Biochemistry,Abnormal,,Abnormal,1099.39,True
BATCH-20260925-004,LAB-000154884,PAT-0021609,ADM-00051726,DOC-00138,2026-09-26 11:25:03,Liver Function Test,Biochemistry,Abnormal,,Abnormal,1150.54,True
BATCH-20260925-004,LAB-000154885,PAT-0021609,ADM-00051726,DOC-00138,2026-09-27 06:23:55,Complete Blood Count,Hematology,Normal,,Normal,750.54,False
BATCH-20260925-004,LAB-000154886,PAT-0025214,ADM-00051727,DOC-00091,2026-09-26 09:46:05,Lipid Profile,Biochemistry,Normal,,Normal,925.68,False
BATCH-20260925-004,LAB-000154887,PAT-0025214,ADM-00051727,DOC-00091,2026-09-26 07:29:30,Troponin,Cardiac,Normal,,Normal,1342.85,False
BATCH-20260925-004,LAB-000154888,PAT-0023888,ADM-00051728,DOC-00045,2026-09-25 18:21:53,Thyroid Profile,Endocrinology,Normal,,Normal,1157.71,False
BATCH-20260925-004,LAB-000154889,PAT-0023888,ADM-00051728,DOC-00045,2026-09-27 01:04:16,Complete Blood Count,Hematology,Normal,,Normal,720.14,False
BATCH-20260925-004,LAB-000154890,PAT-0023888,ADM-00051728,DOC-00045,2026-09-28 03:03:05,Blood Glucose,Biochemistry,Normal,,Normal,279.88,False
BATCH-20260925-004,LAB-000154891,PAT-0017325,ADM-00051729,DOC-00147,2026-09-28 06:03:48,Kidney Function Test,Biochemistry,Normal,,Normal,1142.09,False
BATCH-20260925-004,LAB-000154892,PAT-0017325,ADM-00051729,DOC-00147,2026-09-29 15:07:59,Kidney Function Test,Biochemistry,Normal,,Normal,1252.43,False
BATCH-20260925-004,LAB-000154893,PAT-0017325,ADM-00051729,DOC-00147,2026-10-02 03:19:37,Urine Routine,Pathology,Normal,,Normal,340.82,False
BATCH-20260925-004,LAB-000154894,PAT-0017325,ADM-00051729,DOC-00147,2026-10-03 21:17:05,Thyroid Profile,Endocrinology,Abnormal,,Abnormal,993.62,True
BATCH-20260925-004,LAB-000154895,PAT-0002920,ADM-00051730,DOC-00083,2026-09-26 23:56:38,Kidney Function Test,Biochemistry,Normal,,Normal,1194.66,False
BATCH-20260925-004,LAB-000154896,PAT-0002920,ADM-00051730,DOC-00083,2026-09-28 08:21:42,Kidney Function Test,Biochemistry,Normal,,Normal,1273.6,False
BATCH-20260925-004,LAB-000154897,PAT-0002920,ADM-00051730,DOC-00083,2026-09-27 16:02:15,Urine Routine,Pathology,Normal,,Normal,363.4,False
BATCH-20260925-004,LAB-000154898,PAT-0013197,ADM-00051731,DOC-00021,2026-09-26 18:41:58,Lipid Profile,Biochemistry,Normal,,Normal,990.09,False
BATCH-20260925-004,LAB-000154899,PAT-0012494,ADM-00051732,DOC-00124,2026-09-25 08:55:54,Blood Glucose,Biochemistry,Abnormal,,Abnormal,315.16,True
BATCH-20260925-004,LAB-000154900,PAT-0012494,ADM-00051732,DOC-00124,2026-09-25 22:46:02,Liver Function Test,Biochemistry,Abnormal,,Abnormal,1129.72,True
BATCH-20260925-004,LAB-000154901,PAT-0012494,ADM-00051732,DOC-00124,2026-09-26 04:02:17,Lipid Profile,Biochemistry,Normal,,Normal,925.94,False
BATCH-20260925-004,LAB-000154902,PAT-0018848,ADM-00051733,DOC-00128,2026-09-26 01:57:53,Thyroid Profile,Endocrinology,Abnormal,,Abnormal,989.2,True
BATCH-20260925-004,LAB-000154903,PAT-0018848,ADM-00051733,DOC-00128,2026-10-03 11:39:59,Troponin,Cardiac,Normal,,Normal,1456.92,False
BATCH-20260925-004,LAB-000154904,PAT-0018848,ADM-00051733,DOC-00128,2026-10-02 12:33:52,Thyroid Profile,Endocrinology,Abnormal,,Abnormal,929.98,True
BATCH-20260925-004,LAB-000154905,PAT-0018848,ADM-00051733,DOC-00128,2026-09-28 00:08:09,Lipid Profile,Biochemistry,Abnormal,,Abnormal,1056.15,True
BATCH-20260925-004,LAB-000154906,PAT-0018848,ADM-00051733,DOC-00128,2026-10-02 02:05:25,Liver Function Test,Biochemistry,Normal,,Normal,1189.65,False
BATCH-20260925-004,LAB-000154907,PAT-0012843,ADM-00051734,DOC-00077,2026-09-25 04:28:16,Thyroid Profile,Endocrinology,Normal,,Normal,1013.87,False
BATCH-20260925-004,LAB-000154908,PAT-0012843,ADM-00051734,DOC-00077,2026-09-28 18:49:39,Complete Blood Count,Hematology,Normal,,Normal,734.43,False
BATCH-20260925-004,LAB-000154909,PAT-0012843,ADM-00051734,DOC-00077,2026-09-28 16:12:54,Complete Blood Count,Hematology,Normal,,Normal,779.68,False
BATCH-20260925-004,LAB-000154910,PAT-0012843,ADM-00051734,DOC-00077,2026-09-26 15:14:03,Thyroid Profile,Endocrinology,Normal,,Normal,1093.21,False
BATCH-20260925-004,LAB-000154911,PAT-0006349,ADM-00051735,DOC-00135,2026-09-30 03:14:59,Liver Function Test,Biochemistry,Abnormal,,Abnormal,1320.71,True
BATCH-20260925-004,LAB-000154912,PAT-0004625,ADM-00051736,DOC-00078,2026-10-02 01:25:55,Complete Blood Count,Hematology,Abnormal,,Abnormal,682.29,True
BATCH-20260925-004,LAB-000154913,PAT-0004625,ADM-00051736,DOC-00078,2026-09-28 11:41:28,Blood Glucose,Biochemistry,Normal,,Normal,313.75,False
BATCH-20260925-004,LAB-000154914,PAT-0004625,ADM-00051736,DOC-00078,2026-09-30 23:05:36,Kidney Function Test,Biochemistry,Normal,,Normal,1300.04,False
BATCH-20260925-004,LAB-000154915,PAT-0004625,ADM-00051736,DOC-00078,2026-09-30 04:29:01,Troponin,Cardiac,Normal,,Normal,1446.21,False
BATCH-20260925-004,LAB-000154916,PAT-0015174,ADM-00051737,DOC-00020,2026-09-26 00:33:44,Complete Blood Count,Hematology,Normal,,Normal,716.51,False
BATCH-20260925-004,LAB-000154917,PAT-0015174,ADM-00051737,DOC-00020,2026-09-25 20:05:22,Complete Blood Count,Hematology,Abnormal,,Abnormal,699.26,True
BATCH-20260925-004,LAB-000154918,PAT-0015174,ADM-00051737,DOC-00020,2026-09-27 13:40:18,Urine Routine,Pathology,Abnormal,,Abnormal,376.36,True
BATCH-20260925-004,LAB-000154919,PAT-0008827,ADM-00051738,DOC-00078,2026-09-30 11:24:11,Complete Blood Count,Hematology,Normal,,Normal,614.07,False
BATCH-20260925-004,LAB-000154920,PAT-0008827,ADM-00051738,DOC-00078,2026-09-25 03:50:51,Complete Blood Count,Hematology,Normal,,Normal,700.57,False
BATCH-20260925-004,LAB-000154921,PAT-0013816,ADM-00051739,DOC-00112,2026-09-27 10:00:08,Urine Routine,Pathology,Normal,,Normal,368.56,False
BATCH-20260925-004,LAB-000154922,PAT-0013816,ADM-00051739,DOC-00112,2026-09-27 02:30:13,Liver Function Test,Biochemistry,Normal,,Normal,1192.3,False
BATCH-20260925-004,LAB-000154923,PAT-0013816,ADM-00051739,DOC-00112,2026-09-25 16:18:44,Troponin,Cardiac,Normal,,Normal,1410.92,False
BATCH-20260925-004,LAB-000154924,PAT-0013816,ADM-00051739,DOC-00112,2026-09-25 18:43:42,Lipid Profile,Biochemistry,Normal,,Normal,849.12,False
BATCH-20260925-004,LAB-000154925,PAT-0017458,ADM-00051740,DOC-00041,2026-09-28 21:43:30,Urine Routine,Pathology,Normal,,Normal,375.3,False
BATCH-20260925-004,LAB-000154926,PAT-0017458,ADM-00051740,DOC-00041,2026-09-28 19:13:58,Complete Blood Count,Hematology,Normal,,Normal,778.25,False
BATCH-20260925-004,LAB-000154927,PAT-0010255,ADM-00051741,DOC-00018,2026-09-27 00:59:01,Thyroid Profile,Endocrinology,Normal,,Normal,987.67,False
BATCH-20260925-004,LAB-000154928,PAT-0010255,ADM-00051741,DOC-00018,2026-09-25 07:30:49,Thyroid Profile,Endocrinology,Normal,,Normal,1040.14,False
BATCH-20260925-004,LAB-000154929,PAT-0010255,ADM-00051741,DOC-00018,2026-09-26 06:48:19,Complete Blood Count,Hematology,Normal,,Normal,674.1,False
BATCH-20260925-004,LAB-000154930,PAT-0002779,ADM-00051742,DOC-00067,2026-09-30 19:23:22,Troponin,Cardiac,Normal,,Normal,1286.59,False
BATCH-20260925-004,LAB-000154931,PAT-0002779,ADM-00051742,DOC-00067,2026-09-30 20:57:02,Liver Function Test,Biochemistry,Abnormal,,Abnormal,1227.26,True
BATCH-20260925-004,LAB-000154932,PAT-0002779,ADM-00051742,DOC-00067,2026-09-27 00:24:18,Troponin,Cardiac,Normal,,Normal,1519.32,False
BATCH-20260925-004,LAB-000154933,PAT-0002779,ADM-00051742,DOC-00067,2026-09-29 07:42:34,Thyroid Profile,Endocrinology,Normal,,Normal,951.83,False
BATCH-20260925-004,LAB-000154934,PAT-0015521,ADM-00051743,DOC-00007,2026-09-29 12:10:46,Urine Routine,Pathology,Abnormal,,Abnormal,391.72,True
BATCH-20260925-004,LAB-000154935,PAT-0015521,ADM-00051743,DOC-00007,2026-09-25 16:35:37,Troponin,Cardiac,Normal,,Normal,1655.95,False
BATCH-20260925-004,LAB-000154936,PAT-0015521,ADM-00051743,DOC-00007,2026-09-25 10:24:55,Complete Blood Count,Hematology,Normal,,Normal,778.0,False
BATCH-20260925-004,LAB-000154937,PAT-0015521,ADM-00051743,DOC-00007,2026-09-30 20:14:24,Liver Function Test,Biochemistry,Normal,,Normal,1235.49,False
BATCH-20260925-004,LAB-000154938,PAT-0015521,ADM-00051743,DOC-00007,2026-09-29 10:04:25,Kidney Function Test,Biochemistry,Abnormal,,Abnormal,1029.6,True
BATCH-20260925-004,LAB-000154939,PAT-0008383,ADM-00051744,DOC-00111,2026-09-26 09:50:01,Thyroid Profile,Endocrinology,Normal,,Normal,984.35,False
BATCH-20260925-004,LAB-000154940,PAT-0008383,ADM-00051744,DOC-00111,2026-09-27 08:50:42,Lipid Profile,Biochemistry,Abnormal,,Abnormal,866.14,True
BATCH-20260925-004,LAB-000154941,PAT-0008383,ADM-00051744,DOC-00111,2026-09-28 18:41:20,Complete Blood Count,Hematology,Normal,,Normal,627.94,False
BATCH-20260925-004,LAB-000154942,PAT-0008383,ADM-00051744,DOC-00111,2026-09-25 21:59:32,Troponin,Cardiac,Abnormal,,Abnormal,1311.73,True
BATCH-20260925-004,LAB-000154943,PAT-0000999,ADM-00051745,DOC-00003,2026-09-26 16:16:10,Kidney Function Test,Biochemistry,Normal,,Normal,1047.13,False
BATCH-20260925-004,LAB-000154944,PAT-0000999,ADM-00051745,DOC-00003,2026-09-25 18:09:49,Thyroid Profile,Endocrinology,Normal,,Normal,1191.52,False
BATCH-20260925-004,LAB-000154945,PAT-0008446,ADM-00051746,DOC-00084,2026-09-26 18:51:46,Thyroid Profile,Endocrinology,Normal,,Normal,1142.28,False
BATCH-20260925-004,LAB-000154946,PAT-0008446,ADM-00051746,DOC-00084,2026-09-27 10:08:59,Lipid Profile,Biochemistry,Normal,,Normal,962.59,False
BATCH-20260925-004,LAB-000154947,PAT-0008446,ADM-00051746,DOC-00084,2026-09-26 06:24:52,Complete Blood Count,Hematology,Normal,,Normal,762.86,False
BATCH-20260925-004,LAB-000154948,PAT-0008446,ADM-00051746,DOC-00084,2026-09-26 18:11:22,Lipid Profile,Biochemistry,Normal,,Normal,866.98,False
BATCH-20260925-004,LAB-000154949,PAT-0017877,ADM-00051747,DOC-00012,2026-10-06 12:47:01,Troponin,Cardiac,Abnormal,,Abnormal,1405.23,True
BATCH-20260925-004,LAB-000154950,PAT-0017877,ADM-00051747,DOC-00012,2026-10-03 06:13:38,Lipid Profile,Biochemistry,Abnormal,,Abnormal,1056.19,True
BATCH-20260925-004,LAB-000154951,PAT-0017877,ADM-00051747,DOC-00012,2026-09-29 00:50:56,Liver Function Test,Biochemistry,Normal,,Normal,1115.09,False
BATCH-20260925-004,LAB-000154952,PAT-0017877,ADM-00051747,DOC-00012,2026-10-01 21:32:22,Lipid Profile,Biochemistry,Normal,,Normal,1050.75,False
BATCH-20260925-004,LAB-000154953,PAT-0010091,ADM-00051748,DOC-00131,2026-09-26 08:44:15,Urine Routine,Pathology,Abnormal,,Abnormal,396.93,True
BATCH-20260925-004,LAB-000154954,PAT-0000688,ADM-00051749,DOC-00049,2026-09-26 13:27:15,Lipid Profile,Biochemistry,Normal,,Normal,998.15,False
BATCH-20260925-004,LAB-000154955,PAT-0002166,ADM-00051750,DOC-00140,2026-09-28 13:11:00,Complete Blood Count,Hematology,Abnormal,,Abnormal,674.66,True
BATCH-20260925-004,LAB-000154956,PAT-0002166,ADM-00051750,DOC-00140,2026-09-26 18:56:50,Blood Glucose,Biochemistry,Normal,,Normal,278.44,False
BATCH-20260925-004,LAB-000154957,PAT-0002166,ADM-00051750,DOC-00140,2026-09-29 01:34:50,Thyroid Profile,Endocrinology,Normal,,Normal,1101.64,False
BATCH-20260925-004,LAB-000154958,PAT-0002166,ADM-00051750,DOC-00140,2026-09-28 09:12:53,Liver Function Test,Biochemistry,Abnormal,,Abnormal,1221.99,True
BATCH-20260925-004,LAB-000154959,PAT-0002560,ADM-00051751,DOC-00119,2026-09-25 12:24:09,Thyroid Profile,Endocrinology,Normal,,Normal,1056.51,False
BATCH-20260925-004,LAB-000154960,PAT-0002560,ADM-00051751,DOC-00119,2026-09-25 18:01:35,Urine Routine,Pathology,Normal,,Normal,390.56,False
BATCH-20260925-004,LAB-000154961,PAT-0002560,ADM-00051751,DOC-00119,2026-09-26 02:28:54,Urine Routine,Pathology,Normal,,Normal,404.46,False
BATCH-20260925-004,LAB-000154962,PAT-0002560,ADM-00051751,DOC-00119,2026-09-25 14:01:38,Urine Routine,Pathology,Normal,,Normal,328.18,False
BATCH-20260925-004,LAB-000154963,PAT-0002560,ADM-00051751,DOC-00119,2026-09-26 04:28:17,Liver Function Test,Biochemistry,Normal,,Normal,1389.89,False
BATCH-20260925-004,LAB-000154964,PAT-0001778,ADM-00051752,DOC-00044,2026-09-27 01:25:28,Troponin,Cardiac,Normal,,Normal,1375.71,False
BATCH-20260925-004,LAB-000154965,PAT-0001778,ADM-00051752,DOC-00044,2026-09-27 10:47:30,Liver Function Test,Biochemistry,Normal,,Normal,1323.51,False
BATCH-20260925-004,LAB-000154966,PAT-0022806,ADM-00051753,DOC-00148,2026-09-27 11:45:48,Complete Blood Count,Hematology,Normal,,Normal,726.3,False
BATCH-20260925-004,LAB-000154967,PAT-0022806,ADM-00051753,DOC-00148,2026-09-26 11:08:23,Blood Glucose,Biochemistry,Abnormal,,Abnormal,291.76,True
BATCH-20260925-004,LAB-000154968,PAT-0022806,ADM-00051753,DOC-00148,2026-09-26 10:21:16,Kidney Function Test,Biochemistry,Normal,,Normal,1296.94,False
BATCH-20260925-004,LAB-000154969,PAT-0022806,ADM-00051753,DOC-00148,2026-09-27 17:40:03,Liver Function Test,Biochemistry,Abnormal,,Abnormal,1212.88,True
BATCH-20260925-004,LAB-000154970,PAT-0022806,ADM-00051753,DOC-00148,2026-09-29 11:36:26,Urine Routine,Pathology,Normal,,Normal,368.67,False
BATCH-20260925-004,LAB-000154971,PAT-0003943,ADM-00051754,DOC-00103,2026-09-27 14:16:30,Liver Function Test,Biochemistry,Normal,,Normal,1298.83,False
BATCH-20260925-004,LAB-000154972,PAT-0003943,ADM-00051754,DOC-00103,2026-09-27 11:27:57,Lipid Profile,Biochemistry,Normal,,Normal,969.66,False
BATCH-20260925-004,LAB-000154973,PAT-0001861,ADM-00051755,DOC-00100,2026-09-27 01:13:09,Blood Glucose,Biochemistry,Normal,,Normal,288.07,False
BATCH-20260925-004,LAB-000154974,PAT-0001861,ADM-00051755,DOC-00100,2026-09-28 10:49:18,Kidney Function Test,Biochemistry,Normal,,Normal,1100.45,False
BATCH-20260925-004,LAB-000154975,PAT-0001861,ADM-00051755,DOC-00100,2026-09-25 17:34:21,Urine Routine,Pathology,Normal,,Normal,379.21,False
BATCH-20260925-004,LAB-000154976,PAT-0001861,ADM-00051755,DOC-00100,2026-09-27 11:36:28,Urine Routine,Pathology,Normal,,Normal,358.97,False
BATCH-20260925-004,LAB-000154977,PAT-0003967,ADM-00051756,DOC-00147,2026-09-25 20:59:21,Urine Routine,Pathology,Normal,,Normal,416.46,False
BATCH-20260925-004,LAB-000154978,PAT-0003967,ADM-00051756,DOC-00147,2026-09-26 10:43:16,Kidney Function Test,Biochemistry,Normal,,Normal,1127.15,False
BATCH-20260925-004,LAB-000154979,PAT-0003967,ADM-00051756,DOC-00147,2026-09-26 14:40:43,Blood Glucose,Biochemistry,Abnormal,,Abnormal,275.51,True
BATCH-20260925-004,LAB-000154980,PAT-0003967,ADM-00051756,DOC-00147,2026-09-26 09:45:02,Kidney Function Test,Biochemistry,Normal,,Normal,1054.71,False
BATCH-20260925-004,LAB-000154981,PAT-0003967,ADM-00051756,DOC-00147,2026-09-26 16:47:13,Blood Glucose,Biochemistry,Normal,,Normal,301.16,False
BATCH-20260925-004,LAB-000154982,PAT-0010750,ADM-00051757,DOC-00051,2026-09-25 16:15:16,Blood Glucose,Biochemistry,Abnormal,,Abnormal,321.4,True
BATCH-20260925-004,LAB-000154983,PAT-0010750,ADM-00051757,DOC-00051,2026-09-29 19:54:51,Thyroid Profile,Endocrinology,Normal,,Normal,1005.71,False
BATCH-20260925-004,LAB-000154984,PAT-0017278,ADM-00051758,DOC-00003,2026-10-01 10:15:19,Complete Blood Count,Hematology,Normal,,Normal,688.01,False
BATCH-20260925-004,LAB-000154985,PAT-0017278,ADM-00051758,DOC-00003,2026-09-26 00:40:56,Troponin,Cardiac,Abnormal,,Abnormal,1290.18,True
BATCH-20260925-004,LAB-000154986,PAT-0017278,ADM-00051758,DOC-00003,2026-09-27 11:13:02,Kidney Function Test,Biochemistry,Abnormal,,Abnormal,1181.9,True
BATCH-20260925-004,LAB-000154987,PAT-0017278,ADM-00051758,DOC-00003,2026-09-29 22:35:58,Complete Blood Count,Hematology,Normal,,Normal,741.33,False
BATCH-20260925-004,LAB-000154988,PAT-0017278,ADM-00051758,DOC-00003,2026-10-06 15:16:37,Urine Routine,Pathology,Abnormal,,Abnormal,403.08,True
BATCH-20260925-004,LAB-000154989,PAT-0008134,ADM-00051759,DOC-00092,2026-09-26 00:06:37,Kidney Function Test,Biochemistry,Normal,,Normal,1041.04,False
BATCH-20260925-004,LAB-000154990,PAT-0008134,ADM-00051759,DOC-00092,2026-09-25 08:23:36,Complete Blood Count,Hematology,Abnormal,,Abnormal,678.84,True
BATCH-20260925-004,LAB-000154991,PAT-0005758,ADM-00051760,DOC-00006,2026-09-27 02:17:25,Liver Function Test,Biochemistry,Normal,,Normal,1157.84,False
BATCH-20260925-004,LAB-000154992,PAT-0005758,ADM-00051760,DOC-00006,2026-09-29 12:52:08,Complete Blood Count,Hematology,Normal,,Normal,764.82,False
BATCH-20260925-004,LAB-000154993,PAT-0005758,ADM-00051760,DOC-00006,2026-09-25 20:11:09,Liver Function Test,Biochemistry,Normal,,Normal,1233.55,False
BATCH-20260925-004,LAB-000154994,PAT-0005758,ADM-00051760,DOC-00006,2026-09-27 13:46:58,Thyroid Profile,Endocrinology,Normal,,Normal,943.97,False
BATCH-20260925-004,LAB-000154995,PAT-0002487,ADM-00051761,DOC-00030,2026-09-27 03:33:08,Blood Glucose,Biochemistry,Normal,,Normal,324.76,False
BATCH-20260925-004,LAB-000154996,PAT-0002487,ADM-00051761,DOC-00030,2026-09-28 08:44:54,Complete Blood Count,Hematology,Abnormal,,Abnormal,718.21,True
BATCH-20260925-004,LAB-000154997,PAT-0023883,ADM-00051762,DOC-00037,2026-09-28 06:30:51,Liver Function Test,Biochemistry,Normal,,Normal,1312.83,False
BATCH-20260925-004,LAB-000154998,PAT-0003330,ADM-00051763,DOC-00037,2026-09-28 14:34:41,Urine Routine,Pathology,Normal,,Normal,370.16,False
BATCH-20260925-004,LAB-000154999,PAT-0003330,ADM-00051763,DOC-00037,2026-09-29 20:47:57,Liver Function Test,Biochemistry,Normal,,Normal,1348.34,False
BATCH-20260925-004,LAB-000155000,PAT-0003330,ADM-00051763,DOC-00037,2026-09-29 17:20:45,Blood Glucose,Biochemistry,Abnormal,,Abnormal,342.91,True
BATCH-20260925-004,LAB-000155001,PAT-0003330,ADM-00051763,DOC-00037,2026-09-26 08:57:33,Liver Function Test,Biochemistry,Normal,,Normal,1244.12,False
BATCH-20260925-004,LAB-000155002,PAT-0005769,ADM-00051764,DOC-00112,2026-09-26 09:08:21,Liver Function Test,Biochemistry,Abnormal,,Abnormal,1082.81,True
BATCH-20260925-004,LAB-000155003,PAT-0005769,ADM-00051764,DOC-00112,2026-09-26 00:44:09,Liver Function Test,Biochemistry,Normal,,Normal,1189.98,False
BATCH-20260925-004,LAB-000155004,PAT-0005769,ADM-00051764,DOC-00112,2026-09-26 00:46:08,Thyroid Profile,Endocrinology,Normal,,Normal,1189.74,False
BATCH-20260925-004,LAB-000155005,PAT-0004288,ADM-00051765,DOC-00018,2026-09-26 06:18:13,Thyroid Profile,Endocrinology,Normal,,Normal,1070.91,False
BATCH-20260925-004,LAB-000155006,PAT-0004288,ADM-00051765,DOC-00018,2026-09-26 18:11:41,Urine Routine,Pathology,Normal,,Normal,369.92,False
BATCH-20260925-004,LAB-000155007,PAT-0004288,ADM-00051765,DOC-00018,2026-09-28 01:06:30,Troponin,Cardiac,Normal,,Normal,1672.65,False
BATCH-20260925-004,LAB-000155008,PAT-0004288,ADM-00051765,DOC-00018,2026-09-28 13:00:25,Thyroid Profile,Endocrinology,Normal,,Normal,901.5,False
BATCH-20260925-004,LAB-000155009,PAT-0008805,ADM-00051766,DOC-00090,2026-09-27 18:24:22,Liver Function Test,Biochemistry,Normal,,Normal,1281.95,False
BATCH-20260925-004,LAB-000155010,PAT-0008805,ADM-00051766,DOC-00090,2026-09-26 12:36:35,Complete Blood Count,Hematology,Normal,,Normal,605.01,False
BATCH-20260925-004,LAB-000155011,PAT-0008805,ADM-00051766,DOC-00090,2026-09-26 09:45:06,Blood Glucose,Biochemistry,Abnormal,,Abnormal,343.57,True
BATCH-20260925-004,LAB-000155012,PAT-0023441,ADM-00051767,DOC-00045,2026-09-26 11:59:53,Thyroid Profile,Endocrinology,Normal,,Normal,1032.76,False
BATCH-20260925-004,LAB-000155013,PAT-0023441,ADM-00051767,DOC-00045,2026-09-25 21:21:13,Troponin,Cardiac,Normal,,Normal,1678.99,False
BATCH-20260925-004,LAB-000155014,PAT-0023441,ADM-00051767,DOC-00045,2026-09-26 03:15:14,Kidney Function Test,Biochemistry,Normal,,Normal,1003.23,False
BATCH-20260925-004,LAB-000155015,PAT-0002131,ADM-00051768,DOC-00029,2026-10-01 08:58:42,Kidney Function Test,Biochemistry,Abnormal,,Abnormal,1220.83,True
BATCH-20260925-004,LAB-000155016,PAT-0002131,ADM-00051768,DOC-00029,2026-09-26 07:01:01,Liver Function Test,Biochemistry,Abnormal,,Abnormal,1229.2,True
BATCH-20260925-004,LAB-000155017,PAT-0013318,ADM-00051769,DOC-00076,2026-09-29 16:06:38,Kidney Function Test,Biochemistry,Normal,,Normal,1010.55,False
BATCH-20260925-004,LAB-000155018,PAT-0002967,ADM-00051770,DOC-00097,2026-09-26 08:07:46,Liver Function Test,Biochemistry,Normal,,Normal,1294.67,False
BATCH-20260925-004,LAB-000155019,PAT-0002967,ADM-00051770,DOC-00097,2026-09-27 06:46:06,Troponin,Cardiac,Normal,,Normal,1416.82,False
BATCH-20260925-004,LAB-000155020,PAT-0020334,ADM-00051771,DOC-00092,2026-09-27 22:18:48,Kidney Function Test,Biochemistry,Normal,,Normal,1214.68,False
BATCH-20260925-004,LAB-000155021,PAT-0020334,ADM-00051771,DOC-00092,2026-09-28 15:29:46,Troponin,Cardiac,Normal,,Normal,1547.59,False
BATCH-20260925-004,LAB-000155022,PAT-0020334,ADM-00051771,DOC-00092,2026-09-27 08:25:08,Urine Routine,Pathology,Normal,,Normal,369.22,False
BATCH-20260925-004,LAB-000155023,PAT-0010810,ADM-00051772,DOC-00071,2026-09-28 12:52:21,Urine Routine,Pathology,Normal,,Normal,350.5,False
BATCH-20260925-004,LAB-000155024,PAT-0020313,ADM-00051773,DOC-00140,2026-09-27 20:32:52,Troponin,Cardiac,Normal,,Normal,1534.6,False
BATCH-20260925-004,LAB-000155025,PAT-0020313,ADM-00051773,DOC-00140,2026-09-28 11:12:31,Kidney Function Test,Biochemistry,Normal,,Normal,993.14,False
BATCH-20260925-004,LAB-000155026,PAT-0020313,ADM-00051773,DOC-00140,2026-09-29 12:55:48,Complete Blood Count,Hematology,Normal,,Normal,592.65,False
BATCH-20260925-004,LAB-000155027,PAT-0006186,ADM-00051774,DOC-00020,2026-09-27 14:09:04,Blood Glucose,Biochemistry,Normal,,Normal,321.67,False
BATCH-20260925-004,LAB-000155028,PAT-0006186,ADM-00051774,DOC-00020,2026-09-27 13:51:49,Lipid Profile,Biochemistry,Normal,,Normal,1079.32,False
BATCH-20260925-004,LAB-000155029,PAT-0006186,ADM-00051774,DOC-00020,2026-09-28 09:10:01,Thyroid Profile,Endocrinology,Normal,,Normal,912.51,False
BATCH-20260925-004,LAB-000155030,PAT-0012930,ADM-00051775,DOC-00032,2026-10-02 10:38:05,Liver Function Test,Biochemistry,Normal,,Normal,1395.52,False
BATCH-20260925-004,LAB-000155031,PAT-0012930,ADM-00051775,DOC-00032,2026-09-27 22:53:05,Kidney Function Test,Biochemistry,Normal,,Normal,1289.02,False
BATCH-20260925-004,LAB-000155032,PAT-0012930,ADM-00051775,DOC-00032,2026-09-26 10:29:27,Troponin,Cardiac,Normal,,Normal,1597.01,False
BATCH-20260925-004,LAB-000155033,PAT-0025409,ADM-00051776,DOC-00032,2026-09-26 09:29:02,Kidney Function Test,Biochemistry,Normal,,Normal,1226.82,False
BATCH-20260925-004,LAB-000155034,PAT-0025409,ADM-00051776,DOC-00032,2026-09-27 15:57:54,Thyroid Profile,Endocrinology,Normal,,Normal,1093.01,False
BATCH-20260925-004,LAB-000155035,PAT-0025409,ADM-00051776,DOC-00032,2026-09-25 22:07:54,Troponin,Cardiac,Normal,,Normal,1536.46,False
BATCH-20260925-004,LAB-000155036,PAT-0025409,ADM-00051776,DOC-00032,2026-09-27 08:19:27,Urine Routine,Pathology,Abnormal,,Abnormal,354.15,True
BATCH-20260925-004,LAB-000155037,PAT-0005005,ADM-00051777,DOC-00061,2026-09-26 14:57:05,Kidney Function Test,Biochemistry,Normal,,Normal,1292.06,False
BATCH-20260925-004,LAB-000155038,PAT-0001262,ADM-00051778,DOC-00107,2026-10-08 07:14:43,Complete Blood Count,Hematology,Normal,,Normal,732.82,False
BATCH-20260925-004,LAB-000155039,PAT-0001262,ADM-00051778,DOC-00107,2026-10-01 06:00:27,Urine Routine,Pathology,Normal,,Normal,408.78,False
BATCH-20260925-004,LAB-000155040,PAT-0001262,ADM-00051778,DOC-00107,2026-10-07 02:36:12,Liver Function Test,Biochemistry,Normal,,Normal,1302.47,False
BATCH-20260925-004,LAB-000155041,PAT-0005225,ADM-00051779,DOC-00021,2026-09-25 21:15:48,Thyroid Profile,Endocrinology,Abnormal,,Abnormal,1191.48,True
BATCH-20260925-004,LAB-000155042,PAT-0005896,ADM-00051780,DOC-00101,2026-09-26 11:13:32,Troponin,Cardiac,Normal,,Normal,1551.16,False
BATCH-20260925-004,LAB-000155043,PAT-0013034,ADM-00051781,DOC-00144,2026-09-25 23:48:40,Liver Function Test,Biochemistry,Normal,,Normal,1147.55,False
BATCH-20260925-004,LAB-000155044,PAT-0013034,ADM-00051781,DOC-00144,2026-09-25 22:55:37,Kidney Function Test,Biochemistry,Normal,,Normal,998.05,False
BATCH-20260925-004,LAB-000155045,PAT-0013034,ADM-00051781,DOC-00144,2026-09-26 17:38:43,Liver Function Test,Biochemistry,Normal,,Normal,1373.29,False
BATCH-20260925-004,LAB-000155046,PAT-0013034,ADM-00051781,DOC-00144,2026-09-25 21:31:47,Liver Function Test,Biochemistry,Abnormal,,Abnormal,1174.49,True
BATCH-20260925-004,LAB-000155047,PAT-0013034,ADM-00051781,DOC-00144,2026-09-26 17:20:07,Kidney Function Test,Biochemistry,Normal,,Normal,1247.37,False
BATCH-20260925-004,LAB-000155048,PAT-0006906,ADM-00051782,DOC-00048,2026-09-30 15:40:32,Kidney Function Test,Biochemistry,Normal,,Normal,1018.22,False
BATCH-20260925-004,LAB-000155049,PAT-0006906,ADM-00051782,DOC-00048,2026-09-28 08:34:05,Urine Routine,Pathology,Normal,,Normal,317.6,False
BATCH-20260925-004,LAB-000155050,PAT-0006906,ADM-00051782,DOC-00048,2026-09-27 21:30:25,Kidney Function Test,Biochemistry,Normal,,Normal,1291.46,False
BATCH-20260925-004,LAB-000155051,PAT-0006906,ADM-00051782,DOC-00048,2026-09-28 20:16:40,Complete Blood Count,Hematology,Normal,,Normal,726.92,False
BATCH-20260925-004,LAB-000155052,PAT-0006906,ADM-00051782,DOC-00048,2026-09-27 06:41:28,Complete Blood Count,Hematology,Abnormal,,Abnormal,684.92,True
BATCH-20260925-004,LAB-000155053,PAT-0013159,ADM-00051783,DOC-00070,2026-09-25 20:21:07,Kidney Function Test,Biochemistry,Normal,,Normal,1220.1,False
BATCH-20260925-004,LAB-000155054,PAT-0013159,ADM-00051783,DOC-00070,2026-09-27 13:50:39,Kidney Function Test,Biochemistry,Abnormal,,Abnormal,991.72,True
BATCH-20260925-004,LAB-000155055,PAT-0013159,ADM-00051783,DOC-00070,2026-09-26 22:11:30,Troponin,Cardiac,Normal,,Normal,1581.32,False
BATCH-20260925-004,LAB-000155056,PAT-0013159,ADM-00051783,DOC-00070,2026-09-27 23:15:54,Kidney Function Test,Biochemistry,Normal,,Normal,1043.07,False
BATCH-20260925-004,LAB-000155057,PAT-0011682,ADM-00051784,DOC-00063,2026-09-25 19:19:09,Complete Blood Count,Hematology,Abnormal,,Abnormal,776.4,True
BATCH-20260925-004,LAB-000155058,PAT-0011682,ADM-00051784,DOC-00063,2026-10-02 09:27:08,Urine Routine,Pathology,Normal,,Normal,383.06,False
BATCH-20260925-004,LAB-000155059,PAT-0011682,ADM-00051784,DOC-00063,2026-09-27 18:25:44,Urine Routine,Pathology,Normal,,Normal,369.36,False
BATCH-20260925-004,LAB-000155060,PAT-0011682,ADM-00051784,DOC-00063,2026-10-04 04:35:43,Urine Routine,Pathology,Normal,,Normal,404.09,False
BATCH-20260925-004,LAB-000155061,PAT-0006274,ADM-00051785,DOC-00093,2026-10-06 01:56:16,Troponin,Cardiac,Normal,,Normal,1430.3,False
BATCH-20260925-004,LAB-000155062,PAT-0006274,ADM-00051785,DOC-00093,2026-10-01 14:28:55,Troponin,Cardiac,Normal,,Normal,1670.19,False
BATCH-20260925-004,LAB-000155063,PAT-0006274,ADM-00051785,DOC-00093,2026-09-29 16:03:00,Blood Glucose,Biochemistry,Normal,,Normal,310.28,False
BATCH-20260925-004,LAB-000155064,PAT-0006274,ADM-00051785,DOC-00093,2026-09-26 20:58:53,Blood Glucose,Biochemistry,Abnormal,,Abnormal,333.09,True
BATCH-20260925-004,LAB-000155065,PAT-0006274,ADM-00051785,DOC-00093,2026-10-02 00:49:19,Kidney Function Test,Biochemistry,Normal,,Normal,1104.73,False
BATCH-20260925-004,LAB-000155066,PAT-0006414,ADM-00051786,DOC-00085,2026-10-08 08:52:10,Blood Glucose,Biochemistry,Normal,,Normal,337.99,False
BATCH-20260925-004,LAB-000155067,PAT-0006414,ADM-00051786,DOC-00085,2026-10-05 11:42:35,Liver Function Test,Biochemistry,Normal,,Normal,1116.74,False
BATCH-20260925-004,LAB-000155068,PAT-0006414,ADM-00051786,DOC-00085,2026-10-01 00:19:34,Urine Routine,Pathology,Abnormal,,Abnormal,379.65,True
BATCH-20260925-004,LAB-000155069,PAT-0018513,ADM-00051787,DOC-00128,2026-09-28 19:09:46,Complete Blood Count,Hematology,Normal,,Normal,754.61,False
BATCH-20260925-004,LAB-000155070,PAT-0024856,ADM-00051788,DOC-00144,2026-10-01 22:07:33,Liver Function Test,Biochemistry,Normal,,Normal,1200.24,False
BATCH-20260925-004,LAB-000155071,PAT-0022494,ADM-00051789,DOC-00099,2026-09-25 11:11:31,Troponin,Cardiac,Normal,,Normal,1466.22,False
BATCH-20260925-004,LAB-000155072,PAT-0022494,ADM-00051789,DOC-00099,2026-09-28 00:35:57,Thyroid Profile,Endocrinology,Normal,,Normal,1059.22,False
BATCH-20260925-004,LAB-000155073,PAT-0022494,ADM-00051789,DOC-00099,2026-09-27 03:19:52,Blood Glucose,Biochemistry,Abnormal,,Abnormal,288.28,True
BATCH-20260925-004,LAB-000155074,PAT-0022494,ADM-00051789,DOC-00099,2026-09-25 07:57:50,Troponin,Cardiac,Normal,,Normal,1457.29,False
BATCH-20260925-004,LAB-000155075,PAT-0017716,ADM-00051790,DOC-00090,2026-09-28 08:25:56,Kidney Function Test,Biochemistry,Abnormal,,Abnormal,1125.35,True
BATCH-20260925-004,LAB-000155076,PAT-0017716,ADM-00051790,DOC-00090,2026-09-26 17:46:49,Kidney Function Test,Biochemistry,Normal,,Normal,1255.08,False
BATCH-20260925-004,LAB-000155077,PAT-0017716,ADM-00051790,DOC-00090,2026-09-27 22:30:36,Kidney Function Test,Biochemistry,Normal,,Normal,1188.28,False
BATCH-20260925-004,LAB-000155078,PAT-0017716,ADM-00051790,DOC-00090,2026-09-26 19:22:52,Troponin,Cardiac,Normal,,Normal,1350.01,False
BATCH-20260925-004,LAB-000155079,PAT-0017716,ADM-00051790,DOC-00090,2026-09-25 20:39:55,Urine Routine,Pathology,Normal,,Normal,337.04,False
BATCH-20260925-004,LAB-000155080,PAT-0023069,ADM-00051791,DOC-00105,2026-09-26 18:51:24,Thyroid Profile,Endocrinology,Normal,,Normal,1061.56,False
BATCH-20260925-004,LAB-000155081,PAT-0023069,ADM-00051791,DOC-00105,2026-09-29 11:52:14,Kidney Function Test,Biochemistry,Normal,,Normal,1115.25,False
BATCH-20260925-004,LAB-000155082,PAT-0023069,ADM-00051791,DOC-00105,2026-09-26 02:56:39,Thyroid Profile,Endocrinology,Normal,,Normal,978.01,False
BATCH-20260925-004,LAB-000155083,PAT-0018456,ADM-00051792,DOC-00021,2026-09-27 16:30:03,Troponin,Cardiac,Normal,,Normal,1591.57,False
BATCH-20260925-004,LAB-000155084,PAT-0018456,ADM-00051792,DOC-00021,2026-09-27 20:23:18,Complete Blood Count,Hematology,Normal,,Normal,622.68,False
BATCH-20260925-004,LAB-000155085,PAT-0024366,ADM-00051793,DOC-00121,2026-09-26 07:35:30,Lipid Profile,Biochemistry,Abnormal,,Abnormal,998.47,True
BATCH-20260925-004,LAB-000155086,PAT-0024366,ADM-00051793,DOC-00121,2026-09-26 14:16:12,Urine Routine,Pathology,Normal,,Normal,382.89,False
BATCH-20260925-004,LAB-000155087,PAT-0024366,ADM-00051793,DOC-00121,2026-09-26 22:11:29,Lipid Profile,Biochemistry,Normal,,Normal,1011.36,False
BATCH-20260925-004,LAB-000155088,PAT-0024366,ADM-00051793,DOC-00121,2026-09-26 05:43:06,Urine Routine,Pathology,Normal,,Normal,318.99,False
BATCH-20260925-004,LAB-000155089,PAT-0005215,ADM-00051794,DOC-00025,2026-09-28 15:52:23,Liver Function Test,Biochemistry,Normal,,Normal,1306.47,False
BATCH-20260925-004,LAB-000155090,PAT-0012500,ADM-00051795,DOC-00030,2026-09-26 15:40:30,Blood Glucose,Biochemistry,Abnormal,,Abnormal,328.61,True
BATCH-20260925-004,LAB-000155091,PAT-0012500,ADM-00051795,DOC-00030,2026-10-04 18:45:44,Lipid Profile,Biochemistry,Normal,,Normal,1076.07,False
BATCH-20260925-004,LAB-000155092,PAT-0012500,ADM-00051795,DOC-00030,2026-09-30 20:03:37,Kidney Function Test,Biochemistry,Abnormal,,Abnormal,1137.57,True
BATCH-20260925-004,LAB-000155093,PAT-0012500,ADM-00051795,DOC-00030,2026-10-02 11:44:40,Kidney Function Test,Biochemistry,Normal,,Normal,1101.95,False
BATCH-20260925-004,LAB-000155094,PAT-0014691,ADM-00051796,DOC-00092,2026-09-27 13:54:38,Kidney Function Test,Biochemistry,Normal,,Normal,1001.26,False
BATCH-20260925-004,LAB-000155095,PAT-0014691,ADM-00051796,DOC-00092,2026-09-28 00:26:32,Lipid Profile,Biochemistry,Abnormal,,Abnormal,1067.76,True
BATCH-20260925-004,LAB-000155096,PAT-0014691,ADM-00051796,DOC-00092,2026-09-27 20:50:29,Urine Routine,Pathology,Normal,,Normal,373.21,False
BATCH-20260925-004,LAB-000155097,PAT-0014691,ADM-00051796,DOC-00092,2026-09-29 15:06:45,Kidney Function Test,Biochemistry,Normal,,Normal,1091.16,False
BATCH-20260925-004,LAB-000155098,PAT-0023002,ADM-00051797,DOC-00036,2026-09-26 22:34:55,Troponin,Cardiac,Normal,,Normal,1544.92,False
BATCH-20260925-004,LAB-000155099,PAT-0023002,ADM-00051797,DOC-00036,2026-09-26 17:00:08,Troponin,Cardiac,Normal,,Normal,1569.88,False
BATCH-20260925-004,LAB-000155100,PAT-0003888,ADM-00051798,DOC-00100,2026-09-27 00:13:46,Complete Blood Count,Hematology,Normal,,Normal,735.83,False
BATCH-20260925-004,LAB-000155101,PAT-0003888,ADM-00051798,DOC-00100,2026-09-27 07:08:31,Complete Blood Count,Hematology,Abnormal,,Abnormal,633.91,True
BATCH-20260925-004,LAB-000155102,PAT-0003888,ADM-00051798,DOC-00100,2026-09-25 17:01:14,Complete Blood Count,Hematology,Abnormal,,Abnormal,695.58,True
BATCH-20260925-004,LAB-000155103,PAT-0003888,ADM-00051798,DOC-00100,2026-09-25 12:28:38,Blood Glucose,Biochemistry,Normal,,Normal,355.06,False
BATCH-20260925-004,LAB-000155104,PAT-0003888,ADM-00051798,DOC-00100,2026-09-27 07:03:16,Liver Function Test,Biochemistry,Normal,,Normal,1310.98,False
BATCH-20260925-004,LAB-000155105,PAT-0003905,ADM-00051799,DOC-00085,2026-09-27 02:22:38,Liver Function Test,Biochemistry,Normal,,Normal,1186.49,False
BATCH-20260925-004,LAB-000155106,PAT-0003905,ADM-00051799,DOC-00085,2026-09-27 10:45:22,Troponin,Cardiac,Normal,,Normal,1502.61,False
BATCH-20260925-004,LAB-000155107,PAT-0000575,ADM-00051800,DOC-00050,2026-09-28 03:31:15,Complete Blood Count,Hematology,Normal,,Normal,732.94,False
BATCH-20260925-004,LAB-000155108,PAT-0000575,ADM-00051800,DOC-00050,2026-09-28 02:40:39,Urine Routine,Pathology,Normal,,Normal,386.19,False
BATCH-20260925-004,LAB-000155109,PAT-0000575,ADM-00051800,DOC-00050,2026-09-28 20:18:13,Thyroid Profile,Endocrinology,Normal,,Normal,1054.18,False
BATCH-20260925-004,LAB-000155110,PAT-0000575,ADM-00051800,DOC-00050,2026-09-27 20:56:23,Liver Function Test,Biochemistry,Abnormal,,Abnormal,1252.14,True
BATCH-20260925-004,LAB-000155111,PAT-0020606,ADM-00051801,DOC-00141,2026-09-27 01:12:50,Kidney Function Test,Biochemistry,Abnormal,,Abnormal,1004.58,True
BATCH-20260925-004,LAB-000155112,PAT-0020606,ADM-00051801,DOC-00141,2026-09-25 18:32:05,Thyroid Profile,Endocrinology,Normal,,Normal,1053.41,False
BATCH-20260925-004,LAB-000155113,PAT-0020606,ADM-00051801,DOC-00141,2026-09-27 01:40:29,Blood Glucose,Biochemistry,Normal,,Normal,328.57,False
BATCH-20260925-004,LAB-000155114,PAT-0020606,ADM-00051801,DOC-00141,2026-09-27 06:12:37,Complete Blood Count,Hematology,Normal,,Normal,623.69,False
BATCH-20260925-004,LAB-000155115,PAT-0020606,ADM-00051801,DOC-00141,2026-09-25 21:51:45,Lipid Profile,Biochemistry,Normal,,Normal,842.02,False
BATCH-20260925-004,LAB-000155116,PAT-0003033,ADM-00051802,DOC-00042,2026-09-27 13:33:51,Troponin,Cardiac,Normal,,Normal,1589.97,False
BATCH-20260925-004,LAB-000155117,PAT-0013471,ADM-00051803,DOC-00073,2026-09-27 13:44:11,Liver Function Test,Biochemistry,Normal,,Normal,1275.08,False
BATCH-20260925-004,LAB-000155118,PAT-0000185,ADM-00051804,DOC-00041,2026-09-25 20:11:58,Liver Function Test,Biochemistry,Normal,,Normal,1254.26,False
BATCH-20260925-004,LAB-000155119,PAT-0000185,ADM-00051804,DOC-00041,2026-09-25 17:43:56,Complete Blood Count,Hematology,Normal,,Normal,690.38,False
BATCH-20260925-004,LAB-000155120,PAT-0000185,ADM-00051804,DOC-00041,2026-09-25 08:36:39,Troponin,Cardiac,Normal,,Normal,1370.34,False
BATCH-20260925-004,LAB-000155121,PAT-0000185,ADM-00051804,DOC-00041,2026-09-25 08:18:42,Kidney Function Test,Biochemistry,Normal,,Normal,1088.86,False
BATCH-20260925-004,LAB-000155122,PAT-0000727,ADM-00051805,DOC-00140,2026-10-02 20:58:48,Thyroid Profile,Endocrinology,Abnormal,,Abnormal,1047.25,True
BATCH-20260925-004,LAB-000155123,PAT-0000727,ADM-00051805,DOC-00140,2026-10-08 09:01:16,Troponin,Cardiac,Abnormal,,Abnormal,1453.0,True
BATCH-20260925-004,LAB-000155124,PAT-0000727,ADM-00051805,DOC-00140,2026-10-03 05:10:19,Troponin,Cardiac,Abnormal,,Abnormal,1621.44,True
BATCH-20260925-004,LAB-000155125,PAT-0000260,ADM-00051806,DOC-00087,2026-09-27 10:08:54,Urine Routine,Pathology,Normal,,Normal,336.79,False
BATCH-20260925-004,LAB-000155126,PAT-0000955,ADM-00051807,DOC-00027,2026-10-01 00:35:35,Kidney Function Test,Biochemistry,Abnormal,,Abnormal,1296.54,True
BATCH-20260925-004,LAB-000155127,PAT-0009060,ADM-00051808,DOC-00079,2026-10-06 18:30:01,Thyroid Profile,Endocrinology,Normal,,Normal,901.41,False
BATCH-20260925-004,LAB-000155128,PAT-0004318,ADM-00051809,DOC-00030,2026-09-25 23:35:52,Complete Blood Count,Hematology,Normal,,Normal,683.97,False
BATCH-20260925-004,LAB-000155129,PAT-0012508,ADM-00051810,DOC-00129,2026-09-26 20:17:25,Troponin,Cardiac,Normal,,Normal,1646.8,False
BATCH-20260925-004,LAB-000155130,PAT-0012508,ADM-00051810,DOC-00129,2026-09-30 01:46:57,Thyroid Profile,Endocrinology,Abnormal,,Abnormal,1064.29,True
BATCH-20260925-004,LAB-000155131,PAT-0012508,ADM-00051810,DOC-00129,2026-09-27 01:10:30,Blood Glucose,Biochemistry,Normal,,Normal,337.83,False
BATCH-20260925-004,LAB-000155132,PAT-0003053,ADM-00051811,DOC-00128,2026-09-25 09:14:37,Liver Function Test,Biochemistry,Normal,,Normal,1162.1,False
BATCH-20260925-004,LAB-000155133,PAT-0009518,ADM-00051812,DOC-00050,2026-10-04 20:22:27,Lipid Profile,Biochemistry,Abnormal,,Abnormal,882.85,True
BATCH-20260925-004,LAB-000155134,PAT-0009518,ADM-00051812,DOC-00050,2026-10-06 07:55:06,Complete Blood Count,Hematology,Normal,,Normal,684.7,False
BATCH-20260925-004,LAB-000155135,PAT-0009518,ADM-00051812,DOC-00050,2026-10-03 16:38:38,Blood Glucose,Biochemistry,Abnormal,,Abnormal,335.03,True
BATCH-20260925-004,LAB-000155136,PAT-0009518,ADM-00051812,DOC-00050,2026-10-04 14:15:56,Liver Function Test,Biochemistry,Normal,,Normal,1381.09,False
BATCH-20260925-004,LAB-000155137,PAT-0009518,ADM-00051812,DOC-00050,2026-09-29 23:35:55,Troponin,Cardiac,Normal,,Normal,1531.91,False
BATCH-20260925-004,LAB-000155138,PAT-0021320,ADM-00051813,DOC-00054,2026-09-25 14:02:46,Complete Blood Count,Hematology,Normal,,Normal,743.34,False
BATCH-20260925-004,LAB-000155139,PAT-0021320,ADM-00051813,DOC-00054,2026-09-26 03:01:23,Complete Blood Count,Hematology,Abnormal,,Abnormal,729.82,True
BATCH-20260925-004,LAB-000155140,PAT-0021320,ADM-00051813,DOC-00054,2026-09-27 06:44:05,Thyroid Profile,Endocrinology,Normal,,Normal,906.63,False
BATCH-20260925-004,LAB-000155141,PAT-0021320,ADM-00051813,DOC-00054,2026-09-26 11:09:55,Kidney Function Test,Biochemistry,Normal,,Normal,1096.93,False
BATCH-20260925-004,LAB-000155142,PAT-0021320,ADM-00051813,DOC-00054,2026-09-28 23:39:03,Blood Glucose,Biochemistry,Normal,,Normal,346.93,False
BATCH-20260925-004,LAB-000155143,PAT-0002378,ADM-00051814,DOC-00061,2026-09-26 20:48:45,Complete Blood Count,Hematology,Normal,,Normal,649.87,False
BATCH-20260925-004,LAB-000155144,PAT-0002378,ADM-00051814,DOC-00061,2026-09-25 14:57:49,Thyroid Profile,Endocrinology,Normal,,Normal,1053.38,False
BATCH-20260925-004,LAB-000155145,PAT-0002378,ADM-00051814,DOC-00061,2026-09-26 10:05:12,Thyroid Profile,Endocrinology,Normal,,Normal,980.09,False
BATCH-20260925-004,LAB-000155146,PAT-0002378,ADM-00051814,DOC-00061,2026-09-26 14:59:15,Urine Routine,Pathology,Normal,,Normal,418.53,False
BATCH-20260925-004,LAB-000155147,PAT-0002378,ADM-00051814,DOC-00061,2026-09-26 00:32:17,Liver Function Test,Biochemistry,Normal,,Normal,1321.81,False
BATCH-20260925-004,LAB-000155148,PAT-0000159,ADM-00051815,DOC-00064,2026-09-26 22:20:20,Complete Blood Count,Hematology,Normal,,Normal,610.66,False
BATCH-20260925-004,LAB-000155149,PAT-0000159,ADM-00051815,DOC-00064,2026-09-26 00:49:55,Liver Function Test,Biochemistry,Normal,,Normal,1124.87,False
BATCH-20260925-004,LAB-000155150,PAT-0000159,ADM-00051815,DOC-00064,2026-09-27 19:07:45,Troponin,Cardiac,Normal,,Normal,1302.31,False
BATCH-20260925-004,LAB-000155151,PAT-0000159,ADM-00051815,DOC-00064,2026-09-27 05:13:00,Liver Function Test,Biochemistry,Normal,,Normal,1380.62,False
BATCH-20260925-004,LAB-000155152,PAT-0000159,ADM-00051815,DOC-00064,2026-09-27 02:46:48,Lipid Profile,Biochemistry,Normal,,Normal,1052.45,False
BATCH-20260925-004,LAB-000155153,PAT-0005136,ADM-00051816,DOC-00018,2026-09-28 11:50:56,Blood Glucose,Biochemistry,Normal,,Normal,282.33,False
BATCH-20260925-004,LAB-000155154,PAT-0005136,ADM-00051816,DOC-00018,2026-09-28 19:42:41,Troponin,Cardiac,Normal,,Normal,1637.93,False
BATCH-20260925-004,LAB-000155155,PAT-0005136,ADM-00051816,DOC-00018,2026-09-28 22:10:07,Thyroid Profile,Endocrinology,Normal,,Normal,967.07,False
BATCH-20260925-004,LAB-000155156,PAT-0005136,ADM-00051816,DOC-00018,2026-09-28 21:19:18,Troponin,Cardiac,Abnormal,,Abnormal,1631.38,True
BATCH-20260925-004,LAB-000155157,PAT-0004530,ADM-00051817,DOC-00017,2026-10-01 09:14:24,Troponin,Cardiac,Normal,,Normal,1643.06,False
BATCH-20260925-004,LAB-000155158,PAT-0004530,ADM-00051817,DOC-00017,2026-09-30 20:52:07,Urine Routine,Pathology,Normal,,Normal,336.07,False
BATCH-20260925-004,LAB-000155159,PAT-0024295,ADM-00051818,DOC-00094,2026-09-28 00:31:14,Thyroid Profile,Endocrinology,Normal,,Normal,970.22,False
BATCH-20260925-004,LAB-000155160,PAT-0024295,ADM-00051818,DOC-00094,2026-10-02 18:01:27,Blood Glucose,Biochemistry,Normal,,Normal,317.53,False
BATCH-20260925-004,LAB-000155161,PAT-0024295,ADM-00051818,DOC-00094,2026-10-03 17:18:06,Thyroid Profile,Endocrinology,Abnormal,,Abnormal,1175.42,True
BATCH-20260925-004,LAB-000155162,PAT-0014022,ADM-00051819,DOC-00112,2026-10-02 03:19:42,Kidney Function Test,Biochemistry,Normal,,Normal,1127.11,False
BATCH-20260925-004,LAB-000155163,PAT-0014022,ADM-00051819,DOC-00112,2026-10-02 03:18:06,Complete Blood Count,Hematology,Normal,,Normal,744.17,False
BATCH-20260925-004,LAB-000155164,PAT-0014022,ADM-00051819,DOC-00112,2026-09-27 00:37:35,Kidney Function Test,Biochemistry,Normal,,Normal,1199.17,False
BATCH-20260925-004,LAB-000155165,PAT-0004213,ADM-00051820,DOC-00028,2026-09-25 18:24:57,Kidney Function Test,Biochemistry,Normal,,Normal,1313.01,False
BATCH-20260925-004,LAB-000155166,PAT-0004213,ADM-00051820,DOC-00028,2026-09-30 05:14:35,Kidney Function Test,Biochemistry,Normal,,Normal,1160.43,False
BATCH-20260925-004,LAB-000155167,PAT-0004213,ADM-00051820,DOC-00028,2026-09-29 00:19:51,Lipid Profile,Biochemistry,Normal,,Normal,913.48,False
BATCH-20260925-004,LAB-000155168,PAT-0010748,ADM-00051821,DOC-00112,2026-09-26 19:23:14,Urine Routine,Pathology,Normal,,Normal,410.06,False
BATCH-20260925-004,LAB-000155169,PAT-0010748,ADM-00051821,DOC-00112,2026-09-25 22:16:32,Urine Routine,Pathology,Normal,,Normal,319.44,False
BATCH-20260925-004,LAB-000155170,PAT-0010748,ADM-00051821,DOC-00112,2026-09-25 15:23:10,Lipid Profile,Biochemistry,Normal,,Normal,1011.56,False
BATCH-20260925-004,LAB-000155171,PAT-0002166,ADM-00051822,DOC-00014,2026-09-25 13:16:37,Complete Blood Count,Hematology,Normal,,Normal,759.76,False
BATCH-20260925-004,LAB-000155172,PAT-0002166,ADM-00051822,DOC-00014,2026-09-25 23:36:09,Complete Blood Count,Hematology,Normal,,Normal,618.54,False
BATCH-20260925-004,LAB-000155173,PAT-0004104,ADM-00051823,DOC-00144,2026-09-28 09:14:47,Liver Function Test,Biochemistry,Normal,,Normal,1392.69,False
BATCH-20260925-004,LAB-000155174,PAT-0004104,ADM-00051823,DOC-00144,2026-09-28 22:06:17,Urine Routine,Pathology,Normal,,Normal,346.59,False
BATCH-20260925-004,LAB-000155175,PAT-0025431,ADM-00051824,DOC-00075,2026-09-29 15:26:05,Kidney Function Test,Biochemistry,Normal,,Normal,1276.7,False
BATCH-20260925-004,LAB-000155176,PAT-0025431,ADM-00051824,DOC-00075,2026-09-26 03:28:04,Blood Glucose,Biochemistry,Normal,,Normal,294.28,False
BATCH-20260925-004,LAB-000155177,PAT-0025431,ADM-00051824,DOC-00075,2026-10-01 06:44:56,Lipid Profile,Biochemistry,Normal,,Normal,890.87,False
BATCH-20260925-004,LAB-000155178,PAT-0020384,ADM-00051825,DOC-00116,2026-09-26 22:15:35,Blood Glucose,Biochemistry,Normal,,Normal,287.11,False
BATCH-20260925-004,LAB-000155179,PAT-0020384,ADM-00051825,DOC-00116,2026-09-26 20:11:05,Kidney Function Test,Biochemistry,Normal,,Normal,1098.35,False
BATCH-20260925-004,LAB-000155180,PAT-0020384,ADM-00051825,DOC-00116,2026-09-25 16:55:30,Liver Function Test,Biochemistry,Normal,,Normal,1229.19,False
BATCH-20260925-004,LAB-000155181,PAT-0020384,ADM-00051825,DOC-00116,2026-09-26 12:16:18,Complete Blood Count,Hematology,Normal,,Normal,687.14,False
BATCH-20260925-004,LAB-000155182,PAT-0014324,ADM-00051826,DOC-00134,2026-09-29 13:55:25,Kidney Function Test,Biochemistry,Abnormal,,Abnormal,1093.1,True
BATCH-20260925-004,LAB-000155183,PAT-0014324,ADM-00051826,DOC-00134,2026-09-26 02:24:16,Thyroid Profile,Endocrinology,Normal,,Normal,1133.36,False
BATCH-20260925-004,LAB-000155184,PAT-0014324,ADM-00051826,DOC-00134,2026-09-28 22:28:15,Liver Function Test,Biochemistry,Normal,,Normal,1203.8,False
BATCH-20260925-004,LAB-000155185,PAT-0014324,ADM-00051826,DOC-00134,2026-09-28 19:41:19,Troponin,Cardiac,Normal,,Normal,1616.12,False
BATCH-20260925-004,LAB-000155186,PAT-0014324,ADM-00051826,DOC-00134,2026-09-25 22:56:11,Liver Function Test,Biochemistry,Normal,,Normal,1256.85,False
BATCH-20260925-004,LAB-000155187,PAT-0007177,ADM-00051827,DOC-00025,2026-09-26 05:39:56,Troponin,Cardiac,Normal,,Normal,1269.34,False
BATCH-20260925-004,LAB-000155188,PAT-0007177,ADM-00051827,DOC-00025,2026-09-25 23:29:32,Kidney Function Test,Biochemistry,Abnormal,,Abnormal,1108.96,True
BATCH-20260925-004,LAB-000155189,PAT-0007177,ADM-00051827,DOC-00025,2026-09-28 02:47:56,Troponin,Cardiac,Normal,,Normal,1494.3,False
BATCH-20260925-004,LAB-000155190,PAT-0020869,ADM-00051828,DOC-00007,2026-10-02 12:08:44,Urine Routine,Pathology,Normal,,Normal,325.44,False
BATCH-20260925-004,LAB-000155191,PAT-0021062,ADM-00051829,DOC-00035,2026-10-03 20:49:41,Urine Routine,Pathology,Abnormal,,Abnormal,348.09,True
BATCH-20260925-004,LAB-000155192,PAT-0021062,ADM-00051829,DOC-00035,2026-10-01 06:12:59,Complete Blood Count,Hematology,Abnormal,,Abnormal,632.96,True
BATCH-20260925-004,LAB-000155193,PAT-0021062,ADM-00051829,DOC-00035,2026-10-04 21:47:33,Blood Glucose,Biochemistry,Normal,,Normal,306.15,False
BATCH-20260925-004,LAB-000155194,PAT-0021062,ADM-00051829,DOC-00035,2026-10-03 01:41:32,Thyroid Profile,Endocrinology,Normal,,Normal,1198.91,False
BATCH-20260925-004,LAB-000155195,PAT-0021062,ADM-00051829,DOC-00035,2026-10-05 08:18:07,Urine Routine,Pathology,Normal,,Normal,360.44,False
BATCH-20260925-004,LAB-000155196,PAT-0021981,ADM-00051830,DOC-00048,2026-09-27 07:11:02,Urine Routine,Pathology,Normal,,Normal,332.93,False
BATCH-20260925-004,LAB-000155197,PAT-0021981,ADM-00051830,DOC-00048,2026-09-27 13:55:44,Thyroid Profile,Endocrinology,Normal,,Normal,1099.81,False
BATCH-20260925-004,LAB-000155198,PAT-0021981,ADM-00051830,DOC-00048,2026-09-28 02:41:17,Liver Function Test,Biochemistry,Abnormal,,Abnormal,1398.45,True
BATCH-20260925-004,LAB-000155199,PAT-0003346,ADM-00051831,DOC-00056,2026-10-05 09:38:56,Troponin,Cardiac,Normal,,Normal,1323.93,False
BATCH-20260925-004,LAB-000155200,PAT-0003346,ADM-00051831,DOC-00056,2026-09-30 22:13:14,Thyroid Profile,Endocrinology,Abnormal,,Abnormal,1130.41,True
BATCH-20260925-004,LAB-000155201,PAT-0003346,ADM-00051831,DOC-00056,2026-10-05 16:14:11,Complete Blood Count,Hematology,Abnormal,,Abnormal,644.04,True
BATCH-20260925-004,LAB-000155202,PAT-0003346,ADM-00051831,DOC-00056,2026-09-30 19:58:08,Kidney Function Test,Biochemistry,Normal,,Normal,1039.15,False
BATCH-20260925-004,LAB-000155203,PAT-0003346,ADM-00051831,DOC-00056,2026-09-26 13:07:50,Complete Blood Count,Hematology,Abnormal,,Abnormal,756.61,True
BATCH-20260925-004,LAB-000155204,PAT-0024237,ADM-00051832,DOC-00008,2026-09-29 02:38:42,Troponin,Cardiac,Normal,,Normal,1444.7,False
BATCH-20260925-004,LAB-000155205,PAT-0012746,ADM-00051833,DOC-00110,2026-09-26 00:56:09,Liver Function Test,Biochemistry,Normal,,Normal,1150.19,False
BATCH-20260925-004,LAB-000155206,PAT-0012746,ADM-00051833,DOC-00110,2026-09-26 14:28:24,Complete Blood Count,Hematology,Normal,,Normal,585.22,False
BATCH-20260925-004,LAB-000155207,PAT-0001818,ADM-00051834,DOC-00049,2026-09-28 21:13:24,Complete Blood Count,Hematology,Abnormal,,Abnormal,609.64,True
BATCH-20260925-004,LAB-000155208,PAT-0001818,ADM-00051834,DOC-00049,2026-09-27 13:42:27,Blood Glucose,Biochemistry,Normal,,Normal,314.69,False
BATCH-20260925-004,LAB-000155209,PAT-0001818,ADM-00051834,DOC-00049,2026-09-29 06:13:13,Urine Routine,Pathology,Normal,,Normal,356.25,False
BATCH-20260925-004,LAB-000155210,PAT-0001818,ADM-00051834,DOC-00049,2026-09-28 18:23:13,Urine Routine,Pathology,Normal,,Normal,385.45,False
BATCH-20260925-004,LAB-000155211,PAT-0001818,ADM-00051834,DOC-00049,2026-09-25 20:45:45,Urine Routine,Pathology,Normal,,Normal,396.24,False
BATCH-20260925-004,LAB-000155212,PAT-0024749,ADM-00051835,DOC-00108,2026-09-28 15:56:57,Lipid Profile,Biochemistry,Normal,,Normal,1061.23,False
BATCH-20260925-004,LAB-000155213,PAT-0024749,ADM-00051835,DOC-00108,2026-09-27 13:51:35,Lipid Profile,Biochemistry,Normal,,Normal,980.58,False
BATCH-20260925-004,LAB-000155214,PAT-0024749,ADM-00051835,DOC-00108,2026-09-25 20:16:13,Complete Blood Count,Hematology,Normal,,Normal,634.37,False
BATCH-20260925-004,LAB-000155215,PAT-0014339,ADM-00051836,DOC-00078,2026-09-25 06:19:15,Urine Routine,Pathology,Abnormal,,Abnormal,383.08,True
BATCH-20260925-004,LAB-000155216,PAT-0005988,ADM-00051837,DOC-00014,2026-09-27 17:42:26,Troponin,Cardiac,Normal,,Normal,1390.84,False
BATCH-20260925-004,LAB-000155217,PAT-0005988,ADM-00051837,DOC-00014,2026-09-26 14:54:26,Blood Glucose,Biochemistry,Normal,,Normal,337.97,False
BATCH-20260925-004,LAB-000155218,PAT-0012834,ADM-00051838,DOC-00049,2026-09-28 09:22:53,Lipid Profile,Biochemistry,Normal,,Normal,992.66,False
BATCH-20260925-004,LAB-000155219,PAT-0012834,ADM-00051838,DOC-00049,2026-09-29 17:23:06,Thyroid Profile,Endocrinology,Abnormal,,Abnormal,1059.81,True
BATCH-20260925-004,LAB-000155220,PAT-0012834,ADM-00051838,DOC-00049,2026-10-01 22:28:56,Thyroid Profile,Endocrinology,Abnormal,,Abnormal,1064.76,True
BATCH-20260925-004,LAB-000155221,PAT-0001232,ADM-00051839,DOC-00037,2026-09-25 12:50:09,Liver Function Test,Biochemistry,Normal,,Normal,1088.31,False
BATCH-20260925-004,LAB-000155222,PAT-0001232,ADM-00051839,DOC-00037,2026-09-25 09:40:55,Kidney Function Test,Biochemistry,Normal,,Normal,1083.11,False
BATCH-20260925-004,LAB-000155223,PAT-0006062,ADM-00051840,DOC-00076,2026-09-25 15:44:33,Complete Blood Count,Hematology,Normal,,Normal,621.47,False
BATCH-20260925-004,LAB-000155224,PAT-0006062,ADM-00051840,DOC-00076,2026-09-28 14:44:21,Complete Blood Count,Hematology,Normal,,Normal,736.18,False
BATCH-20260925-004,LAB-000155225,PAT-0006062,ADM-00051840,DOC-00076,2026-09-29 00:39:22,Urine Routine,Pathology,Normal,,Normal,334.41,False
BATCH-20260925-004,LAB-000155226,PAT-0006062,ADM-00051840,DOC-00076,2026-10-02 01:27:00,Blood Glucose,Biochemistry,Normal,,Normal,296.79,False
BATCH-20260925-004,LAB-000155227,PAT-0020635,ADM-00051841,DOC-00146,2026-09-26 00:48:55,Thyroid Profile,Endocrinology,Normal,,Normal,1003.31,False
BATCH-20260925-004,LAB-000155228,PAT-0020635,ADM-00051841,DOC-00146,2026-09-25 15:21:06,Urine Routine,Pathology,Normal,,Normal,402.16,False
BATCH-20260925-004,LAB-000155229,PAT-0020635,ADM-00051841,DOC-00146,2026-09-26 01:28:03,Thyroid Profile,Endocrinology,Normal,,Normal,1090.78,False
BATCH-20260925-004,LAB-000155230,PAT-0020635,ADM-00051841,DOC-00146,2026-09-25 16:35:42,Thyroid Profile,Endocrinology,Normal,,Normal,1175.7,False
BATCH-20260925-004,LAB-000155231,PAT-0008994,ADM-00051842,DOC-00142,2026-09-26 07:50:56,Lipid Profile,Biochemistry,Abnormal,,Abnormal,1079.91,True
BATCH-20260925-004,LAB-000155232,PAT-0008994,ADM-00051842,DOC-00142,2026-10-01 00:04:59,Troponin,Cardiac,Abnormal,,Abnormal,1308.02,True
BATCH-20260925-004,LAB-000155233,PAT-0008994,ADM-00051842,DOC-00142,2026-10-02 22:40:12,Thyroid Profile,Endocrinology,Normal,,Normal,979.97,False
BATCH-20260925-004,LAB-000155234,PAT-0008994,ADM-00051842,DOC-00142,2026-09-26 02:41:46,Liver Function Test,Biochemistry,Normal,,Normal,1222.31,False
BATCH-20260925-004,LAB-000155235,PAT-0000469,ADM-00051843,DOC-00134,2026-09-30 12:50:25,Liver Function Test,Biochemistry,Normal,,Normal,1250.43,False
BATCH-20260925-004,LAB-000155236,PAT-0000469,ADM-00051843,DOC-00134,2026-10-01 17:20:54,Complete Blood Count,Hematology,Abnormal,,Abnormal,679.4,True
BATCH-20260925-004,LAB-000155237,PAT-0000469,ADM-00051843,DOC-00134,2026-09-26 06:00:47,Troponin,Cardiac,Normal,,Normal,1455.84,False
BATCH-20260925-004,LAB-000155238,PAT-0011779,ADM-00051844,DOC-00097,2026-09-25 22:16:40,Complete Blood Count,Hematology,Normal,,Normal,600.51,False
BATCH-20260925-004,LAB-000155239,PAT-0011779,ADM-00051844,DOC-00097,2026-09-26 06:26:00,Thyroid Profile,Endocrinology,Normal,,Normal,972.23,False
BATCH-20260925-004,LAB-000155240,PAT-0011779,ADM-00051844,DOC-00097,2026-09-26 15:27:27,Thyroid Profile,Endocrinology,Normal,,Normal,1074.71,False
BATCH-20260925-004,LAB-000155241,PAT-0011779,ADM-00051844,DOC-00097,2026-09-27 04:18:26,Blood Glucose,Biochemistry,Normal,,Normal,288.48,False
BATCH-20260925-004,LAB-000155242,PAT-0011779,ADM-00051844,DOC-00097,2026-09-27 01:12:18,Thyroid Profile,Endocrinology,Normal,,Normal,969.8,False
BATCH-20260925-004,LAB-000155243,PAT-0006952,ADM-00051845,DOC-00067,2026-09-27 11:19:00,Lipid Profile,Biochemistry,Normal,,Normal,1027.45,False
BATCH-20260925-004,LAB-000155244,PAT-0006952,ADM-00051845,DOC-00067,2026-09-27 09:30:34,Lipid Profile,Biochemistry,Normal,,Normal,833.69,False
BATCH-20260925-004,LAB-000155245,PAT-0006952,ADM-00051845,DOC-00067,2026-09-28 00:57:30,Troponin,Cardiac,Normal,,Normal,1618.08,False
BATCH-20260925-004,LAB-000155246,PAT-0009562,ADM-00051846,DOC-00114,2026-10-01 03:27:57,Blood Glucose,Biochemistry,Normal,,Normal,347.39,False
BATCH-20260925-004,LAB-000155247,PAT-0009562,ADM-00051846,DOC-00114,2026-09-30 07:42:59,Lipid Profile,Biochemistry,Normal,,Normal,849.97,False
BATCH-20260925-004,LAB-000155248,PAT-0009562,ADM-00051846,DOC-00114,2026-09-27 12:00:15,Urine Routine,Pathology,Normal,,Normal,365.71,False
BATCH-20260925-004,LAB-000155249,PAT-0018136,ADM-00051847,DOC-00105,2026-09-25 16:11:11,Blood Glucose,Biochemistry,Abnormal,,Abnormal,272.26,True
BATCH-20260925-004,LAB-000155250,PAT-0018136,ADM-00051847,DOC-00105,2026-09-26 00:18:58,Kidney Function Test,Biochemistry,Normal,,Normal,1150.29,False
BATCH-20260925-004,LAB-000155251,PAT-0018136,ADM-00051847,DOC-00105,2026-09-26 12:10:47,Urine Routine,Pathology,Abnormal,,Abnormal,386.37,True
BATCH-20260925-004,LAB-000155252,PAT-0018136,ADM-00051847,DOC-00105,2026-09-25 15:33:55,Liver Function Test,Biochemistry,Normal,,Normal,1322.89,False
BATCH-20260925-004,LAB-000155253,PAT-0018417,ADM-00051848,DOC-00067,2026-09-25 14:44:21,Complete Blood Count,Hematology,Normal,,Normal,702.12,False
BATCH-20260925-004,LAB-000155254,PAT-0018417,ADM-00051848,DOC-00067,2026-09-26 10:29:44,Kidney Function Test,Biochemistry,Normal,,Normal,1069.13,False
BATCH-20260925-004,LAB-000155255,PAT-0018417,ADM-00051848,DOC-00067,2026-09-26 12:23:12,Kidney Function Test,Biochemistry,Normal,,Normal,1169.62,False
BATCH-20260925-004,LAB-000155256,PAT-0012227,ADM-00051849,DOC-00007,2026-09-30 02:59:37,Thyroid Profile,Endocrinology,Normal,,Normal,1174.95,False
BATCH-20260925-004,LAB-000155257,PAT-0012227,ADM-00051849,DOC-00007,2026-09-25 10:45:36,Thyroid Profile,Endocrinology,Normal,,Normal,908.48,False
BATCH-20260925-004,LAB-000155258,PAT-0012227,ADM-00051849,DOC-00007,2026-09-29 12:05:21,Blood Glucose,Biochemistry,Normal,,Normal,286.38,False
BATCH-20260925-004,LAB-000155259,PAT-0012227,ADM-00051849,DOC-00007,2026-09-28 16:52:54,Lipid Profile,Biochemistry,Normal,,Normal,876.62,False
BATCH-20260925-004,LAB-000155260,PAT-0012227,ADM-00051849,DOC-00007,2026-09-27 10:41:23,Urine Routine,Pathology,Abnormal,,Abnormal,365.36,True
BATCH-20260925-004,LAB-000155261,PAT-0003914,ADM-00051850,DOC-00079,2026-09-26 03:51:27,Complete Blood Count,Hematology,Normal,,Normal,713.55,False
BATCH-20260925-004,LAB-000155262,PAT-0003914,ADM-00051850,DOC-00079,2026-09-26 18:04:42,Kidney Function Test,Biochemistry,Normal,,Normal,1086.36,False
BATCH-20260925-004,LAB-000155263,PAT-0003914,ADM-00051850,DOC-00079,2026-09-25 22:34:10,Urine Routine,Pathology,Abnormal,,Abnormal,331.88,True
BATCH-20260925-004,LAB-000155264,PAT-0003914,ADM-00051850,DOC-00079,2026-09-26 12:30:27,Urine Routine,Pathology,Normal,,Normal,356.92,False
BATCH-20260925-004,LAB-000155265,PAT-0015409,ADM-00051851,DOC-00011,2026-09-27 22:58:15,Complete Blood Count,Hematology,Abnormal,,Abnormal,682.5,True
BATCH-20260925-004,LAB-000155266,PAT-0015409,ADM-00051851,DOC-00011,2026-09-27 10:17:07,Complete Blood Count,Hematology,Normal,,Normal,621.16,False
BATCH-20260925-004,LAB-000155267,PAT-0015409,ADM-00051851,DOC-00011,2026-09-26 22:06:37,Lipid Profile,Biochemistry,Normal,,Normal,1066.63,False
BATCH-20260925-004,LAB-000155268,PAT-0010021,ADM-00051852,DOC-00028,2026-09-27 17:45:26,Complete Blood Count,Hematology,Normal,,Normal,775.61,False
BATCH-20260925-004,LAB-000155269,PAT-0010021,ADM-00051852,DOC-00028,2026-09-25 14:25:46,Liver Function Test,Biochemistry,Normal,,Normal,1150.12,False
BATCH-20260925-004,LAB-000155270,PAT-0010021,ADM-00051852,DOC-00028,2026-09-27 22:47:22,Troponin,Cardiac,Normal,,Normal,1468.21,False
BATCH-20260925-004,LAB-000155271,PAT-0010021,ADM-00051852,DOC-00028,2026-09-28 02:33:26,Troponin,Cardiac,Normal,,Normal,1506.55,False
BATCH-20260925-004,LAB-000155272,PAT-0002826,ADM-00051853,DOC-00030,2026-09-26 10:05:44,Blood Glucose,Biochemistry,Normal,,Normal,323.38,False
BATCH-20260925-004,LAB-000155273,PAT-0002826,ADM-00051853,DOC-00030,2026-09-25 09:52:13,Lipid Profile,Biochemistry,Normal,,Normal,890.75,False
BATCH-20260925-004,LAB-000155274,PAT-0002826,ADM-00051853,DOC-00030,2026-09-25 10:50:35,Troponin,Cardiac,Normal,,Normal,1472.63,False
BATCH-20260925-004,LAB-000155275,PAT-0002826,ADM-00051853,DOC-00030,2026-09-30 14:10:32,Kidney Function Test,Biochemistry,Normal,,Normal,1123.19,False
BATCH-20260925-004,LAB-000155276,PAT-0023232,ADM-00051854,DOC-00124,2026-09-27 10:00:51,Liver Function Test,Biochemistry,Normal,,Normal,1257.71,False
BATCH-20260925-004,LAB-000155277,PAT-0023232,ADM-00051854,DOC-00124,2026-09-26 04:25:03,Troponin,Cardiac,Normal,,Normal,1565.32,False
BATCH-20260925-004,LAB-000155278,PAT-0023232,ADM-00051854,DOC-00124,2026-09-27 02:41:29,Kidney Function Test,Biochemistry,Abnormal,,Abnormal,1179.52,True
BATCH-20260925-004,LAB-000155279,PAT-0023232,ADM-00051854,DOC-00124,2026-09-25 16:52:51,Liver Function Test,Biochemistry,Normal,,Normal,1304.49,False
BATCH-20260925-004,LAB-000155280,PAT-0023232,ADM-00051854,DOC-00124,2026-09-27 00:20:26,Liver Function Test,Biochemistry,Normal,,Normal,1345.42,False
BATCH-20260925-004,LAB-000155281,PAT-0022966,ADM-00051855,DOC-00140,2026-09-26 18:39:28,Urine Routine,Pathology,Abnormal,,Abnormal,349.21,True
BATCH-20260925-004,LAB-000155282,PAT-0022966,ADM-00051855,DOC-00140,2026-09-26 07:10:34,Blood Glucose,Biochemistry,Abnormal,,Abnormal,349.97,True
BATCH-20260925-004,LAB-000155283,PAT-0022966,ADM-00051855,DOC-00140,2026-09-27 10:40:51,Urine Routine,Pathology,Normal,,Normal,377.79,False
BATCH-20260925-004,LAB-000155284,PAT-0022966,ADM-00051855,DOC-00140,2026-09-26 14:33:23,Troponin,Cardiac,Normal,,Normal,1528.94,False
BATCH-20260925-004,LAB-000155285,PAT-0000976,ADM-00051856,DOC-00099,2026-09-26 01:20:38,Complete Blood Count,Hematology,Normal,,Normal,665.11,False
BATCH-20260925-004,LAB-000155286,PAT-0003276,ADM-00051857,DOC-00141,2026-09-27 01:07:52,Troponin,Cardiac,Normal,,Normal,1500.91,False
BATCH-20260925-004,LAB-000155287,PAT-0011759,ADM-00051858,DOC-00096,2026-09-25 19:39:22,Liver Function Test,Biochemistry,Normal,,Normal,1135.95,False
BATCH-20260925-004,LAB-000155288,PAT-0011759,ADM-00051858,DOC-00096,2026-09-26 09:34:24,Lipid Profile,Biochemistry,Normal,,Normal,1049.79,False
BATCH-20260925-004,LAB-000155289,PAT-0011759,ADM-00051858,DOC-00096,2026-09-26 01:06:17,Blood Glucose,Biochemistry,Normal,,Normal,335.49,False
BATCH-20260925-004,LAB-000155290,PAT-0011759,ADM-00051858,DOC-00096,2026-09-26 10:49:49,Troponin,Cardiac,Normal,,Normal,1280.26,False
BATCH-20260925-004,LAB-000155291,PAT-0017823,ADM-00051859,DOC-00109,2026-10-03 01:33:38,Kidney Function Test,Biochemistry,Normal,,Normal,1128.9,False
BATCH-20260925-004,LAB-000155292,PAT-0012024,ADM-00051860,DOC-00100,2026-09-26 07:24:53,Liver Function Test,Biochemistry,Normal,,Normal,1307.41,False
BATCH-20260925-004,LAB-000155293,PAT-0019202,ADM-00051861,DOC-00004,2026-10-05 15:22:54,Lipid Profile,Biochemistry,Normal,,Normal,993.09,False
BATCH-20260925-004,LAB-000155294,PAT-0019202,ADM-00051861,DOC-00004,2026-09-25 09:18:02,Kidney Function Test,Biochemistry,Normal,,Normal,1089.94,False
BATCH-20260925-004,LAB-000155295,PAT-0019202,ADM-00051861,DOC-00004,2026-09-28 12:23:02,Lipid Profile,Biochemistry,Abnormal,,Abnormal,986.94,True
BATCH-20260925-004,LAB-000155296,PAT-0012033,ADM-00051862,DOC-00031,2026-09-26 01:17:34,Complete Blood Count,Hematology,Abnormal,,Abnormal,718.83,True
BATCH-20260925-004,LAB-000155297,PAT-0012033,ADM-00051862,DOC-00031,2026-09-25 23:57:27,Blood Glucose,Biochemistry,Normal,,Normal,279.24,False
BATCH-20260925-004,LAB-000155298,PAT-0012033,ADM-00051862,DOC-00031,2026-09-29 10:48:33,Kidney Function Test,Biochemistry,Normal,,Normal,1211.21,False
BATCH-20260925-004,LAB-000155299,PAT-0000589,ADM-00051863,DOC-00036,2026-09-27 16:07:21,Troponin,Cardiac,Abnormal,,Abnormal,1267.4,True
BATCH-20260925-004,LAB-000155300,PAT-0000589,ADM-00051863,DOC-00036,2026-09-29 19:55:27,Blood Glucose,Biochemistry,Normal,,Normal,288.41,False
BATCH-20260925-004,LAB-000155301,PAT-0008443,ADM-00051864,DOC-00112,2026-09-26 00:42:48,Blood Glucose,Biochemistry,Normal,,Normal,352.67,False
BATCH-20260925-004,LAB-000155302,PAT-0008443,ADM-00051864,DOC-00112,2026-09-28 20:18:25,Thyroid Profile,Endocrinology,Normal,,Normal,920.16,False
BATCH-20260925-004,LAB-000155303,PAT-0008443,ADM-00051864,DOC-00112,2026-09-25 19:48:57,Troponin,Cardiac,Normal,,Normal,1495.72,False
BATCH-20260925-004,LAB-000155304,PAT-0008443,ADM-00051864,DOC-00112,2026-09-26 00:05:41,Troponin,Cardiac,Normal,,Normal,1665.17,False
BATCH-20260925-004,LAB-000155305,PAT-0008443,ADM-00051864,DOC-00112,2026-09-28 01:25:22,Troponin,Cardiac,Normal,,Normal,1511.32,False
BATCH-20260925-004,LAB-000155306,PAT-0020014,ADM-00051865,DOC-00054,2026-09-26 19:32:55,Lipid Profile,Biochemistry,Abnormal,,Abnormal,1060.94,True
BATCH-20260925-004,LAB-000155307,PAT-0020014,ADM-00051865,DOC-00054,2026-10-01 04:39:06,Thyroid Profile,Endocrinology,Abnormal,,Abnormal,1094.78,True
BATCH-20260925-004,LAB-000155308,PAT-0020014,ADM-00051865,DOC-00054,2026-10-04 00:42:56,Troponin,Cardiac,Abnormal,,Abnormal,1281.91,True
BATCH-20260925-004,LAB-000155309,PAT-0020014,ADM-00051865,DOC-00054,2026-10-05 00:48:45,Kidney Function Test,Biochemistry,Abnormal,,Abnormal,1248.17,True
BATCH-20260925-004,LAB-000155310,PAT-0020014,ADM-00051865,DOC-00054,2026-10-03 10:39:44,Urine Routine,Pathology,Abnormal,,Abnormal,413.11,True
BATCH-20260925-004,LAB-000155311,PAT-0004957,ADM-00051866,DOC-00145,2026-09-27 14:04:15,Lipid Profile,Biochemistry,Normal,,Normal,909.96,False
BATCH-20260925-004,LAB-000155312,PAT-0004957,ADM-00051866,DOC-00145,2026-09-27 11:37:19,Liver Function Test,Biochemistry,Normal,,Normal,1391.34,False
BATCH-20260925-004,LAB-000155313,PAT-0004957,ADM-00051866,DOC-00145,2026-09-25 19:35:19,Thyroid Profile,Endocrinology,Normal,,Normal,1193.22,False
BATCH-20260925-004,LAB-000155314,PAT-0004957,ADM-00051866,DOC-00145,2026-09-26 20:27:39,Blood Glucose,Biochemistry,Abnormal,,Abnormal,279.58,True
BATCH-20260925-004,LAB-000155315,PAT-0018653,ADM-00051867,DOC-00065,2026-09-26 07:01:54,Blood Glucose,Biochemistry,Normal,,Normal,342.52,False
BATCH-20260925-004,LAB-000155316,PAT-0018653,ADM-00051867,DOC-00065,2026-09-25 21:27:22,Urine Routine,Pathology,Normal,,Normal,322.72,False
BATCH-20260925-004,LAB-000155317,PAT-0019992,ADM-00051868,DOC-00059,2026-09-27 01:46:43,Blood Glucose,Biochemistry,Normal,,Normal,311.01,False
BATCH-20260925-004,LAB-000155318,PAT-0019992,ADM-00051868,DOC-00059,2026-09-27 19:07:09,Kidney Function Test,Biochemistry,Abnormal,,Abnormal,1159.34,True
BATCH-20260925-004,LAB-000155319,PAT-0019992,ADM-00051868,DOC-00059,2026-09-28 21:33:34,Liver Function Test,Biochemistry,Normal,,Normal,1261.37,False
BATCH-20260925-004,LAB-000155320,PAT-0019992,ADM-00051868,DOC-00059,2026-09-28 07:50:12,Troponin,Cardiac,Normal,,Normal,1322.5,False
BATCH-20260925-004,LAB-000155321,PAT-0005757,ADM-00051869,DOC-00107,2026-09-29 05:43:36,Lipid Profile,Biochemistry,Abnormal,,Abnormal,829.6,True
