admission_id,patient_id,department_name,doctor_name,admission_timestamp,length_of_stay,readmission_flag,emergency_flag,icu_flag,q1,q3,lower_bound,upper_bound,direction,method
ADM-00052164,PAT-0000275,Cardiology,Dr. Nachiket Pandit,2026-09-25 13:27:05,15,False,False,True,3.0,6.0,-1.5,10.5,High,IQR 1.5x
ADM-00010625,PAT-0007449,Dermatology,Dr. David Narula,2025-10-10 09:10:24,15,False,False,True,3.0,6.0,-1.5,10.5,High,IQR 1.5x
ADM-00011029,PAT-0007357,Pediatrics,Dr. Damini Venkatesh,2025-05-29 22:31:21,15,True,True,True,3.0,6.0,-1.5,10.5,High,IQR 1.5x
ADM-00035635,PAT-0013977,Neurology,Dr. Aashi Sangha,2023-11-27 10:48:15,15,False,False,True,3.0,6.0,-1.5,10.5,High,IQR 1.5x
ADM-00035539,PAT-0020017,Gynecology,Dr. Warinder Sarin,2026-08-15 11:29:22,15,False,True,True,3.0,6.0,-1.5,10.5,High,IQR 1.5x
ADM-00051612,PAT-0000275,Cardiology,Dr. Nachiket Pandit,2026-09-25 13:27:05,15,False,False,True,3.0,6.0,-1.5,10.5,High,IQR 1.5x
ADM-00001008,PAT-0002653,Emergency,Dr. Kavya Chaudhry,2023-10-31 13:17:11,15,False,False,True,3.0,6.0,-1.5,10.5,High,IQR 1.5x
ADM-00000963,PAT-0000958,Oncology,Dr. Inaya Warrior,2025-08-26 09:18:32,15,False,True,True,3.0,6.0,-1.5,10.5,High,IQR 1.5x
ADM-00051888,PAT-0000275,Cardiology,Dr. Nachiket Pandit,2026-09-25 13:27:05,15,False,False,True,3.0,6.0,-1.5,10.5,High,IQR 1.5x
ADM-00020539,PAT-0021436,Pediatrics,Dr. Bhavya Kulkarni,2025-06-25 21:18:02,15,False,False,True,3.0,6.0,-1.5,10.5,High,IQR 1.5x
ADM-00010256,PAT-0001348,Dermatology,Dr. Anya Bassi,2023-06-06 21:14:24,15,False,False,True,3.0,6.0,-1.5,10.5,High,IQR 1.5x
ADM-00036788,PAT-0014539,Gynecology,Dr. Sneha Mahal,2023-07-18 09:26:15,15,False,False,True,3.0,6.0,-1.5,10.5,High,IQR 1.5x
ADM-00036666,PAT-0012574,Cardiology,Dr. Yashodhara Sani,2026-07-05 17:07:36,15,False,False,True,3.0,6.0,-1.5,10.5,High,IQR 1.5x
ADM-00034784,PAT-0004682,Oncology,Dr. Chaitanya Banerjee,2026-05-16 14:25:49,15,False,True,True,3.0,6.0,-1.5,10.5,High,IQR 1.5x
ADM-00009884,PAT-0021114,Oncology,Dr. Zilmil Gade,2024-06-02 10:48:32,15,True,False,True,3.0,6.0,-1.5,10.5,High,IQR 1.5x
ADM-00010347,PAT-0018048,Gynecology,Dr. Ijaya Zachariah,2024-12-08 02:30:36,15,False,True,True,3.0,6.0,-1.5,10.5,High,IQR 1.5x
ADM-00009511,PAT-0011794,Emergency,Dr. Daksh Madan,2024-01-13 21:59:59,15,False,True,True,3.0,6.0,-1.5,10.5,High,IQR 1.5x
ADM-00038179,PAT-0001057,Gynecology,Dr. Bhanumati Minhas,2026-05-03 21:56:12,15,False,False,True,3.0,6.0,-1.5,10.5,High,IQR 1.5x
ADM-00020655,PAT-0014112,Orthopedics,Dr. Anjali Patla,2024-09-23 16:09:15,15,True,True,True,3.0,6.0,-1.5,10.5,High,IQR 1.5x
ADM-00001875,PAT-0019285,Oncology,Dr. Inaya Warrior,2023-05-29 09:48:35,15,False,True,True,3.0,6.0,-1.5,10.5,High,IQR 1.5x
ADM-00001707,PAT-0010030,Cardiology,Dr. Harrison Dora,2025-08-31 17:35:42,15,False,False,True,3.0,6.0,-1.5,10.5,High,IQR 1.5x
ADM-00051336,PAT-0000275,Cardiology,Dr. Nachiket Pandit,2026-09-25 13:27:05,15,False,False,True,3.0,6.0,-1.5,10.5,High,IQR 1.5x
ADM-00051097,PAT-0007986,General Medicine,Dr. Vrinda Kale,2026-09-26 05:13:25,15,False,False,True,3.0,6.0,-1.5,10.5,High,IQR 1.5x
ADM-00001449,PAT-0009288,Gynecology,Dr. Warinder Sarin,2025-05-22 04:34:57,15,False,False,True,3.0,6.0,-1.5,10.5,High,IQR 1.5x
ADM-00037679,PAT-0004564,ENT,Dr. Azad Batra,2025-05-18 22:46:25,15,False,False,True,3.0,6.0,-1.5,10.5,High,IQR 1.5x
ADM-00011769,PAT-0002243,Pediatrics,Dr. Jason Mukherjee,2024-05-26 21:21:53,15,False,True,True,3.0,6.0,-1.5,10.5,High,IQR 1.5x
ADM-00011691,PAT-0001620,Gynecology,Dr. Warinder Sarin,2026-01-05 03:20:28,15,False,True,True,3.0,6.0,-1.5,10.5,High,IQR 1.5x
ADM-00034582,PAT-0001898,General Medicine,Dr. Vrinda Kale,2024-05-28 03:36:46,15,False,False,True,3.0,6.0,-1.5,10.5,High,IQR 1.5x
ADM-00034264,PAT-0013547,Neurology,Dr. Bhavini Maharaj,2023-07-22 16:21:23,15,False,False,True,3.0,6.0,-1.5,10.5,High,IQR 1.5x
ADM-00034206,PAT-0011582,Gynecology,Dr. Sneha Mahal,2026-03-06 17:36:47,15,False,False,True,3.0,6.0,-1.5,10.5,High,IQR 1.5x
ADM-00012077,PAT-0001226,General Medicine,Dr. Viraj Nair,2023-02-10 23:26:25,15,False,True,True,3.0,6.0,-1.5,10.5,High,IQR 1.5x
ADM-00038811,PAT-0016112,Orthopedics,Dr. Anjali Patla,2023-02-17 06:16:00,15,True,False,True,3.0,6.0,-1.5,10.5,High,IQR 1.5x
ADM-00038538,PAT-0021278,Cardiology,Dr. Jackson Jhaveri,2025-09-16 02:24:26,15,False,True,True,3.0,6.0,-1.5,10.5,High,IQR 1.5x
ADM-00038290,PAT-0005959,Oncology,Dr. Lohit Upadhyay,2026-06-25 11:21:23,15,False,False,True,3.0,6.0,-1.5,10.5,High,IQR 1.5x
ADM-00039428,PAT-0016652,Orthopedics,Dr. Amaira Seshadri,2023-11-19 00:26:57,15,False,True,True,3.0,6.0,-1.5,10.5,High,IQR 1.5x
ADM-00039401,PAT-0007619,Orthopedics,Dr. Vinaya Amble,2023-11-10 05:39:29,15,False,False,True,3.0,6.0,-1.5,10.5,High,IQR 1.5x
ADM-00008928,PAT-0013646,Neurology,Dr. Ranbir Sarma,2026-03-04 18:23:48,15,False,True,True,3.0,6.0,-1.5,10.5,High,IQR 1.5x
ADM-00050835,PAT-0000275,Cardiology,Dr. Nachiket Pandit,2026-09-25 13:27:05,15,False,False,True,3.0,6.0,-1.5,10.5,High,IQR 1.5x
ADM-00050806,PAT-0015078,ENT,Dr. Laban Kala,2026-09-24 12:01:46,15,False,True,True,3.0,6.0,-1.5,10.5,High,IQR 1.5x
ADM-00050752,PAT-0020807,Cardiology,Dr. Yashodhara Sani,2026-09-24 10:24:02,15,False,True,True,3.0,6.0,-1.5,10.5,High,IQR 1.5x
ADM-00008804,PAT-0019146,Oncology,Dr. Charles Bajaj,2024-03-25 15:49:02,15,True,True,True,3.0,6.0,-1.5,10.5,High,IQR 1.5x
ADM-00039292,PAT-0007574,Emergency,Dr. Rehaan Lanka,2025-03-03 10:30:10,15,False,True,True,3.0,6.0,-1.5,10.5,High,IQR 1.5x
ADM-00011946,PAT-0006344,Cardiology,Dr. Viraj Subramanian,2023-10-07 01:09:55,15,False,True,True,3.0,6.0,-1.5,10.5,High,IQR 1.5x
ADM-00033936,PAT-0017546,Neurology,Dr. Kamala Barad,2025-02-27 03:03:20,15,True,False,True,3.0,6.0,-1.5,10.5,High,IQR 1.5x
ADM-00008655,PAT-0024598,Emergency,Dr. Chaitaly Reddy,2024-03-02 21:16:36,15,False,True,True,3.0,6.0,-1.5,10.5,High,IQR 1.5x
ADM-00008441,PAT-0003265,Dermatology,Dr. Elijah Rege,2025-05-22 15:50:43,15,False,True,True,3.0,6.0,-1.5,10.5,High,IQR 1.5x
ADM-00039523,PAT-0006579,Cardiology,Dr. Yashodhara Sani,2025-06-11 07:48:41,15,False,True,True,3.0,6.0,-1.5,10.5,High,IQR 1.5x
ADM-00033780,PAT-0006859,ENT,Dr. Yamini Rau,2026-02-20 16:17:52,15,True,True,True,3.0,6.0,-1.5,10.5,High,IQR 1.5x
ADM-00033660,PAT-0002935,Dermatology,Dr. Priya Malhotra,2025-06-04 15:56:15,15,False,False,True,3.0,6.0,-1.5,10.5,High,IQR 1.5x
ADM-00033538,PAT-0001218,Orthopedics,Dr. Amaira Seshadri,2023-05-29 19:20:22,15,False,False,True,3.0,6.0,-1.5,10.5,High,IQR 1.5x
ADM-00033511,PAT-0022503,Dermatology,Dr. Lajita Bora,2023-03-07 01:25:55,15,False,False,True,3.0,6.0,-1.5,10.5,High,IQR 1.5x
ADM-00033237,PAT-0004708,Emergency,Dr. Kavya Chaudhry,2026-08-30 23:15:34,15,False,False,True,3.0,6.0,-1.5,10.5,High,IQR 1.5x
ADM-00049681,PAT-0015571,Dermatology,Dr. David Narula,2026-06-18 22:47:56,15,False,True,True,3.0,6.0,-1.5,10.5,High,IQR 1.5x
ADM-00022713,PAT-0015216,ENT,Dr. Girindra Sachar,2024-06-13 06:06:10,15,False,False,True,3.0,6.0,-1.5,10.5,High,IQR 1.5x
ADM-00020193,PAT-0009844,Gynecology,Dr. Nisha Dhillon,2026-05-16 16:38:32,15,False,True,True,3.0,6.0,-1.5,10.5,High,IQR 1.5x
ADM-00032658,PAT-0023810,Orthopedics,Dr. Nitara Choudhury,2023-02-10 05:45:05,15,True,True,True,3.0,6.0,-1.5,10.5,High,IQR 1.5x
ADM-00008208,PAT-0007513,Cardiology,Dr. Kamala Bhargava,2023-02-12 15:42:04,15,False,False,True,3.0,6.0,-1.5,10.5,High,IQR 1.5x
ADM-00040379,PAT-0006072,Oncology,Dr. Lohit Upadhyay,2023-11-29 13:32:44,15,False,True,True,3.0,6.0,-1.5,10.5,High,IQR 1.5x
ADM-00040204,PAT-0008752,Neurology,Dr. Charan Murty,2024-06-17 11:58:18,15,False,True,True,3.0,6.0,-1.5,10.5,High,IQR 1.5x
ADM-00012919,PAT-0022840,Neurology,Dr. Inaya Raman,2023-09-03 21:53:00,15,False,False,True,3.0,6.0,-1.5,10.5,High,IQR 1.5x
ADM-00032105,PAT-0004658,Emergency,Dr. Abhimanyu Buch,2024-03-16 01:50:41,15,True,False,True,3.0,6.0,-1.5,10.5,High,IQR 1.5x
ADM-00008026,PAT-0013038,Gynecology,Dr. Tamanna Chander,2026-03-20 23:03:51,15,False,False,True,3.0,6.0,-1.5,10.5,High,IQR 1.5x
ADM-00040757,PAT-0008355,Pediatrics,Dr. Devansh Devan,2023-07-22 11:33:08,15,False,False,True,3.0,6.0,-1.5,10.5,High,IQR 1.5x
ADM-00031771,PAT-0007609,Emergency,Dr. Rehaan Lanka,2024-01-09 16:02:18,15,False,False,True,3.0,6.0,-1.5,10.5,High,IQR 1.5x
ADM-00031403,PAT-0002437,Cardiology,Dr. Jackson Jhaveri,2025-11-22 04:13:28,15,False,False,True,3.0,6.0,-1.5,10.5,High,IQR 1.5x
ADM-00007456,PAT-0017378,Pediatrics,Dr. Bhavya Kulkarni,2026-02-02 04:07:21,15,False,False,True,3.0,6.0,-1.5,10.5,High,IQR 1.5x
ADM-00041619,PAT-0014093,Oncology,Dr. Yahvi Raja,2026-02-22 21:53:28,15,True,True,True,3.0,6.0,-1.5,10.5,High,IQR 1.5x
ADM-00041098,PAT-0018235,Dermatology,Dr. David Narula,2025-09-30 11:11:44,15,True,True,True,3.0,6.0,-1.5,10.5,High,IQR 1.5x
ADM-00031239,PAT-0012822,Dermatology,Dr. Manan Saran,2023-09-26 22:37:03,15,False,False,True,3.0,6.0,-1.5,10.5,High,IQR 1.5x
ADM-00031164,PAT-0001499,Cardiology,Dr. Qadim Suresh,2023-08-05 05:58:56,15,False,False,True,3.0,6.0,-1.5,10.5,High,IQR 1.5x
ADM-00013973,PAT-0021317,ENT,Dr. Hema Rana,2024-04-17 11:15:25,15,False,False,True,3.0,6.0,-1.5,10.5,High,IQR 1.5x
ADM-00019429,PAT-0011623,Neurology,Dr. Wridesh Sheth,2025-02-19 04:45:20,15,False,False,True,3.0,6.0,-1.5,10.5,High,IQR 1.5x
ADM-00023016,PAT-0006156,ENT,Dr. David Tak,2025-12-24 05:30:51,15,False,False,True,3.0,6.0,-1.5,10.5,High,IQR 1.5x
ADM-00049894,PAT-0001653,Pediatrics,Dr. Unnati Mall,2023-01-31 01:11:37,15,False,False,True,3.0,6.0,-1.5,10.5,High,IQR 1.5x
ADM-00049749,PAT-0015602,Oncology,Dr. Zilmil Aggarwal,2026-05-21 09:14:24,15,False,False,True,3.0,6.0,-1.5,10.5,High,IQR 1.5x
ADM-00013893,PAT-0024032,Neurology,Dr. Bhavini Maharaj,2023-08-20 14:14:04,15,False,False,True,3.0,6.0,-1.5,10.5,High,IQR 1.5x
ADM-00013793,PAT-0002241,ENT,Dr. Dayamai Nazareth,2024-04-11 17:15:04,15,False,False,True,3.0,6.0,-1.5,10.5,High,IQR 1.5x
ADM-00030828,PAT-0000247,ENT,Dr. Tanveer Pant,2026-09-07 10:14:12,15,False,False,True,3.0,6.0,-1.5,10.5,High,IQR 1.5x
ADM-00030432,PAT-0015928,Oncology,Dr. Inaya Warrior,2024-07-25 18:33:52,15,False,False,True,3.0,6.0,-1.5,10.5,High,IQR 1.5x
ADM-00030426,PAT-0017235,Dermatology,Dr. Manan Saran,2024-11-09 09:05:45,15,False,False,True,3.0,6.0,-1.5,10.5,High,IQR 1.5x
ADM-00006903,PAT-0015700,Dermatology,Dr. Robert Murthy,2025-12-13 21:58:33,15,False,True,True,3.0,6.0,-1.5,10.5,High,IQR 1.5x
ADM-00006813,PAT-0008151,ENT,Dr. Bahadurjit Sane,2023-12-02 19:23:47,15,True,True,True,3.0,6.0,-1.5,10.5,High,IQR 1.5x
ADM-00042644,PAT-0000429,Dermatology,Dr. Umang Basu,2023-01-12 04:31:31,15,False,True,True,3.0,6.0,-1.5,10.5,High,IQR 1.5x
ADM-00013994,PAT-0010753,ENT,Dr. Kritika Khurana,2026-05-01 05:15:12,15,False,False,True,3.0,6.0,-1.5,10.5,High,IQR 1.5x
ADM-00030232,PAT-0009945,Emergency,Dr. Yahvi Jain,2023-05-05 06:36:26,15,True,True,True,3.0,6.0,-1.5,10.5,High,IQR 1.5x
ADM-00030025,PAT-0012798,Cardiology,Dr. Jalsa Choudhry,2026-04-09 13:04:01,15,False,False,True,3.0,6.0,-1.5,10.5,High,IQR 1.5x
ADM-00030019,PAT-0004972,Orthopedics,Dr. Baghyawati Shroff,2023-02-24 23:45:04,15,True,True,True,3.0,6.0,-1.5,10.5,High,IQR 1.5x
ADM-00024008,PAT-0012679,Orthopedics,Dr. Amaira Pal,2023-11-22 16:14:03,15,False,False,True,3.0,6.0,-1.5,10.5,High,IQR 1.5x
ADM-00019231,PAT-0019776,Oncology,Dr. Yahvi Raja,2023-12-08 15:56:08,15,True,False,True,3.0,6.0,-1.5,10.5,High,IQR 1.5x
ADM-00048522,PAT-0019166,Gynecology,Dr. Shravya Ramanathan,2024-03-29 00:34:22,15,False,False,True,3.0,6.0,-1.5,10.5,High,IQR 1.5x
ADM-00048448,PAT-0013770,ENT,Dr. Hema Rana,2025-01-20 06:18:41,15,False,False,True,3.0,6.0,-1.5,10.5,High,IQR 1.5x
ADM-00048410,PAT-0013452,Oncology,Dr. Michael Pandya,2023-04-11 03:44:57,15,False,True,True,3.0,6.0,-1.5,10.5,High,IQR 1.5x
ADM-00047942,PAT-0008770,Orthopedics,Dr. Vinaya Amble,2026-08-28 10:48:26,15,False,False,True,3.0,6.0,-1.5,10.5,High,IQR 1.5x
ADM-00023775,PAT-0020709,Pediatrics,Dr. Zehaan Guha,2026-03-30 06:44:05,15,True,False,True,3.0,6.0,-1.5,10.5,High,IQR 1.5x
ADM-00023501,PAT-0011070,Oncology,Dr. Theodore Kannan,2024-02-14 14:48:27,15,False,False,True,3.0,6.0,-1.5,10.5,High,IQR 1.5x
ADM-00019603,PAT-0022426,Emergency,Dr. Yahvi Jain,2026-02-07 06:52:05,15,False,True,True,3.0,6.0,-1.5,10.5,High,IQR 1.5x
ADM-00029833,PAT-0016294,Emergency,Dr. Krishna Palla,2025-11-04 09:37:11,15,False,False,True,3.0,6.0,-1.5,10.5,High,IQR 1.5x
ADM-00006694,PAT-0021480,Pediatrics,Dr. Devansh Devan,2026-05-20 19:24:10,15,False,True,True,3.0,6.0,-1.5,10.5,High,IQR 1.5x
ADM-00042927,PAT-0006238,Pediatrics,Dr. Devansh Devan,2025-07-06 00:29:49,15,False,False,True,3.0,6.0,-1.5,10.5,High,IQR 1.5x
ADM-00042713,PAT-0008902,Orthopedics,Dr. Vaishnavi Balay,2025-05-28 18:15:40,15,True,False,True,3.0,6.0,-1.5,10.5,High,IQR 1.5x
ADM-00029724,PAT-0021339,Neurology,Dr. Bhavini Maharaj,2023-08-03 23:35:15,15,False,False,True,3.0,6.0,-1.5,10.5,High,IQR 1.5x
ADM-00024385,PAT-0007907,General Medicine,Dr. Viraj Nair,2023-09-14 08:23:59,15,False,True,True,3.0,6.0,-1.5,10.5,High,IQR 1.5x
ADM-00024238,PAT-0004167,Emergency,Dr. Chaitaly Reddy,2023-07-04 19:47:33,15,True,False,True,3.0,6.0,-1.5,10.5,High,IQR 1.5x
ADM-00047389,PAT-0012989,Pediatrics,Dr. Zehaan Guha,2023-03-17 14:11:45,15,False,True,True,3.0,6.0,-1.5,10.5,High,IQR 1.5x
ADM-00047371,PAT-0005028,Orthopedics,Dr. Nathan Iyengar,2025-04-28 06:05:23,15,True,True,True,3.0,6.0,-1.5,10.5,High,IQR 1.5x
ADM-00047337,PAT-0009768,Gynecology,Dr. Amol Gera,2023-07-21 09:09:04,15,False,False,True,3.0,6.0,-1.5,10.5,High,IQR 1.5x
ADM-00018778,PAT-0004730,Oncology,Dr. Michael Pandya,2026-01-17 18:03:19,15,False,True,True,3.0,6.0,-1.5,10.5,High,IQR 1.5x
ADM-00024118,PAT-0014456,Gynecology,Dr. Shravya Ramanathan,2026-03-06 22:30:26,15,True,False,True,3.0,6.0,-1.5,10.5,High,IQR 1.5x
ADM-00029117,PAT-0016180,Emergency,Dr. Fariq Sangha,2024-10-15 06:26:16,15,False,True,True,3.0,6.0,-1.5,10.5,High,IQR 1.5x
ADM-00029101,PAT-0002498,Neurology,Dr. Aashi Sangha,2025-01-01 18:25:30,15,False,False,True,3.0,6.0,-1.5,10.5,High,IQR 1.5x
ADM-00043497,PAT-0016894,Dermatology,Dr. Priya Malhotra,2024-05-23 00:40:50,15,True,False,True,3.0,6.0,-1.5,10.5,High,IQR 1.5x
ADM-00043257,PAT-0012792,General Medicine,Dr. Veer Merchant,2023-09-02 09:41:32,15,False,False,True,3.0,6.0,-1.5,10.5,High,IQR 1.5x
ADM-00043189,PAT-0024936,Pediatrics,Dr. Chatura Dey,2025-05-26 01:22:55,15,True,True,True,3.0,6.0,-1.5,10.5,High,IQR 1.5x
ADM-00014851,PAT-0012065,Emergency,Dr. Fariq Sangha,2026-01-23 07:17:05,15,False,True,True,3.0,6.0,-1.5,10.5,High,IQR 1.5x
ADM-00029007,PAT-0012000,Orthopedics,Dr. Hemang Thaman,2025-08-14 22:14:09,15,False,True,True,3.0,6.0,-1.5,10.5,High,IQR 1.5x
ADM-00018193,PAT-0018001,Dermatology,Dr. Krish Jhaveri,2024-02-17 04:50:58,15,False,True,True,3.0,6.0,-1.5,10.5,High,IQR 1.5x
ADM-00024963,PAT-0002091,Pediatrics,Dr. Devansh Devan,2026-08-30 11:29:43,15,False,True,True,3.0,6.0,-1.5,10.5,High,IQR 1.5x
ADM-00024856,PAT-0017584,Emergency,Dr. Kabir Wadhwa,2023-12-02 12:57:31,15,False,True,True,3.0,6.0,-1.5,10.5,High,IQR 1.5x
ADM-00003663,PAT-0007198,ENT,Dr. Pushti Bhasin,2026-02-08 20:29:42,15,True,True,True,3.0,6.0,-1.5,10.5,High,IQR 1.5x
ADM-00018340,PAT-0024382,Gynecology,Dr. Warinder Sarin,2023-06-16 07:48:32,15,False,False,True,3.0,6.0,-1.5,10.5,High,IQR 1.5x
ADM-00024471,PAT-0015852,Cardiology,Dr. Jasmit Krishnan,2026-06-17 12:13:37,15,False,False,True,3.0,6.0,-1.5,10.5,High,IQR 1.5x
ADM-00015681,PAT-0023495,Orthopedics,Dr. Fitan Ratti,2023-03-10 06:42:34,15,False,False,True,3.0,6.0,-1.5,10.5,High,IQR 1.5x
ADM-00043538,PAT-0013406,Orthopedics,Dr. Falguni Kumar,2024-01-08 18:08:52,15,False,True,True,3.0,6.0,-1.5,10.5,High,IQR 1.5x
ADM-00005806,PAT-0015526,Neurology,Dr. Urishilla Panchal,2023-02-21 11:05:54,15,True,False,True,3.0,6.0,-1.5,10.5,High,IQR 1.5x
ADM-00006382,PAT-0010513,Cardiology,Dr. Umang Konda,2023-08-20 19:27:35,15,False,False,True,3.0,6.0,-1.5,10.5,High,IQR 1.5x
ADM-00015607,PAT-0001700,ENT,Dr. Pushti Bhasin,2026-07-24 18:39:16,15,False,True,True,3.0,6.0,-1.5,10.5,High,IQR 1.5x
ADM-00015569,PAT-0021113,ENT,Dr. Triya Sem,2025-10-18 17:16:47,15,False,False,True,3.0,6.0,-1.5,10.5,High,IQR 1.5x
ADM-00028697,PAT-0003035,General Medicine,Dr. Dhriti Devi,2025-10-14 10:31:30,15,False,True,True,3.0,6.0,-1.5,10.5,High,IQR 1.5x
ADM-00028326,PAT-0010969,Emergency,Dr. Abhimanyu Buch,2025-05-24 05:21:50,15,True,False,True,3.0,6.0,-1.5,10.5,High,IQR 1.5x
ADM-00043999,PAT-0002543,Dermatology,Dr. David Narula,2026-07-28 02:38:55,15,False,True,True,3.0,6.0,-1.5,10.5,High,IQR 1.5x
ADM-00043717,PAT-0014336,General Medicine,Dr. Viraj Nair,2024-08-06 00:04:13,15,False,True,True,3.0,6.0,-1.5,10.5,High,IQR 1.5x
ADM-00005277,PAT-0010183,Orthopedics,Dr. Amaira Seshadri,2024-05-06 05:03:36,15,False,False,True,3.0,6.0,-1.5,10.5,High,IQR 1.5x
ADM-00025413,PAT-0000664,Neurology,Dr. Bhavini Maharaj,2025-12-11 23:41:37,15,True,False,True,3.0,6.0,-1.5,10.5,High,IQR 1.5x
ADM-00046611,PAT-0000316,Gynecology,Dr. Ekta Pai,2023-02-16 19:14:40,15,False,True,True,3.0,6.0,-1.5,10.5,High,IQR 1.5x
ADM-00004056,PAT-0005740,Emergency,Dr. Kavya Chaudhry,2026-04-13 11:29:50,15,True,True,True,3.0,6.0,-1.5,10.5,High,IQR 1.5x
ADM-00004484,PAT-0005007,Pediatrics,Dr. Devansh Devan,2026-02-15 04:22:10,15,False,True,True,3.0,6.0,-1.5,10.5,High,IQR 1.5x
ADM-00025071,PAT-0004184,Orthopedics,Dr. Chaitanya Buch,2023-04-09 05:30:06,15,True,False,True,3.0,6.0,-1.5,10.5,High,IQR 1.5x
ADM-00044567,PAT-0015106,General Medicine,Dr. Veer Merchant,2023-07-09 14:57:41,15,False,True,True,3.0,6.0,-1.5,10.5,High,IQR 1.5x
ADM-00044508,PAT-0004767,Dermatology,Dr. Michael Rastogi,2025-04-21 22:40:26,15,True,False,True,3.0,6.0,-1.5,10.5,High,IQR 1.5x
ADM-00005739,PAT-0020105,General Medicine,Dr. Samesh Arora,2026-02-10 01:48:56,15,True,False,True,3.0,6.0,-1.5,10.5,High,IQR 1.5x
ADM-00015972,PAT-0002011,Neurology,Dr. Urishilla Panchal,2024-09-14 16:47:27,15,False,False,True,3.0,6.0,-1.5,10.5,High,IQR 1.5x
ADM-00027907,PAT-0001035,Cardiology,Dr. Jackson Jhaveri,2023-11-27 00:46:29,15,True,True,True,3.0,6.0,-1.5,10.5,High,IQR 1.5x
ADM-00027889,PAT-0019491,Dermatology,Dr. Michael Rastogi,2026-02-11 02:28:35,15,True,False,True,3.0,6.0,-1.5,10.5,High,IQR 1.5x
ADM-00016368,PAT-0007586,General Medicine,Dr. Viraj Nair,2023-09-23 16:51:33,15,False,True,True,3.0,6.0,-1.5,10.5,High,IQR 1.5x
ADM-00027662,PAT-0008360,Neurology,Dr. Bhavini Maharaj,2023-08-20 19:45:45,15,False,False,True,3.0,6.0,-1.5,10.5,High,IQR 1.5x
ADM-00027624,PAT-0007738,Oncology,Dr. Inaya Warrior,2023-07-11 15:40:05,15,False,True,True,3.0,6.0,-1.5,10.5,High,IQR 1.5x
ADM-00025867,PAT-0005846,Orthopedics,Dr. Anjali Patla,2024-07-20 05:14:33,15,False,True,True,3.0,6.0,-1.5,10.5,High,IQR 1.5x
ADM-00017496,PAT-0008355,Gynecology,Dr. Shravya Ramanathan,2024-09-15 09:38:13,15,False,False,True,3.0,6.0,-1.5,10.5,High,IQR 1.5x
ADM-00004244,PAT-0018173,ENT,Dr. Sanya Arya,2025-12-01 23:34:16,15,False,False,True,3.0,6.0,-1.5,10.5,High,IQR 1.5x
ADM-00004184,PAT-0011711,Cardiology,Dr. Faras Gade,2026-05-02 23:06:06,15,False,True,True,3.0,6.0,-1.5,10.5,High,IQR 1.5x
ADM-00046115,PAT-0000441,Dermatology,Dr. Elijah Rege,2024-07-24 18:02:06,15,True,False,True,3.0,6.0,-1.5,10.5,High,IQR 1.5x
ADM-00017348,PAT-0014591,Cardiology,Dr. Harrison Dora,2025-12-17 09:51:09,15,False,False,True,3.0,6.0,-1.5,10.5,High,IQR 1.5x
ADM-00025461,PAT-0019046,ENT,Dr. Bahadurjit Sane,2026-06-13 17:45:24,15,False,True,True,3.0,6.0,-1.5,10.5,High,IQR 1.5x
ADM-00045154,PAT-0017550,Orthopedics,Dr. Vaishnavi Balay,2023-05-08 03:55:28,15,False,True,True,3.0,6.0,-1.5,10.5,High,IQR 1.5x
ADM-00045029,PAT-0024345,Oncology,Dr. Charles Bajaj,2024-12-13 05:44:36,15,False,True,True,3.0,6.0,-1.5,10.5,High,IQR 1.5x
ADM-00016517,PAT-0013835,Emergency,Dr. Chaitaly Reddy,2023-10-04 10:17:16,15,False,False,True,3.0,6.0,-1.5,10.5,High,IQR 1.5x
ADM-00027200,PAT-0011305,General Medicine,Dr. Charan Golla,2025-12-28 19:33:34,15,False,True,True,3.0,6.0,-1.5,10.5,High,IQR 1.5x
ADM-00026890,PAT-0011180,General Medicine,Dr. Charan Golla,2025-11-03 16:32:34,15,False,False,True,3.0,6.0,-1.5,10.5,High,IQR 1.5x
ADM-00026799,PAT-0010664,Neurology,Dr. Bahadurjit Bose,2024-04-06 07:16:23,15,False,False,True,3.0,6.0,-1.5,10.5,High,IQR 1.5x
ADM-00045827,PAT-0024746,Cardiology,Dr. Jasmit Krishnan,2024-06-05 02:52:30,15,False,False,True,3.0,6.0,-1.5,10.5,High,IQR 1.5x
ADM-00004704,PAT-0015706,Neurology,Dr. Bishakha Patel,2025-03-12 23:09:45,15,False,False,True,3.0,6.0,-1.5,10.5,High,IQR 1.5x
ADM-00016996,PAT-0012309,ENT,Dr. Azad Batra,2023-07-14 06:20:33,15,True,True,True,3.0,6.0,-1.5,10.5,High,IQR 1.5x
ADM-00026089,PAT-0018680,General Medicine,Dr. Elijah Nori,2026-08-22 19:18:45,15,True,True,True,3.0,6.0,-1.5,10.5,High,IQR 1.5x
ADM-00020810,PAT-0003928,Dermatology,Dr. Robert Murthy,2024-08-14 11:37:01,15,False,False,True,3.0,6.0,-1.5,10.5,High,IQR 1.5x
ADM-00000394,PAT-0015142,Emergency,Dr. Kavya Chaudhry,2025-03-18 13:37:49,15,False,True,True,3.0,6.0,-1.5,10.5,High,IQR 1.5x
ADM-00010746,PAT-0005000,Cardiology,Dr. Ayushman Roy,2026-03-22 20:12:02,15,False,True,True,3.0,6.0,-1.5,10.5,High,IQR 1.5x
ADM-00010741,PAT-0019852,Gynecology,Dr. Shravya Ramanathan,2024-10-26 10:22:04,15,True,False,True,3.0,6.0,-1.5,10.5,High,IQR 1.5x
ADM-00021723,PAT-0008687,Gynecology,Dr. Tamanna Chander,2023-12-28 03:30:40,15,True,True,True,3.0,6.0,-1.5,10.5,High,IQR 1.5x
ADM-00020994,PAT-0007604,ENT,Dr. Dalaja Pant,2025-08-07 16:58:28,15,False,False,True,3.0,6.0,-1.5,10.5,High,IQR 1.5x
ADM-00052440,PAT-0000275,Cardiology,Dr. Nachiket Pandit,2026-09-25 13:27:05,15,False,False,True,3.0,6.0,-1.5,10.5,High,IQR 1.5x
ADM-00011213,PAT-0020474,Oncology,Dr. Charles Bajaj,2025-12-27 08:17:06,14,False,False,True,3.0,6.0,-1.5,10.5,High,IQR 1.5x
ADM-00011079,PAT-0022976,ENT,Dr. Dayamai Nazareth,2023-10-20 16:19:00,14,False,False,True,3.0,6.0,-1.5,10.5,High,IQR 1.5x
ADM-00035697,PAT-0002002,Oncology,Dr. Theodore Kannan,2025-04-14 13:11:45,14,True,True,True,3.0,6.0,-1.5,10.5,High,IQR 1.5x
ADM-00035570,PAT-0008577,Oncology,Dr. Vrishti Bedi,2025-04-04 23:53:23,14,False,False,True,3.0,6.0,-1.5,10.5,High,IQR 1.5x
ADM-00011595,PAT-0015994,Pediatrics,Dr. Chatura Dey,2026-02-21 23:31:49,14,False,True,True,3.0,6.0,-1.5,10.5,High,IQR 1.5x
ADM-00051529,PAT-0000727,Dermatology,Dr. Anya Bassi,2026-09-25 08:56:26,14,False,True,True,3.0,6.0,-1.5,10.5,High,IQR 1.5x
ADM-00051522,PAT-0021242,Pediatrics,Dr. Damini Venkatesh,2026-09-25 04:36:54,14,True,True,True,3.0,6.0,-1.5,10.5,High,IQR 1.5x
ADM-00051482,PAT-0017278,Dermatology,Dr. Krish Jhaveri,2026-09-25 10:21:05,14,False,False,True,3.0,6.0,-1.5,10.5,High,IQR 1.5x
ADM-00051457,PAT-0018848,Neurology,Dr. Bahadurjit Bose,2026-09-25 03:20:42,14,False,False,True,3.0,6.0,-1.5,10.5,High,IQR 1.5x
ADM-00051347,PAT-0013869,Pediatrics,Dr. Janya Biswas,2026-09-25 10:13:01,14,False,False,True,3.0,6.0,-1.5,10.5,High,IQR 1.5x
ADM-00051899,PAT-0013869,Pediatrics,Dr. Janya Biswas,2026-09-25 10:13:01,14,False,False,True,3.0,6.0,-1.5,10.5,High,IQR 1.5x
ADM-00001124,PAT-0001036,Neurology,Dr. Urishilla Panchal,2026-04-01 08:37:11,14,False,False,True,3.0,6.0,-1.5,10.5,High,IQR 1.5x
ADM-00051805,PAT-0000727,Dermatology,Dr. Anya Bassi,2026-09-25 08:56:26,14,False,True,True,3.0,6.0,-1.5,10.5,High,IQR 1.5x
ADM-00051786,PAT-0006414,General Medicine,Dr. Mekhala Mangat,2026-09-25 23:49:49,14,False,False,True,3.0,6.0,-1.5,10.5,High,IQR 1.5x
ADM-00051758,PAT-0017278,Dermatology,Dr. Krish Jhaveri,2026-09-25 10:21:05,14,False,False,True,3.0,6.0,-1.5,10.5,High,IQR 1.5x
ADM-00001458,PAT-0017667,Neurology,Dr. Wridesh Sheth,2023-11-28 13:58:16,14,True,False,True,3.0,6.0,-1.5,10.5,High,IQR 1.5x
ADM-00045634,PAT-0018393,Orthopedics,Dr. Nitara Choudhury,2023-05-29 19:00:45,14,False,False,True,3.0,6.0,-1.5,10.5,High,IQR 1.5x
ADM-00005207,PAT-0024762,Neurology,Dr. Jagat Divan,2025-03-09 00:21:03,14,False,False,True,3.0,6.0,-1.5,10.5,High,IQR 1.5x
ADM-00026574,PAT-0006957,Emergency,Dr. Rehaan Lanka,2023-10-19 15:46:33,14,True,False,True,3.0,6.0,-1.5,10.5,High,IQR 1.5x
ADM-00017274,PAT-0020731,General Medicine,Dr. Vrinda Kale,2025-02-24 07:27:54,14,False,True,True,3.0,6.0,-1.5,10.5,High,IQR 1.5x
ADM-00016862,PAT-0020761,ENT,Dr. Parth Muni,2025-09-07 22:28:50,14,True,False,True,3.0,6.0,-1.5,10.5,High,IQR 1.5x
ADM-00016764,PAT-0012182,Oncology,Dr. Om Bajaj,2026-05-16 22:13:41,14,False,True,True,3.0,6.0,-1.5,10.5,High,IQR 1.5x
ADM-00026359,PAT-0012800,Pediatrics,Dr. Devansh Devan,2024-02-07 05:29:12,14,False,False,True,3.0,6.0,-1.5,10.5,High,IQR 1.5x
ADM-00052034,PAT-0017278,Dermatology,Dr. Krish Jhaveri,2026-09-25 10:21:05,14,False,False,True,3.0,6.0,-1.5,10.5,High,IQR 1.5x
ADM-00052009,PAT-0018848,Neurology,Dr. Bahadurjit Bose,2026-09-25 03:20:42,14,False,False,True,3.0,6.0,-1.5,10.5,High,IQR 1.5x
ADM-00021178,PAT-0004785,Dermatology,Dr. Robert Murthy,2024-11-06 09:04:29,14,False,False,True,3.0,6.0,-1.5,10.5,High,IQR 1.5x
ADM-00052614,PAT-0006414,General Medicine,Dr. Mekhala Mangat,2026-09-25 23:49:49,14,False,False,True,3.0,6.0,-1.5,10.5,High,IQR 1.5x
ADM-00052586,PAT-0017278,Dermatology,Dr. Krish Jhaveri,2026-09-25 10:21:05,14,False,False,True,3.0,6.0,-1.5,10.5,High,IQR 1.5x
ADM-00052561,PAT-0018848,Neurology,Dr. Bahadurjit Bose,2026-09-25 03:20:42,14,False,False,True,3.0,6.0,-1.5,10.5,High,IQR 1.5x
ADM-00052451,PAT-0013869,Pediatrics,Dr. Janya Biswas,2026-09-25 10:13:01,14,False,False,True,3.0,6.0,-1.5,10.5,High,IQR 1.5x
ADM-00010850,PAT-0024696,Pediatrics,Dr. Bhavya Kulkarni,2023-04-23 00:03:57,14,False,True,True,3.0,6.0,-1.5,10.5,High,IQR 1.5x
ADM-00010755,PAT-0018572,Orthopedics,Dr. Amaira Seshadri,2024-10-31 17:23:54,14,True,True,True,3.0,6.0,-1.5,10.5,High,IQR 1.5x
ADM-00025594,PAT-0012852,Gynecology,Dr. Shravya Ramanathan,2026-03-13 14:30:06,14,False,False,True,3.0,6.0,-1.5,10.5,High,IQR 1.5x
ADM-00027473,PAT-0020469,Oncology,Dr. David Deshmukh,2025-11-02 21:32:15,14,False,True,True,3.0,6.0,-1.5,10.5,High,IQR 1.5x
ADM-00027377,PAT-0011366,Orthopedics,Dr. Warhi Raja,2023-12-12 11:08:29,14,False,False,True,3.0,6.0,-1.5,10.5,High,IQR 1.5x
ADM-00027348,PAT-0021837,Gynecology,Dr. Shravya Ramanathan,2024-05-15 04:44:10,14,True,True,True,3.0,6.0,-1.5,10.5,High,IQR 1.5x
ADM-00027316,PAT-0023605,Neurology,Dr. Bishakha Patel,2023-12-15 03:37:23,14,True,True,True,3.0,6.0,-1.5,10.5,High,IQR 1.5x
ADM-00005169,PAT-0004163,Dermatology,Dr. Umang Basu,2023-01-31 20:02:06,14,False,False,True,3.0,6.0,-1.5,10.5,High,IQR 1.5x
ADM-00005543,PAT-0004715,Neurology,Dr. Inaya Raman,2026-02-20 17:15:21,14,False,False,True,3.0,6.0,-1.5,10.5,High,IQR 1.5x
ADM-00016708,PAT-0019243,Neurology,Dr. Anirudh Chaudhuri,2023-02-02 16:15:06,14,False,False,True,3.0,6.0,-1.5,10.5,High,IQR 1.5x
ADM-00016577,PAT-0009857,Dermatology,Dr. Michael Rastogi,2024-07-22 12:51:49,14,False,False,True,3.0,6.0,-1.5,10.5,High,IQR 1.5x
ADM-00016572,PAT-0002541,ENT,Dr. Dalaja Pant,2023-01-08 22:23:14,14,True,False,True,3.0,6.0,-1.5,10.5,High,IQR 1.5x
ADM-00027191,PAT-0019063,Orthopedics,Dr. Amaira Seshadri,2025-10-15 04:11:28,14,False,False,True,3.0,6.0,-1.5,10.5,High,IQR 1.5x
ADM-00026622,PAT-0014577,ENT,Dr. Teerth Dewan,2024-05-02 18:52:07,14,False,False,True,3.0,6.0,-1.5,10.5,High,IQR 1.5x
ADM-00026610,PAT-0002154,General Medicine,Dr. Chatresh Viswanathan,2024-10-03 14:10:15,14,False,False,True,3.0,6.0,-1.5,10.5,High,IQR 1.5x
ADM-00045834,PAT-0006966,Orthopedics,Dr. Abha Mandal,2025-03-03 21:37:39,14,True,True,True,3.0,6.0,-1.5,10.5,High,IQR 1.5x
ADM-00004963,PAT-0019506,Neurology,Dr. Raghav Sampath,2026-04-10 07:07:23,14,True,False,True,3.0,6.0,-1.5,10.5,High,IQR 1.5x
ADM-00045655,PAT-0013246,Oncology,Dr. Chaitanya Banerjee,2024-06-11 14:28:01,14,False,False,True,3.0,6.0,-1.5,10.5,High,IQR 1.5x
ADM-00025145,PAT-0000348,Neurology,Dr. Gabriel Sachdev,2024-07-09 19:01:14,14,False,True,True,3.0,6.0,-1.5,10.5,High,IQR 1.5x
ADM-00016072,PAT-0002654,General Medicine,Dr. Dev Sangha,2023-03-16 10:06:29,14,False,True,True,3.0,6.0,-1.5,10.5,High,IQR 1.5x
ADM-00028137,PAT-0011538,Gynecology,Dr. Bhanumati Minhas,2023-04-01 02:25:41,14,False,False,True,3.0,6.0,-1.5,10.5,High,IQR 1.5x
ADM-00028026,PAT-0012870,General Medicine,Dr. Hemal Muni,2023-04-21 08:25:28,14,False,False,True,3.0,6.0,-1.5,10.5,High,IQR 1.5x
ADM-00027878,PAT-0011048,Gynecology,Dr. Bhanumati Minhas,2025-12-15 09:29:05,14,False,True,True,3.0,6.0,-1.5,10.5,High,IQR 1.5x
ADM-00016449,PAT-0017061,Orthopedics,Dr. Warhi Raja,2026-06-12 05:30:59,14,False,False,True,3.0,6.0,-1.5,10.5,High,IQR 1.5x
ADM-00016437,PAT-0009349,Gynecology,Dr. Warinder Sarin,2024-10-22 16:47:53,14,False,True,True,3.0,6.0,-1.5,10.5,High,IQR 1.5x
ADM-00027708,PAT-0000514,Gynecology,Dr. Shravya Ramanathan,2023-10-14 06:31:45,14,True,True,True,3.0,6.0,-1.5,10.5,High,IQR 1.5x
ADM-00025883,PAT-0016325,ENT,Dr. Pushti Bhasin,2024-10-20 07:53:34,14,False,False,True,3.0,6.0,-1.5,10.5,High,IQR 1.5x
ADM-00025824,PAT-0006915,Oncology,Dr. Krishna Modi,2023-05-29 02:31:53,14,False,True,True,3.0,6.0,-1.5,10.5,High,IQR 1.5x
ADM-00046159,PAT-0009036,Neurology,Dr. Wridesh Sheth,2026-05-29 17:45:17,14,False,False,True,3.0,6.0,-1.5,10.5,High,IQR 1.5x
ADM-00046126,PAT-0004089,Gynecology,Dr. Amol Gera,2024-12-11 03:54:58,14,False,False,True,3.0,6.0,-1.5,10.5,High,IQR 1.5x
ADM-00045894,PAT-0009862,Neurology,Dr. Urishilla Panchal,2025-01-22 03:47:29,14,False,True,True,3.0,6.0,-1.5,10.5,High,IQR 1.5x
ADM-00017363,PAT-0021742,Orthopedics,Dr. Vaishnavi Balay,2026-03-16 05:46:42,14,False,False,True,3.0,6.0,-1.5,10.5,High,IQR 1.5x
ADM-00017288,PAT-0001086,Pediatrics,Dr. Indrajit Cheema,2024-01-17 04:15:18,14,False,True,True,3.0,6.0,-1.5,10.5,High,IQR 1.5x
ADM-00025645,PAT-0021961,Neurology,Dr. Jagat Divan,2024-11-23 15:21:25,14,False,False,True,3.0,6.0,-1.5,10.5,High,IQR 1.5x
ADM-00005342,PAT-0024872,Gynecology,Dr. Zaitra Mahajan,2023-05-24 10:18:40,14,False,True,True,3.0,6.0,-1.5,10.5,High,IQR 1.5x
ADM-00005337,PAT-0010021,Oncology,Dr. Lohit Upadhyay,2024-11-07 02:45:24,14,False,True,True,3.0,6.0,-1.5,10.5,High,IQR 1.5x
ADM-00005315,PAT-0004017,Neurology,Dr. Jagat Divan,2026-07-19 21:48:13,14,False,False,True,3.0,6.0,-1.5,10.5,High,IQR 1.5x
ADM-00044742,PAT-0019690,ENT,Dr. Aarnav Barman,2023-04-10 01:31:24,14,False,True,True,3.0,6.0,-1.5,10.5,High,IQR 1.5x
ADM-00044734,PAT-0007773,Gynecology,Dr. Zaitra Mahajan,2025-10-16 11:16:34,14,False,True,True,3.0,6.0,-1.5,10.5,High,IQR 1.5x
ADM-00044662,PAT-0004508,General Medicine,Dr. Chatresh Batta,2023-09-25 14:22:21,14,True,False,True,3.0,6.0,-1.5,10.5,High,IQR 1.5x
ADM-00046667,PAT-0015802,ENT,Dr. Dayamai Nazareth,2024-11-15 03:50:29,14,False,False,True,3.0,6.0,-1.5,10.5,High,IQR 1.5x
ADM-00046571,PAT-0018748,Cardiology,Dr. Ayushman Roy,2026-02-23 06:16:02,14,True,False,True,3.0,6.0,-1.5,10.5,High,IQR 1.5x
ADM-00004076,PAT-0016865,General Medicine,Dr. Charan Golla,2024-02-12 21:32:20,14,False,True,True,3.0,6.0,-1.5,10.5,High,IQR 1.5x
ADM-00003983,PAT-0000566,Oncology,Dr. Zaid Vohra,2025-08-09 11:41:43,14,False,False,True,3.0,6.0,-1.5,10.5,High,IQR 1.5x
ADM-00003972,PAT-0020970,ENT,Dr. Bahadurjit Sane,2025-08-17 08:38:41,14,True,True,True,3.0,6.0,-1.5,10.5,High,IQR 1.5x
ADM-00025306,PAT-0012896,Emergency,Dr. Kavya Chaudhry,2024-03-09 23:37:37,14,False,True,True,3.0,6.0,-1.5,10.5,High,IQR 1.5x
ADM-00025295,PAT-0017991,Orthopedics,Dr. Samarth Nayar,2024-12-01 00:55:45,14,False,False,True,3.0,6.0,-1.5,10.5,High,IQR 1.5x
ADM-00017893,PAT-0024039,Orthopedics,Dr. Samarth Nayar,2024-11-25 06:35:52,14,False,True,True,3.0,6.0,-1.5,10.5,High,IQR 1.5x
ADM-00017587,PAT-0024608,ENT,Dr. Dayamai Nazareth,2024-08-05 03:11:24,14,False,False,True,3.0,6.0,-1.5,10.5,High,IQR 1.5x
ADM-00025219,PAT-0012812,ENT,Dr. Bahadurjit Sane,2023-12-16 18:24:26,14,False,True,True,3.0,6.0,-1.5,10.5,High,IQR 1.5x
ADM-00024468,PAT-0014581,General Medicine,Dr. Charan Golla,2023-12-10 22:03:04,14,False,False,True,3.0,6.0,-1.5,10.5,High,IQR 1.5x
ADM-00005835,PAT-0008269,Oncology,Dr. Charles Bajaj,2023-02-20 16:07:17,14,False,False,True,3.0,6.0,-1.5,10.5,High,IQR 1.5x
ADM-00015530,PAT-0014949,Pediatrics,Dr. Rajata Arora,2026-02-22 10:44:09,14,False,True,True,3.0,6.0,-1.5,10.5,High,IQR 1.5x
ADM-00028619,PAT-0017944,Oncology,Dr. Janya Chawla,2023-08-24 09:19:58,14,False,True,True,3.0,6.0,-1.5,10.5,High,IQR 1.5x
ADM-00028443,PAT-0002060,General Medicine,Dr. Elijah Nori,2026-04-11 01:31:12,14,True,False,True,3.0,6.0,-1.5,10.5,High,IQR 1.5x
ADM-00028278,PAT-0005963,Dermatology,Dr. Priya Malhotra,2024-07-30 02:14:29,14,False,False,True,3.0,6.0,-1.5,10.5,High,IQR 1.5x
ADM-00028222,PAT-0012959,Emergency,Dr. Krishna Palla,2023-10-25 06:41:44,14,False,False,True,3.0,6.0,-1.5,10.5,High,IQR 1.5x
ADM-00016146,PAT-0011929,ENT,Dr. Yamini Rau,2026-04-17 06:13:09,14,True,False,True,3.0,6.0,-1.5,10.5,High,IQR 1.5x
ADM-00044328,PAT-0003030,Emergency,Dr. Chaitaly Reddy,2025-11-22 19:37:36,14,False,False,True,3.0,6.0,-1.5,10.5,High,IQR 1.5x
ADM-00044304,PAT-0019100,Cardiology,Dr. Jasmit Krishnan,2024-07-18 08:56:16,14,True,True,True,3.0,6.0,-1.5,10.5,High,IQR 1.5x
ADM-00044264,PAT-0003000,Pediatrics,Dr. Bhavya Kulkarni,2025-04-21 10:52:27,14,False,False,True,3.0,6.0,-1.5,10.5,High,IQR 1.5x
ADM-00044033,PAT-0001271,Oncology,Dr. Yahvi Raja,2025-10-29 11:19:02,14,False,True,True,3.0,6.0,-1.5,10.5,High,IQR 1.5x
ADM-00043982,PAT-0009876,Orthopedics,Dr. Falguni Kumar,2025-08-29 19:51:54,14,True,False,True,3.0,6.0,-1.5,10.5,High,IQR 1.5x
ADM-00043967,PAT-0000136,Emergency,Dr. Rehaan Lanka,2026-03-18 02:41:55,14,False,True,True,3.0,6.0,-1.5,10.5,High,IQR 1.5x
ADM-00043874,PAT-0009061,Emergency,Dr. Kavya Chaudhry,2026-01-11 21:59:54,14,True,True,True,3.0,6.0,-1.5,10.5,High,IQR 1.5x
ADM-00043862,PAT-0020904,Orthopedics,Dr. Amaira Pal,2023-09-03 05:27:49,14,True,True,True,3.0,6.0,-1.5,10.5,High,IQR 1.5x
ADM-00043280,PAT-0002456,Oncology,Dr. Zilmil Aggarwal,2023-02-09 07:03:56,14,True,False,True,3.0,6.0,-1.5,10.5,High,IQR 1.5x
ADM-00043098,PAT-0022957,Cardiology,Dr. Jalsa Choudhry,2025-06-16 19:12:19,14,True,False,True,3.0,6.0,-1.5,10.5,High,IQR 1.5x
ADM-00042956,PAT-0014305,Dermatology,Dr. Michael Rastogi,2024-10-04 03:55:14,14,False,False,True,3.0,6.0,-1.5,10.5,High,IQR 1.5x
ADM-00029071,PAT-0016465,Pediatrics,Dr. Chatura Dey,2025-07-15 03:06:54,14,False,True,True,3.0,6.0,-1.5,10.5,High,IQR 1.5x
ADM-00029018,PAT-0022267,General Medicine,Dr. Chatresh Batta,2026-05-14 01:52:37,14,False,False,True,3.0,6.0,-1.5,10.5,High,IQR 1.5x
ADM-00028995,PAT-0019981,Pediatrics,Dr. Janya Biswas,2024-10-26 12:26:11,14,True,False,True,3.0,6.0,-1.5,10.5,High,IQR 1.5x
ADM-00028924,PAT-0011398,ENT,Dr. Laban Kala,2025-12-19 16:32:45,14,True,False,True,3.0,6.0,-1.5,10.5,High,IQR 1.5x
ADM-00025053,PAT-0023936,ENT,Dr. Alexander Mitter,2026-01-22 15:10:44,14,False,True,True,3.0,6.0,-1.5,10.5,High,IQR 1.5x
ADM-00018266,PAT-0013159,Neurology,Dr. Reva Sidhu,2023-09-28 00:30:59,14,False,False,True,3.0,6.0,-1.5,10.5,High,IQR 1.5x
ADM-00003724,PAT-0016858,Neurology,Dr. Ekantika Virk,2026-02-23 18:47:54,14,True,True,True,3.0,6.0,-1.5,10.5,High,IQR 1.5x
ADM-00003675,PAT-0024206,Emergency,Dr. Daksh Madan,2023-11-09 20:50:57,14,False,False,True,3.0,6.0,-1.5,10.5,High,IQR 1.5x
ADM-00047093,PAT-0019021,Orthopedics,Dr. Falguni Kumar,2023-07-03 00:44:32,14,True,True,True,3.0,6.0,-1.5,10.5,High,IQR 1.5x
ADM-00046842,PAT-0003589,General Medicine,Dr. Charan Golla,2025-09-12 16:46:25,14,False,True,True,3.0,6.0,-1.5,10.5,High,IQR 1.5x
ADM-00046703,PAT-0004681,Orthopedics,Dr. David Khosla,2024-10-12 06:53:36,14,False,True,True,3.0,6.0,-1.5,10.5,High,IQR 1.5x
ADM-00024581,PAT-0012078,Dermatology,Dr. Manan Saran,2024-10-31 15:02:37,14,False,False,True,3.0,6.0,-1.5,10.5,High,IQR 1.5x
ADM-00024538,PAT-0008547,Orthopedics,Dr. Hemang Thaman,2023-09-23 19:14:47,14,False,False,True,3.0,6.0,-1.5,10.5,High,IQR 1.5x
ADM-00014654,PAT-0010900,Dermatology,Dr. Robert Murthy,2025-09-14 23:19:00,14,False,False,True,3.0,6.0,-1.5,10.5,High,IQR 1.5x
ADM-00014592,PAT-0017985,Cardiology,Dr. Gauri Rajan,2026-04-27 16:55:11,14,True,True,True,3.0,6.0,-1.5,10.5,High,IQR 1.5x
ADM-00014564,PAT-0009765,Pediatrics,Dr. Devansh Devan,2024-04-29 14:28:51,14,True,False,True,3.0,6.0,-1.5,10.5,High,IQR 1.5x
ADM-00014557,PAT-0005850,ENT,Dr. Alexander Mitter,2024-07-03 20:38:13,14,False,False,True,3.0,6.0,-1.5,10.5,High,IQR 1.5x
ADM-00029481,PAT-0013921,Oncology,Dr. Chaitanya Banerjee,2023-04-11 16:36:17,14,True,False,True,3.0,6.0,-1.5,10.5,High,IQR 1.5x
ADM-00024418,PAT-0001838,ENT,Dr. Kritika Khurana,2024-02-02 16:06:59,14,False,True,True,3.0,6.0,-1.5,10.5,High,IQR 1.5x
ADM-00024253,PAT-0010484,Oncology,Dr. Inaya Warrior,2024-11-15 23:06:57,14,False,True,True,3.0,6.0,-1.5,10.5,High,IQR 1.5x
ADM-00003489,PAT-0024245,Neurology,Dr. Gabriel Sachdev,2023-08-02 08:08:52,14,True,False,True,3.0,6.0,-1.5,10.5,High,IQR 1.5x
ADM-00003366,PAT-0015144,ENT,Dr. Laban Kala,2023-06-29 06:44:16,14,False,True,True,3.0,6.0,-1.5,10.5,High,IQR 1.5x
ADM-00003281,PAT-0003191,Pediatrics,Dr. Janya Biswas,2024-09-14 18:30:34,14,False,False,True,3.0,6.0,-1.5,10.5,High,IQR 1.5x
ADM-00018771,PAT-0015194,Neurology,Dr. Jagat Divan,2025-05-15 21:31:15,14,True,False,True,3.0,6.0,-1.5,10.5,High,IQR 1.5x
ADM-00018766,PAT-0003003,General Medicine,Dr. Chatresh Viswanathan,2024-06-18 09:56:26,14,False,True,True,3.0,6.0,-1.5,10.5,High,IQR 1.5x
ADM-00018759,PAT-0020345,ENT,Dr. Dayamai Nazareth,2023-05-18 20:40:54,14,True,False,True,3.0,6.0,-1.5,10.5,High,IQR 1.5x
ADM-00024097,PAT-0022381,Orthopedics,Dr. Nathan Iyengar,2023-06-11 11:02:34,14,False,False,True,3.0,6.0,-1.5,10.5,High,IQR 1.5x
ADM-00043519,PAT-0018369,Oncology,Dr. Theodore Kannan,2026-01-18 13:29:28,14,False,False,True,3.0,6.0,-1.5,10.5,High,IQR 1.5x
ADM-00043314,PAT-0013155,General Medicine,Dr. Viraj Nair,2025-08-03 05:33:19,14,False,False,True,3.0,6.0,-1.5,10.5,High,IQR 1.5x
ADM-00030216,PAT-0019600,Neurology,Dr. Kamala Barad,2025-01-21 07:15:04,14,False,False,True,3.0,6.0,-1.5,10.5,High,IQR 1.5x
ADM-00030098,PAT-0020663,Pediatrics,Dr. Damini Venkatesh,2023-10-05 07:55:55,14,False,False,True,3.0,6.0,-1.5,10.5,High,IQR 1.5x
ADM-00030069,PAT-0007767,Cardiology,Dr. Jalsa Choudhry,2024-01-23 16:28:07,14,True,True,True,3.0,6.0,-1.5,10.5,High,IQR 1.5x
ADM-00019238,PAT-0012006,Emergency,Dr. Kavya Chaudhry,2024-08-01 12:13:59,14,False,True,True,3.0,6.0,-1.5,10.5,High,IQR 1.5x
ADM-00048575,PAT-0024171,Oncology,Dr. Zaid Vohra,2023-01-19 16:03:45,14,False,False,True,3.0,6.0,-1.5,10.5,High,IQR 1.5x
ADM-00048170,PAT-0015304,ENT,Dr. Girindra Varty,2025-12-29 06:14:01,14,False,False,True,3.0,6.0,-1.5,10.5,High,IQR 1.5x
ADM-00047906,PAT-0010663,Gynecology,Dr. Sneha Mahal,2023-12-08 03:15:40,14,False,True,True,3.0,6.0,-1.5,10.5,High,IQR 1.5x
ADM-00023851,PAT-0018126,Dermatology,Dr. Krish Jhaveri,2026-04-15 10:09:44,14,False,False,True,3.0,6.0,-1.5,10.5,High,IQR 1.5x
ADM-00023824,PAT-0002628,Pediatrics,Dr. Yauvani Devan,2023-09-20 19:08:10,14,False,True,True,3.0,6.0,-1.5,10.5,High,IQR 1.5x
ADM-00023735,PAT-0024717,Orthopedics,Dr. Fitan Ratti,2025-10-05 11:18:13,14,False,True,True,3.0,6.0,-1.5,10.5,High,IQR 1.5x
ADM-00006752,PAT-0012008,Pediatrics,Dr. Damini Venkatesh,2023-12-02 22:36:24,14,False,False,True,3.0,6.0,-1.5,10.5,High,IQR 1.5x
ADM-00006718,PAT-0002274,Gynecology,Dr. Ijaya Zachariah,2024-01-06 17:57:06,14,False,False,True,3.0,6.0,-1.5,10.5,High,IQR 1.5x
ADM-00006626,PAT-0018183,Neurology,Dr. Bishakha Patel,2025-11-13 14:00:11,14,True,False,True,3.0,6.0,-1.5,10.5,High,IQR 1.5x
ADM-00006490,PAT-0019023,Orthopedics,Dr. Anjali Patla,2025-03-12 20:11:30,14,True,True,True,3.0,6.0,-1.5,10.5,High,IQR 1.5x
ADM-00042845,PAT-0017324,Cardiology,Dr. Jasmit Krishnan,2023-08-25 16:12:13,14,True,True,True,3.0,6.0,-1.5,10.5,High,IQR 1.5x
ADM-00007017,PAT-0008220,Emergency,Dr. Abhimanyu Buch,2023-10-30 19:12:53,14,False,True,True,3.0,6.0,-1.5,10.5,High,IQR 1.5x
ADM-00007189,PAT-0012875,Neurology,Dr. Charan Murty,2025-05-21 16:11:06,14,False,False,True,3.0,6.0,-1.5,10.5,High,IQR 1.5x
ADM-00042034,PAT-0008018,Neurology,Dr. Bahadurjit Bose,2023-08-01 12:59:36,14,True,True,True,3.0,6.0,-1.5,10.5,High,IQR 1.5x
ADM-00041771,PAT-0020585,Orthopedics,Dr. Hemang Thaman,2024-03-23 00:10:42,14,False,False,True,3.0,6.0,-1.5,10.5,High,IQR 1.5x
ADM-00007583,PAT-0022391,General Medicine,Dr. Vrinda Kale,2026-01-30 14:59:20,14,False,False,True,3.0,6.0,-1.5,10.5,High,IQR 1.5x
ADM-00007533,PAT-0020628,Emergency,Dr. Kavya Chaudhry,2025-01-01 18:19:52,14,False,True,True,3.0,6.0,-1.5,10.5,High,IQR 1.5x
ADM-00013794,PAT-0019026,Dermatology,Dr. Priya Malhotra,2024-09-13 23:44:18,14,False,True,True,3.0,6.0,-1.5,10.5,High,IQR 1.5x
ADM-00030921,PAT-0002405,Emergency,Dr. Kavya Chaudhry,2023-01-29 13:36:16,14,False,False,True,3.0,6.0,-1.5,10.5,High,IQR 1.5x
ADM-00030912,PAT-0011686,Dermatology,Dr. Robert Murthy,2024-04-10 15:57:22,14,True,False,True,3.0,6.0,-1.5,10.5,High,IQR 1.5x
ADM-00030514,PAT-0007372,General Medicine,Dr. Dhriti Devi,2023-02-22 12:19:43,14,True,True,True,3.0,6.0,-1.5,10.5,High,IQR 1.5x
ADM-00030344,PAT-0000092,Gynecology,Dr. Shravya Ramanathan,2024-08-21 11:20:16,14,False,True,True,3.0,6.0,-1.5,10.5,High,IQR 1.5x
ADM-00006877,PAT-0006830,Neurology,Dr. Ranbir Sarma,2025-03-08 00:58:07,14,False,True,True,3.0,6.0,-1.5,10.5,High,IQR 1.5x
ADM-00042375,PAT-0013131,Dermatology,Dr. Robert Murthy,2023-06-24 01:33:16,14,True,False,True,3.0,6.0,-1.5,10.5,High,IQR 1.5x
ADM-00042319,PAT-0011954,Pediatrics,Dr. Bhavya Kulkarni,2023-04-25 11:58:38,14,False,False,True,3.0,6.0,-1.5,10.5,High,IQR 1.5x
ADM-00042238,PAT-0005877,General Medicine,Dr. Chatresh Batta,2025-04-20 05:27:03,14,False,False,True,3.0,6.0,-1.5,10.5,High,IQR 1.5x
ADM-00042236,PAT-0004985,Emergency,Dr. Kabir Wadhwa,2025-12-26 05:46:37,14,True,False,True,3.0,6.0,-1.5,10.5,High,IQR 1.5x
ADM-00014193,PAT-0010914,Pediatrics,Dr. Zehaan Guha,2023-09-19 22:47:09,14,False,False,True,3.0,6.0,-1.5,10.5,High,IQR 1.5x
ADM-00013644,PAT-0003903,Orthopedics,Dr. Falguni Kumar,2024-10-21 14:42:39,14,True,True,True,3.0,6.0,-1.5,10.5,High,IQR 1.5x
ADM-00031395,PAT-0017495,Dermatology,Dr. Priya Malhotra,2025-11-11 09:33:33,14,True,False,True,3.0,6.0,-1.5,10.5,High,IQR 1.5x
ADM-00031102,PAT-0007571,Dermatology,Dr. Priya Malhotra,2023-06-18 15:58:12,14,False,False,True,3.0,6.0,-1.5,10.5,High,IQR 1.5x
ADM-00019376,PAT-0008465,Cardiology,Dr. Harrison Dora,2023-12-14 11:01:06,14,False,True,True,3.0,6.0,-1.5,10.5,High,IQR 1.5x
ADM-00019332,PAT-0007881,Dermatology,Dr. Michael Rastogi,2023-10-29 00:08:32,14,True,True,True,3.0,6.0,-1.5,10.5,High,IQR 1.5x
ADM-00019331,PAT-0000504,Oncology,Dr. Chaitanya Banerjee,2024-05-11 14:23:28,14,False,False,True,3.0,6.0,-1.5,10.5,High,IQR 1.5x
ADM-00023153,PAT-0022569,Orthopedics,Dr. Vinaya Amble,2025-07-12 03:40:41,14,False,False,True,3.0,6.0,-1.5,10.5,High,IQR 1.5x
ADM-00023140,PAT-0007197,Orthopedics,Dr. Anjali Patla,2026-06-16 00:24:17,14,False,True,True,3.0,6.0,-1.5,10.5,High,IQR 1.5x
ADM-00002923,PAT-0003193,Gynecology,Dr. Ekta Pai,2023-10-25 15:00:05,14,False,False,True,3.0,6.0,-1.5,10.5,High,IQR 1.5x
ADM-00049384,PAT-0019961,ENT,Dr. Pushti Bhasin,2024-10-02 14:53:47,14,True,True,True,3.0,6.0,-1.5,10.5,High,IQR 1.5x
ADM-00049226,PAT-0001489,Cardiology,Dr. Umang Konda,2023-08-07 09:43:56,14,False,False,True,3.0,6.0,-1.5,10.5,High,IQR 1.5x
ADM-00048607,PAT-0008642,General Medicine,Dr. Veer Merchant,2025-10-31 07:13:52,14,False,False,True,3.0,6.0,-1.5,10.5,High,IQR 1.5x
ADM-00049775,PAT-0011543,Cardiology,Dr. Nachiket Pandit,2025-01-05 11:46:21,14,True,True,True,3.0,6.0,-1.5,10.5,High,IQR 1.5x
ADM-00002444,PAT-0002121,Dermatology,Dr. Elijah Rege,2024-08-18 13:23:44,14,False,True,True,3.0,6.0,-1.5,10.5,High,IQR 1.5x
ADM-00002317,PAT-0001214,General Medicine,Dr. Samesh Arora,2023-03-12 05:23:01,14,False,True,True,3.0,6.0,-1.5,10.5,High,IQR 1.5x
ADM-00042094,PAT-0000873,Neurology,Dr. Jagat Divan,2024-10-14 15:25:50,14,False,False,True,3.0,6.0,-1.5,10.5,High,IQR 1.5x
ADM-00007875,PAT-0021424,Cardiology,Dr. Umang Konda,2026-06-19 16:30:45,14,True,False,True,3.0,6.0,-1.5,10.5,High,IQR 1.5x
ADM-00040882,PAT-0017690,Emergency,Dr. Krishna Palla,2023-01-11 12:56:08,14,True,True,True,3.0,6.0,-1.5,10.5,High,IQR 1.5x
ADM-00040701,PAT-0015087,ENT,Dr. Triya Sem,2023-12-28 13:05:49,14,False,False,True,3.0,6.0,-1.5,10.5,High,IQR 1.5x
ADM-00013467,PAT-0022270,Cardiology,Dr. Gauri Rajan,2023-01-01 08:13:26,14,False,False,True,3.0,6.0,-1.5,10.5,High,IQR 1.5x
ADM-00013374,PAT-0006150,General Medicine,Dr. Elijah Nori,2025-09-20 07:05:21,14,False,False,True,3.0,6.0,-1.5,10.5,High,IQR 1.5x
ADM-00013219,PAT-0009745,ENT,Dr. Bahadurjit Sane,2024-12-03 17:42:08,14,False,False,True,3.0,6.0,-1.5,10.5,High,IQR 1.5x
ADM-00013163,PAT-0024571,Pediatrics,Dr. Devansh Devan,2026-09-08 12:10:37,14,False,False,True,3.0,6.0,-1.5,10.5,High,IQR 1.5x
ADM-00013050,PAT-0018481,Emergency,Dr. Eiravati Goda,2025-10-30 20:45:13,14,True,False,True,3.0,6.0,-1.5,10.5,High,IQR 1.5x
ADM-00031663,PAT-0005498,Dermatology,Dr. Anya Bassi,2025-07-03 10:19:03,14,False,True,True,3.0,6.0,-1.5,10.5,High,IQR 1.5x
ADM-00031471,PAT-0006369,ENT,Dr. Triya Sem,2025-06-15 05:43:50,14,True,True,True,3.0,6.0,-1.5,10.5,High,IQR 1.5x
ADM-00031469,PAT-0021243,Oncology,Dr. Charles Bajaj,2024-09-20 06:56:17,14,False,False,True,3.0,6.0,-1.5,10.5,High,IQR 1.5x
ADM-00041267,PAT-0020427,Gynecology,Dr. Ijaya Zachariah,2024-05-11 09:43:31,14,False,True,True,3.0,6.0,-1.5,10.5,High,IQR 1.5x
ADM-00041169,PAT-0004268,Emergency,Dr. Kabir Wadhwa,2023-11-15 17:35:33,14,False,False,True,3.0,6.0,-1.5,10.5,High,IQR 1.5x
ADM-00041131,PAT-0022550,Gynecology,Dr. Tamanna Chander,2025-09-17 20:43:50,14,False,True,True,3.0,6.0,-1.5,10.5,High,IQR 1.5x
ADM-00041065,PAT-0022371,Pediatrics,Dr. Zehaan Guha,2024-10-19 12:22:36,14,False,True,True,3.0,6.0,-1.5,10.5,High,IQR 1.5x
ADM-00013657,PAT-0003368,Orthopedics,Dr. Amaira Pal,2024-07-13 02:42:14,14,False,False,True,3.0,6.0,-1.5,10.5,High,IQR 1.5x
ADM-00051028,PAT-0000727,Dermatology,Dr. Anya Bassi,2026-09-25 08:56:26,14,False,True,True,3.0,6.0,-1.5,10.5,High,IQR 1.5x
ADM-00051021,PAT-0021242,Pediatrics,Dr. Damini Venkatesh,2026-09-25 04:36:54,14,True,True,True,3.0,6.0,-1.5,10.5,High,IQR 1.5x
ADM-00050981,PAT-0017278,Dermatology,Dr. Krish Jhaveri,2026-09-25 10:21:05,14,False,False,True,3.0,6.0,-1.5,10.5,High,IQR 1.5x
ADM-00012591,PAT-0005564,General Medicine,Dr. Samesh Arora,2025-11-29 16:28:12,14,False,True,True,3.0,6.0,-1.5,10.5,High,IQR 1.5x
ADM-00032813,PAT-0002551,Cardiology,Dr. Jasmit Krishnan,2025-01-29 09:16:17,14,False,True,True,3.0,6.0,-1.5,10.5,High,IQR 1.5x
ADM-00008157,PAT-0008834,Neurology,Dr. Kamala Barad,2024-04-29 11:15:39,14,False,False,True,3.0,6.0,-1.5,10.5,High,IQR 1.5x
ADM-00008101,PAT-0004441,ENT,Dr. Girindra Varty,2026-07-16 00:41:09,14,False,False,True,3.0,6.0,-1.5,10.5,High,IQR 1.5x
ADM-00040476,PAT-0015155,Oncology,Dr. David Deshmukh,2025-07-19 06:43:45,14,False,True,True,3.0,6.0,-1.5,10.5,High,IQR 1.5x
ADM-00040464,PAT-0012126,ENT,Dr. Bahadurjit Sane,2024-08-27 14:51:21,14,True,True,True,3.0,6.0,-1.5,10.5,High,IQR 1.5x
ADM-00040420,PAT-0024281,Dermatology,Dr. Robert Murthy,2024-03-21 16:26:36,14,False,True,True,3.0,6.0,-1.5,10.5,High,IQR 1.5x
ADM-00032653,PAT-0005441,Orthopedics,Dr. Warhi Raja,2026-07-14 07:36:11,14,False,False,True,3.0,6.0,-1.5,10.5,High,IQR 1.5x
ADM-00032651,PAT-0001278,General Medicine,Dr. Viraj Nair,2025-05-07 23:30:24,14,False,False,True,3.0,6.0,-1.5,10.5,High,IQR 1.5x
ADM-00012904,PAT-0012012,Cardiology,Dr. Harrison Dora,2024-10-07 00:31:49,14,False,True,True,3.0,6.0,-1.5,10.5,High,IQR 1.5x
ADM-00032582,PAT-0017660,Orthopedics,Dr. Chaitanya Buch,2023-11-06 21:03:05,14,False,True,True,3.0,6.0,-1.5,10.5,High,IQR 1.5x
ADM-00032037,PAT-0010743,Cardiology,Dr. Balvan Bala,2026-05-27 12:35:25,14,False,True,True,3.0,6.0,-1.5,10.5,High,IQR 1.5x
ADM-00031836,PAT-0016167,Orthopedics,Dr. Fitan Ratti,2024-11-07 22:43:30,14,False,False,True,3.0,6.0,-1.5,10.5,High,IQR 1.5x
ADM-00033427,PAT-0012286,Emergency,Dr. Krishna Palla,2026-07-07 20:47:31,14,False,False,True,3.0,6.0,-1.5,10.5,High,IQR 1.5x
ADM-00033343,PAT-0008061,Oncology,Dr. Charles Bajaj,2023-04-02 03:32:12,14,False,False,True,3.0,6.0,-1.5,10.5,High,IQR 1.5x
ADM-00033173,PAT-0017527,Neurology,Dr. Kamala Barad,2024-01-03 09:28:36,14,False,False,True,3.0,6.0,-1.5,10.5,High,IQR 1.5x
ADM-00012743,PAT-0018051,Gynecology,Dr. Warinder Sarin,2023-09-03 10:04:20,14,False,False,True,3.0,6.0,-1.5,10.5,High,IQR 1.5x
ADM-00012669,PAT-0003592,General Medicine,Dr. Samesh Arora,2023-11-28 03:05:45,14,False,True,True,3.0,6.0,-1.5,10.5,High,IQR 1.5x
ADM-00012663,PAT-0018065,Dermatology,Dr. Alexander Gulati,2026-07-26 12:28:39,14,False,True,True,3.0,6.0,-1.5,10.5,High,IQR 1.5x
ADM-00002278,PAT-0022743,Cardiology,Dr. Faras Gade,2024-02-24 08:41:40,14,False,False,True,3.0,6.0,-1.5,10.5,High,IQR 1.5x
ADM-00049710,PAT-0008294,Orthopedics,Dr. Amaira Pal,2023-01-17 16:37:49,14,False,False,True,3.0,6.0,-1.5,10.5,High,IQR 1.5x
ADM-00019835,PAT-0012996,Orthopedics,Dr. Anjali Patla,2024-05-25 12:17:56,14,True,True,True,3.0,6.0,-1.5,10.5,High,IQR 1.5x
ADM-00019807,PAT-0003840,Dermatology,Dr. Krish Jhaveri,2025-01-09 20:29:51,14,True,False,True,3.0,6.0,-1.5,10.5,High,IQR 1.5x
ADM-00019797,PAT-0005878,Gynecology,Dr. Ekta Pai,2024-11-14 15:51:24,14,False,False,True,3.0,6.0,-1.5,10.5,High,IQR 1.5x
ADM-00019706,PAT-0014396,General Medicine,Dr. Vrinda Kale,2026-02-19 18:49:54,14,True,False,True,3.0,6.0,-1.5,10.5,High,IQR 1.5x
ADM-00022707,PAT-0003943,Neurology,Dr. Ekantika Virk,2025-01-30 14:30:40,14,False,False,True,3.0,6.0,-1.5,10.5,High,IQR 1.5x
ADM-00022605,PAT-0006232,Emergency,Dr. Kabir Wadhwa,2026-07-17 04:11:47,14,False,False,True,3.0,6.0,-1.5,10.5,High,IQR 1.5x
ADM-00020110,PAT-0022479,Neurology,Dr. Kamala Barad,2026-08-21 09:48:35,14,False,False,True,3.0,6.0,-1.5,10.5,High,IQR 1.5x
ADM-00002028,PAT-0007806,Orthopedics,Dr. Baghyawati Shroff,2025-12-19 02:22:08,14,False,True,True,3.0,6.0,-1.5,10.5,High,IQR 1.5x
ADM-00022166,PAT-0012246,General Medicine,Dr. Mekhala Mangat,2023-08-25 15:00:23,14,False,True,True,3.0,6.0,-1.5,10.5,High,IQR 1.5x
ADM-00022082,PAT-0009118,Oncology,Dr. Chaitanya Banerjee,2025-01-20 13:42:42,14,False,False,True,3.0,6.0,-1.5,10.5,High,IQR 1.5x
ADM-00039118,PAT-0019434,Orthopedics,Dr. Samarth Nayar,2024-07-06 01:07:54,14,True,False,True,3.0,6.0,-1.5,10.5,High,IQR 1.5x
ADM-00039057,PAT-0012071,Oncology,Dr. Yahvi Raja,2023-12-28 06:57:48,14,False,False,True,3.0,6.0,-1.5,10.5,High,IQR 1.5x
ADM-00011994,PAT-0011350,Gynecology,Dr. Ekta Pai,2025-06-06 03:00:08,14,True,True,True,3.0,6.0,-1.5,10.5,High,IQR 1.5x
ADM-00011988,PAT-0022476,Pediatrics,Dr. Nakul Pathak,2025-09-20 19:12:07,14,False,True,True,3.0,6.0,-1.5,10.5,High,IQR 1.5x
ADM-00011982,PAT-0003392,Pediatrics,Dr. Yauvani Devan,2026-04-21 10:47:35,14,False,False,True,3.0,6.0,-1.5,10.5,High,IQR 1.5x
ADM-00034001,PAT-0020293,Dermatology,Dr. Manan Saran,2024-08-11 12:54:22,14,True,False,True,3.0,6.0,-1.5,10.5,High,IQR 1.5x
ADM-00033978,PAT-0004363,ENT,Dr. Aarnav Barman,2025-10-23 10:27:34,14,True,True,True,3.0,6.0,-1.5,10.5,High,IQR 1.5x
ADM-00033880,PAT-0009274,Dermatology,Dr. Umang Basu,2024-09-20 12:10:26,14,False,True,True,3.0,6.0,-1.5,10.5,High,IQR 1.5x
ADM-00008653,PAT-0018821,Orthopedics,Dr. Vinaya Amble,2025-11-13 23:48:45,14,True,False,True,3.0,6.0,-1.5,10.5,High,IQR 1.5x
ADM-00040200,PAT-0005394,General Medicine,Dr. Elijah Nori,2026-01-13 10:34:32,14,False,True,True,3.0,6.0,-1.5,10.5,High,IQR 1.5x
ADM-00040056,PAT-0023641,Gynecology,Dr. Ijaya Zachariah,2025-03-16 18:41:10,14,True,False,True,3.0,6.0,-1.5,10.5,High,IQR 1.5x
ADM-00039826,PAT-0023677,Oncology,Dr. Janya Chawla,2025-11-08 02:42:37,14,False,False,True,3.0,6.0,-1.5,10.5,High,IQR 1.5x
ADM-00039586,PAT-0018650,ENT,Dr. Azad Batra,2024-01-28 08:11:57,14,False,True,True,3.0,6.0,-1.5,10.5,High,IQR 1.5x
ADM-00039433,PAT-0017262,Gynecology,Dr. Ijaya Zachariah,2025-01-27 22:46:48,14,False,False,True,3.0,6.0,-1.5,10.5,High,IQR 1.5x
ADM-00038493,PAT-0018435,Cardiology,Dr. Ayushman Roy,2025-06-21 18:11:40,14,False,True,True,3.0,6.0,-1.5,10.5,High,IQR 1.5x
ADM-00038414,PAT-0003170,Neurology,Dr. Ekantika Virk,2023-06-19 02:39:02,14,False,True,True,3.0,6.0,-1.5,10.5,High,IQR 1.5x
ADM-00009647,PAT-0005607,Orthopedics,Dr. Nitara Choudhury,2026-01-20 02:05:41,14,False,True,True,3.0,6.0,-1.5,10.5,High,IQR 1.5x
ADM-00008892,PAT-0001023,Emergency,Dr. Daksh Madan,2023-12-12 18:01:55,14,True,False,True,3.0,6.0,-1.5,10.5,High,IQR 1.5x
ADM-00008843,PAT-0005815,Dermatology,Dr. Lajita Bora,2025-06-30 11:44:31,14,True,True,True,3.0,6.0,-1.5,10.5,High,IQR 1.5x
ADM-00050956,PAT-0018848,Neurology,Dr. Bahadurjit Bose,2026-09-25 03:20:42,14,False,False,True,3.0,6.0,-1.5,10.5,High,IQR 1.5x
ADM-00050846,PAT-0013869,Pediatrics,Dr. Janya Biswas,2026-09-25 10:13:01,14,False,False,True,3.0,6.0,-1.5,10.5,High,IQR 1.5x
ADM-00050669,PAT-0006594,Gynecology,Dr. Tamanna Chander,2026-09-24 12:59:18,14,False,False,True,3.0,6.0,-1.5,10.5,High,IQR 1.5x
ADM-00019917,PAT-0000799,Gynecology,Dr. Warinder Sarin,2024-11-27 22:04:45,14,True,False,True,3.0,6.0,-1.5,10.5,High,IQR 1.5x
ADM-00019862,PAT-0023598,General Medicine,Dr. Elijah Nori,2024-03-11 02:45:58,14,True,False,True,3.0,6.0,-1.5,10.5,High,IQR 1.5x
ADM-00022395,PAT-0000342,Dermatology,Dr. David Narula,2023-10-04 20:47:33,14,False,False,True,3.0,6.0,-1.5,10.5,High,IQR 1.5x
ADM-00022353,PAT-0004644,Gynecology,Dr. Zaitra Mahajan,2023-05-14 03:08:17,14,False,True,True,3.0,6.0,-1.5,10.5,High,IQR 1.5x
ADM-00022340,PAT-0017649,ENT,Dr. Alexander Mitter,2025-03-23 15:23:31,14,True,True,True,3.0,6.0,-1.5,10.5,High,IQR 1.5x
ADM-00022304,PAT-0002409,Cardiology,Dr. Nachiket Pandit,2023-04-05 08:36:19,14,False,True,True,3.0,6.0,-1.5,10.5,High,IQR 1.5x
ADM-00022192,PAT-0019969,Pediatrics,Dr. Indrajit Cheema,2026-04-10 04:01:30,14,True,False,True,3.0,6.0,-1.5,10.5,High,IQR 1.5x
ADM-00022175,PAT-0005060,Orthopedics,Dr. Nitara Choudhury,2025-08-27 00:44:19,14,False,True,True,3.0,6.0,-1.5,10.5,High,IQR 1.5x
ADM-00051733,PAT-0018848,Neurology,Dr. Bahadurjit Bose,2026-09-25 03:20:42,14,False,False,True,3.0,6.0,-1.5,10.5,High,IQR 1.5x
ADM-00051623,PAT-0013869,Pediatrics,Dr. Janya Biswas,2026-09-25 10:13:01,14,False,False,True,3.0,6.0,-1.5,10.5,High,IQR 1.5x
ADM-00038113,PAT-0002316,Oncology,Dr. Charles Bajaj,2026-04-01 20:36:14,14,False,True,True,3.0,6.0,-1.5,10.5,High,IQR 1.5x
ADM-00038109,PAT-0006857,General Medicine,Dr. Elijah Nori,2023-08-09 16:06:15,14,False,False,True,3.0,6.0,-1.5,10.5,High,IQR 1.5x
ADM-00038097,PAT-0010125,Emergency,Dr. Arin Tailor,2026-09-02 14:50:49,14,True,False,True,3.0,6.0,-1.5,10.5,High,IQR 1.5x
ADM-00037955,PAT-0020903,Oncology,Dr. Vrishti Bedi,2023-10-12 10:31:57,14,True,True,True,3.0,6.0,-1.5,10.5,High,IQR 1.5x
ADM-00037744,PAT-0020612,Cardiology,Dr. Balvan Bala,2025-04-19 03:51:43,14,False,False,True,3.0,6.0,-1.5,10.5,High,IQR 1.5x
ADM-00009899,PAT-0011763,General Medicine,Dr. Mekhala Mangat,2023-11-18 11:40:15,14,False,False,True,3.0,6.0,-1.5,10.5,High,IQR 1.5x
ADM-00011663,PAT-0016493,Gynecology,Dr. Ijaya Zachariah,2024-01-02 01:35:29,14,False,False,True,3.0,6.0,-1.5,10.5,High,IQR 1.5x
ADM-00034618,PAT-0020215,Neurology,Dr. Reva Sidhu,2023-05-29 21:17:33,14,False,False,True,3.0,6.0,-1.5,10.5,High,IQR 1.5x
ADM-00034510,PAT-0015719,Emergency,Dr. Arin Tailor,2023-05-15 19:50:33,14,False,True,True,3.0,6.0,-1.5,10.5,High,IQR 1.5x
ADM-00034484,PAT-0012981,General Medicine,Dr. Viraj Nair,2025-07-17 17:05:01,14,False,False,True,3.0,6.0,-1.5,10.5,High,IQR 1.5x
ADM-00034268,PAT-0016379,Oncology,Dr. Om Bajaj,2025-05-15 14:33:25,14,True,True,True,3.0,6.0,-1.5,10.5,High,IQR 1.5x
ADM-00034214,PAT-0020690,Oncology,Dr. Krishna Modi,2026-07-26 23:37:46,14,True,False,True,3.0,6.0,-1.5,10.5,High,IQR 1.5x
ADM-00038785,PAT-0001000,Neurology,Dr. Wridesh Sheth,2025-04-18 04:43:13,14,False,True,True,3.0,6.0,-1.5,10.5,High,IQR 1.5x
ADM-00038579,PAT-0012306,Emergency,Dr. Daksh Madan,2024-08-25 22:47:09,14,False,False,True,3.0,6.0,-1.5,10.5,High,IQR 1.5x
ADM-00037519,PAT-0023502,Cardiology,Dr. Qadim Suresh,2023-01-27 19:27:05,14,True,True,True,3.0,6.0,-1.5,10.5,High,IQR 1.5x
ADM-00037262,PAT-0004794,ENT,Dr. Alexander Mitter,2024-12-19 06:03:03,14,False,True,True,3.0,6.0,-1.5,10.5,High,IQR 1.5x
ADM-00037115,PAT-0018303,Neurology,Dr. Anirudh Chaudhuri,2023-10-22 11:05:23,14,False,False,True,3.0,6.0,-1.5,10.5,High,IQR 1.5x
ADM-00036977,PAT-0015639,Orthopedics,Dr. David Khosla,2024-11-22 18:33:39,14,False,False,True,3.0,6.0,-1.5,10.5,High,IQR 1.5x
ADM-00010335,PAT-0002570,Gynecology,Dr. Bhanumati Minhas,2025-01-03 03:58:14,14,False,False,True,3.0,6.0,-1.5,10.5,High,IQR 1.5x
ADM-00009505,PAT-0012513,ENT,Dr. Triya Sem,2025-09-18 01:03:22,14,False,True,True,3.0,6.0,-1.5,10.5,High,IQR 1.5x
ADM-00038263,PAT-0006176,Dermatology,Dr. David Narula,2024-12-11 11:56:35,14,False,False,True,3.0,6.0,-1.5,10.5,High,IQR 1.5x
ADM-00038162,PAT-0018223,Gynecology,Dr. Ijaya Zachariah,2026-01-15 01:07:07,14,False,False,True,3.0,6.0,-1.5,10.5,High,IQR 1.5x
ADM-00001827,PAT-0005578,ENT,Dr. Tanveer Pant,2025-12-13 06:15:24,14,True,True,True,3.0,6.0,-1.5,10.5,High,IQR 1.5x
ADM-00001779,PAT-0014142,Emergency,Dr. Arin Tailor,2023-06-16 16:19:33,14,False,False,True,3.0,6.0,-1.5,10.5,High,IQR 1.5x
ADM-00001771,PAT-0004988,Orthopedics,Dr. Amaira Pal,2026-07-28 04:00:41,14,False,True,True,3.0,6.0,-1.5,10.5,High,IQR 1.5x
ADM-00001600,PAT-0020675,General Medicine,Dr. Dhriti Devi,2026-08-02 12:03:56,14,True,False,True,3.0,6.0,-1.5,10.5,High,IQR 1.5x
ADM-00001596,PAT-0007670,Cardiology,Dr. Qadim Suresh,2023-04-30 12:27:10,14,True,False,True,3.0,6.0,-1.5,10.5,High,IQR 1.5x
ADM-00001488,PAT-0005360,Dermatology,Dr. Umang Basu,2025-06-23 20:08:09,14,True,True,True,3.0,6.0,-1.5,10.5,High,IQR 1.5x
ADM-00001407,PAT-0018404,Neurology,Dr. Bahadurjit Bose,2026-09-09 03:11:59,14,True,False,True,3.0,6.0,-1.5,10.5,High,IQR 1.5x
ADM-00001402,PAT-0020689,Gynecology,Dr. Zaitra Mahajan,2025-03-08 04:53:26,14,True,True,True,3.0,6.0,-1.5,10.5,High,IQR 1.5x
ADM-00010287,PAT-0006034,ENT,Dr. Aarnav Barman,2026-04-02 03:01:58,14,False,False,True,3.0,6.0,-1.5,10.5,High,IQR 1.5x
ADM-00010265,PAT-0023599,Pediatrics,Dr. Nakul Pathak,2023-12-16 15:28:07,14,False,True,True,3.0,6.0,-1.5,10.5,High,IQR 1.5x
ADM-00010161,PAT-0020327,Orthopedics,Dr. Anjali Patla,2026-03-19 05:45:50,14,False,True,True,3.0,6.0,-1.5,10.5,High,IQR 1.5x
ADM-00036696,PAT-0022554,ENT,Dr. Girindra Varty,2026-05-15 20:12:19,14,False,False,True,3.0,6.0,-1.5,10.5,High,IQR 1.5x
ADM-00036592,PAT-0004210,Oncology,Dr. Om Mangat,2025-02-13 17:04:27,14,True,True,True,3.0,6.0,-1.5,10.5,High,IQR 1.5x
ADM-00036463,PAT-0013973,ENT,Dr. Aadhya Prashad,2023-11-24 03:06:33,14,True,True,True,3.0,6.0,-1.5,10.5,High,IQR 1.5x
ADM-00011448,PAT-0000267,Emergency,Dr. Kabir Wadhwa,2023-10-16 02:13:13,14,True,False,True,3.0,6.0,-1.5,10.5,High,IQR 1.5x
ADM-00011439,PAT-0010754,Oncology,Dr. Yahvi Raja,2024-10-20 15:26:30,14,False,True,True,3.0,6.0,-1.5,10.5,High,IQR 1.5x
ADM-00011308,PAT-0020988,Gynecology,Dr. Sneha Mahal,2025-02-10 12:31:53,14,True,True,True,3.0,6.0,-1.5,10.5,High,IQR 1.5x
ADM-00035081,PAT-0006813,General Medicine,Dr. Chatresh Viswanathan,2024-09-10 21:05:00,14,False,False,True,3.0,6.0,-1.5,10.5,High,IQR 1.5x
ADM-00034820,PAT-0019700,Orthopedics,Dr. Vinaya Amble,2026-09-09 04:08:12,14,False,False,True,3.0,6.0,-1.5,10.5,High,IQR 1.5x
ADM-00034775,PAT-0021446,Emergency,Dr. Warjas Singhal,2023-09-01 04:53:23,14,False,True,True,3.0,6.0,-1.5,10.5,High,IQR 1.5x
ADM-00011801,PAT-0020986,Oncology,Dr. Chaitanya Banerjee,2025-09-07 10:43:12,14,False,False,True,3.0,6.0,-1.5,10.5,High,IQR 1.5x
ADM-00009818,PAT-0013568,Gynecology,Dr. Sneha Mahal,2023-02-13 16:43:22,14,False,False,True,3.0,6.0,-1.5,10.5,High,IQR 1.5x
ADM-00009758,PAT-0009949,Dermatology,Dr. Manan Saran,2025-04-15 17:49:42,14,False,True,True,3.0,6.0,-1.5,10.5,High,IQR 1.5x
ADM-00037525,PAT-0013502,Pediatrics,Dr. Rajata Arora,2024-04-15 08:42:52,14,True,False,True,3.0,6.0,-1.5,10.5,High,IQR 1.5x
ADM-00052310,PAT-0017278,Dermatology,Dr. Krish Jhaveri,2026-09-25 10:21:05,14,False,False,True,3.0,6.0,-1.5,10.5,High,IQR 1.5x
ADM-00000652,PAT-0003834,Neurology,Dr. Inaya Raman,2026-06-09 02:16:48,14,False,False,True,3.0,6.0,-1.5,10.5,High,IQR 1.5x
ADM-00000603,PAT-0006405,Gynecology,Dr. Sneha Mahal,2025-06-28 04:25:15,14,False,False,True,3.0,6.0,-1.5,10.5,High,IQR 1.5x
ADM-00000505,PAT-0017533,ENT,Dr. Teerth Dewan,2025-07-30 03:02:58,14,True,True,True,3.0,6.0,-1.5,10.5,High,IQR 1.5x
ADM-00052285,PAT-0018848,Neurology,Dr. Bahadurjit Bose,2026-09-25 03:20:42,14,False,False,True,3.0,6.0,-1.5,10.5,High,IQR 1.5x
ADM-00052175,PAT-0013869,Pediatrics,Dr. Janya Biswas,2026-09-25 10:13:01,14,False,False,True,3.0,6.0,-1.5,10.5,High,IQR 1.5x
ADM-00000329,PAT-0004223,Cardiology,Dr. Jalsa Choudhry,2024-06-20 09:46:28,14,False,True,True,3.0,6.0,-1.5,10.5,High,IQR 1.5x
ADM-00052081,PAT-0000727,Dermatology,Dr. Anya Bassi,2026-09-25 08:56:26,14,False,True,True,3.0,6.0,-1.5,10.5,High,IQR 1.5x
ADM-00052062,PAT-0006414,General Medicine,Dr. Mekhala Mangat,2026-09-25 23:49:49,14,False,False,True,3.0,6.0,-1.5,10.5,High,IQR 1.5x
ADM-00035778,PAT-0007255,Gynecology,Dr. Ijaya Zachariah,2024-07-28 11:34:26,14,False,False,True,3.0,6.0,-1.5,10.5,High,IQR 1.5x
ADM-00036389,PAT-0019023,Pediatrics,Dr. Damini Venkatesh,2025-06-02 12:13:43,14,False,True,True,3.0,6.0,-1.5,10.5,High,IQR 1.5x
ADM-00010718,PAT-0018691,Neurology,Dr. Gabriel Sachdev,2023-09-06 20:11:48,14,False,True,True,3.0,6.0,-1.5,10.5,High,IQR 1.5x
ADM-00010676,PAT-0006118,General Medicine,Dr. Nathaniel Shan,2026-05-14 02:37:55,14,True,True,True,3.0,6.0,-1.5,10.5,High,IQR 1.5x
ADM-00010634,PAT-0022513,Cardiology,Dr. Jasmit Krishnan,2024-12-19 11:27:17,14,True,False,True,3.0,6.0,-1.5,10.5,High,IQR 1.5x
ADM-00036334,PAT-0020299,General Medicine,Dr. Nathaniel Shan,2024-10-05 23:23:16,14,True,True,True,3.0,6.0,-1.5,10.5,High,IQR 1.5x
ADM-00010871,PAT-0018367,Orthopedics,Dr. Samarth Nayar,2026-06-28 12:52:34,14,True,False,True,3.0,6.0,-1.5,10.5,High,IQR 1.5x
ADM-00035941,PAT-0019082,Pediatrics,Dr. Janya Biswas,2025-10-21 16:47:39,14,True,True,True,3.0,6.0,-1.5,10.5,High,IQR 1.5x
ADM-00035835,PAT-0011782,Gynecology,Dr. Ijaya Zachariah,2025-08-15 19:28:08,14,False,True,True,3.0,6.0,-1.5,10.5,High,IQR 1.5x
ADM-00035821,PAT-0022755,Orthopedics,Dr. Amaira Seshadri,2025-06-19 07:03:08,14,True,True,True,3.0,6.0,-1.5,10.5,High,IQR 1.5x
ADM-00020496,PAT-0004019,Dermatology,Dr. Umang Basu,2025-05-28 21:05:35,14,False,True,True,3.0,6.0,-1.5,10.5,High,IQR 1.5x
ADM-00020317,PAT-0019705,Orthopedics,Dr. Warhi Raja,2024-10-07 20:13:20,14,True,True,True,3.0,6.0,-1.5,10.5,High,IQR 1.5x
ADM-00020301,PAT-0005086,Cardiology,Dr. Viraj Subramanian,2026-07-14 09:11:01,14,False,False,True,3.0,6.0,-1.5,10.5,High,IQR 1.5x
ADM-00020266,PAT-0023153,Emergency,Dr. Fariq Sangha,2026-01-21 12:51:51,14,False,True,True,3.0,6.0,-1.5,10.5,High,IQR 1.5x
ADM-00020218,PAT-0015645,Oncology,Dr. Chaitanya Banerjee,2023-07-15 23:39:25,14,False,True,True,3.0,6.0,-1.5,10.5,High,IQR 1.5x
ADM-00021895,PAT-0010164,Neurology,Dr. Raghav Sampath,2024-12-09 14:51:04,14,True,True,True,3.0,6.0,-1.5,10.5,High,IQR 1.5x
ADM-00021878,PAT-0017750,Oncology,Dr. Charles Bajaj,2023-09-07 16:11:29,14,True,False,True,3.0,6.0,-1.5,10.5,High,IQR 1.5x
ADM-00021776,PAT-0010233,Cardiology,Dr. Ayushman Roy,2024-01-05 14:42:15,14,False,False,True,3.0,6.0,-1.5,10.5,High,IQR 1.5x
ADM-00021732,PAT-0004977,Cardiology,Dr. Umang Konda,2024-04-04 10:49:15,14,False,False,True,3.0,6.0,-1.5,10.5,High,IQR 1.5x
ADM-00021624,PAT-0008068,Orthopedics,Dr. Amaira Seshadri,2025-02-11 09:44:22,14,False,False,True,3.0,6.0,-1.5,10.5,High,IQR 1.5x
ADM-00052338,PAT-0006414,General Medicine,Dr. Mekhala Mangat,2026-09-25 23:49:49,14,False,False,True,3.0,6.0,-1.5,10.5,High,IQR 1.5x
ADM-00052357,PAT-0000727,Dermatology,Dr. Anya Bassi,2026-09-25 08:56:26,14,False,True,True,3.0,6.0,-1.5,10.5,High,IQR 1.5x
ADM-00052633,PAT-0000727,Dermatology,Dr. Anya Bassi,2026-09-25 08:56:26,14,False,True,True,3.0,6.0,-1.5,10.5,High,IQR 1.5x
ADM-00000044,PAT-0017907,Gynecology,Dr. Sneha Mahal,2026-06-14 23:31:07,13,True,True,True,3.0,6.0,-1.5,10.5,High,IQR 1.5x
ADM-00051350,PAT-0024738,Dermatology,Dr. Umang Basu,2026-09-25 20:15:55,13,False,False,True,3.0,6.0,-1.5,10.5,High,IQR 1.5x
ADM-00051553,PAT-0021062,ENT,Dr. Dayamai Nazareth,2026-09-25 03:05:31,13,False,True,True,3.0,6.0,-1.5,10.5,High,IQR 1.5x
ADM-00051626,PAT-0024738,Dermatology,Dr. Umang Basu,2026-09-25 20:15:55,13,False,False,True,3.0,6.0,-1.5,10.5,High,IQR 1.5x
ADM-00001370,PAT-0014620,Dermatology,Dr. Robert Murthy,2024-04-26 15:01:27,13,False,True,True,3.0,6.0,-1.5,10.5,High,IQR 1.5x
ADM-00001438,PAT-0001767,Emergency,Dr. Kavya Chaudhry,2025-09-20 16:25:45,13,False,False,True,3.0,6.0,-1.5,10.5,High,IQR 1.5x
ADM-00051176,PAT-0008766,Oncology,Dr. Om Bajaj,2026-09-26 17:23:25,13,True,True,True,3.0,6.0,-1.5,10.5,High,IQR 1.5x
ADM-00051197,PAT-0010928,Oncology,Dr. Krishna Modi,2026-09-26 04:48:09,13,False,True,True,3.0,6.0,-1.5,10.5,High,IQR 1.5x
ADM-00051219,PAT-0021145,Cardiology,Dr. Jackson Jhaveri,2026-09-26 06:09:33,13,False,False,True,3.0,6.0,-1.5,10.5,High,IQR 1.5x
ADM-00001509,PAT-0013508,Cardiology,Dr. Balvan Bala,2026-06-07 14:59:43,13,True,False,True,3.0,6.0,-1.5,10.5,High,IQR 1.5x
ADM-00001686,PAT-0010728,ENT,Dr. David Tak,2026-04-27 20:32:45,13,True,True,True,3.0,6.0,-1.5,10.5,High,IQR 1.5x
ADM-00001811,PAT-0014562,Gynecology,Dr. Ijaya Zachariah,2023-09-09 05:51:55,13,True,False,True,3.0,6.0,-1.5,10.5,High,IQR 1.5x
ADM-00021902,PAT-0013231,Pediatrics,Dr. Indrajit Cheema,2024-03-28 17:54:54,13,False,True,True,3.0,6.0,-1.5,10.5,High,IQR 1.5x
ADM-00022123,PAT-0012355,ENT,Dr. Yachana Vyas,2025-03-02 06:30:07,13,False,True,True,3.0,6.0,-1.5,10.5,High,IQR 1.5x
ADM-00022179,PAT-0014222,General Medicine,Dr. Veer Merchant,2025-11-15 16:43:33,13,True,False,True,3.0,6.0,-1.5,10.5,High,IQR 1.5x
ADM-00022213,PAT-0012816,Orthopedics,Dr. Fitan Ratti,2026-02-12 10:27:06,13,False,True,True,3.0,6.0,-1.5,10.5,High,IQR 1.5x
ADM-00022536,PAT-0021688,Neurology,Dr. Ekantika Virk,2026-01-13 16:47:24,13,True,False,True,3.0,6.0,-1.5,10.5,High,IQR 1.5x
ADM-00011191,PAT-0020278,Neurology,Dr. Ranbir Sarma,2025-03-22 05:54:49,13,False,True,True,3.0,6.0,-1.5,10.5,High,IQR 1.5x
ADM-00011215,PAT-0015756,Gynecology,Dr. Nisha Dhillon,2023-04-27 23:09:21,13,True,True,True,3.0,6.0,-1.5,10.5,High,IQR 1.5x
ADM-00011260,PAT-0023557,Dermatology,Dr. Manan Saran,2023-08-05 11:18:58,13,False,True,True,3.0,6.0,-1.5,10.5,High,IQR 1.5x
ADM-00036104,PAT-0002537,Orthopedics,Dr. Nathan Iyengar,2023-09-11 09:58:10,13,False,True,True,3.0,6.0,-1.5,10.5,High,IQR 1.5x
ADM-00036146,PAT-0015023,Neurology,Dr. Charan Murty,2025-05-04 12:36:38,13,False,True,True,3.0,6.0,-1.5,10.5,High,IQR 1.5x
ADM-00036222,PAT-0019618,ENT,Dr. Triya Sem,2026-05-15 10:52:35,13,True,False,True,3.0,6.0,-1.5,10.5,High,IQR 1.5x
ADM-00036283,PAT-0024637,ENT,Dr. Kritika Khurana,2023-08-07 12:26:58,13,True,False,True,3.0,6.0,-1.5,10.5,High,IQR 1.5x
ADM-00036307,PAT-0023240,Emergency,Dr. Kabir Wadhwa,2023-11-24 05:41:03,13,False,False,True,3.0,6.0,-1.5,10.5,High,IQR 1.5x
ADM-00010404,PAT-0013242,ENT,Dr. Sanya Arya,2026-05-09 20:39:06,13,False,True,True,3.0,6.0,-1.5,10.5,High,IQR 1.5x
ADM-00010441,PAT-0006752,Cardiology,Dr. Faras Gade,2026-01-24 08:11:21,13,False,False,True,3.0,6.0,-1.5,10.5,High,IQR 1.5x
ADM-00010485,PAT-0016888,Gynecology,Dr. Nisha Dhillon,2023-08-08 11:01:49,13,False,True,True,3.0,6.0,-1.5,10.5,High,IQR 1.5x
ADM-00035781,PAT-0018959,Emergency,Dr. Krishna Palla,2026-06-24 15:51:26,13,False,True,True,3.0,6.0,-1.5,10.5,High,IQR 1.5x
ADM-00035794,PAT-0013059,General Medicine,Dr. Vrinda Kale,2024-11-28 15:14:07,13,False,False,True,3.0,6.0,-1.5,10.5,High,IQR 1.5x
ADM-00035910,PAT-0010588,Gynecology,Dr. Ekta Pai,2025-06-24 00:52:06,13,False,False,True,3.0,6.0,-1.5,10.5,High,IQR 1.5x
ADM-00035945,PAT-0023773,Neurology,Dr. Nandini Anand,2024-01-14 22:32:16,13,True,True,True,3.0,6.0,-1.5,10.5,High,IQR 1.5x
ADM-00036025,PAT-0021838,Cardiology,Dr. Faras Gade,2023-06-24 11:08:46,13,False,False,True,3.0,6.0,-1.5,10.5,High,IQR 1.5x
ADM-00011376,PAT-0012736,General Medicine,Dr. Chatresh Batta,2024-02-27 23:40:18,13,False,True,True,3.0,6.0,-1.5,10.5,High,IQR 1.5x
ADM-00011420,PAT-0006502,Cardiology,Dr. Kamala Bhargava,2024-11-01 14:31:27,13,True,False,True,3.0,6.0,-1.5,10.5,High,IQR 1.5x
ADM-00011463,PAT-0016577,ENT,Dr. Hema Rana,2023-08-10 10:30:26,13,False,True,True,3.0,6.0,-1.5,10.5,High,IQR 1.5x
ADM-00036516,PAT-0000216,Oncology,Dr. Lohit Upadhyay,2024-05-30 14:55:58,13,False,False,True,3.0,6.0,-1.5,10.5,High,IQR 1.5x
ADM-00036796,PAT-0024324,Orthopedics,Dr. Anjali Patla,2026-08-09 00:19:16,13,False,True,True,3.0,6.0,-1.5,10.5,High,IQR 1.5x
ADM-00036798,PAT-0009423,ENT,Dr. Alexander Mitter,2026-06-21 04:39:04,13,False,True,True,3.0,6.0,-1.5,10.5,High,IQR 1.5x
ADM-00010177,PAT-0010548,Emergency,Dr. Yahvi Jain,2025-09-14 12:13:26,13,True,False,True,3.0,6.0,-1.5,10.5,High,IQR 1.5x
ADM-00010208,PAT-0005711,Oncology,Dr. David Deshmukh,2023-05-27 16:28:25,13,False,True,True,3.0,6.0,-1.5,10.5,High,IQR 1.5x
ADM-00010221,PAT-0013761,Pediatrics,Dr. Devansh Devan,2023-05-31 01:37:13,13,False,True,True,3.0,6.0,-1.5,10.5,High,IQR 1.5x
ADM-00010253,PAT-0016202,ENT,Dr. Sanya Arya,2023-02-23 15:47:37,13,True,True,True,3.0,6.0,-1.5,10.5,High,IQR 1.5x
ADM-00011568,PAT-0013916,Pediatrics,Dr. Indrajit Cheema,2025-02-22 07:09:34,13,True,False,True,3.0,6.0,-1.5,10.5,High,IQR 1.5x
ADM-00035254,PAT-0016498,Cardiology,Dr. Nachiket Pandit,2023-07-04 06:35:55,13,False,False,True,3.0,6.0,-1.5,10.5,High,IQR 1.5x
ADM-00035437,PAT-0011214,Dermatology,Dr. Alexander Gulati,2025-01-10 02:17:11,13,False,False,True,3.0,6.0,-1.5,10.5,High,IQR 1.5x
ADM-00011059,PAT-0011261,Orthopedics,Dr. Nitara Choudhury,2024-12-12 18:59:40,13,False,False,True,3.0,6.0,-1.5,10.5,High,IQR 1.5x
ADM-00011104,PAT-0017619,Emergency,Dr. Krishna Palla,2023-03-21 23:52:47,13,True,False,True,3.0,6.0,-1.5,10.5,High,IQR 1.5x
ADM-00011167,PAT-0002495,Neurology,Dr. Bahadurjit Bose,2025-11-06 10:53:40,13,False,True,True,3.0,6.0,-1.5,10.5,High,IQR 1.5x
ADM-00011642,PAT-0024904,Cardiology,Dr. Jalsa Choudhry,2023-11-18 04:47:20,13,False,False,True,3.0,6.0,-1.5,10.5,High,IQR 1.5x
ADM-00037725,PAT-0008562,Cardiology,Dr. Balvan Bala,2025-06-04 19:09:29,13,False,False,True,3.0,6.0,-1.5,10.5,High,IQR 1.5x
ADM-00009577,PAT-0018705,Pediatrics,Dr. Yauvani Devan,2024-08-25 23:08:35,13,True,False,True,3.0,6.0,-1.5,10.5,High,IQR 1.5x
ADM-00009600,PAT-0006465,Dermatology,Dr. Umang Basu,2025-04-13 20:16:17,13,False,False,True,3.0,6.0,-1.5,10.5,High,IQR 1.5x
ADM-00009635,PAT-0005181,Pediatrics,Dr. Rajata Arora,2023-10-15 02:10:02,13,False,True,True,3.0,6.0,-1.5,10.5,High,IQR 1.5x
ADM-00037045,PAT-0013461,Cardiology,Dr. Qadim Suresh,2025-07-29 02:13:28,13,False,False,True,3.0,6.0,-1.5,10.5,High,IQR 1.5x
ADM-00037143,PAT-0024723,ENT,Dr. Alexander Mitter,2023-09-29 09:49:50,13,False,False,True,3.0,6.0,-1.5,10.5,High,IQR 1.5x
ADM-00037247,PAT-0005666,Dermatology,Dr. David Narula,2025-12-13 03:45:57,13,False,True,True,3.0,6.0,-1.5,10.5,High,IQR 1.5x
ADM-00037464,PAT-0018321,Emergency,Dr. Krishna Palla,2025-08-27 19:42:53,13,False,True,True,3.0,6.0,-1.5,10.5,High,IQR 1.5x
ADM-00009722,PAT-0007568,Neurology,Dr. Urishilla Panchal,2024-02-12 07:49:44,13,False,True,True,3.0,6.0,-1.5,10.5,High,IQR 1.5x
ADM-00009723,PAT-0010223,Oncology,Dr. Om Mangat,2023-05-01 04:53:18,13,False,True,True,3.0,6.0,-1.5,10.5,High,IQR 1.5x
ADM-00034983,PAT-0000207,Oncology,Dr. David Deshmukh,2024-10-01 18:15:29,13,False,False,True,3.0,6.0,-1.5,10.5,High,IQR 1.5x
ADM-00035056,PAT-0018544,Pediatrics,Dr. Damini Venkatesh,2026-09-01 10:02:28,13,False,False,True,3.0,6.0,-1.5,10.5,High,IQR 1.5x
ADM-00035119,PAT-0013197,ENT,Dr. David Tak,2024-09-08 06:01:58,13,False,True,True,3.0,6.0,-1.5,10.5,High,IQR 1.5x
ADM-00035167,PAT-0023575,Oncology,Dr. Om Bajaj,2024-12-27 23:21:23,13,False,False,True,3.0,6.0,-1.5,10.5,High,IQR 1.5x
ADM-00011275,PAT-0019111,Pediatrics,Dr. Chatura Dey,2026-07-03 00:35:04,13,False,False,True,3.0,6.0,-1.5,10.5,High,IQR 1.5x
ADM-00039299,PAT-0008603,Dermatology,Dr. Elijah Rege,2023-04-20 11:30:06,13,False,True,True,3.0,6.0,-1.5,10.5,High,IQR 1.5x
ADM-00008876,PAT-0006017,Emergency,Dr. Rehaan Lanka,2023-04-29 21:04:58,13,False,False,True,3.0,6.0,-1.5,10.5,High,IQR 1.5x
ADM-00008973,PAT-0001690,Oncology,Dr. Zilmil Aggarwal,2023-12-23 13:29:59,13,False,False,True,3.0,6.0,-1.5,10.5,High,IQR 1.5x
ADM-00008996,PAT-0002436,Emergency,Dr. Chaitaly Reddy,2024-06-15 12:12:58,13,True,False,True,3.0,6.0,-1.5,10.5,High,IQR 1.5x
ADM-00009005,PAT-0002902,Oncology,Dr. Yahvi Raja,2025-06-24 22:05:54,13,False,False,True,3.0,6.0,-1.5,10.5,High,IQR 1.5x
ADM-00009639,PAT-0001434,ENT,Dr. Dayamai Nazareth,2023-10-03 18:34:53,13,True,True,True,3.0,6.0,-1.5,10.5,High,IQR 1.5x
ADM-00038341,PAT-0022125,ENT,Dr. Tanveer Pant,2024-07-23 02:31:19,13,False,True,True,3.0,6.0,-1.5,10.5,High,IQR 1.5x
ADM-00038355,PAT-0004232,Orthopedics,Dr. Samarth Nayar,2024-11-26 16:51:27,13,True,True,True,3.0,6.0,-1.5,10.5,High,IQR 1.5x
ADM-00038440,PAT-0012844,Orthopedics,Dr. Anjali Patla,2023-06-09 01:56:20,13,True,True,True,3.0,6.0,-1.5,10.5,High,IQR 1.5x
ADM-00038855,PAT-0010802,Dermatology,Dr. Michael Rastogi,2023-02-28 21:00:35,13,False,False,True,3.0,6.0,-1.5,10.5,High,IQR 1.5x
ADM-00009209,PAT-0012828,ENT,Dr. Yachana Vyas,2023-07-09 23:08:36,13,False,True,True,3.0,6.0,-1.5,10.5,High,IQR 1.5x
ADM-00009349,PAT-0014658,Oncology,Dr. Om Bajaj,2024-03-04 19:18:45,13,False,False,True,3.0,6.0,-1.5,10.5,High,IQR 1.5x
ADM-00009491,PAT-0003347,ENT,Dr. Girindra Varty,2024-03-11 06:22:29,13,False,False,True,3.0,6.0,-1.5,10.5,High,IQR 1.5x
ADM-00034514,PAT-0017077,Cardiology,Dr. Jalsa Choudhry,2024-09-01 05:27:41,13,False,False,True,3.0,6.0,-1.5,10.5,High,IQR 1.5x
ADM-00034573,PAT-0024690,General Medicine,Dr. Dev Sangha,2023-01-17 23:38:25,13,False,False,True,3.0,6.0,-1.5,10.5,High,IQR 1.5x
ADM-00034753,PAT-0021573,Cardiology,Dr. Jalsa Choudhry,2026-07-21 00:41:56,13,False,False,True,3.0,6.0,-1.5,10.5,High,IQR 1.5x
ADM-00039892,PAT-0003753,Dermatology,Dr. Robert Murthy,2025-10-05 15:44:55,13,True,False,True,3.0,6.0,-1.5,10.5,High,IQR 1.5x
ADM-00039898,PAT-0024143,Dermatology,Dr. Michael Rastogi,2024-02-18 04:33:19,13,True,False,True,3.0,6.0,-1.5,10.5,High,IQR 1.5x
ADM-00039910,PAT-0024158,Neurology,Dr. Inaya Raman,2024-08-07 18:31:54,13,False,True,True,3.0,6.0,-1.5,10.5,High,IQR 1.5x
ADM-00039975,PAT-0005088,Oncology,Dr. Krishna Modi,2025-01-23 02:26:17,13,False,True,True,3.0,6.0,-1.5,10.5,High,IQR 1.5x
ADM-00040098,PAT-0002265,General Medicine,Dr. Veer Merchant,2026-03-11 13:11:50,13,False,False,True,3.0,6.0,-1.5,10.5,High,IQR 1.5x
ADM-00008658,PAT-0014607,Orthopedics,Dr. Amaira Seshadri,2023-12-25 09:04:09,13,False,False,True,3.0,6.0,-1.5,10.5,High,IQR 1.5x
ADM-00033916,PAT-0001484,Orthopedics,Dr. Nathan Iyengar,2026-01-16 12:13:18,13,False,False,True,3.0,6.0,-1.5,10.5,High,IQR 1.5x
ADM-00034033,PAT-0021616,Orthopedics,Dr. Nitara Choudhury,2026-05-19 03:24:03,13,False,False,True,3.0,6.0,-1.5,10.5,High,IQR 1.5x
ADM-00034040,PAT-0023363,Neurology,Dr. Ekantika Virk,2023-12-10 03:44:39,13,False,True,True,3.0,6.0,-1.5,10.5,High,IQR 1.5x
ADM-00034077,PAT-0022335,Pediatrics,Dr. Yug Bali,2023-09-26 22:22:53,13,False,False,True,3.0,6.0,-1.5,10.5,High,IQR 1.5x
ADM-00034104,PAT-0020057,Gynecology,Dr. Zaitra Mahajan,2024-01-21 16:30:31,13,True,False,True,3.0,6.0,-1.5,10.5,High,IQR 1.5x
ADM-00011852,PAT-0018844,Emergency,Dr. Kabir Wadhwa,2025-11-22 13:49:11,13,False,True,True,3.0,6.0,-1.5,10.5,High,IQR 1.5x
ADM-00011885,PAT-0024995,Oncology,Dr. Zilmil Gade,2024-04-11 10:20:01,13,False,False,True,3.0,6.0,-1.5,10.5,High,IQR 1.5x
ADM-00011918,PAT-0014639,Emergency,Dr. Arin Tailor,2025-11-08 14:50:35,13,False,True,True,3.0,6.0,-1.5,10.5,High,IQR 1.5x
ADM-00039162,PAT-0024470,Emergency,Dr. Krishna Palla,2025-10-16 02:25:43,13,False,True,True,3.0,6.0,-1.5,10.5,High,IQR 1.5x
ADM-00039196,PAT-0019143,Pediatrics,Dr. Janya Biswas,2026-04-21 22:42:24,13,False,True,True,3.0,6.0,-1.5,10.5,High,IQR 1.5x
ADM-00032965,PAT-0003251,Emergency,Dr. Arin Tailor,2024-04-27 11:34:21,13,True,False,True,3.0,6.0,-1.5,10.5,High,IQR 1.5x
ADM-00012559,PAT-0013006,Pediatrics,Dr. Jason Mukherjee,2023-06-23 20:21:10,13,False,False,True,3.0,6.0,-1.5,10.5,High,IQR 1.5x
ADM-00012677,PAT-0022391,Pediatrics,Dr. Chatura Dey,2023-10-16 16:38:25,13,False,True,True,3.0,6.0,-1.5,10.5,High,IQR 1.5x
ADM-00012758,PAT-0016171,ENT,Dr. David Tak,2023-01-26 04:18:28,13,False,True,True,3.0,6.0,-1.5,10.5,High,IQR 1.5x
ADM-00012771,PAT-0009879,General Medicine,Dr. Chatresh Batta,2024-10-23 19:25:03,13,False,False,True,3.0,6.0,-1.5,10.5,High,IQR 1.5x
ADM-00033027,PAT-0004978,Oncology,Dr. Janya Chawla,2026-03-25 16:24:09,13,True,False,True,3.0,6.0,-1.5,10.5,High,IQR 1.5x
ADM-00033069,PAT-0013671,Cardiology,Dr. Ekapad Pal,2023-12-19 14:21:27,13,False,False,True,3.0,6.0,-1.5,10.5,High,IQR 1.5x
ADM-00033304,PAT-0018960,Gynecology,Dr. Amol Gera,2025-04-13 06:22:42,13,True,False,True,3.0,6.0,-1.5,10.5,High,IQR 1.5x
ADM-00033773,PAT-0011079,Dermatology,Dr. Robert Murthy,2026-07-13 12:54:37,13,False,False,True,3.0,6.0,-1.5,10.5,High,IQR 1.5x
ADM-00012156,PAT-0010499,Pediatrics,Dr. Chatura Dey,2023-05-16 19:24:54,13,False,True,True,3.0,6.0,-1.5,10.5,High,IQR 1.5x
ADM-00012192,PAT-0016254,Cardiology,Dr. Ekapad Pal,2023-10-17 04:05:26,13,True,False,True,3.0,6.0,-1.5,10.5,High,IQR 1.5x
ADM-00012218,PAT-0013273,Gynecology,Dr. Sneha Mahal,2024-04-06 03:01:20,13,False,True,True,3.0,6.0,-1.5,10.5,High,IQR 1.5x
ADM-00012225,PAT-0000965,Oncology,Dr. Zilmil Gade,2026-03-16 12:53:03,13,False,False,True,3.0,6.0,-1.5,10.5,High,IQR 1.5x
ADM-00012467,PAT-0002927,Oncology,Dr. Inaya Warrior,2024-08-08 10:00:13,13,True,True,True,3.0,6.0,-1.5,10.5,High,IQR 1.5x
ADM-00033858,PAT-0013922,Cardiology,Dr. Gauri Rajan,2025-07-22 11:58:13,13,True,False,True,3.0,6.0,-1.5,10.5,High,IQR 1.5x
ADM-00039865,PAT-0003287,Dermatology,Dr. Robert Murthy,2024-05-22 05:54:54,13,False,True,True,3.0,6.0,-1.5,10.5,High,IQR 1.5x
ADM-00032649,PAT-0004938,Oncology,Dr. Inaya Warrior,2026-07-15 16:26:54,13,False,True,True,3.0,6.0,-1.5,10.5,High,IQR 1.5x
ADM-00012856,PAT-0016264,Neurology,Dr. Nandini Anand,2025-10-20 01:14:41,13,False,True,True,3.0,6.0,-1.5,10.5,High,IQR 1.5x
ADM-00012864,PAT-0024757,Gynecology,Dr. Shravya Ramanathan,2024-10-18 06:38:31,13,True,True,True,3.0,6.0,-1.5,10.5,High,IQR 1.5x
ADM-00012891,PAT-0016284,Gynecology,Dr. Zaitra Mahajan,2026-01-18 00:54:08,13,False,True,True,3.0,6.0,-1.5,10.5,High,IQR 1.5x
ADM-00012924,PAT-0017990,Pediatrics,Dr. Devansh Devan,2023-01-28 08:18:29,13,False,True,True,3.0,6.0,-1.5,10.5,High,IQR 1.5x
ADM-00008663,PAT-0012762,Neurology,Dr. Bishakha Patel,2024-02-02 10:31:34,13,True,True,True,3.0,6.0,-1.5,10.5,High,IQR 1.5x
ADM-00040485,PAT-0003538,Neurology,Dr. Urishilla Panchal,2026-07-29 02:13:55,13,False,True,True,3.0,6.0,-1.5,10.5,High,IQR 1.5x
ADM-00040529,PAT-0019126,Pediatrics,Dr. Damini Venkatesh,2023-03-30 07:38:00,13,False,False,True,3.0,6.0,-1.5,10.5,High,IQR 1.5x
ADM-00040552,PAT-0021753,Neurology,Dr. Aashi Sangha,2025-10-14 18:19:24,13,False,False,True,3.0,6.0,-1.5,10.5,High,IQR 1.5x
ADM-00008070,PAT-0019456,Emergency,Dr. Daksh Madan,2025-10-10 21:17:29,13,True,False,True,3.0,6.0,-1.5,10.5,High,IQR 1.5x
ADM-00008179,PAT-0003276,General Medicine,Dr. Chatresh Viswanathan,2025-03-19 01:37:24,13,False,True,True,3.0,6.0,-1.5,10.5,High,IQR 1.5x
ADM-00008182,PAT-0002511,ENT,Dr. Aadhya Prashad,2024-08-17 18:41:10,13,False,True,True,3.0,6.0,-1.5,10.5,High,IQR 1.5x
ADM-00008206,PAT-0003611,Neurology,Dr. Reva Sidhu,2026-03-15 13:37:25,13,False,True,True,3.0,6.0,-1.5,10.5,High,IQR 1.5x
ADM-00032744,PAT-0019701,Dermatology,Dr. Priya Malhotra,2025-06-12 07:43:39,13,True,True,True,3.0,6.0,-1.5,10.5,High,IQR 1.5x
ADM-00032783,PAT-0021309,Dermatology,Dr. Lajita Bora,2024-01-27 23:55:23,13,True,False,True,3.0,6.0,-1.5,10.5,High,IQR 1.5x
ADM-00032874,PAT-0008407,Neurology,Dr. Aashi Sangha,2024-01-27 07:38:09,13,False,True,True,3.0,6.0,-1.5,10.5,High,IQR 1.5x
ADM-00013293,PAT-0013543,Oncology,Dr. Chaitanya Singh,2023-10-07 19:21:38,13,False,True,True,3.0,6.0,-1.5,10.5,High,IQR 1.5x
ADM-00013447,PAT-0000129,Orthopedics,Dr. Samarth Nayar,2025-08-09 13:49:02,13,False,False,True,3.0,6.0,-1.5,10.5,High,IQR 1.5x
ADM-00008247,PAT-0021839,Oncology,Dr. Michael Pandya,2026-03-07 09:48:15,13,False,False,True,3.0,6.0,-1.5,10.5,High,IQR 1.5x
ADM-00008310,PAT-0001305,Dermatology,Dr. Manan Saran,2025-11-08 06:34:22,13,False,False,True,3.0,6.0,-1.5,10.5,High,IQR 1.5x
ADM-00008312,PAT-0005448,Orthopedics,Dr. Nitara Choudhury,2023-02-23 15:06:41,13,False,False,True,3.0,6.0,-1.5,10.5,High,IQR 1.5x
ADM-00040690,PAT-0016899,General Medicine,Dr. Chatresh Viswanathan,2024-05-10 23:31:06,13,False,False,True,3.0,6.0,-1.5,10.5,High,IQR 1.5x
ADM-00040691,PAT-0006811,Emergency,Dr. Warjas Singhal,2026-01-04 21:53:40,13,False,False,True,3.0,6.0,-1.5,10.5,High,IQR 1.5x
ADM-00040734,PAT-0023910,Pediatrics,Dr. Unnati Mall,2024-02-14 17:29:41,13,False,True,True,3.0,6.0,-1.5,10.5,High,IQR 1.5x
ADM-00040917,PAT-0015631,Neurology,Dr. Jagrati Borde,2023-04-18 05:19:09,13,False,False,True,3.0,6.0,-1.5,10.5,High,IQR 1.5x
ADM-00007745,PAT-0019647,Gynecology,Dr. Ijaya Zachariah,2024-08-07 17:51:40,13,False,False,True,3.0,6.0,-1.5,10.5,High,IQR 1.5x
ADM-00007914,PAT-0024870,ENT,Dr. Girindra Varty,2023-07-29 17:56:24,13,False,True,True,3.0,6.0,-1.5,10.5,High,IQR 1.5x
ADM-00008015,PAT-0024065,Pediatrics,Dr. Zehaan Guha,2025-09-06 21:52:20,13,False,False,True,3.0,6.0,-1.5,10.5,High,IQR 1.5x
ADM-00040928,PAT-0012163,Orthopedics,Dr. Falguni Kumar,2025-09-12 22:22:25,13,False,False,True,3.0,6.0,-1.5,10.5,High,IQR 1.5x
ADM-00031800,PAT-0020186,General Medicine,Dr. Veer Merchant,2023-08-27 21:34:03,13,False,True,True,3.0,6.0,-1.5,10.5,High,IQR 1.5x
ADM-00031934,PAT-0004506,General Medicine,Dr. Charan Golla,2023-03-22 06:43:09,13,False,True,True,3.0,6.0,-1.5,10.5,High,IQR 1.5x
ADM-00031995,PAT-0022394,Cardiology,Dr. Harrison Dora,2023-10-31 20:02:56,13,False,True,True,3.0,6.0,-1.5,10.5,High,IQR 1.5x
ADM-00013617,PAT-0009109,Dermatology,Dr. Anya Bassi,2026-02-06 12:25:34,13,True,False,True,3.0,6.0,-1.5,10.5,High,IQR 1.5x
ADM-00013620,PAT-0011787,Gynecology,Dr. Ekta Pai,2026-02-23 21:23:52,13,False,True,True,3.0,6.0,-1.5,10.5,High,IQR 1.5x
ADM-00013660,PAT-0006408,Neurology,Dr. Anirudh Chaudhuri,2023-06-23 21:23:15,13,False,True,True,3.0,6.0,-1.5,10.5,High,IQR 1.5x
ADM-00041106,PAT-0003184,Dermatology,Dr. Alexander Gulati,2024-01-19 10:07:08,13,False,False,True,3.0,6.0,-1.5,10.5,High,IQR 1.5x
ADM-00041160,PAT-0000335,Cardiology,Dr. Balvan Bala,2023-10-31 05:54:26,13,True,False,True,3.0,6.0,-1.5,10.5,High,IQR 1.5x
ADM-00041236,PAT-0001085,Orthopedics,Dr. Nathan Iyengar,2023-07-07 14:49:28,13,False,True,True,3.0,6.0,-1.5,10.5,High,IQR 1.5x
ADM-00041311,PAT-0024193,Neurology,Dr. Bhavini Maharaj,2025-10-01 09:59:52,13,False,True,True,3.0,6.0,-1.5,10.5,High,IQR 1.5x
ADM-00041347,PAT-0001197,Pediatrics,Dr. Rajata Arora,2024-11-06 01:51:26,13,False,True,True,3.0,6.0,-1.5,10.5,High,IQR 1.5x
ADM-00041379,PAT-0013772,Dermatology,Dr. Anya Bassi,2026-06-29 15:30:40,13,True,False,True,3.0,6.0,-1.5,10.5,High,IQR 1.5x
ADM-00041535,PAT-0017371,Neurology,Dr. Bhavini Maharaj,2023-06-11 11:34:09,13,False,False,True,3.0,6.0,-1.5,10.5,High,IQR 1.5x
ADM-00041690,PAT-0004126,Emergency,Dr. Abhimanyu Buch,2023-02-17 04:01:50,13,True,True,True,3.0,6.0,-1.5,10.5,High,IQR 1.5x
ADM-00007379,PAT-0002972,Pediatrics,Dr. Yauvani Devan,2024-04-18 18:24:17,13,False,True,True,3.0,6.0,-1.5,10.5,High,IQR 1.5x
ADM-00031398,PAT-0021106,Oncology,Dr. Charles Bajaj,2023-04-29 22:27:51,13,True,False,True,3.0,6.0,-1.5,10.5,High,IQR 1.5x
ADM-00031632,PAT-0009793,Oncology,Dr. David Deshmukh,2025-02-22 05:44:49,13,False,True,True,3.0,6.0,-1.5,10.5,High,IQR 1.5x
ADM-00013128,PAT-0010055,Dermatology,Dr. David Narula,2025-09-25 06:00:31,13,True,False,True,3.0,6.0,-1.5,10.5,High,IQR 1.5x
ADM-00013274,PAT-0009513,Dermatology,Dr. Manan Saran,2023-12-21 05:51:41,13,True,True,True,3.0,6.0,-1.5,10.5,High,IQR 1.5x
ADM-00013796,PAT-0005438,ENT,Dr. Dalaja Pant,2023-07-13 17:19:56,13,False,True,True,3.0,6.0,-1.5,10.5,High,IQR 1.5x
ADM-00007592,PAT-0008842,Gynecology,Dr. Sneha Mahal,2023-06-08 08:00:09,13,False,False,True,3.0,6.0,-1.5,10.5,High,IQR 1.5x
ADM-00041802,PAT-0003938,General Medicine,Dr. Charan Golla,2024-03-31 08:26:26,13,False,True,True,3.0,6.0,-1.5,10.5,High,IQR 1.5x
ADM-00041853,PAT-0016971,Neurology,Dr. Ranbir Sarma,2026-06-07 20:54:31,13,False,True,True,3.0,6.0,-1.5,10.5,High,IQR 1.5x
ADM-00042068,PAT-0014004,Emergency,Dr. Abhimanyu Buch,2024-02-14 19:42:11,13,True,False,True,3.0,6.0,-1.5,10.5,High,IQR 1.5x
ADM-00042092,PAT-0012867,Dermatology,Dr. Lajita Bora,2026-02-24 09:53:58,13,False,True,True,3.0,6.0,-1.5,10.5,High,IQR 1.5x
ADM-00007094,PAT-0021252,General Medicine,Dr. Chatresh Batta,2023-06-28 00:36:40,13,True,False,True,3.0,6.0,-1.5,10.5,High,IQR 1.5x
ADM-00007112,PAT-0021077,Cardiology,Dr. Ayushman Roy,2023-09-05 09:35:37,13,False,False,True,3.0,6.0,-1.5,10.5,High,IQR 1.5x
ADM-00007156,PAT-0022302,Oncology,Dr. Vrishti Bedi,2025-06-04 11:49:14,13,False,True,True,3.0,6.0,-1.5,10.5,High,IQR 1.5x
ADM-00007199,PAT-0000725,Pediatrics,Dr. Indrajit Cheema,2024-11-24 13:49:54,13,False,True,True,3.0,6.0,-1.5,10.5,High,IQR 1.5x
ADM-00007257,PAT-0004036,Orthopedics,Dr. Baghyawati Shroff,2025-07-25 22:59:14,13,False,False,True,3.0,6.0,-1.5,10.5,High,IQR 1.5x
ADM-00013884,PAT-0010921,Neurology,Dr. Ekantika Virk,2023-06-27 23:38:00,13,True,True,True,3.0,6.0,-1.5,10.5,High,IQR 1.5x
ADM-00031009,PAT-0018460,Emergency,Dr. Kavya Chaudhry,2023-09-12 23:08:02,13,False,True,True,3.0,6.0,-1.5,10.5,High,IQR 1.5x
ADM-00031086,PAT-0005408,Gynecology,Dr. Ijaya Zachariah,2023-05-17 23:07:37,13,False,False,True,3.0,6.0,-1.5,10.5,High,IQR 1.5x
ADM-00031297,PAT-0018079,Dermatology,Dr. David Narula,2025-08-28 02:43:07,13,True,False,True,3.0,6.0,-1.5,10.5,High,IQR 1.5x
ADM-00013579,PAT-0014005,Gynecology,Dr. Bhanumati Minhas,2024-04-30 17:29:42,13,True,True,True,3.0,6.0,-1.5,10.5,High,IQR 1.5x
ADM-00013992,PAT-0024067,General Medicine,Dr. Charan Golla,2026-02-11 20:58:24,13,True,False,True,3.0,6.0,-1.5,10.5,High,IQR 1.5x
ADM-00014218,PAT-0005358,General Medicine,Dr. Chatresh Batta,2026-01-21 20:09:59,13,True,True,True,3.0,6.0,-1.5,10.5,High,IQR 1.5x
ADM-00042151,PAT-0002128,Emergency,Dr. Eiravati Goda,2023-05-23 22:24:27,13,False,False,True,3.0,6.0,-1.5,10.5,High,IQR 1.5x
ADM-00042209,PAT-0011605,Gynecology,Dr. Shravya Ramanathan,2025-10-13 10:41:40,13,False,True,True,3.0,6.0,-1.5,10.5,High,IQR 1.5x
ADM-00042357,PAT-0006080,Orthopedics,Dr. Amaira Seshadri,2025-11-21 00:20:48,13,False,False,True,3.0,6.0,-1.5,10.5,High,IQR 1.5x
ADM-00042413,PAT-0023181,Neurology,Dr. Jagrati Borde,2025-03-12 14:45:38,13,True,False,True,3.0,6.0,-1.5,10.5,High,IQR 1.5x
ADM-00042477,PAT-0005639,Oncology,Dr. Chaitanya Banerjee,2025-10-12 00:59:55,13,False,True,True,3.0,6.0,-1.5,10.5,High,IQR 1.5x
ADM-00042600,PAT-0002246,Oncology,Dr. Zilmil Aggarwal,2025-07-31 09:11:46,13,True,True,True,3.0,6.0,-1.5,10.5,High,IQR 1.5x
ADM-00006848,PAT-0007040,Cardiology,Dr. Harrison Dora,2026-05-20 19:11:26,13,False,False,True,3.0,6.0,-1.5,10.5,High,IQR 1.5x
ADM-00006853,PAT-0017248,Neurology,Dr. Inaya Raman,2024-05-31 12:00:25,13,False,False,True,3.0,6.0,-1.5,10.5,High,IQR 1.5x
ADM-00014499,PAT-0001249,ENT,Dr. Azad Batra,2023-03-27 04:43:14,13,False,True,True,3.0,6.0,-1.5,10.5,High,IQR 1.5x
ADM-00030458,PAT-0019620,Neurology,Dr. Bhavini Maharaj,2025-05-05 12:22:00,13,False,False,True,3.0,6.0,-1.5,10.5,High,IQR 1.5x
ADM-00030664,PAT-0013620,Pediatrics,Dr. Jason Mukherjee,2026-05-14 08:26:58,13,False,True,True,3.0,6.0,-1.5,10.5,High,IQR 1.5x
ADM-00030717,PAT-0013027,Cardiology,Dr. Ekapad Pal,2026-02-05 01:14:41,13,True,True,True,3.0,6.0,-1.5,10.5,High,IQR 1.5x
ADM-00030736,PAT-0000185,General Medicine,Dr. Dev Sangha,2025-02-15 03:30:46,13,False,False,True,3.0,6.0,-1.5,10.5,High,IQR 1.5x
ADM-00013725,PAT-0013730,Gynecology,Dr. Tamanna Chander,2024-04-16 19:03:58,13,False,False,True,3.0,6.0,-1.5,10.5,High,IQR 1.5x
ADM-00029333,PAT-0010830,Pediatrics,Dr. Yug Bali,2023-07-29 07:01:51,13,False,False,True,3.0,6.0,-1.5,10.5,High,IQR 1.5x
ADM-00014616,PAT-0014059,Cardiology,Dr. Umang Vaidya,2023-06-30 07:26:49,13,True,False,True,3.0,6.0,-1.5,10.5,High,IQR 1.5x
ADM-00014723,PAT-0010171,Oncology,Dr. Om Mangat,2024-04-12 15:57:36,13,False,False,True,3.0,6.0,-1.5,10.5,High,IQR 1.5x
ADM-00014774,PAT-0023086,General Medicine,Dr. Vrinda Kale,2024-12-18 01:44:38,13,True,False,True,3.0,6.0,-1.5,10.5,High,IQR 1.5x
ADM-00042711,PAT-0005511,ENT,Dr. Sanya Arya,2024-05-08 21:37:41,13,False,False,True,3.0,6.0,-1.5,10.5,High,IQR 1.5x
ADM-00042812,PAT-0001234,Oncology,Dr. Zilmil Gade,2026-04-05 18:47:13,13,False,False,True,3.0,6.0,-1.5,10.5,High,IQR 1.5x
ADM-00042842,PAT-0016403,Orthopedics,Dr. Vinaya Amble,2025-07-26 00:19:29,13,False,False,True,3.0,6.0,-1.5,10.5,High,IQR 1.5x
ADM-00042847,PAT-0009541,Cardiology,Dr. Jalsa Choudhry,2023-04-09 06:41:52,13,False,True,True,3.0,6.0,-1.5,10.5,High,IQR 1.5x
ADM-00042851,PAT-0010232,Neurology,Dr. Jagat Divan,2024-04-20 07:19:03,13,False,True,True,3.0,6.0,-1.5,10.5,High,IQR 1.5x
ADM-00006514,PAT-0023133,Gynecology,Dr. Amol Gera,2023-10-09 18:57:19,13,False,False,True,3.0,6.0,-1.5,10.5,High,IQR 1.5x
ADM-00006746,PAT-0019697,ENT,Dr. Yachana Vyas,2024-05-29 22:22:40,13,False,False,True,3.0,6.0,-1.5,10.5,High,IQR 1.5x
ADM-00029725,PAT-0002663,ENT,Dr. Teerth Dewan,2026-02-17 10:02:00,13,False,False,True,3.0,6.0,-1.5,10.5,High,IQR 1.5x
ADM-00029792,PAT-0014567,Orthopedics,Dr. Samarth Nayar,2026-02-25 22:47:01,13,False,False,True,3.0,6.0,-1.5,10.5,High,IQR 1.5x
ADM-00029821,PAT-0018863,Orthopedics,Dr. Samarth Nayar,2023-08-04 11:33:06,13,False,False,True,3.0,6.0,-1.5,10.5,High,IQR 1.5x
ADM-00029917,PAT-0009380,Dermatology,Dr. Alexander Gulati,2023-07-29 04:25:06,13,False,True,True,3.0,6.0,-1.5,10.5,High,IQR 1.5x
ADM-00030124,PAT-0008320,Gynecology,Dr. Shravya Ramanathan,2026-04-05 03:57:38,13,False,False,True,3.0,6.0,-1.5,10.5,High,IQR 1.5x
ADM-00015024,PAT-0019742,General Medicine,Dr. Veer Merchant,2025-11-26 23:33:59,13,False,True,True,3.0,6.0,-1.5,10.5,High,IQR 1.5x
ADM-00015034,PAT-0011828,Orthopedics,Dr. Nathan Iyengar,2024-11-18 09:29:12,13,False,False,True,3.0,6.0,-1.5,10.5,High,IQR 1.5x
ADM-00015051,PAT-0013435,ENT,Dr. Bahadurjit Sane,2026-09-09 23:13:48,13,False,True,True,3.0,6.0,-1.5,10.5,High,IQR 1.5x
ADM-00015295,PAT-0014476,Orthopedics,Dr. Nathan Iyengar,2023-09-04 21:07:53,13,False,True,True,3.0,6.0,-1.5,10.5,High,IQR 1.5x
ADM-00042971,PAT-0011373,ENT,Dr. Hema Rana,2026-04-12 05:58:07,13,False,False,True,3.0,6.0,-1.5,10.5,High,IQR 1.5x
ADM-00043020,PAT-0017808,Emergency,Dr. Krishna Palla,2026-06-25 00:16:32,13,True,True,True,3.0,6.0,-1.5,10.5,High,IQR 1.5x
ADM-00043032,PAT-0022244,Pediatrics,Dr. Indrajit Cheema,2024-04-25 09:43:18,13,False,True,True,3.0,6.0,-1.5,10.5,High,IQR 1.5x
ADM-00043035,PAT-0019864,General Medicine,Dr. Samesh Arora,2025-05-16 02:25:58,13,False,True,True,3.0,6.0,-1.5,10.5,High,IQR 1.5x
ADM-00043154,PAT-0020498,Gynecology,Dr. Amol Gera,2025-10-13 07:49:43,13,False,True,True,3.0,6.0,-1.5,10.5,High,IQR 1.5x
ADM-00043185,PAT-0006333,Gynecology,Dr. Tamanna Chander,2023-05-01 13:27:25,13,False,False,True,3.0,6.0,-1.5,10.5,High,IQR 1.5x
ADM-00043513,PAT-0018644,Dermatology,Dr. Michael Rastogi,2023-08-11 01:54:14,13,False,False,True,3.0,6.0,-1.5,10.5,High,IQR 1.5x
ADM-00006288,PAT-0023059,Cardiology,Dr. Faras Gade,2025-06-11 15:37:10,13,True,False,True,3.0,6.0,-1.5,10.5,High,IQR 1.5x
ADM-00029110,PAT-0007456,Orthopedics,Dr. Anjali Patla,2026-04-15 21:22:42,13,False,False,True,3.0,6.0,-1.5,10.5,High,IQR 1.5x
ADM-00029122,PAT-0007139,Cardiology,Dr. Jackson Jhaveri,2024-09-22 20:23:40,13,False,True,True,3.0,6.0,-1.5,10.5,High,IQR 1.5x
ADM-00029169,PAT-0014428,Cardiology,Dr. Qadim Suresh,2023-12-31 11:59:37,13,False,True,True,3.0,6.0,-1.5,10.5,High,IQR 1.5x
ADM-00029269,PAT-0014148,Neurology,Dr. Kamala Barad,2023-03-24 23:07:25,13,True,False,True,3.0,6.0,-1.5,10.5,High,IQR 1.5x
ADM-00006361,PAT-0013155,Pediatrics,Dr. Yug Bali,2024-11-10 11:11:09,13,False,True,True,3.0,6.0,-1.5,10.5,High,IQR 1.5x
ADM-00005786,PAT-0009720,Dermatology,Dr. Robert Murthy,2023-04-16 09:03:04,13,True,True,True,3.0,6.0,-1.5,10.5,High,IQR 1.5x
ADM-00005831,PAT-0001167,General Medicine,Dr. Veer Merchant,2024-12-30 11:03:34,13,False,False,True,3.0,6.0,-1.5,10.5,High,IQR 1.5x
ADM-00005875,PAT-0022590,Dermatology,Dr. Krish Jhaveri,2025-08-05 13:06:04,13,True,False,True,3.0,6.0,-1.5,10.5,High,IQR 1.5x
ADM-00005880,PAT-0023411,Dermatology,Dr. Alexander Gulati,2026-04-05 18:57:44,13,False,True,True,3.0,6.0,-1.5,10.5,High,IQR 1.5x
ADM-00005915,PAT-0016944,Neurology,Dr. Nandini Anand,2024-11-29 20:46:47,13,True,False,True,3.0,6.0,-1.5,10.5,High,IQR 1.5x
ADM-00005925,PAT-0024285,Gynecology,Dr. Amol Gera,2024-01-29 18:18:13,13,False,True,True,3.0,6.0,-1.5,10.5,High,IQR 1.5x
ADM-00005955,PAT-0016016,ENT,Dr. Hema Rana,2024-06-16 05:22:24,13,False,False,True,3.0,6.0,-1.5,10.5,High,IQR 1.5x
ADM-00005989,PAT-0001136,Orthopedics,Dr. Hemang Thaman,2023-02-13 00:40:30,13,True,False,True,3.0,6.0,-1.5,10.5,High,IQR 1.5x
ADM-00043566,PAT-0020083,Emergency,Dr. Abhimanyu Buch,2026-04-04 05:18:08,13,False,True,True,3.0,6.0,-1.5,10.5,High,IQR 1.5x
ADM-00043648,PAT-0004553,Oncology,Dr. David Deshmukh,2024-04-22 14:52:05,13,True,True,True,3.0,6.0,-1.5,10.5,High,IQR 1.5x
ADM-00015758,PAT-0024753,Dermatology,Dr. Robert Murthy,2023-02-15 19:16:39,13,False,True,True,3.0,6.0,-1.5,10.5,High,IQR 1.5x
ADM-00028834,PAT-0011207,Oncology,Dr. Charles Bajaj,2023-01-03 21:55:01,13,True,False,True,3.0,6.0,-1.5,10.5,High,IQR 1.5x
ADM-00028984,PAT-0006936,Emergency,Dr. Krishna Palla,2026-02-06 02:25:37,13,False,True,True,3.0,6.0,-1.5,10.5,High,IQR 1.5x
ADM-00029004,PAT-0009956,Pediatrics,Dr. Indrajit Cheema,2024-04-11 09:49:15,13,False,True,True,3.0,6.0,-1.5,10.5,High,IQR 1.5x
ADM-00014837,PAT-0015436,Orthopedics,Dr. David Khosla,2026-08-11 01:15:22,13,True,False,True,3.0,6.0,-1.5,10.5,High,IQR 1.5x
ADM-00044496,PAT-0008169,Emergency,Dr. Rehaan Lanka,2025-08-13 11:27:20,13,False,True,True,3.0,6.0,-1.5,10.5,High,IQR 1.5x
ADM-00044879,PAT-0015998,Emergency,Dr. Arin Tailor,2024-09-14 15:51:11,13,False,True,True,3.0,6.0,-1.5,10.5,High,IQR 1.5x
ADM-00005256,PAT-0011521,Neurology,Dr. Reva Sidhu,2023-09-08 07:41:19,13,False,True,True,3.0,6.0,-1.5,10.5,High,IQR 1.5x
ADM-00044019,PAT-0015392,Pediatrics,Dr. Jason Mukherjee,2024-02-29 19:49:32,13,False,False,True,3.0,6.0,-1.5,10.5,High,IQR 1.5x
ADM-00044249,PAT-0019333,Dermatology,Dr. David Narula,2026-05-19 20:57:10,13,False,True,True,3.0,6.0,-1.5,10.5,High,IQR 1.5x
ADM-00044309,PAT-0011443,Cardiology,Dr. Viraj Subramanian,2026-06-25 14:34:43,13,False,False,True,3.0,6.0,-1.5,10.5,High,IQR 1.5x
ADM-00005631,PAT-0001396,Orthopedics,Dr. Samarth Nayar,2023-03-07 03:29:41,13,True,True,True,3.0,6.0,-1.5,10.5,High,IQR 1.5x
ADM-00005671,PAT-0013089,Orthopedics,Dr. Vaishnavi Balay,2025-05-20 13:34:45,13,False,False,True,3.0,6.0,-1.5,10.5,High,IQR 1.5x
ADM-00005725,PAT-0003793,General Medicine,Dr. Samesh Arora,2024-08-23 21:25:26,13,True,False,True,3.0,6.0,-1.5,10.5,High,IQR 1.5x
ADM-00028276,PAT-0020102,Orthopedics,Dr. Abha Mandal,2025-07-31 05:56:58,13,False,False,True,3.0,6.0,-1.5,10.5,High,IQR 1.5x
ADM-00028311,PAT-0005738,Orthopedics,Dr. Chaitanya Buch,2025-08-03 21:40:41,13,False,False,True,3.0,6.0,-1.5,10.5,High,IQR 1.5x
ADM-00028329,PAT-0014725,Cardiology,Dr. Ayushman Roy,2023-03-21 17:22:28,13,False,False,True,3.0,6.0,-1.5,10.5,High,IQR 1.5x
ADM-00015453,PAT-0023975,ENT,Dr. Kritika Khurana,2025-12-25 05:01:03,13,True,False,True,3.0,6.0,-1.5,10.5,High,IQR 1.5x
ADM-00015630,PAT-0020761,Oncology,Dr. Theodore Kannan,2025-07-15 10:51:10,13,True,False,True,3.0,6.0,-1.5,10.5,High,IQR 1.5x
ADM-00015663,PAT-0000120,General Medicine,Dr. Viraj Nair,2024-10-15 12:40:02,13,False,True,True,3.0,6.0,-1.5,10.5,High,IQR 1.5x
ADM-00006354,PAT-0001334,Emergency,Dr. Yahvi Jain,2023-09-04 02:13:49,13,True,False,True,3.0,6.0,-1.5,10.5,High,IQR 1.5x
ADM-00027438,PAT-0005668,Cardiology,Dr. Vritti Cheema,2025-08-19 12:35:32,13,True,False,True,3.0,6.0,-1.5,10.5,High,IQR 1.5x
ADM-00027727,PAT-0017883,Gynecology,Dr. Ijaya Zachariah,2026-01-30 12:18:57,13,False,True,True,3.0,6.0,-1.5,10.5,High,IQR 1.5x
ADM-00027729,PAT-0023944,ENT,Dr. Sanya Arya,2024-06-03 21:12:58,13,False,True,True,3.0,6.0,-1.5,10.5,High,IQR 1.5x
ADM-00027739,PAT-0018581,ENT,Dr. Parth Muni,2023-09-11 00:25:16,13,False,False,True,3.0,6.0,-1.5,10.5,High,IQR 1.5x
ADM-00016266,PAT-0004051,Emergency,Dr. Kabir Wadhwa,2024-04-08 02:23:06,13,False,False,True,3.0,6.0,-1.5,10.5,High,IQR 1.5x
ADM-00016374,PAT-0003554,Pediatrics,Dr. Bhavya Kulkarni,2024-03-16 05:28:48,13,False,True,True,3.0,6.0,-1.5,10.5,High,IQR 1.5x
ADM-00016495,PAT-0009395,Pediatrics,Dr. Damini Venkatesh,2024-01-10 19:28:44,13,False,True,True,3.0,6.0,-1.5,10.5,High,IQR 1.5x
ADM-00027920,PAT-0002211,Orthopedics,Dr. Anjali Patla,2025-05-17 22:11:11,13,False,False,True,3.0,6.0,-1.5,10.5,High,IQR 1.5x
ADM-00027944,PAT-0009479,Orthopedics,Dr. Warhi Raja,2023-05-20 15:48:58,13,True,False,True,3.0,6.0,-1.5,10.5,High,IQR 1.5x
ADM-00027964,PAT-0003560,Oncology,Dr. Chaitanya Banerjee,2023-08-12 08:05:54,13,False,False,True,3.0,6.0,-1.5,10.5,High,IQR 1.5x
ADM-00028121,PAT-0007827,Cardiology,Dr. Nachiket Pandit,2023-05-22 19:19:13,13,False,True,True,3.0,6.0,-1.5,10.5,High,IQR 1.5x
ADM-00015883,PAT-0014421,Oncology,Dr. Om Mangat,2026-08-14 03:41:58,13,True,True,True,3.0,6.0,-1.5,10.5,High,IQR 1.5x
ADM-00016142,PAT-0015086,Neurology,Dr. Wridesh Sheth,2026-07-13 03:56:17,13,False,True,True,3.0,6.0,-1.5,10.5,High,IQR 1.5x
ADM-00005732,PAT-0021847,Dermatology,Dr. Anya Bassi,2024-05-20 02:25:06,13,False,False,True,3.0,6.0,-1.5,10.5,High,IQR 1.5x
ADM-00044330,PAT-0016122,Neurology,Dr. Kamala Barad,2025-08-10 23:45:18,13,False,True,True,3.0,6.0,-1.5,10.5,High,IQR 1.5x
ADM-00044331,PAT-0012021,Orthopedics,Dr. Fitan Ratti,2023-03-07 12:15:57,13,False,False,True,3.0,6.0,-1.5,10.5,High,IQR 1.5x
ADM-00016705,PAT-0022317,Oncology,Dr. Om Bajaj,2023-12-06 08:45:51,13,True,False,True,3.0,6.0,-1.5,10.5,High,IQR 1.5x
ADM-00016706,PAT-0000146,General Medicine,Dr. Nathaniel Shan,2026-02-27 08:26:03,13,True,True,True,3.0,6.0,-1.5,10.5,High,IQR 1.5x
ADM-00005376,PAT-0007631,Cardiology,Dr. Jasmit Krishnan,2024-02-27 17:03:17,13,False,False,True,3.0,6.0,-1.5,10.5,High,IQR 1.5x
ADM-00005518,PAT-0005191,Cardiology,Dr. Yashodhara Sani,2025-07-20 12:37:18,13,False,False,True,3.0,6.0,-1.5,10.5,High,IQR 1.5x
ADM-00044948,PAT-0008125,Gynecology,Dr. Shravya Ramanathan,2023-10-04 20:12:53,13,False,True,True,3.0,6.0,-1.5,10.5,High,IQR 1.5x
ADM-00044989,PAT-0021132,Orthopedics,Dr. Hemang Thaman,2025-12-05 21:00:38,13,False,False,True,3.0,6.0,-1.5,10.5,High,IQR 1.5x
ADM-00045011,PAT-0017247,Emergency,Dr. Abhimanyu Buch,2023-01-13 03:42:17,13,False,True,True,3.0,6.0,-1.5,10.5,High,IQR 1.5x
ADM-00045015,PAT-0005283,Neurology,Dr. Inaya Raman,2023-05-13 15:12:59,13,False,True,True,3.0,6.0,-1.5,10.5,High,IQR 1.5x
ADM-00045064,PAT-0022236,General Medicine,Dr. Chatresh Batta,2024-01-13 10:13:37,13,False,True,True,3.0,6.0,-1.5,10.5,High,IQR 1.5x
ADM-00045547,PAT-0000164,Orthopedics,Dr. Warhi Raja,2026-09-03 22:15:41,13,False,True,True,3.0,6.0,-1.5,10.5,High,IQR 1.5x
ADM-00004983,PAT-0017499,Pediatrics,Dr. Bhavya Kulkarni,2025-10-11 12:53:15,13,True,False,True,3.0,6.0,-1.5,10.5,High,IQR 1.5x
ADM-00005115,PAT-0010904,Oncology,Dr. Chaitanya Singh,2025-08-18 19:37:15,13,False,False,True,3.0,6.0,-1.5,10.5,High,IQR 1.5x
ADM-00005182,PAT-0018715,ENT,Dr. Aadhya Prashad,2023-05-05 06:45:31,13,False,False,True,3.0,6.0,-1.5,10.5,High,IQR 1.5x
ADM-00005205,PAT-0016987,Cardiology,Dr. Faras Gade,2023-06-05 08:03:44,13,True,False,True,3.0,6.0,-1.5,10.5,High,IQR 1.5x
ADM-00027283,PAT-0021699,Orthopedics,Dr. Anjali Patla,2025-09-25 17:21:10,13,False,False,True,3.0,6.0,-1.5,10.5,High,IQR 1.5x
ADM-00027357,PAT-0000693,Emergency,Dr. Eiravati Goda,2026-07-16 01:05:03,13,False,True,True,3.0,6.0,-1.5,10.5,High,IQR 1.5x
ADM-00025879,PAT-0006131,Emergency,Dr. Kavya Chaudhry,2025-06-27 10:27:27,13,False,True,True,3.0,6.0,-1.5,10.5,High,IQR 1.5x
ADM-00025993,PAT-0010973,Pediatrics,Dr. Yug Bali,2024-08-29 02:06:09,13,True,True,True,3.0,6.0,-1.5,10.5,High,IQR 1.5x
ADM-00026346,PAT-0008236,Emergency,Dr. Krishna Palla,2026-03-01 21:55:29,13,False,False,True,3.0,6.0,-1.5,10.5,High,IQR 1.5x
ADM-00045633,PAT-0017324,Oncology,Dr. David Deshmukh,2023-01-30 15:02:03,13,False,False,True,3.0,6.0,-1.5,10.5,High,IQR 1.5x
ADM-00045789,PAT-0022925,Pediatrics,Dr. Indrajit Cheema,2025-01-26 03:43:54,13,False,True,True,3.0,6.0,-1.5,10.5,High,IQR 1.5x
ADM-00045815,PAT-0009541,Oncology,Dr. Chaitanya Banerjee,2023-06-14 03:02:34,13,True,True,True,3.0,6.0,-1.5,10.5,High,IQR 1.5x
ADM-00004608,PAT-0018922,Dermatology,Dr. Manan Saran,2024-09-04 22:22:28,13,False,False,True,3.0,6.0,-1.5,10.5,High,IQR 1.5x
ADM-00004769,PAT-0022842,Gynecology,Dr. Bhanumati Minhas,2024-11-29 20:46:12,13,False,False,True,3.0,6.0,-1.5,10.5,High,IQR 1.5x
ADM-00004951,PAT-0017940,General Medicine,Dr. Samesh Arora,2025-10-04 07:29:44,13,False,True,True,3.0,6.0,-1.5,10.5,High,IQR 1.5x
ADM-00004974,PAT-0000022,General Medicine,Dr. Dev Sangha,2025-05-05 16:46:05,13,False,False,True,3.0,6.0,-1.5,10.5,High,IQR 1.5x
ADM-00045864,PAT-0016075,Gynecology,Dr. Amol Gera,2023-04-28 16:20:36,13,False,False,True,3.0,6.0,-1.5,10.5,High,IQR 1.5x
ADM-00045865,PAT-0011797,Neurology,Dr. Anirudh Chaudhuri,2026-03-14 07:26:56,13,False,False,True,3.0,6.0,-1.5,10.5,High,IQR 1.5x
ADM-00026674,PAT-0003020,General Medicine,Dr. Elijah Nori,2024-12-13 09:24:14,13,True,False,True,3.0,6.0,-1.5,10.5,High,IQR 1.5x
ADM-00027089,PAT-0011410,Neurology,Dr. Bishakha Patel,2026-08-04 06:49:18,13,False,True,True,3.0,6.0,-1.5,10.5,High,IQR 1.5x
ADM-00027127,PAT-0020741,Orthopedics,Dr. Samarth Nayar,2025-10-03 05:23:18,13,False,False,True,3.0,6.0,-1.5,10.5,High,IQR 1.5x
ADM-00027214,PAT-0019998,General Medicine,Dr. Veer Merchant,2025-07-12 19:52:07,13,False,False,True,3.0,6.0,-1.5,10.5,High,IQR 1.5x
ADM-00025597,PAT-0003203,Emergency,Dr. Abhimanyu Buch,2026-09-04 23:40:48,13,False,False,True,3.0,6.0,-1.5,10.5,High,IQR 1.5x
ADM-00025679,PAT-0008387,General Medicine,Dr. Mekhala Mangat,2026-07-03 17:06:15,13,False,False,True,3.0,6.0,-1.5,10.5,High,IQR 1.5x
ADM-00017305,PAT-0023800,Pediatrics,Dr. Bhavya Kulkarni,2024-08-16 18:05:00,13,False,True,True,3.0,6.0,-1.5,10.5,High,IQR 1.5x
ADM-00017427,PAT-0000954,Gynecology,Dr. Shravya Ramanathan,2023-05-27 14:32:59,13,True,False,True,3.0,6.0,-1.5,10.5,High,IQR 1.5x
ADM-00045966,PAT-0014677,Emergency,Dr. Kavya Chaudhry,2026-04-24 08:02:06,13,False,True,True,3.0,6.0,-1.5,10.5,High,IQR 1.5x
ADM-00046078,PAT-0002526,Oncology,Dr. Krishna Modi,2024-09-01 00:41:14,13,False,False,True,3.0,6.0,-1.5,10.5,High,IQR 1.5x
ADM-00046195,PAT-0007898,Pediatrics,Dr. Zehaan Guha,2025-03-16 12:12:12,13,True,True,True,3.0,6.0,-1.5,10.5,High,IQR 1.5x
ADM-00046247,PAT-0001822,Orthopedics,Dr. Falguni Kumar,2023-07-09 18:23:02,13,False,True,True,3.0,6.0,-1.5,10.5,High,IQR 1.5x
ADM-00046300,PAT-0018396,Gynecology,Dr. Sneha Mahal,2023-12-10 07:04:24,13,True,False,True,3.0,6.0,-1.5,10.5,High,IQR 1.5x
ADM-00046310,PAT-0000765,Neurology,Dr. Raghav Sampath,2024-07-09 02:27:55,13,False,False,True,3.0,6.0,-1.5,10.5,High,IQR 1.5x
ADM-00004151,PAT-0015630,General Medicine,Dr. Charan Golla,2023-04-15 15:02:38,13,False,False,True,3.0,6.0,-1.5,10.5,High,IQR 1.5x
ADM-00004172,PAT-0012555,ENT,Dr. Sanya Arya,2023-05-02 21:05:04,13,False,False,True,3.0,6.0,-1.5,10.5,High,IQR 1.5x
ADM-00004266,PAT-0023440,Orthopedics,Dr. David Khosla,2023-02-24 02:18:52,13,True,False,True,3.0,6.0,-1.5,10.5,High,IQR 1.5x
ADM-00004286,PAT-0001506,Cardiology,Dr. Ekapad Pal,2025-05-23 07:56:15,13,True,False,True,3.0,6.0,-1.5,10.5,High,IQR 1.5x
ADM-00017472,PAT-0019684,ENT,Dr. Aarnav Barman,2026-01-29 21:23:40,13,True,False,True,3.0,6.0,-1.5,10.5,High,IQR 1.5x
ADM-00025770,PAT-0014614,Cardiology,Dr. Nachiket Pandit,2023-03-18 19:51:06,13,False,True,True,3.0,6.0,-1.5,10.5,High,IQR 1.5x
ADM-00017756,PAT-0014105,Pediatrics,Dr. Rajata Arora,2026-04-01 03:24:36,13,False,True,True,3.0,6.0,-1.5,10.5,High,IQR 1.5x
ADM-00017930,PAT-0004998,ENT,Dr. Alexander Mitter,2025-10-06 02:42:52,13,True,True,True,3.0,6.0,-1.5,10.5,High,IQR 1.5x
ADM-00025293,PAT-0003821,Pediatrics,Dr. Indrajit Cheema,2024-10-16 13:28:46,13,False,True,True,3.0,6.0,-1.5,10.5,High,IQR 1.5x
ADM-00004309,PAT-0001377,Oncology,Dr. Zilmil Aggarwal,2024-12-03 17:50:40,13,False,False,True,3.0,6.0,-1.5,10.5,High,IQR 1.5x
ADM-00046426,PAT-0015556,Gynecology,Dr. Amol Gera,2024-12-09 21:52:47,13,False,True,True,3.0,6.0,-1.5,10.5,High,IQR 1.5x
ADM-00046428,PAT-0019753,Emergency,Dr. Rehaan Lanka,2025-11-17 14:21:12,13,False,False,True,3.0,6.0,-1.5,10.5,High,IQR 1.5x
ADM-00046477,PAT-0017914,Pediatrics,Dr. Damini Venkatesh,2024-06-20 14:40:48,13,False,False,True,3.0,6.0,-1.5,10.5,High,IQR 1.5x
ADM-00003912,PAT-0019799,Gynecology,Dr. Bhanumati Minhas,2023-02-03 20:28:32,13,False,False,True,3.0,6.0,-1.5,10.5,High,IQR 1.5x
ADM-00003956,PAT-0003033,Oncology,Dr. Zilmil Aggarwal,2026-05-20 22:32:52,13,False,True,True,3.0,6.0,-1.5,10.5,High,IQR 1.5x
ADM-00004022,PAT-0024031,Orthopedics,Dr. Anjali Patla,2023-08-20 18:09:19,13,True,False,True,3.0,6.0,-1.5,10.5,High,IQR 1.5x
ADM-00004102,PAT-0000730,Neurology,Dr. Aashi Sangha,2023-06-20 09:36:13,13,True,True,True,3.0,6.0,-1.5,10.5,High,IQR 1.5x
ADM-00025323,PAT-0007397,Oncology,Dr. Chaitanya Banerjee,2023-12-15 22:29:52,13,False,False,True,3.0,6.0,-1.5,10.5,High,IQR 1.5x
ADM-00025426,PAT-0009740,ENT,Dr. Girindra Sachar,2023-01-12 03:29:40,13,True,False,True,3.0,6.0,-1.5,10.5,High,IQR 1.5x
ADM-00025435,PAT-0015935,Oncology,Dr. Krishna Modi,2025-07-20 18:53:08,13,True,True,True,3.0,6.0,-1.5,10.5,High,IQR 1.5x
ADM-00025488,PAT-0012911,Orthopedics,Dr. David Khosla,2024-04-02 21:03:57,13,False,True,True,3.0,6.0,-1.5,10.5,High,IQR 1.5x
ADM-00025493,PAT-0015350,Orthopedics,Dr. Nathan Iyengar,2025-07-21 03:36:55,13,True,True,True,3.0,6.0,-1.5,10.5,High,IQR 1.5x
ADM-00018707,PAT-0015180,Oncology,Dr. Zilmil Aggarwal,2026-02-14 10:51:24,13,False,True,True,3.0,6.0,-1.5,10.5,High,IQR 1.5x
ADM-00024845,PAT-0022309,Orthopedics,Dr. Fitan Ratti,2023-05-26 04:10:03,13,False,True,True,3.0,6.0,-1.5,10.5,High,IQR 1.5x
ADM-00024850,PAT-0006185,Dermatology,Dr. David Narula,2025-11-18 12:09:03,13,False,False,True,3.0,6.0,-1.5,10.5,High,IQR 1.5x
ADM-00024876,PAT-0002856,General Medicine,Dr. Nathaniel Shan,2025-05-24 01:58:16,13,False,False,True,3.0,6.0,-1.5,10.5,High,IQR 1.5x
ADM-00024941,PAT-0004614,Pediatrics,Dr. Yug Bali,2024-10-29 07:55:49,13,False,False,True,3.0,6.0,-1.5,10.5,High,IQR 1.5x
ADM-00024979,PAT-0009039,Cardiology,Dr. Umang Konda,2023-11-09 22:23:18,13,True,True,True,3.0,6.0,-1.5,10.5,High,IQR 1.5x
ADM-00017975,PAT-0020542,ENT,Dr. Alexander Mitter,2023-02-09 03:21:21,13,False,False,True,3.0,6.0,-1.5,10.5,High,IQR 1.5x
ADM-00018026,PAT-0023893,Oncology,Dr. Zaid Vohra,2024-07-08 23:03:16,13,False,True,True,3.0,6.0,-1.5,10.5,High,IQR 1.5x
ADM-00018109,PAT-0007636,Pediatrics,Dr. Indrajit Cheema,2024-12-26 10:40:48,13,True,False,True,3.0,6.0,-1.5,10.5,High,IQR 1.5x
ADM-00018166,PAT-0014451,Orthopedics,Dr. Amaira Seshadri,2026-08-01 19:38:15,13,False,False,True,3.0,6.0,-1.5,10.5,High,IQR 1.5x
ADM-00018195,PAT-0009902,ENT,Dr. Aadhya Prashad,2024-08-09 01:19:14,13,True,False,True,3.0,6.0,-1.5,10.5,High,IQR 1.5x
ADM-00025073,PAT-0005267,Neurology,Dr. Nandini Anand,2025-10-15 04:40:31,13,True,True,True,3.0,6.0,-1.5,10.5,High,IQR 1.5x
ADM-00025183,PAT-0008472,Neurology,Dr. Bishakha Patel,2024-10-18 22:33:42,13,False,True,True,3.0,6.0,-1.5,10.5,High,IQR 1.5x
ADM-00025208,PAT-0000929,Cardiology,Dr. Viraj Subramanian,2026-01-20 04:42:31,13,False,True,True,3.0,6.0,-1.5,10.5,High,IQR 1.5x
ADM-00017675,PAT-0004885,Gynecology,Dr. Ijaya Zachariah,2024-12-12 11:38:17,13,False,True,True,3.0,6.0,-1.5,10.5,High,IQR 1.5x
ADM-00017714,PAT-0003176,Orthopedics,Dr. Nitara Choudhury,2024-04-04 19:52:13,13,False,True,True,3.0,6.0,-1.5,10.5,High,IQR 1.5x
ADM-00024400,PAT-0014619,Gynecology,Dr. Tamanna Chander,2023-12-28 11:03:37,13,False,False,True,3.0,6.0,-1.5,10.5,High,IQR 1.5x
ADM-00024502,PAT-0009534,Emergency,Dr. Kavya Chaudhry,2024-07-03 07:31:15,13,False,False,True,3.0,6.0,-1.5,10.5,High,IQR 1.5x
ADM-00024702,PAT-0006304,Gynecology,Dr. Zaitra Mahajan,2024-10-13 22:32:03,13,False,False,True,3.0,6.0,-1.5,10.5,High,IQR 1.5x
ADM-00018459,PAT-0014047,Emergency,Dr. Yahvi Jain,2024-08-29 10:25:01,13,False,False,True,3.0,6.0,-1.5,10.5,High,IQR 1.5x
ADM-00018582,PAT-0013916,Pediatrics,Dr. Jason Mukherjee,2026-06-06 08:54:38,13,False,True,True,3.0,6.0,-1.5,10.5,High,IQR 1.5x
ADM-00046709,PAT-0013873,General Medicine,Dr. Samesh Arora,2024-10-07 11:44:48,13,True,False,True,3.0,6.0,-1.5,10.5,High,IQR 1.5x
ADM-00046720,PAT-0022421,Pediatrics,Dr. Bhavya Kulkarni,2023-09-30 22:11:02,13,False,False,True,3.0,6.0,-1.5,10.5,High,IQR 1.5x
ADM-00046767,PAT-0013365,Gynecology,Dr. Ijaya Zachariah,2025-05-30 00:19:18,13,False,False,True,3.0,6.0,-1.5,10.5,High,IQR 1.5x
ADM-00046771,PAT-0019833,Cardiology,Dr. Kamala Bhargava,2023-08-26 23:02:28,13,False,True,True,3.0,6.0,-1.5,10.5,High,IQR 1.5x
ADM-00047029,PAT-0012163,Orthopedics,Dr. Anjali Patla,2026-04-06 17:00:05,13,True,True,True,3.0,6.0,-1.5,10.5,High,IQR 1.5x
ADM-00047072,PAT-0011577,Oncology,Dr. Chaitanya Singh,2026-05-12 03:43:40,13,False,True,True,3.0,6.0,-1.5,10.5,High,IQR 1.5x
ADM-00047126,PAT-0000032,Gynecology,Dr. Ijaya Zachariah,2025-05-08 14:32:22,13,False,False,True,3.0,6.0,-1.5,10.5,High,IQR 1.5x
ADM-00047129,PAT-0023392,Gynecology,Dr. Warinder Sarin,2023-07-17 22:19:16,13,False,True,True,3.0,6.0,-1.5,10.5,High,IQR 1.5x
ADM-00003722,PAT-0006659,Pediatrics,Dr. Bhavya Kulkarni,2024-02-08 08:21:08,13,False,False,True,3.0,6.0,-1.5,10.5,High,IQR 1.5x
ADM-00003855,PAT-0012385,ENT,Dr. Teerth Dewan,2025-04-26 04:50:29,13,True,True,True,3.0,6.0,-1.5,10.5,High,IQR 1.5x
ADM-00018620,PAT-0021610,Emergency,Dr. Arin Tailor,2024-08-18 20:04:57,13,False,False,True,3.0,6.0,-1.5,10.5,High,IQR 1.5x
ADM-00024056,PAT-0012875,Dermatology,Dr. Elijah Rege,2025-04-26 01:23:33,13,True,True,True,3.0,6.0,-1.5,10.5,High,IQR 1.5x
ADM-00018870,PAT-0007577,ENT,Dr. Tanveer Pant,2025-10-25 15:13:26,13,False,True,True,3.0,6.0,-1.5,10.5,High,IQR 1.5x
ADM-00024151,PAT-0004906,Pediatrics,Dr. Jason Mukherjee,2023-08-01 03:28:35,13,False,True,True,3.0,6.0,-1.5,10.5,High,IQR 1.5x
ADM-00024158,PAT-0001155,ENT,Dr. Tanveer Pant,2026-02-06 18:59:44,13,False,False,True,3.0,6.0,-1.5,10.5,High,IQR 1.5x
ADM-00003858,PAT-0015328,Orthopedics,Dr. Chaitanya Buch,2026-08-26 06:41:47,13,False,False,True,3.0,6.0,-1.5,10.5,High,IQR 1.5x
ADM-00003872,PAT-0004970,Cardiology,Dr. Jalsa Choudhry,2025-11-18 13:15:31,13,False,False,True,3.0,6.0,-1.5,10.5,High,IQR 1.5x
ADM-00047210,PAT-0005828,Cardiology,Dr. Harrison Dora,2023-11-20 17:35:32,13,True,True,True,3.0,6.0,-1.5,10.5,High,IQR 1.5x
ADM-00047226,PAT-0016849,Cardiology,Dr. Viraj Subramanian,2025-03-06 13:19:25,13,False,True,True,3.0,6.0,-1.5,10.5,High,IQR 1.5x
ADM-00047320,PAT-0014722,Emergency,Dr. Rehaan Lanka,2025-06-25 03:00:02,13,True,True,True,3.0,6.0,-1.5,10.5,High,IQR 1.5x
ADM-00047490,PAT-0010596,Pediatrics,Dr. Bhavya Kulkarni,2025-06-19 06:38:07,13,True,False,True,3.0,6.0,-1.5,10.5,High,IQR 1.5x
ADM-00047544,PAT-0005053,Orthopedics,Dr. Falguni Kumar,2023-01-16 18:58:22,13,False,False,True,3.0,6.0,-1.5,10.5,High,IQR 1.5x
ADM-00003353,PAT-0020800,Cardiology,Dr. Jalsa Choudhry,2024-07-20 10:14:34,13,False,False,True,3.0,6.0,-1.5,10.5,High,IQR 1.5x
ADM-00003452,PAT-0005048,Dermatology,Dr. Robert Murthy,2025-02-09 19:30:13,13,True,True,True,3.0,6.0,-1.5,10.5,High,IQR 1.5x
ADM-00047602,PAT-0009439,Neurology,Dr. Bahadurjit Bose,2023-01-31 20:10:02,13,False,True,True,3.0,6.0,-1.5,10.5,High,IQR 1.5x
ADM-00024242,PAT-0012048,Gynecology,Dr. Ijaya Zachariah,2025-09-29 22:35:31,13,False,False,True,3.0,6.0,-1.5,10.5,High,IQR 1.5x
ADM-00024268,PAT-0007134,Pediatrics,Dr. Zehaan Guha,2024-02-24 12:33:37,13,False,False,True,3.0,6.0,-1.5,10.5,High,IQR 1.5x
ADM-00023625,PAT-0013147,ENT,Dr. Girindra Varty,2026-08-29 21:29:59,13,False,False,True,3.0,6.0,-1.5,10.5,High,IQR 1.5x
ADM-00023836,PAT-0008860,ENT,Dr. Bahadurjit Sane,2024-01-05 23:17:10,13,True,False,True,3.0,6.0,-1.5,10.5,High,IQR 1.5x
ADM-00019115,PAT-0012926,Gynecology,Dr. Tamanna Chander,2023-09-27 19:26:49,13,False,False,True,3.0,6.0,-1.5,10.5,High,IQR 1.5x
ADM-00019182,PAT-0006554,Pediatrics,Dr. Zehaan Guha,2023-03-29 11:20:48,13,False,False,True,3.0,6.0,-1.5,10.5,High,IQR 1.5x
ADM-00047795,PAT-0024138,Orthopedics,Dr. Baghyawati Shroff,2024-01-05 01:12:04,13,True,True,True,3.0,6.0,-1.5,10.5,High,IQR 1.5x
ADM-00047829,PAT-0013864,Cardiology,Dr. Ekapad Pal,2025-11-20 11:17:08,13,False,True,True,3.0,6.0,-1.5,10.5,High,IQR 1.5x
ADM-00048046,PAT-0000643,Emergency,Dr. Kabir Wadhwa,2026-03-24 00:09:01,13,False,False,True,3.0,6.0,-1.5,10.5,High,IQR 1.5x
ADM-00048211,PAT-0007384,ENT,Dr. Parth Muni,2025-08-22 13:00:20,13,True,True,True,3.0,6.0,-1.5,10.5,High,IQR 1.5x
ADM-00048396,PAT-0006221,Gynecology,Dr. Sneha Mahal,2026-05-04 20:38:48,13,False,False,True,3.0,6.0,-1.5,10.5,High,IQR 1.5x
ADM-00048501,PAT-0011283,Neurology,Dr. Bahadurjit Bose,2025-04-08 03:30:12,13,False,False,True,3.0,6.0,-1.5,10.5,High,IQR 1.5x
ADM-00003030,PAT-0011902,Dermatology,Dr. Umang Basu,2024-10-13 12:15:01,13,True,True,True,3.0,6.0,-1.5,10.5,High,IQR 1.5x
ADM-00003063,PAT-0018879,Orthopedics,Dr. Baghyawati Shroff,2023-09-13 22:27:15,13,False,True,True,3.0,6.0,-1.5,10.5,High,IQR 1.5x
ADM-00003139,PAT-0000294,Cardiology,Dr. Ekapad Pal,2024-12-17 06:51:49,13,True,True,True,3.0,6.0,-1.5,10.5,High,IQR 1.5x
ADM-00019195,PAT-0020536,Cardiology,Dr. Vritti Cheema,2025-04-20 12:04:05,13,False,False,True,3.0,6.0,-1.5,10.5,High,IQR 1.5x
ADM-00023919,PAT-0003862,Orthopedics,Dr. Fitan Ratti,2026-05-17 04:59:37,13,True,False,True,3.0,6.0,-1.5,10.5,High,IQR 1.5x
ADM-00023929,PAT-0011544,General Medicine,Dr. Mekhala Mangat,2023-10-31 20:47:02,13,False,False,True,3.0,6.0,-1.5,10.5,High,IQR 1.5x
ADM-00049497,PAT-0010527,Cardiology,Dr. Ayushman Roy,2024-01-12 03:20:39,13,False,True,True,3.0,6.0,-1.5,10.5,High,IQR 1.5x
ADM-00022974,PAT-0008679,Dermatology,Dr. Elijah Rege,2025-01-31 04:29:39,13,False,False,True,3.0,6.0,-1.5,10.5,High,IQR 1.5x
ADM-00022978,PAT-0007488,General Medicine,Dr. Viraj Nair,2026-08-29 19:52:41,13,False,False,True,3.0,6.0,-1.5,10.5,High,IQR 1.5x
ADM-00023049,PAT-0016030,Dermatology,Dr. Manan Saran,2025-02-23 22:40:25,13,False,False,True,3.0,6.0,-1.5,10.5,High,IQR 1.5x
ADM-00023099,PAT-0003349,Pediatrics,Dr. Damini Venkatesh,2025-03-17 18:17:11,13,False,False,True,3.0,6.0,-1.5,10.5,High,IQR 1.5x
ADM-00019338,PAT-0001580,General Medicine,Dr. Charan Golla,2024-10-01 17:42:39,13,False,False,True,3.0,6.0,-1.5,10.5,High,IQR 1.5x
ADM-00019488,PAT-0013699,Emergency,Dr. Eiravati Goda,2023-04-10 08:25:50,13,False,True,True,3.0,6.0,-1.5,10.5,High,IQR 1.5x
ADM-00019529,PAT-0007715,Gynecology,Dr. Ijaya Zachariah,2024-04-30 04:39:29,13,False,False,True,3.0,6.0,-1.5,10.5,High,IQR 1.5x
ADM-00019551,PAT-0012965,Gynecology,Dr. Tamanna Chander,2025-04-12 08:17:30,13,False,False,True,3.0,6.0,-1.5,10.5,High,IQR 1.5x
ADM-00019664,PAT-0011302,Neurology,Dr. Anirudh Chaudhuri,2026-01-22 21:17:23,13,False,False,True,3.0,6.0,-1.5,10.5,High,IQR 1.5x
ADM-00023365,PAT-0022626,Gynecology,Dr. Zaitra Mahajan,2026-01-27 05:01:24,13,True,False,True,3.0,6.0,-1.5,10.5,High,IQR 1.5x
ADM-00023392,PAT-0015017,Neurology,Dr. Raghav Sampath,2025-04-05 05:54:22,13,False,False,True,3.0,6.0,-1.5,10.5,High,IQR 1.5x
ADM-00023546,PAT-0020788,General Medicine,Dr. Dhriti Devi,2025-06-16 01:36:21,13,False,True,True,3.0,6.0,-1.5,10.5,High,IQR 1.5x
ADM-00023556,PAT-0020015,ENT,Dr. Teerth Dewan,2026-01-13 04:24:49,13,False,False,True,3.0,6.0,-1.5,10.5,High,IQR 1.5x
ADM-00023568,PAT-0008134,Orthopedics,Dr. Chaitanya Buch,2024-06-14 20:41:46,13,True,True,True,3.0,6.0,-1.5,10.5,High,IQR 1.5x
ADM-00023584,PAT-0011947,Orthopedics,Dr. Samarth Nayar,2023-11-30 19:03:42,13,False,True,True,3.0,6.0,-1.5,10.5,High,IQR 1.5x
ADM-00049743,PAT-0008461,Emergency,Dr. Warjas Singhal,2023-10-17 11:19:55,13,True,True,True,3.0,6.0,-1.5,10.5,High,IQR 1.5x
ADM-00049746,PAT-0016083,Orthopedics,Dr. Amaira Pal,2024-02-27 13:28:22,13,False,False,True,3.0,6.0,-1.5,10.5,High,IQR 1.5x
ADM-00002289,PAT-0004316,Cardiology,Dr. Jackson Jhaveri,2025-07-01 19:02:20,13,False,False,True,3.0,6.0,-1.5,10.5,High,IQR 1.5x
ADM-00002323,PAT-0006552,General Medicine,Dr. Yatan Balay,2026-03-31 23:42:23,13,False,False,True,3.0,6.0,-1.5,10.5,High,IQR 1.5x
ADM-00049901,PAT-0007103,Neurology,Dr. Charan Murty,2024-07-29 18:53:35,13,True,True,True,3.0,6.0,-1.5,10.5,High,IQR 1.5x
ADM-00048625,PAT-0006308,Oncology,Dr. Chaitanya Banerjee,2024-01-06 06:23:10,13,False,False,True,3.0,6.0,-1.5,10.5,High,IQR 1.5x
ADM-00048842,PAT-0012927,General Medicine,Dr. Mekhala Mangat,2024-03-19 12:04:29,13,False,False,True,3.0,6.0,-1.5,10.5,High,IQR 1.5x
ADM-00048843,PAT-0017615,Pediatrics,Dr. Rajata Arora,2025-10-05 05:31:29,13,False,False,True,3.0,6.0,-1.5,10.5,High,IQR 1.5x
ADM-00049028,PAT-0023404,Orthopedics,Dr. Baghyawati Shroff,2026-07-17 19:45:01,13,False,False,True,3.0,6.0,-1.5,10.5,High,IQR 1.5x
ADM-00049101,PAT-0020720,Emergency,Dr. Kabir Wadhwa,2023-12-16 00:15:07,13,False,False,True,3.0,6.0,-1.5,10.5,High,IQR 1.5x
ADM-00049149,PAT-0013288,ENT,Dr. Teerth Dewan,2025-08-19 16:25:39,13,False,True,True,3.0,6.0,-1.5,10.5,High,IQR 1.5x
ADM-00049181,PAT-0013862,Orthopedics,Dr. Hemang Thaman,2025-11-24 17:56:50,13,False,True,True,3.0,6.0,-1.5,10.5,High,IQR 1.5x
ADM-00049200,PAT-0018846,Cardiology,Dr. Qadim Suresh,2025-04-01 23:34:16,13,False,True,True,3.0,6.0,-1.5,10.5,High,IQR 1.5x
ADM-00049243,PAT-0001137,Neurology,Dr. Nandini Anand,2025-07-09 11:26:39,13,False,False,True,3.0,6.0,-1.5,10.5,High,IQR 1.5x
ADM-00049363,PAT-0016659,Dermatology,Dr. David Narula,2025-07-13 22:47:49,13,True,True,True,3.0,6.0,-1.5,10.5,High,IQR 1.5x
ADM-00049472,PAT-0010668,Cardiology,Dr. Umang Konda,2024-03-31 06:29:19,13,False,True,True,3.0,6.0,-1.5,10.5,High,IQR 1.5x
ADM-00050651,PAT-0016322,Cardiology,Dr. Harrison Dora,2026-09-24 20:09:48,13,True,True,True,3.0,6.0,-1.5,10.5,High,IQR 1.5x
ADM-00050849,PAT-0024738,Dermatology,Dr. Umang Basu,2026-09-25 20:15:55,13,False,False,True,3.0,6.0,-1.5,10.5,High,IQR 1.5x
ADM-00051052,PAT-0021062,ENT,Dr. Dayamai Nazareth,2026-09-25 03:05:31,13,False,True,True,3.0,6.0,-1.5,10.5,High,IQR 1.5x
ADM-00002152,PAT-0011030,Pediatrics,Dr. Bhavya Kulkarni,2024-02-25 09:19:43,13,False,True,True,3.0,6.0,-1.5,10.5,High,IQR 1.5x
ADM-00002223,PAT-0021818,General Medicine,Dr. Dev Sangha,2025-09-30 02:51:43,13,False,False,True,3.0,6.0,-1.5,10.5,High,IQR 1.5x
ADM-00051096,PAT-0000844,Cardiology,Dr. Gauri Rajan,2026-09-26 09:00:03,13,False,True,True,3.0,6.0,-1.5,10.5,High,IQR 1.5x
ADM-00022607,PAT-0015109,General Medicine,Dr. Veer Merchant,2024-12-04 11:55:45,13,False,False,True,3.0,6.0,-1.5,10.5,High,IQR 1.5x
ADM-00022641,PAT-0017754,General Medicine,Dr. Elijah Nori,2026-06-24 06:58:34,13,True,True,True,3.0,6.0,-1.5,10.5,High,IQR 1.5x
ADM-00019673,PAT-0022960,Cardiology,Dr. Jalsa Choudhry,2025-01-18 03:52:53,13,True,False,True,3.0,6.0,-1.5,10.5,High,IQR 1.5x
ADM-00019698,PAT-0006385,Dermatology,Dr. Elijah Rege,2024-08-18 21:24:28,13,False,True,True,3.0,6.0,-1.5,10.5,High,IQR 1.5x
ADM-00019808,PAT-0021837,Neurology,Dr. Nandini Anand,2024-07-30 17:20:44,13,True,True,True,3.0,6.0,-1.5,10.5,High,IQR 1.5x
ADM-00019841,PAT-0006782,Cardiology,Dr. Umang Vaidya,2024-09-25 02:56:56,13,False,True,True,3.0,6.0,-1.5,10.5,High,IQR 1.5x
ADM-00022901,PAT-0012287,Emergency,Dr. Kavya Chaudhry,2024-08-28 22:31:06,13,False,True,True,3.0,6.0,-1.5,10.5,High,IQR 1.5x
ADM-00049567,PAT-0006029,ENT,Dr. Pushti Bhasin,2024-05-28 08:59:33,13,False,True,True,3.0,6.0,-1.5,10.5,High,IQR 1.5x
ADM-00049591,PAT-0005788,Emergency,Dr. Yahvi Jain,2024-02-03 10:48:08,13,False,True,True,3.0,6.0,-1.5,10.5,High,IQR 1.5x
ADM-00049622,PAT-0010150,ENT,Dr. Parth Muni,2024-12-16 13:11:38,13,False,True,True,3.0,6.0,-1.5,10.5,High,IQR 1.5x
ADM-00000620,PAT-0013330,General Medicine,Dr. Veer Merchant,2025-09-26 08:53:14,13,False,False,True,3.0,6.0,-1.5,10.5,High,IQR 1.5x
ADM-00000074,PAT-0009177,Cardiology,Dr. Qadim Suresh,2025-03-31 04:56:53,13,True,False,True,3.0,6.0,-1.5,10.5,High,IQR 1.5x
ADM-00000111,PAT-0013418,Emergency,Dr. Arin Tailor,2025-09-03 01:56:32,13,False,False,True,3.0,6.0,-1.5,10.5,High,IQR 1.5x
ADM-00000121,PAT-0016621,General Medicine,Dr. Vrinda Kale,2023-11-17 02:27:26,13,False,False,True,3.0,6.0,-1.5,10.5,High,IQR 1.5x
ADM-00000315,PAT-0011710,Oncology,Dr. Krishna Modi,2024-09-23 08:24:12,13,False,False,True,3.0,6.0,-1.5,10.5,High,IQR 1.5x
ADM-00052330,PAT-0001262,Emergency,Dr. Kavya Chaudhry,2026-09-25 14:25:01,13,True,True,True,3.0,6.0,-1.5,10.5,High,IQR 1.5x
ADM-00021620,PAT-0021724,ENT,Dr. Bahadurjit Sane,2024-12-01 09:33:49,13,False,False,True,3.0,6.0,-1.5,10.5,High,IQR 1.5x
ADM-00020553,PAT-0006661,Orthopedics,Dr. David Khosla,2025-04-01 16:02:24,13,False,False,True,3.0,6.0,-1.5,10.5,High,IQR 1.5x
ADM-00020592,PAT-0022387,Cardiology,Dr. Jalsa Choudhry,2025-05-26 13:44:19,13,False,True,True,3.0,6.0,-1.5,10.5,High,IQR 1.5x
ADM-00051778,PAT-0001262,Emergency,Dr. Kavya Chaudhry,2026-09-25 14:25:01,13,True,True,True,3.0,6.0,-1.5,10.5,High,IQR 1.5x
ADM-00051829,PAT-0021062,ENT,Dr. Dayamai Nazareth,2026-09-25 03:05:31,13,False,True,True,3.0,6.0,-1.5,10.5,High,IQR 1.5x
ADM-00000928,PAT-0004003,General Medicine,Dr. Mekhala Mangat,2025-04-09 12:56:36,13,False,True,True,3.0,6.0,-1.5,10.5,High,IQR 1.5x
ADM-00001010,PAT-0017536,General Medicine,Dr. Vrinda Kale,2024-02-07 19:55:20,13,False,True,True,3.0,6.0,-1.5,10.5,High,IQR 1.5x
ADM-00001027,PAT-0015691,General Medicine,Dr. Viraj Nair,2023-02-10 22:38:36,13,True,True,True,3.0,6.0,-1.5,10.5,High,IQR 1.5x
ADM-00001101,PAT-0016967,Cardiology,Dr. Qadim Suresh,2024-01-22 20:46:30,13,False,False,True,3.0,6.0,-1.5,10.5,High,IQR 1.5x
ADM-00051902,PAT-0024738,Dermatology,Dr. Umang Basu,2026-09-25 20:15:55,13,False,False,True,3.0,6.0,-1.5,10.5,High,IQR 1.5x
ADM-00036036,PAT-0000871,Orthopedics,Dr. Nathan Iyengar,2024-03-23 04:56:52,13,False,True,True,3.0,6.0,-1.5,10.5,High,IQR 1.5x
ADM-00010785,PAT-0005619,Emergency,Dr. Yahvi Jain,2023-05-26 10:17:40,13,False,False,True,3.0,6.0,-1.5,10.5,High,IQR 1.5x
ADM-00010805,PAT-0011239,Gynecology,Dr. Amol Gera,2023-05-29 04:56:31,13,False,True,True,3.0,6.0,-1.5,10.5,High,IQR 1.5x
ADM-00052454,PAT-0024738,Dermatology,Dr. Umang Basu,2026-09-25 20:15:55,13,False,False,True,3.0,6.0,-1.5,10.5,High,IQR 1.5x
ADM-00052606,PAT-0001262,Emergency,Dr. Kavya Chaudhry,2026-09-25 14:25:01,13,True,True,True,3.0,6.0,-1.5,10.5,High,IQR 1.5x
ADM-00021286,PAT-0003841,Neurology,Dr. Gabriel Sachdev,2024-10-18 22:45:15,13,False,False,True,3.0,6.0,-1.5,10.5,High,IQR 1.5x
ADM-00021297,PAT-0023631,Gynecology,Dr. Ekta Pai,2024-06-29 05:06:12,13,True,True,True,3.0,6.0,-1.5,10.5,High,IQR 1.5x
ADM-00021506,PAT-0006468,Gynecology,Dr. Amol Gera,2024-09-01 02:35:42,13,False,False,True,3.0,6.0,-1.5,10.5,High,IQR 1.5x
ADM-00020693,PAT-0009495,Gynecology,Dr. Zaitra Mahajan,2026-01-24 08:18:20,13,False,True,True,3.0,6.0,-1.5,10.5,High,IQR 1.5x
ADM-00020783,PAT-0007849,Dermatology,Dr. Umang Basu,2024-07-02 05:07:17,13,True,True,True,3.0,6.0,-1.5,10.5,High,IQR 1.5x
ADM-00020867,PAT-0015641,Emergency,Dr. Kavya Chaudhry,2026-08-17 06:59:07,13,False,True,True,3.0,6.0,-1.5,10.5,High,IQR 1.5x
ADM-00020899,PAT-0020142,ENT,Dr. Girindra Varty,2025-05-25 19:01:51,13,True,False,True,3.0,6.0,-1.5,10.5,High,IQR 1.5x
ADM-00052054,PAT-0001262,Emergency,Dr. Kavya Chaudhry,2026-09-25 14:25:01,13,True,True,True,3.0,6.0,-1.5,10.5,High,IQR 1.5x
ADM-00052105,PAT-0021062,ENT,Dr. Dayamai Nazareth,2026-09-25 03:05:31,13,False,True,True,3.0,6.0,-1.5,10.5,High,IQR 1.5x
ADM-00052178,PAT-0024738,Dermatology,Dr. Umang Basu,2026-09-25 20:15:55,13,False,False,True,3.0,6.0,-1.5,10.5,High,IQR 1.5x
ADM-00000545,PAT-0014413,Orthopedics,Dr. Hemang Thaman,2024-11-18 00:30:42,13,True,False,True,3.0,6.0,-1.5,10.5,High,IQR 1.5x
ADM-00052575,PAT-0017877,Orthopedics,Dr. Abha Mandal,2026-09-25 23:06:27,12,False,True,True,3.0,6.0,-1.5,10.5,High,IQR 1.5x
ADM-00052576,PAT-0010091,Oncology,Dr. Yahvi Raja,2026-09-25 04:57:27,12,False,True,True,3.0,6.0,-1.5,10.5,High,IQR 1.5x
ADM-00052613,PAT-0006274,Gynecology,Dr. Zaitra Mahajan,2026-09-25 05:28:17,12,False,True,True,3.0,6.0,-1.5,10.5,High,IQR 1.5x
ADM-00000150,PAT-0014065,Dermatology,Dr. Manan Saran,2025-12-16 03:29:01,12,False,True,True,3.0,6.0,-1.5,10.5,High,IQR 1.5x
ADM-00000161,PAT-0001918,Pediatrics,Dr. Yauvani Devan,2025-11-04 00:42:06,12,True,True,True,3.0,6.0,-1.5,10.5,High,IQR 1.5x
ADM-00052636,PAT-0009060,Gynecology,Dr. Warinder Sarin,2026-09-25 12:59:05,12,False,True,True,3.0,6.0,-1.5,10.5,High,IQR 1.5x
ADM-00051955,PAT-0008833,Emergency,Dr. Kavya Chaudhry,2026-09-25 11:20:35,12,False,False,True,3.0,6.0,-1.5,10.5,High,IQR 1.5x
ADM-00052023,PAT-0017877,Orthopedics,Dr. Abha Mandal,2026-09-25 23:06:27,12,False,True,True,3.0,6.0,-1.5,10.5,High,IQR 1.5x
ADM-00052024,PAT-0010091,Oncology,Dr. Yahvi Raja,2026-09-25 04:57:27,12,False,True,True,3.0,6.0,-1.5,10.5,High,IQR 1.5x
ADM-00021028,PAT-0014587,Cardiology,Dr. Yashodhara Sani,2025-03-15 01:05:04,12,False,False,True,3.0,6.0,-1.5,10.5,High,IQR 1.5x
ADM-00021031,PAT-0018237,Dermatology,Dr. Manan Saran,2024-10-30 12:23:43,12,False,False,True,3.0,6.0,-1.5,10.5,High,IQR 1.5x
ADM-00021033,PAT-0016544,Orthopedics,Dr. Anjali Patla,2024-05-29 04:35:18,12,False,False,True,3.0,6.0,-1.5,10.5,High,IQR 1.5x
ADM-00021617,PAT-0019558,Dermatology,Dr. Umang Basu,2023-06-06 04:21:24,12,False,False,True,3.0,6.0,-1.5,10.5,High,IQR 1.5x
ADM-00052231,PAT-0008833,Emergency,Dr. Kavya Chaudhry,2026-09-25 11:20:35,12,False,False,True,3.0,6.0,-1.5,10.5,High,IQR 1.5x
ADM-00000430,PAT-0001687,ENT,Dr. Yachana Vyas,2025-01-12 20:27:25,12,False,True,True,3.0,6.0,-1.5,10.5,High,IQR 1.5x
ADM-00000503,PAT-0006629,Oncology,Dr. Charles Bajaj,2023-07-12 12:57:09,12,False,False,True,3.0,6.0,-1.5,10.5,High,IQR 1.5x
ADM-00052061,PAT-0006274,Gynecology,Dr. Zaitra Mahajan,2026-09-25 05:28:17,12,False,True,True,3.0,6.0,-1.5,10.5,High,IQR 1.5x
ADM-00052084,PAT-0009060,Gynecology,Dr. Warinder Sarin,2026-09-25 12:59:05,12,False,True,True,3.0,6.0,-1.5,10.5,High,IQR 1.5x
ADM-00052107,PAT-0003346,Orthopedics,Dr. Amaira Pal,2026-09-25 22:24:13,12,False,False,True,3.0,6.0,-1.5,10.5,High,IQR 1.5x
ADM-00052119,PAT-0000469,Pediatrics,Dr. Chatura Dey,2026-09-25 17:35:13,12,False,False,True,3.0,6.0,-1.5,10.5,High,IQR 1.5x
ADM-00051808,PAT-0009060,Gynecology,Dr. Warinder Sarin,2026-09-25 12:59:05,12,False,True,True,3.0,6.0,-1.5,10.5,High,IQR 1.5x
ADM-00051831,PAT-0003346,Orthopedics,Dr. Amaira Pal,2026-09-25 22:24:13,12,False,False,True,3.0,6.0,-1.5,10.5,High,IQR 1.5x
ADM-00051843,PAT-0000469,Pediatrics,Dr. Chatura Dey,2026-09-25 17:35:13,12,False,False,True,3.0,6.0,-1.5,10.5,High,IQR 1.5x
ADM-00020254,PAT-0015080,Pediatrics,Dr. Zehaan Guha,2026-03-01 16:39:03,12,False,True,True,3.0,6.0,-1.5,10.5,High,IQR 1.5x
ADM-00020270,PAT-0001382,Neurology,Dr. Jagat Divan,2025-11-06 02:44:56,12,False,True,True,3.0,6.0,-1.5,10.5,High,IQR 1.5x
ADM-00020523,PAT-0020420,ENT,Dr. Bahadurjit Sane,2023-01-12 18:17:23,12,False,False,True,3.0,6.0,-1.5,10.5,High,IQR 1.5x
ADM-00020587,PAT-0008408,ENT,Dr. Yachana Vyas,2023-01-28 20:41:44,12,False,True,True,3.0,6.0,-1.5,10.5,High,IQR 1.5x
ADM-00021962,PAT-0021945,Oncology,Dr. Michael Pandya,2025-01-24 09:37:26,12,False,False,True,3.0,6.0,-1.5,10.5,High,IQR 1.5x
ADM-00021559,PAT-0017075,Emergency,Dr. Chaitaly Reddy,2023-06-24 01:37:50,12,False,False,True,3.0,6.0,-1.5,10.5,High,IQR 1.5x
ADM-00020850,PAT-0024464,Oncology,Dr. Zaid Vohra,2025-08-02 03:10:04,12,True,True,True,3.0,6.0,-1.5,10.5,High,IQR 1.5x
ADM-00000820,PAT-0019308,Emergency,Dr. Arin Tailor,2023-03-07 02:01:49,12,False,True,True,3.0,6.0,-1.5,10.5,High,IQR 1.5x
ADM-00000824,PAT-0011752,Gynecology,Dr. Sneha Mahal,2025-01-10 18:10:46,12,False,True,True,3.0,6.0,-1.5,10.5,High,IQR 1.5x
ADM-00001040,PAT-0012515,Orthopedics,Dr. Vinaya Amble,2023-08-14 03:19:14,12,False,False,True,3.0,6.0,-1.5,10.5,High,IQR 1.5x
ADM-00001049,PAT-0017895,Neurology,Dr. Urishilla Panchal,2025-11-10 17:54:17,12,False,False,True,3.0,6.0,-1.5,10.5,High,IQR 1.5x
ADM-00001146,PAT-0009800,ENT,Dr. Kritika Khurana,2023-02-08 01:59:18,12,False,True,True,3.0,6.0,-1.5,10.5,High,IQR 1.5x
ADM-00001150,PAT-0024132,ENT,Dr. Tanveer Pant,2026-04-18 01:29:32,12,True,True,True,3.0,6.0,-1.5,10.5,High,IQR 1.5x
ADM-00051747,PAT-0017877,Orthopedics,Dr. Abha Mandal,2026-09-25 23:06:27,12,False,True,True,3.0,6.0,-1.5,10.5,High,IQR 1.5x
ADM-00001319,PAT-0007517,General Medicine,Dr. Yatan Balay,2023-03-15 19:09:16,12,True,False,True,3.0,6.0,-1.5,10.5,High,IQR 1.5x
ADM-00022323,PAT-0014025,Gynecology,Dr. Tamanna Chander,2024-01-18 13:25:29,12,False,True,True,3.0,6.0,-1.5,10.5,High,IQR 1.5x
ADM-00022398,PAT-0006715,Neurology,Dr. Bhavini Maharaj,2024-04-17 03:15:15,12,False,False,True,3.0,6.0,-1.5,10.5,High,IQR 1.5x
ADM-00022425,PAT-0001463,ENT,Dr. Triya Sem,2024-06-04 12:04:32,12,False,False,True,3.0,6.0,-1.5,10.5,High,IQR 1.5x
ADM-00022517,PAT-0021919,Oncology,Dr. Inaya Warrior,2023-04-24 19:49:14,12,False,True,True,3.0,6.0,-1.5,10.5,High,IQR 1.5x
ADM-00021628,PAT-0001484,Gynecology,Dr. Warinder Sarin,2024-02-18 16:29:36,12,False,True,True,3.0,6.0,-1.5,10.5,High,IQR 1.5x
ADM-00021843,PAT-0019428,Cardiology,Dr. Nachiket Pandit,2025-05-03 10:35:44,12,False,False,True,3.0,6.0,-1.5,10.5,High,IQR 1.5x
ADM-00001396,PAT-0006344,Emergency,Dr. Kavya Chaudhry,2024-11-15 01:17:37,12,False,False,True,3.0,6.0,-1.5,10.5,High,IQR 1.5x
ADM-00001400,PAT-0022362,Emergency,Dr. Abhimanyu Buch,2025-11-03 11:14:48,12,False,True,True,3.0,6.0,-1.5,10.5,High,IQR 1.5x
ADM-00051748,PAT-0010091,Oncology,Dr. Yahvi Raja,2026-09-25 04:57:27,12,False,True,True,3.0,6.0,-1.5,10.5,High,IQR 1.5x
ADM-00051785,PAT-0006274,Gynecology,Dr. Zaitra Mahajan,2026-09-25 05:28:17,12,False,True,True,3.0,6.0,-1.5,10.5,High,IQR 1.5x
ADM-00051471,PAT-0017877,Orthopedics,Dr. Abha Mandal,2026-09-25 23:06:27,12,False,True,True,3.0,6.0,-1.5,10.5,High,IQR 1.5x
ADM-00051472,PAT-0010091,Oncology,Dr. Yahvi Raja,2026-09-25 04:57:27,12,False,True,True,3.0,6.0,-1.5,10.5,High,IQR 1.5x
ADM-00051521,PAT-0014302,General Medicine,Dr. Chatresh Viswanathan,2026-09-25 06:58:10,12,False,True,True,3.0,6.0,-1.5,10.5,High,IQR 1.5x
ADM-00051532,PAT-0009060,Gynecology,Dr. Warinder Sarin,2026-09-25 12:59:05,12,False,True,True,3.0,6.0,-1.5,10.5,High,IQR 1.5x
ADM-00051555,PAT-0003346,Orthopedics,Dr. Amaira Pal,2026-09-25 22:24:13,12,False,False,True,3.0,6.0,-1.5,10.5,High,IQR 1.5x
ADM-00051567,PAT-0000469,Pediatrics,Dr. Chatura Dey,2026-09-25 17:35:13,12,False,False,True,3.0,6.0,-1.5,10.5,High,IQR 1.5x
ADM-00051679,PAT-0008833,Emergency,Dr. Kavya Chaudhry,2026-09-25 11:20:35,12,False,False,True,3.0,6.0,-1.5,10.5,High,IQR 1.5x
ADM-00022662,PAT-0013343,ENT,Dr. Hema Rana,2023-10-12 01:48:41,12,False,False,True,3.0,6.0,-1.5,10.5,High,IQR 1.5x
ADM-00022678,PAT-0014829,Cardiology,Dr. Umang Vaidya,2023-07-06 14:35:02,12,False,True,True,3.0,6.0,-1.5,10.5,High,IQR 1.5x
ADM-00022059,PAT-0010485,Oncology,Dr. Janya Chawla,2024-09-01 19:26:30,12,False,False,True,3.0,6.0,-1.5,10.5,High,IQR 1.5x
ADM-00022070,PAT-0021096,Neurology,Dr. Nandini Anand,2023-03-22 05:34:15,12,False,True,True,3.0,6.0,-1.5,10.5,High,IQR 1.5x
ADM-00022201,PAT-0007733,Orthopedics,Dr. Nitara Choudhury,2024-01-04 23:42:22,12,False,True,True,3.0,6.0,-1.5,10.5,High,IQR 1.5x
ADM-00022216,PAT-0006079,Pediatrics,Dr. Damini Venkatesh,2025-08-04 17:38:17,12,True,False,True,3.0,6.0,-1.5,10.5,High,IQR 1.5x
ADM-00051285,PAT-0000085,General Medicine,Dr. Veer Merchant,2026-09-26 01:44:57,12,True,True,True,3.0,6.0,-1.5,10.5,High,IQR 1.5x
ADM-00001721,PAT-0004836,Emergency,Dr. Warjas Singhal,2024-09-16 18:01:13,12,False,False,True,3.0,6.0,-1.5,10.5,High,IQR 1.5x
ADM-00001727,PAT-0020484,Dermatology,Dr. Alexander Gulati,2026-02-15 15:37:49,12,False,True,True,3.0,6.0,-1.5,10.5,High,IQR 1.5x
ADM-00001804,PAT-0015757,ENT,Dr. Pushti Bhasin,2023-04-05 12:54:58,12,False,False,True,3.0,6.0,-1.5,10.5,High,IQR 1.5x
ADM-00051403,PAT-0008833,Emergency,Dr. Kavya Chaudhry,2026-09-25 11:20:35,12,False,False,True,3.0,6.0,-1.5,10.5,High,IQR 1.5x
ADM-00051054,PAT-0003346,Orthopedics,Dr. Amaira Pal,2026-09-25 22:24:13,12,False,False,True,3.0,6.0,-1.5,10.5,High,IQR 1.5x
ADM-00001912,PAT-0020483,Pediatrics,Dr. Zehaan Guha,2026-01-08 04:01:57,12,False,False,True,3.0,6.0,-1.5,10.5,High,IQR 1.5x
ADM-00001935,PAT-0008680,ENT,Dr. David Tak,2024-03-14 06:19:36,12,False,False,True,3.0,6.0,-1.5,10.5,High,IQR 1.5x
ADM-00001943,PAT-0017482,Emergency,Dr. Kabir Wadhwa,2025-02-27 14:44:09,12,True,False,True,3.0,6.0,-1.5,10.5,High,IQR 1.5x
ADM-00001986,PAT-0022249,Emergency,Dr. Eiravati Goda,2023-10-31 18:57:34,12,True,False,True,3.0,6.0,-1.5,10.5,High,IQR 1.5x
ADM-00019705,PAT-0022708,Emergency,Dr. Daksh Madan,2026-08-03 09:57:46,12,False,False,True,3.0,6.0,-1.5,10.5,High,IQR 1.5x
ADM-00019733,PAT-0002732,ENT,Dr. Girindra Sachar,2025-01-10 07:35:36,12,False,False,True,3.0,6.0,-1.5,10.5,High,IQR 1.5x
ADM-00019742,PAT-0011339,ENT,Dr. Pushti Bhasin,2026-01-18 19:21:34,12,False,True,True,3.0,6.0,-1.5,10.5,High,IQR 1.5x
ADM-00019805,PAT-0014407,Dermatology,Dr. Alexander Gulati,2023-11-21 09:39:17,12,True,True,True,3.0,6.0,-1.5,10.5,High,IQR 1.5x
ADM-00019833,PAT-0002172,Neurology,Dr. Jagat Divan,2023-06-06 23:53:27,12,False,False,True,3.0,6.0,-1.5,10.5,High,IQR 1.5x
ADM-00019904,PAT-0002623,Gynecology,Dr. Amol Gera,2025-01-24 00:53:32,12,False,False,True,3.0,6.0,-1.5,10.5,High,IQR 1.5x
ADM-00019988,PAT-0019317,Orthopedics,Dr. Abha Mandal,2026-06-24 19:28:02,12,False,True,True,3.0,6.0,-1.5,10.5,High,IQR 1.5x
ADM-00002011,PAT-0004130,Neurology,Dr. Gabriel Sachdev,2026-02-08 09:56:38,12,False,True,True,3.0,6.0,-1.5,10.5,High,IQR 1.5x
ADM-00002041,PAT-0006845,Emergency,Dr. Kabir Wadhwa,2026-08-18 13:58:28,12,False,True,True,3.0,6.0,-1.5,10.5,High,IQR 1.5x
ADM-00002192,PAT-0020082,Cardiology,Dr. Umang Vaidya,2023-10-16 00:06:33,12,False,False,True,3.0,6.0,-1.5,10.5,High,IQR 1.5x
ADM-00002217,PAT-0000470,Dermatology,Dr. Priya Malhotra,2025-12-29 17:50:07,12,False,False,True,3.0,6.0,-1.5,10.5,High,IQR 1.5x
ADM-00051066,PAT-0000469,Pediatrics,Dr. Chatura Dey,2026-09-25 17:35:13,12,False,False,True,3.0,6.0,-1.5,10.5,High,IQR 1.5x
ADM-00002498,PAT-0013549,Cardiology,Dr. Nachiket Pandit,2023-08-19 05:53:25,12,True,True,True,3.0,6.0,-1.5,10.5,High,IQR 1.5x
ADM-00049989,PAT-0001673,Pediatrics,Dr. Nakul Pathak,2024-07-06 11:32:50,12,True,False,True,3.0,6.0,-1.5,10.5,High,IQR 1.5x
ADM-00050902,PAT-0008833,Emergency,Dr. Kavya Chaudhry,2026-09-25 11:20:35,12,False,False,True,3.0,6.0,-1.5,10.5,High,IQR 1.5x
ADM-00050970,PAT-0017877,Orthopedics,Dr. Abha Mandal,2026-09-25 23:06:27,12,False,True,True,3.0,6.0,-1.5,10.5,High,IQR 1.5x
ADM-00050971,PAT-0010091,Oncology,Dr. Yahvi Raja,2026-09-25 04:57:27,12,False,True,True,3.0,6.0,-1.5,10.5,High,IQR 1.5x
ADM-00051020,PAT-0014302,General Medicine,Dr. Chatresh Viswanathan,2026-09-25 06:58:10,12,False,True,True,3.0,6.0,-1.5,10.5,High,IQR 1.5x
ADM-00051031,PAT-0009060,Gynecology,Dr. Warinder Sarin,2026-09-25 12:59:05,12,False,True,True,3.0,6.0,-1.5,10.5,High,IQR 1.5x
ADM-00049485,PAT-0013905,Dermatology,Dr. David Narula,2023-08-07 09:03:12,12,True,True,True,3.0,6.0,-1.5,10.5,High,IQR 1.5x
ADM-00049519,PAT-0017982,Gynecology,Dr. Warinder Sarin,2023-08-14 11:03:41,12,False,True,True,3.0,6.0,-1.5,10.5,High,IQR 1.5x
ADM-00049542,PAT-0015277,Gynecology,Dr. Shravya Ramanathan,2023-08-22 04:56:13,12,False,False,True,3.0,6.0,-1.5,10.5,High,IQR 1.5x
ADM-00049644,PAT-0001236,Orthopedics,Dr. Amaira Pal,2026-01-06 13:25:19,12,False,False,True,3.0,6.0,-1.5,10.5,High,IQR 1.5x
ADM-00019375,PAT-0021723,Gynecology,Dr. Ijaya Zachariah,2025-11-29 06:55:07,12,False,True,True,3.0,6.0,-1.5,10.5,High,IQR 1.5x
ADM-00019528,PAT-0024791,Cardiology,Dr. Balvan Bala,2024-05-26 20:17:58,12,False,False,True,3.0,6.0,-1.5,10.5,High,IQR 1.5x
ADM-00019659,PAT-0024590,ENT,Dr. Yachana Vyas,2026-02-03 02:26:00,12,False,True,True,3.0,6.0,-1.5,10.5,High,IQR 1.5x
ADM-00023242,PAT-0022131,Neurology,Dr. Wridesh Sheth,2023-01-02 05:45:52,12,False,True,True,3.0,6.0,-1.5,10.5,High,IQR 1.5x
ADM-00022831,PAT-0008979,Emergency,Dr. Krishna Palla,2024-10-24 20:21:24,12,False,False,True,3.0,6.0,-1.5,10.5,High,IQR 1.5x
ADM-00022859,PAT-0015338,Neurology,Dr. Jagrati Borde,2023-05-13 18:08:20,12,False,False,True,3.0,6.0,-1.5,10.5,High,IQR 1.5x
ADM-00002265,PAT-0018748,Neurology,Dr. Inaya Raman,2026-01-23 05:46:25,12,True,True,True,3.0,6.0,-1.5,10.5,High,IQR 1.5x
ADM-00002271,PAT-0017315,Oncology,Dr. Zilmil Aggarwal,2024-04-20 09:23:12,12,False,True,True,3.0,6.0,-1.5,10.5,High,IQR 1.5x
ADM-00002332,PAT-0021351,ENT,Dr. Teerth Dewan,2025-08-20 22:45:28,12,False,True,True,3.0,6.0,-1.5,10.5,High,IQR 1.5x
ADM-00002361,PAT-0009513,Cardiology,Dr. Gauri Rajan,2025-09-08 06:35:13,12,False,False,True,3.0,6.0,-1.5,10.5,High,IQR 1.5x
ADM-00002443,PAT-0011617,ENT,Dr. Kritika Khurana,2024-11-27 22:05:29,12,False,True,True,3.0,6.0,-1.5,10.5,High,IQR 1.5x
ADM-00002467,PAT-0001939,Cardiology,Dr. Balvan Bala,2026-05-22 22:05:03,12,False,False,True,3.0,6.0,-1.5,10.5,High,IQR 1.5x
ADM-00049423,PAT-0016570,Cardiology,Dr. Jalsa Choudhry,2026-05-10 03:39:09,12,True,True,True,3.0,6.0,-1.5,10.5,High,IQR 1.5x
ADM-00002652,PAT-0007630,General Medicine,Dr. Nathaniel Shan,2026-01-12 14:27:53,12,False,True,True,3.0,6.0,-1.5,10.5,High,IQR 1.5x
ADM-00002678,PAT-0006201,Oncology,Dr. Theodore Kannan,2023-12-13 05:00:08,12,True,True,True,3.0,6.0,-1.5,10.5,High,IQR 1.5x
ADM-00023615,PAT-0009919,General Medicine,Dr. Chatresh Batta,2023-09-01 14:17:16,12,False,False,True,3.0,6.0,-1.5,10.5,High,IQR 1.5x
ADM-00023633,PAT-0012988,Cardiology,Dr. Jalsa Choudhry,2025-04-02 23:15:25,12,False,True,True,3.0,6.0,-1.5,10.5,High,IQR 1.5x
ADM-00023756,PAT-0014626,Cardiology,Dr. Balvan Bala,2025-07-29 21:07:31,12,False,True,True,3.0,6.0,-1.5,10.5,High,IQR 1.5x
ADM-00023786,PAT-0021099,Oncology,Dr. Chaitanya Banerjee,2023-06-23 02:02:40,12,False,True,True,3.0,6.0,-1.5,10.5,High,IQR 1.5x
ADM-00023809,PAT-0020289,Emergency,Dr. Kavya Chaudhry,2023-12-10 00:11:40,12,False,False,True,3.0,6.0,-1.5,10.5,High,IQR 1.5x
ADM-00023916,PAT-0012258,Neurology,Dr. Bahadurjit Bose,2023-03-30 12:21:28,12,True,True,True,3.0,6.0,-1.5,10.5,High,IQR 1.5x
ADM-00023103,PAT-0003029,ENT,Dr. David Tak,2023-06-12 03:48:59,12,False,False,True,3.0,6.0,-1.5,10.5,High,IQR 1.5x
ADM-00002731,PAT-0001624,Pediatrics,Dr. Yauvani Devan,2023-11-17 16:07:11,12,False,True,True,3.0,6.0,-1.5,10.5,High,IQR 1.5x
ADM-00002866,PAT-0016857,Cardiology,Dr. Harrison Dora,2023-08-22 04:15:41,12,True,True,True,3.0,6.0,-1.5,10.5,High,IQR 1.5x
ADM-00002892,PAT-0018249,Neurology,Dr. Bhavini Maharaj,2026-05-07 09:26:26,12,False,False,True,3.0,6.0,-1.5,10.5,High,IQR 1.5x
ADM-00002949,PAT-0013070,Dermatology,Dr. Umang Basu,2025-02-16 13:08:54,12,True,False,True,3.0,6.0,-1.5,10.5,High,IQR 1.5x
ADM-00002962,PAT-0005787,Pediatrics,Dr. Jason Mukherjee,2025-12-02 08:02:32,12,False,False,True,3.0,6.0,-1.5,10.5,High,IQR 1.5x
ADM-00002984,PAT-0010781,Cardiology,Dr. Kamala Bhargava,2023-08-31 01:42:26,12,False,True,True,3.0,6.0,-1.5,10.5,High,IQR 1.5x
ADM-00049040,PAT-0017338,Neurology,Dr. Charan Murty,2024-09-24 00:52:33,12,True,False,True,3.0,6.0,-1.5,10.5,High,IQR 1.5x
ADM-00049044,PAT-0020617,Emergency,Dr. Yahvi Jain,2025-07-21 10:10:57,12,False,False,True,3.0,6.0,-1.5,10.5,High,IQR 1.5x
ADM-00019257,PAT-0018996,ENT,Dr. Yachana Vyas,2023-11-06 06:21:41,12,False,False,True,3.0,6.0,-1.5,10.5,High,IQR 1.5x
ADM-00023964,PAT-0010210,Cardiology,Dr. Faras Gade,2024-01-23 13:13:06,12,False,True,True,3.0,6.0,-1.5,10.5,High,IQR 1.5x
ADM-00023974,PAT-0015788,Dermatology,Dr. David Narula,2023-03-19 01:33:37,12,False,True,True,3.0,6.0,-1.5,10.5,High,IQR 1.5x
ADM-00023349,PAT-0002426,Gynecology,Dr. Shravya Ramanathan,2023-02-25 15:09:18,12,False,False,True,3.0,6.0,-1.5,10.5,High,IQR 1.5x
ADM-00023381,PAT-0005835,Orthopedics,Dr. Amaira Pal,2023-10-22 04:35:17,12,False,False,True,3.0,6.0,-1.5,10.5,High,IQR 1.5x
ADM-00023538,PAT-0009279,Neurology,Dr. Urishilla Panchal,2025-03-28 07:48:53,12,True,False,True,3.0,6.0,-1.5,10.5,High,IQR 1.5x
ADM-00023542,PAT-0024018,Pediatrics,Dr. Zehaan Guha,2024-12-20 11:08:58,12,True,False,True,3.0,6.0,-1.5,10.5,High,IQR 1.5x
ADM-00023549,PAT-0007506,Dermatology,Dr. Anya Bassi,2025-06-18 03:40:39,12,False,False,True,3.0,6.0,-1.5,10.5,High,IQR 1.5x
ADM-00049191,PAT-0009191,Emergency,Dr. Kabir Wadhwa,2023-03-26 13:21:33,12,True,False,True,3.0,6.0,-1.5,10.5,High,IQR 1.5x
ADM-00049293,PAT-0010559,General Medicine,Dr. Veer Merchant,2026-03-21 16:00:51,12,False,False,True,3.0,6.0,-1.5,10.5,High,IQR 1.5x
ADM-00049374,PAT-0017863,Emergency,Dr. Krishna Palla,2025-02-01 23:09:00,12,False,False,True,3.0,6.0,-1.5,10.5,High,IQR 1.5x
ADM-00049414,PAT-0001284,Orthopedics,Dr. Nitara Choudhury,2025-12-24 20:06:57,12,False,False,True,3.0,6.0,-1.5,10.5,High,IQR 1.5x
ADM-00048617,PAT-0015504,Neurology,Dr. Wridesh Sheth,2024-01-23 23:03:19,12,False,True,True,3.0,6.0,-1.5,10.5,High,IQR 1.5x
ADM-00018783,PAT-0023243,Neurology,Dr. Nandini Anand,2026-08-17 04:23:45,12,False,False,True,3.0,6.0,-1.5,10.5,High,IQR 1.5x
ADM-00018893,PAT-0000635,Gynecology,Dr. Shravya Ramanathan,2024-08-15 20:37:43,12,False,False,True,3.0,6.0,-1.5,10.5,High,IQR 1.5x
ADM-00018900,PAT-0009010,Gynecology,Dr. Amol Gera,2024-01-20 06:50:14,12,False,False,True,3.0,6.0,-1.5,10.5,High,IQR 1.5x
ADM-00019040,PAT-0017156,General Medicine,Dr. Veer Merchant,2025-01-01 04:32:13,12,False,True,True,3.0,6.0,-1.5,10.5,High,IQR 1.5x
ADM-00019104,PAT-0014811,Dermatology,Dr. Anya Bassi,2023-10-09 08:24:20,12,True,True,True,3.0,6.0,-1.5,10.5,High,IQR 1.5x
ADM-00019133,PAT-0020234,Pediatrics,Dr. Jason Mukherjee,2026-02-12 08:11:29,12,True,True,True,3.0,6.0,-1.5,10.5,High,IQR 1.5x
ADM-00019194,PAT-0010819,Neurology,Dr. Aashi Sangha,2024-04-08 12:50:23,12,True,True,True,3.0,6.0,-1.5,10.5,High,IQR 1.5x
ADM-00019209,PAT-0008182,Orthopedics,Dr. Vinaya Amble,2025-07-21 23:41:00,12,False,True,True,3.0,6.0,-1.5,10.5,High,IQR 1.5x
ADM-00048836,PAT-0005145,Pediatrics,Dr. Yauvani Devan,2026-06-27 23:51:36,12,False,True,True,3.0,6.0,-1.5,10.5,High,IQR 1.5x
ADM-00048885,PAT-0002563,General Medicine,Dr. Chatresh Viswanathan,2023-01-18 15:02:44,12,False,True,True,3.0,6.0,-1.5,10.5,High,IQR 1.5x
ADM-00048999,PAT-0001953,Gynecology,Dr. Warinder Sarin,2026-04-27 05:42:02,12,False,True,True,3.0,6.0,-1.5,10.5,High,IQR 1.5x
ADM-00049037,PAT-0014608,Orthopedics,Dr. Anjali Patla,2026-04-11 13:23:15,12,False,False,True,3.0,6.0,-1.5,10.5,High,IQR 1.5x
ADM-00048537,PAT-0004205,Oncology,Dr. Charles Bajaj,2026-08-27 00:56:41,12,False,True,True,3.0,6.0,-1.5,10.5,High,IQR 1.5x
ADM-00003043,PAT-0012857,General Medicine,Dr. Chatresh Viswanathan,2025-12-07 21:05:34,12,False,False,True,3.0,6.0,-1.5,10.5,High,IQR 1.5x
ADM-00003050,PAT-0014582,General Medicine,Dr. Mekhala Mangat,2024-04-05 03:30:05,12,False,True,True,3.0,6.0,-1.5,10.5,High,IQR 1.5x
ADM-00024537,PAT-0014618,ENT,Dr. Alexander Mitter,2023-01-16 09:05:24,12,False,False,True,3.0,6.0,-1.5,10.5,High,IQR 1.5x
ADM-00024582,PAT-0024643,Gynecology,Dr. Ekta Pai,2026-07-25 22:07:37,12,True,False,True,3.0,6.0,-1.5,10.5,High,IQR 1.5x
ADM-00024590,PAT-0003367,Emergency,Dr. Daksh Madan,2025-08-01 17:40:56,12,False,True,True,3.0,6.0,-1.5,10.5,High,IQR 1.5x
ADM-00024009,PAT-0000341,General Medicine,Dr. Veer Merchant,2026-08-11 22:08:02,12,False,True,True,3.0,6.0,-1.5,10.5,High,IQR 1.5x
ADM-00024044,PAT-0020874,Oncology,Dr. Zilmil Gade,2023-03-02 06:34:32,12,False,True,True,3.0,6.0,-1.5,10.5,High,IQR 1.5x
ADM-00018751,PAT-0008649,Oncology,Dr. Zaid Vohra,2024-03-01 19:54:15,12,False,False,True,3.0,6.0,-1.5,10.5,High,IQR 1.5x
ADM-00003065,PAT-0013038,Dermatology,Dr. Umang Basu,2025-03-16 09:08:41,12,False,True,True,3.0,6.0,-1.5,10.5,High,IQR 1.5x
ADM-00003076,PAT-0003427,Gynecology,Dr. Sneha Mahal,2024-11-29 12:45:49,12,False,True,True,3.0,6.0,-1.5,10.5,High,IQR 1.5x
ADM-00003165,PAT-0013783,Neurology,Dr. Jagrati Borde,2023-02-12 05:21:39,12,False,False,True,3.0,6.0,-1.5,10.5,High,IQR 1.5x
ADM-00048103,PAT-0016351,General Medicine,Dr. Yatan Balay,2023-08-04 17:35:39,12,False,False,True,3.0,6.0,-1.5,10.5,High,IQR 1.5x
ADM-00048150,PAT-0019749,Neurology,Dr. Bishakha Patel,2023-07-18 04:15:02,12,True,False,True,3.0,6.0,-1.5,10.5,High,IQR 1.5x
ADM-00048281,PAT-0024691,Dermatology,Dr. Alexander Gulati,2026-07-14 12:15:41,12,True,False,True,3.0,6.0,-1.5,10.5,High,IQR 1.5x
ADM-00048299,PAT-0020387,Dermatology,Dr. Krish Jhaveri,2024-10-09 05:10:56,12,False,True,True,3.0,6.0,-1.5,10.5,High,IQR 1.5x
ADM-00048401,PAT-0001280,Oncology,Dr. Lohit Upadhyay,2023-03-16 01:11:54,12,False,True,True,3.0,6.0,-1.5,10.5,High,IQR 1.5x
ADM-00048531,PAT-0013449,Gynecology,Dr. Bhanumati Minhas,2026-04-23 00:24:13,12,False,True,True,3.0,6.0,-1.5,10.5,High,IQR 1.5x
ADM-00047567,PAT-0006744,Cardiology,Dr. Jalsa Choudhry,2025-02-24 02:01:26,12,False,False,True,3.0,6.0,-1.5,10.5,High,IQR 1.5x
ADM-00047655,PAT-0001529,Neurology,Dr. Inaya Raman,2023-08-01 09:01:57,12,True,False,True,3.0,6.0,-1.5,10.5,High,IQR 1.5x
ADM-00047660,PAT-0011423,Emergency,Dr. Rehaan Lanka,2023-07-29 17:49:05,12,True,False,True,3.0,6.0,-1.5,10.5,High,IQR 1.5x
ADM-00018608,PAT-0006649,Dermatology,Dr. Robert Murthy,2024-11-08 05:49:02,12,False,False,True,3.0,6.0,-1.5,10.5,High,IQR 1.5x
ADM-00018701,PAT-0002880,ENT,Dr. Yamini Rau,2025-08-18 15:21:17,12,False,True,True,3.0,6.0,-1.5,10.5,High,IQR 1.5x
ADM-00024707,PAT-0000092,Cardiology,Dr. Vritti Cheema,2025-11-25 17:50:30,12,True,False,True,3.0,6.0,-1.5,10.5,High,IQR 1.5x
ADM-00024798,PAT-0010872,Cardiology,Dr. Jalsa Choudhry,2026-04-08 09:35:43,12,True,False,True,3.0,6.0,-1.5,10.5,High,IQR 1.5x
ADM-00024862,PAT-0015238,Emergency,Dr. Fariq Sangha,2025-07-18 22:02:09,12,False,True,True,3.0,6.0,-1.5,10.5,High,IQR 1.5x
ADM-00024304,PAT-0007203,Gynecology,Dr. Nisha Dhillon,2025-12-17 21:19:39,12,True,True,True,3.0,6.0,-1.5,10.5,High,IQR 1.5x
ADM-00024318,PAT-0013049,Gynecology,Dr. Nisha Dhillon,2023-06-09 06:47:13,12,False,False,True,3.0,6.0,-1.5,10.5,High,IQR 1.5x
ADM-00047892,PAT-0016386,Neurology,Dr. Inaya Raman,2023-06-23 14:14:36,12,False,False,True,3.0,6.0,-1.5,10.5,High,IQR 1.5x
ADM-00047922,PAT-0021845,ENT,Dr. Kritika Khurana,2026-06-04 06:58:01,12,False,False,True,3.0,6.0,-1.5,10.5,High,IQR 1.5x
ADM-00047963,PAT-0010405,Cardiology,Dr. Balvan Bala,2024-10-13 03:11:05,12,False,False,True,3.0,6.0,-1.5,10.5,High,IQR 1.5x
ADM-00048034,PAT-0021650,Neurology,Dr. Inaya Raman,2025-06-06 10:44:07,12,True,False,True,3.0,6.0,-1.5,10.5,High,IQR 1.5x
ADM-00047362,PAT-0010187,General Medicine,Dr. Viraj Nair,2023-08-05 01:35:22,12,False,False,True,3.0,6.0,-1.5,10.5,High,IQR 1.5x
ADM-00047473,PAT-0002066,Emergency,Dr. Arin Tailor,2024-04-15 04:36:07,12,False,True,True,3.0,6.0,-1.5,10.5,High,IQR 1.5x
ADM-00047509,PAT-0023114,Dermatology,Dr. Alexander Gulati,2026-04-25 18:14:06,12,False,False,True,3.0,6.0,-1.5,10.5,High,IQR 1.5x
ADM-00018040,PAT-0022936,Pediatrics,Dr. Jason Mukherjee,2026-07-08 07:40:29,12,False,False,True,3.0,6.0,-1.5,10.5,High,IQR 1.5x
ADM-00018128,PAT-0020857,Oncology,Dr. Zilmil Aggarwal,2023-02-19 04:50:56,12,False,True,True,3.0,6.0,-1.5,10.5,High,IQR 1.5x
ADM-00018304,PAT-0023701,Cardiology,Dr. Qadim Suresh,2026-01-08 15:42:47,12,False,True,True,3.0,6.0,-1.5,10.5,High,IQR 1.5x
ADM-00025021,PAT-0011418,Oncology,Dr. Chaitanya Banerjee,2026-04-27 21:23:18,12,False,False,True,3.0,6.0,-1.5,10.5,High,IQR 1.5x
ADM-00025048,PAT-0011647,Neurology,Dr. Jagrati Borde,2024-02-25 11:24:12,12,False,False,True,3.0,6.0,-1.5,10.5,High,IQR 1.5x
ADM-00018345,PAT-0000306,Emergency,Dr. Warjas Singhal,2025-08-05 05:23:51,12,False,False,True,3.0,6.0,-1.5,10.5,High,IQR 1.5x
ADM-00018474,PAT-0009481,Neurology,Dr. Aashi Sangha,2025-03-17 08:03:46,12,False,False,True,3.0,6.0,-1.5,10.5,High,IQR 1.5x
ADM-00018510,PAT-0015526,Pediatrics,Dr. Janya Biswas,2025-01-06 03:19:56,12,True,False,True,3.0,6.0,-1.5,10.5,High,IQR 1.5x
ADM-00003325,PAT-0016041,ENT,Dr. Sanya Arya,2024-07-30 04:53:13,12,False,False,True,3.0,6.0,-1.5,10.5,High,IQR 1.5x
ADM-00003356,PAT-0010699,Pediatrics,Dr. Nakul Pathak,2024-11-03 04:28:36,12,False,True,True,3.0,6.0,-1.5,10.5,High,IQR 1.5x
ADM-00003369,PAT-0012099,Oncology,Dr. Lohit Upadhyay,2025-10-06 14:59:46,12,False,True,True,3.0,6.0,-1.5,10.5,High,IQR 1.5x
ADM-00003472,PAT-0006906,Neurology,Dr. Ekantika Virk,2024-11-03 13:22:56,12,True,True,True,3.0,6.0,-1.5,10.5,High,IQR 1.5x
ADM-00003474,PAT-0004760,Neurology,Dr. Urishilla Panchal,2023-05-13 02:42:48,12,False,False,True,3.0,6.0,-1.5,10.5,High,IQR 1.5x
ADM-00003500,PAT-0012038,Oncology,Dr. Zaid Vohra,2023-02-19 18:10:42,12,False,True,True,3.0,6.0,-1.5,10.5,High,IQR 1.5x
ADM-00047556,PAT-0014733,Oncology,Dr. Michael Pandya,2024-03-31 12:28:34,12,True,False,True,3.0,6.0,-1.5,10.5,High,IQR 1.5x
ADM-00003501,PAT-0004658,ENT,Dr. Parth Muni,2023-01-06 23:48:46,12,False,True,True,3.0,6.0,-1.5,10.5,High,IQR 1.5x
ADM-00003610,PAT-0001699,Oncology,Dr. Zilmil Gade,2024-04-02 15:04:47,12,False,False,True,3.0,6.0,-1.5,10.5,High,IQR 1.5x
ADM-00017584,PAT-0003029,Oncology,Dr. Inaya Warrior,2023-03-01 00:34:05,12,True,True,True,3.0,6.0,-1.5,10.5,High,IQR 1.5x
ADM-00017612,PAT-0001540,Pediatrics,Dr. Jason Mukherjee,2025-11-02 13:19:47,12,False,False,True,3.0,6.0,-1.5,10.5,High,IQR 1.5x
ADM-00017857,PAT-0021880,Emergency,Dr. Krishna Palla,2025-04-03 06:51:32,12,False,False,True,3.0,6.0,-1.5,10.5,High,IQR 1.5x
ADM-00024917,PAT-0019397,Orthopedics,Dr. Nitara Choudhury,2023-05-17 14:27:45,12,False,False,True,3.0,6.0,-1.5,10.5,High,IQR 1.5x
ADM-00018005,PAT-0005323,Cardiology,Dr. Kamala Bhargava,2024-07-04 16:20:28,12,True,True,True,3.0,6.0,-1.5,10.5,High,IQR 1.5x
ADM-00003666,PAT-0021750,Neurology,Dr. Bahadurjit Bose,2023-06-13 07:03:06,12,False,True,True,3.0,6.0,-1.5,10.5,High,IQR 1.5x
ADM-00003752,PAT-0023275,Orthopedics,Dr. Samarth Nayar,2023-06-18 18:54:56,12,False,False,True,3.0,6.0,-1.5,10.5,High,IQR 1.5x
ADM-00003762,PAT-0019810,Neurology,Dr. Gabriel Sachdev,2024-12-06 15:14:24,12,False,False,True,3.0,6.0,-1.5,10.5,High,IQR 1.5x
ADM-00047172,PAT-0022927,Pediatrics,Dr. Yug Bali,2025-01-10 21:15:56,12,False,False,True,3.0,6.0,-1.5,10.5,High,IQR 1.5x
ADM-00047216,PAT-0024466,Cardiology,Dr. Gauri Rajan,2025-08-01 20:26:23,12,False,False,True,3.0,6.0,-1.5,10.5,High,IQR 1.5x
ADM-00046563,PAT-0010797,Neurology,Dr. Bishakha Patel,2023-08-22 09:56:25,12,False,False,True,3.0,6.0,-1.5,10.5,High,IQR 1.5x
ADM-00046595,PAT-0010270,Oncology,Dr. Zilmil Aggarwal,2025-07-02 20:06:32,12,False,True,True,3.0,6.0,-1.5,10.5,High,IQR 1.5x
ADM-00046719,PAT-0009169,General Medicine,Dr. Hemal Muni,2023-10-07 18:54:43,12,False,True,True,3.0,6.0,-1.5,10.5,High,IQR 1.5x
ADM-00025460,PAT-0012863,Neurology,Dr. Bhavini Maharaj,2023-09-13 15:27:02,12,False,False,True,3.0,6.0,-1.5,10.5,High,IQR 1.5x
ADM-00025491,PAT-0018849,Oncology,Dr. Om Mangat,2025-01-26 22:49:18,12,True,False,True,3.0,6.0,-1.5,10.5,High,IQR 1.5x
ADM-00025596,PAT-0019313,Pediatrics,Dr. Indrajit Cheema,2025-05-10 02:23:25,12,False,False,True,3.0,6.0,-1.5,10.5,High,IQR 1.5x
ADM-00025619,PAT-0008389,Oncology,Dr. Chaitanya Banerjee,2023-05-29 02:20:16,12,False,True,True,3.0,6.0,-1.5,10.5,High,IQR 1.5x
ADM-00025051,PAT-0021569,Orthopedics,Dr. Baghyawati Shroff,2023-04-09 02:47:48,12,False,True,True,3.0,6.0,-1.5,10.5,High,IQR 1.5x
ADM-00025081,PAT-0023989,Neurology,Dr. Bhavini Maharaj,2026-06-24 19:16:24,12,False,False,True,3.0,6.0,-1.5,10.5,High,IQR 1.5x
ADM-00025160,PAT-0016594,Emergency,Dr. Arin Tailor,2025-01-04 05:45:26,12,False,False,True,3.0,6.0,-1.5,10.5,High,IQR 1.5x
ADM-00025235,PAT-0005847,Cardiology,Dr. Balvan Bala,2023-10-30 17:53:18,12,False,False,True,3.0,6.0,-1.5,10.5,High,IQR 1.5x
ADM-00025256,PAT-0013103,Neurology,Dr. Jagat Divan,2025-12-05 18:03:01,12,False,True,True,3.0,6.0,-1.5,10.5,High,IQR 1.5x
ADM-00046895,PAT-0011361,Neurology,Dr. Bahadurjit Bose,2023-10-07 13:50:15,12,False,False,True,3.0,6.0,-1.5,10.5,High,IQR 1.5x
ADM-00046926,PAT-0010297,Neurology,Dr. Charan Murty,2026-03-05 01:57:33,12,False,False,True,3.0,6.0,-1.5,10.5,High,IQR 1.5x
ADM-00046946,PAT-0020203,Orthopedics,Dr. David Khosla,2025-06-01 04:41:20,12,False,False,True,3.0,6.0,-1.5,10.5,High,IQR 1.5x
ADM-00047048,PAT-0014876,Dermatology,Dr. Priya Malhotra,2023-06-07 10:50:29,12,False,False,True,3.0,6.0,-1.5,10.5,High,IQR 1.5x
ADM-00047094,PAT-0007719,Cardiology,Dr. Umang Vaidya,2023-07-10 03:14:51,12,True,True,True,3.0,6.0,-1.5,10.5,High,IQR 1.5x
ADM-00046400,PAT-0019480,Oncology,Dr. Chaitanya Singh,2026-09-04 06:30:48,12,False,False,True,3.0,6.0,-1.5,10.5,High,IQR 1.5x
ADM-00046484,PAT-0009326,Neurology,Dr. Anamika Johal,2025-01-27 13:00:28,12,False,True,True,3.0,6.0,-1.5,10.5,High,IQR 1.5x
ADM-00046491,PAT-0012107,General Medicine,Dr. Dhriti Devi,2024-03-22 23:01:21,12,False,False,True,3.0,6.0,-1.5,10.5,High,IQR 1.5x
ADM-00046492,PAT-0012717,Cardiology,Dr. Viraj Subramanian,2024-09-10 03:12:36,12,False,True,True,3.0,6.0,-1.5,10.5,High,IQR 1.5x
ADM-00017473,PAT-0002501,Oncology,Dr. Theodore Kannan,2024-01-09 10:27:34,12,False,True,True,3.0,6.0,-1.5,10.5,High,IQR 1.5x
ADM-00017474,PAT-0013402,Neurology,Dr. Anamika Johal,2023-04-08 16:43:48,12,False,False,True,3.0,6.0,-1.5,10.5,High,IQR 1.5x
ADM-00017491,PAT-0020288,Dermatology,Dr. Krish Jhaveri,2023-11-25 09:58:42,12,False,False,True,3.0,6.0,-1.5,10.5,High,IQR 1.5x
ADM-00017501,PAT-0018903,Gynecology,Dr. Ekta Pai,2024-03-04 22:26:00,12,False,True,True,3.0,6.0,-1.5,10.5,High,IQR 1.5x
ADM-00017515,PAT-0006108,Dermatology,Dr. Krish Jhaveri,2025-03-16 02:48:36,12,False,True,True,3.0,6.0,-1.5,10.5,High,IQR 1.5x
ADM-00025690,PAT-0001785,General Medicine,Dr. Mekhala Mangat,2026-03-31 02:54:55,12,False,True,True,3.0,6.0,-1.5,10.5,High,IQR 1.5x
ADM-00025698,PAT-0002467,Emergency,Dr. Kavya Chaudhry,2026-08-10 08:34:57,12,False,False,True,3.0,6.0,-1.5,10.5,High,IQR 1.5x
ADM-00025734,PAT-0010975,Orthopedics,Dr. Nitara Choudhury,2024-11-27 03:14:12,12,False,True,True,3.0,6.0,-1.5,10.5,High,IQR 1.5x
ADM-00025273,PAT-0018339,Emergency,Dr. Kabir Wadhwa,2025-03-09 17:22:22,12,False,False,True,3.0,6.0,-1.5,10.5,High,IQR 1.5x
ADM-00046548,PAT-0021936,ENT,Dr. Dalaja Pant,2025-08-04 10:08:33,12,False,False,True,3.0,6.0,-1.5,10.5,High,IQR 1.5x
ADM-00003901,PAT-0000510,ENT,Dr. Dayamai Nazareth,2025-02-05 18:05:20,12,True,True,True,3.0,6.0,-1.5,10.5,High,IQR 1.5x
ADM-00003913,PAT-0009826,Neurology,Dr. Urishilla Panchal,2025-02-01 05:39:44,12,False,False,True,3.0,6.0,-1.5,10.5,High,IQR 1.5x
ADM-00004025,PAT-0018593,General Medicine,Dr. Viraj Nair,2023-04-28 12:05:48,12,False,True,True,3.0,6.0,-1.5,10.5,High,IQR 1.5x
ADM-00004074,PAT-0003124,Orthopedics,Dr. Anjali Patla,2024-11-30 15:53:51,12,False,True,True,3.0,6.0,-1.5,10.5,High,IQR 1.5x
ADM-00004099,PAT-0004672,ENT,Dr. David Tak,2025-01-29 07:40:32,12,False,True,True,3.0,6.0,-1.5,10.5,High,IQR 1.5x
ADM-00046303,PAT-0014318,ENT,Dr. Parth Muni,2024-08-22 22:10:39,12,False,False,True,3.0,6.0,-1.5,10.5,High,IQR 1.5x
ADM-00004174,PAT-0012333,Cardiology,Dr. Vritti Cheema,2026-06-30 15:17:32,12,True,True,True,3.0,6.0,-1.5,10.5,High,IQR 1.5x
ADM-00004235,PAT-0017173,Emergency,Dr. Abhimanyu Buch,2024-06-14 12:42:08,12,False,False,True,3.0,6.0,-1.5,10.5,High,IQR 1.5x
ADM-00026030,PAT-0020206,ENT,Dr. Aadhya Prashad,2023-01-10 11:58:33,12,False,True,True,3.0,6.0,-1.5,10.5,High,IQR 1.5x
ADM-00026036,PAT-0005433,General Medicine,Dr. Vrinda Kale,2026-06-11 11:02:48,12,False,True,True,3.0,6.0,-1.5,10.5,High,IQR 1.5x
ADM-00026117,PAT-0015296,Dermatology,Dr. Umang Basu,2023-02-13 01:12:49,12,False,True,True,3.0,6.0,-1.5,10.5,High,IQR 1.5x
ADM-00026216,PAT-0021503,ENT,Dr. Parth Muni,2023-02-05 14:34:32,12,False,True,True,3.0,6.0,-1.5,10.5,High,IQR 1.5x
ADM-00025650,PAT-0003496,Cardiology,Dr. Umang Vaidya,2026-04-15 12:49:51,12,True,True,True,3.0,6.0,-1.5,10.5,High,IQR 1.5x
ADM-00017278,PAT-0017467,Oncology,Dr. Om Bajaj,2026-04-21 13:04:44,12,False,False,True,3.0,6.0,-1.5,10.5,High,IQR 1.5x
ADM-00004397,PAT-0006869,Emergency,Dr. Arin Tailor,2025-03-10 06:29:11,12,True,True,True,3.0,6.0,-1.5,10.5,High,IQR 1.5x
ADM-00004518,PAT-0015463,General Medicine,Dr. Vrinda Kale,2023-01-27 05:58:37,12,True,True,True,3.0,6.0,-1.5,10.5,High,IQR 1.5x
ADM-00004927,PAT-0000454,ENT,Dr. Azad Batra,2024-04-09 11:57:01,12,False,False,True,3.0,6.0,-1.5,10.5,High,IQR 1.5x
ADM-00045951,PAT-0015713,Cardiology,Dr. Qadim Suresh,2025-05-24 00:45:31,12,False,True,True,3.0,6.0,-1.5,10.5,High,IQR 1.5x
ADM-00045984,PAT-0015764,Dermatology,Dr. Elijah Rege,2025-01-15 22:06:29,12,False,True,True,3.0,6.0,-1.5,10.5,High,IQR 1.5x
ADM-00046114,PAT-0024620,Neurology,Dr. Anirudh Chaudhuri,2024-05-06 21:53:13,12,False,True,True,3.0,6.0,-1.5,10.5,High,IQR 1.5x
ADM-00046291,PAT-0013564,ENT,Dr. Pushti Bhasin,2024-07-01 02:31:17,12,False,False,True,3.0,6.0,-1.5,10.5,High,IQR 1.5x
ADM-00045589,PAT-0003085,Cardiology,Dr. Faras Gade,2026-08-26 10:46:00,12,False,True,True,3.0,6.0,-1.5,10.5,High,IQR 1.5x
ADM-00045609,PAT-0013496,ENT,Dr. Hema Rana,2025-03-05 23:02:09,12,True,True,True,3.0,6.0,-1.5,10.5,High,IQR 1.5x
ADM-00045645,PAT-0021702,Emergency,Dr. Arin Tailor,2025-01-24 08:47:33,12,True,False,True,3.0,6.0,-1.5,10.5,High,IQR 1.5x
ADM-00045672,PAT-0019280,Cardiology,Dr. Jalsa Choudhry,2026-08-25 01:03:10,12,True,True,True,3.0,6.0,-1.5,10.5,High,IQR 1.5x
ADM-00016950,PAT-0015246,Orthopedics,Dr. Vaishnavi Balay,2024-11-18 23:38:22,12,False,True,True,3.0,6.0,-1.5,10.5,High,IQR 1.5x
ADM-00016981,PAT-0024191,Orthopedics,Dr. Hemang Thaman,2024-12-17 01:37:41,12,False,True,True,3.0,6.0,-1.5,10.5,High,IQR 1.5x
ADM-00017008,PAT-0014884,General Medicine,Dr. Dev Sangha,2024-02-16 20:51:39,12,False,False,True,3.0,6.0,-1.5,10.5,High,IQR 1.5x
ADM-00017157,PAT-0020054,Dermatology,Dr. Elijah Rege,2025-01-05 08:29:39,12,False,False,True,3.0,6.0,-1.5,10.5,High,IQR 1.5x
ADM-00017200,PAT-0023903,ENT,Dr. Aadhya Prashad,2024-09-28 07:08:55,12,False,False,True,3.0,6.0,-1.5,10.5,High,IQR 1.5x
ADM-00025742,PAT-0010971,Pediatrics,Dr. Yauvani Devan,2025-01-31 00:35:04,12,False,True,True,3.0,6.0,-1.5,10.5,High,IQR 1.5x
ADM-00025780,PAT-0010083,Dermatology,Dr. David Narula,2024-04-09 06:19:29,12,False,False,True,3.0,6.0,-1.5,10.5,High,IQR 1.5x
ADM-00025865,PAT-0016405,Emergency,Dr. Daksh Madan,2026-02-26 15:31:39,12,True,False,True,3.0,6.0,-1.5,10.5,High,IQR 1.5x
ADM-00025889,PAT-0003692,General Medicine,Dr. Chatresh Viswanathan,2024-11-28 08:56:11,12,False,False,True,3.0,6.0,-1.5,10.5,High,IQR 1.5x
ADM-00045722,PAT-0001196,General Medicine,Dr. Dhriti Devi,2025-04-02 05:55:52,12,True,True,True,3.0,6.0,-1.5,10.5,High,IQR 1.5x
ADM-00004546,PAT-0007812,ENT,Dr. Alexander Mitter,2025-09-07 18:08:43,12,False,False,True,3.0,6.0,-1.5,10.5,High,IQR 1.5x
ADM-00004561,PAT-0004960,Oncology,Dr. Michael Pandya,2025-07-23 02:09:44,12,False,True,True,3.0,6.0,-1.5,10.5,High,IQR 1.5x
ADM-00004584,PAT-0016308,Pediatrics,Dr. Devansh Devan,2024-05-27 21:20:16,12,False,False,True,3.0,6.0,-1.5,10.5,High,IQR 1.5x
ADM-00004774,PAT-0017684,Emergency,Dr. Yahvi Jain,2026-07-04 16:52:41,12,False,False,True,3.0,6.0,-1.5,10.5,High,IQR 1.5x
ADM-00045531,PAT-0007367,General Medicine,Dr. Samesh Arora,2023-09-07 03:54:13,12,True,False,True,3.0,6.0,-1.5,10.5,High,IQR 1.5x
ADM-00045550,PAT-0020951,Pediatrics,Dr. Yug Bali,2026-08-15 17:11:46,12,False,False,True,3.0,6.0,-1.5,10.5,High,IQR 1.5x
ADM-00005045,PAT-0002317,Pediatrics,Dr. Jason Mukherjee,2023-01-07 15:31:47,12,False,True,True,3.0,6.0,-1.5,10.5,High,IQR 1.5x
ADM-00026820,PAT-0023318,Dermatology,Dr. Anya Bassi,2023-06-08 11:31:55,12,False,True,True,3.0,6.0,-1.5,10.5,High,IQR 1.5x
ADM-00026901,PAT-0020468,ENT,Dr. Dayamai Nazareth,2026-01-16 08:49:08,12,False,False,True,3.0,6.0,-1.5,10.5,High,IQR 1.5x
ADM-00026918,PAT-0013837,Oncology,Dr. Charles Bajaj,2025-04-13 16:30:30,12,False,False,True,3.0,6.0,-1.5,10.5,High,IQR 1.5x
ADM-00026945,PAT-0010429,Emergency,Dr. Eiravati Goda,2025-03-06 10:49:51,12,False,True,True,3.0,6.0,-1.5,10.5,High,IQR 1.5x
ADM-00026219,PAT-0009396,Cardiology,Dr. Balvan Bala,2025-10-08 07:35:36,12,False,True,True,3.0,6.0,-1.5,10.5,High,IQR 1.5x
ADM-00026271,PAT-0019171,Oncology,Dr. Om Bajaj,2025-12-31 14:44:59,12,False,False,True,3.0,6.0,-1.5,10.5,High,IQR 1.5x
ADM-00016809,PAT-0013086,ENT,Dr. Alexander Mitter,2026-05-13 20:08:21,12,False,False,True,3.0,6.0,-1.5,10.5,High,IQR 1.5x
ADM-00016836,PAT-0002466,Orthopedics,Dr. Vinaya Amble,2024-05-26 06:33:41,12,True,False,True,3.0,6.0,-1.5,10.5,High,IQR 1.5x
ADM-00005118,PAT-0002104,Cardiology,Dr. Jackson Jhaveri,2025-03-31 08:59:22,12,False,False,True,3.0,6.0,-1.5,10.5,High,IQR 1.5x
ADM-00005136,PAT-0024942,Neurology,Dr. Gabriel Sachdev,2023-09-06 08:39:42,12,False,False,True,3.0,6.0,-1.5,10.5,High,IQR 1.5x
ADM-00005192,PAT-0004579,Cardiology,Dr. Viraj Subramanian,2026-05-04 09:45:17,12,False,True,True,3.0,6.0,-1.5,10.5,High,IQR 1.5x
ADM-00005225,PAT-0022628,Oncology,Dr. David Deshmukh,2023-07-24 17:10:09,12,True,True,True,3.0,6.0,-1.5,10.5,High,IQR 1.5x
ADM-00045560,PAT-0019639,Dermatology,Dr. Lajita Bora,2023-10-29 14:52:27,12,False,True,True,3.0,6.0,-1.5,10.5,High,IQR 1.5x
ADM-00045574,PAT-0001775,Dermatology,Dr. Robert Murthy,2026-02-16 15:39:54,12,False,False,True,3.0,6.0,-1.5,10.5,High,IQR 1.5x
ADM-00045169,PAT-0015134,General Medicine,Dr. Hemal Muni,2024-07-29 08:59:31,12,False,False,True,3.0,6.0,-1.5,10.5,High,IQR 1.5x
ADM-00045219,PAT-0004171,ENT,Dr. Girindra Varty,2026-01-03 17:51:13,12,True,False,True,3.0,6.0,-1.5,10.5,High,IQR 1.5x
ADM-00016641,PAT-0001766,ENT,Dr. Kritika Khurana,2025-08-05 06:38:58,12,False,False,True,3.0,6.0,-1.5,10.5,High,IQR 1.5x
ADM-00016648,PAT-0001517,Neurology,Dr. Reva Sidhu,2026-02-23 12:37:19,12,False,True,True,3.0,6.0,-1.5,10.5,High,IQR 1.5x
ADM-00026580,PAT-0009640,Dermatology,Dr. Lajita Bora,2023-08-27 10:13:24,12,False,False,True,3.0,6.0,-1.5,10.5,High,IQR 1.5x
ADM-00026583,PAT-0010924,Neurology,Dr. Bishakha Patel,2025-10-02 05:53:45,12,True,False,True,3.0,6.0,-1.5,10.5,High,IQR 1.5x
ADM-00026684,PAT-0016280,Pediatrics,Dr. Jason Mukherjee,2025-12-14 08:10:57,12,False,True,True,3.0,6.0,-1.5,10.5,High,IQR 1.5x
ADM-00026756,PAT-0006611,Pediatrics,Dr. Chatura Dey,2024-04-20 00:14:23,12,False,False,True,3.0,6.0,-1.5,10.5,High,IQR 1.5x
ADM-00045262,PAT-0016569,ENT,Dr. Yachana Vyas,2023-05-04 06:57:52,12,True,True,True,3.0,6.0,-1.5,10.5,High,IQR 1.5x
ADM-00045293,PAT-0011799,Dermatology,Dr. Krish Jhaveri,2025-10-02 02:44:24,12,False,False,True,3.0,6.0,-1.5,10.5,High,IQR 1.5x
ADM-00045329,PAT-0001189,General Medicine,Dr. Viraj Nair,2024-04-22 10:58:52,12,False,False,True,3.0,6.0,-1.5,10.5,High,IQR 1.5x
ADM-00045374,PAT-0018882,Neurology,Dr. Anamika Johal,2025-07-21 17:20:50,12,False,True,True,3.0,6.0,-1.5,10.5,High,IQR 1.5x
ADM-00045503,PAT-0020692,ENT,Dr. David Tak,2025-08-06 00:36:55,12,False,False,True,3.0,6.0,-1.5,10.5,High,IQR 1.5x
ADM-00044865,PAT-0020944,Gynecology,Dr. Ijaya Zachariah,2025-09-30 07:47:13,12,False,True,True,3.0,6.0,-1.5,10.5,High,IQR 1.5x
ADM-00044911,PAT-0017547,General Medicine,Dr. Vrinda Kale,2025-05-23 14:03:56,12,False,True,True,3.0,6.0,-1.5,10.5,High,IQR 1.5x
ADM-00005275,PAT-0001941,Dermatology,Dr. Michael Rastogi,2025-04-26 18:03:14,12,False,True,True,3.0,6.0,-1.5,10.5,High,IQR 1.5x
ADM-00005333,PAT-0003396,Emergency,Dr. Yahvi Jain,2025-10-19 12:41:16,12,False,False,True,3.0,6.0,-1.5,10.5,High,IQR 1.5x
ADM-00027556,PAT-0021225,Emergency,Dr. Warjas Singhal,2026-07-25 07:57:10,12,False,True,True,3.0,6.0,-1.5,10.5,High,IQR 1.5x
ADM-00027711,PAT-0023651,Orthopedics,Dr. Chaitanya Buch,2025-08-20 22:39:04,12,False,False,True,3.0,6.0,-1.5,10.5,High,IQR 1.5x
ADM-00027787,PAT-0007675,Gynecology,Dr. Amol Gera,2025-11-23 01:19:29,12,False,True,True,3.0,6.0,-1.5,10.5,High,IQR 1.5x
ADM-00027018,PAT-0022341,General Medicine,Dr. Mekhala Mangat,2024-05-10 06:01:26,12,False,False,True,3.0,6.0,-1.5,10.5,High,IQR 1.5x
ADM-00027180,PAT-0006339,ENT,Dr. Teerth Dewan,2024-06-11 18:33:27,12,False,False,True,3.0,6.0,-1.5,10.5,High,IQR 1.5x
ADM-00005527,PAT-0004660,Gynecology,Dr. Bhanumati Minhas,2024-09-13 08:21:18,12,True,True,True,3.0,6.0,-1.5,10.5,High,IQR 1.5x
ADM-00044537,PAT-0016348,Neurology,Dr. Jagat Divan,2026-05-21 03:08:00,12,False,False,True,3.0,6.0,-1.5,10.5,High,IQR 1.5x
ADM-00044556,PAT-0023801,Pediatrics,Dr. Nakul Pathak,2023-01-01 10:15:50,12,False,True,True,3.0,6.0,-1.5,10.5,High,IQR 1.5x
ADM-00044578,PAT-0022629,ENT,Dr. Aarnav Barman,2026-02-27 19:55:29,12,False,False,True,3.0,6.0,-1.5,10.5,High,IQR 1.5x
ADM-00044630,PAT-0015905,Neurology,Dr. Anamika Johal,2026-02-23 23:02:01,12,True,False,True,3.0,6.0,-1.5,10.5,High,IQR 1.5x
ADM-00044653,PAT-0010061,General Medicine,Dr. Dev Sangha,2024-05-01 11:26:16,12,True,False,True,3.0,6.0,-1.5,10.5,High,IQR 1.5x
ADM-00044675,PAT-0024743,ENT,Dr. Dayamai Nazareth,2026-03-11 01:21:58,12,False,True,True,3.0,6.0,-1.5,10.5,High,IQR 1.5x
ADM-00016422,PAT-0016694,General Medicine,Dr. Dev Sangha,2025-03-08 08:29:32,12,False,True,True,3.0,6.0,-1.5,10.5,High,IQR 1.5x
ADM-00028032,PAT-0004197,Gynecology,Dr. Shravya Ramanathan,2024-06-18 07:47:18,12,False,True,True,3.0,6.0,-1.5,10.5,High,IQR 1.5x
ADM-00027365,PAT-0004304,Cardiology,Dr. Nachiket Pandit,2024-03-16 20:56:48,12,False,True,True,3.0,6.0,-1.5,10.5,High,IQR 1.5x
ADM-00027396,PAT-0017537,Oncology,Dr. Lohit Upadhyay,2024-06-26 07:05:49,12,False,False,True,3.0,6.0,-1.5,10.5,High,IQR 1.5x
ADM-00027435,PAT-0012240,General Medicine,Dr. Chatresh Viswanathan,2025-05-06 06:53:31,12,False,False,True,3.0,6.0,-1.5,10.5,High,IQR 1.5x
ADM-00027547,PAT-0011757,Neurology,Dr. Jagat Divan,2025-02-16 02:45:44,12,False,False,True,3.0,6.0,-1.5,10.5,High,IQR 1.5x
ADM-00044725,PAT-0012548,General Medicine,Dr. Dev Sangha,2025-07-07 06:54:44,12,False,True,True,3.0,6.0,-1.5,10.5,High,IQR 1.5x
ADM-00044770,PAT-0021539,Emergency,Dr. Eiravati Goda,2025-10-23 14:26:54,12,False,False,True,3.0,6.0,-1.5,10.5,High,IQR 1.5x
ADM-00044774,PAT-0009639,Neurology,Dr. Ekantika Virk,2025-09-21 13:23:20,12,False,False,True,3.0,6.0,-1.5,10.5,High,IQR 1.5x
ADM-00044784,PAT-0020930,Cardiology,Dr. Qadim Suresh,2023-05-04 00:04:08,12,False,True,True,3.0,6.0,-1.5,10.5,High,IQR 1.5x
ADM-00044821,PAT-0003243,Cardiology,Dr. Balvan Bala,2026-01-30 12:34:52,12,True,False,True,3.0,6.0,-1.5,10.5,High,IQR 1.5x
ADM-00005564,PAT-0023278,Cardiology,Dr. Yashodhara Sani,2024-01-31 22:48:53,12,False,False,True,3.0,6.0,-1.5,10.5,High,IQR 1.5x
ADM-00005572,PAT-0011282,Pediatrics,Dr. Jason Mukherjee,2024-06-09 07:44:18,12,True,False,True,3.0,6.0,-1.5,10.5,High,IQR 1.5x
ADM-00005574,PAT-0006990,Emergency,Dr. Kabir Wadhwa,2025-04-06 01:02:38,12,False,True,True,3.0,6.0,-1.5,10.5,High,IQR 1.5x
ADM-00005686,PAT-0013127,Neurology,Dr. Charan Murty,2025-08-14 00:49:37,12,False,True,True,3.0,6.0,-1.5,10.5,High,IQR 1.5x
ADM-00005703,PAT-0024968,Gynecology,Dr. Sneha Mahal,2024-09-22 15:53:43,12,False,True,True,3.0,6.0,-1.5,10.5,High,IQR 1.5x
ADM-00016127,PAT-0009221,Pediatrics,Dr. Zehaan Guha,2025-04-02 11:55:47,12,False,False,True,3.0,6.0,-1.5,10.5,High,IQR 1.5x
ADM-00016155,PAT-0001711,Orthopedics,Dr. Falguni Kumar,2024-07-09 17:37:11,12,True,True,True,3.0,6.0,-1.5,10.5,High,IQR 1.5x
ADM-00016225,PAT-0004372,Pediatrics,Dr. Indrajit Cheema,2023-03-28 18:34:10,12,False,True,True,3.0,6.0,-1.5,10.5,High,IQR 1.5x
ADM-00028197,PAT-0009991,ENT,Dr. Pushti Bhasin,2024-11-10 20:33:52,12,True,True,True,3.0,6.0,-1.5,10.5,High,IQR 1.5x
ADM-00028230,PAT-0000034,Oncology,Dr. Chaitanya Banerjee,2026-04-03 22:22:54,12,False,False,True,3.0,6.0,-1.5,10.5,High,IQR 1.5x
ADM-00028235,PAT-0010417,Gynecology,Dr. Nisha Dhillon,2023-09-01 18:13:10,12,False,False,True,3.0,6.0,-1.5,10.5,High,IQR 1.5x
ADM-00027829,PAT-0009976,Pediatrics,Dr. Damini Venkatesh,2025-02-27 08:19:45,12,False,True,True,3.0,6.0,-1.5,10.5,High,IQR 1.5x
ADM-00016264,PAT-0015970,Orthopedics,Dr. Warhi Raja,2023-10-07 09:54:28,12,False,True,True,3.0,6.0,-1.5,10.5,High,IQR 1.5x
ADM-00016309,PAT-0012156,ENT,Dr. Girindra Varty,2023-12-24 11:13:49,12,True,True,True,3.0,6.0,-1.5,10.5,High,IQR 1.5x
ADM-00016346,PAT-0015546,Oncology,Dr. Theodore Kannan,2025-03-20 03:10:11,12,False,False,True,3.0,6.0,-1.5,10.5,High,IQR 1.5x
ADM-00005704,PAT-0017603,Oncology,Dr. Zaid Vohra,2026-08-17 22:52:08,12,False,True,True,3.0,6.0,-1.5,10.5,High,IQR 1.5x
ADM-00005711,PAT-0020495,Pediatrics,Dr. Damini Venkatesh,2023-02-14 23:53:59,12,False,True,True,3.0,6.0,-1.5,10.5,High,IQR 1.5x
ADM-00044442,PAT-0009062,Oncology,Dr. Om Mangat,2024-08-28 14:53:46,12,False,True,True,3.0,6.0,-1.5,10.5,High,IQR 1.5x
ADM-00044457,PAT-0022322,Gynecology,Dr. Shravya Ramanathan,2024-11-19 17:29:07,12,False,True,True,3.0,6.0,-1.5,10.5,High,IQR 1.5x
ADM-00044529,PAT-0018216,Dermatology,Dr. Robert Murthy,2025-08-10 21:09:53,12,False,False,True,3.0,6.0,-1.5,10.5,High,IQR 1.5x
ADM-00043539,PAT-0024369,Emergency,Dr. Rehaan Lanka,2024-06-19 04:58:58,12,True,False,True,3.0,6.0,-1.5,10.5,High,IQR 1.5x
ADM-00043706,PAT-0007560,ENT,Dr. Parth Muni,2025-08-23 00:41:52,12,False,True,True,3.0,6.0,-1.5,10.5,High,IQR 1.5x
ADM-00028521,PAT-0000279,Neurology,Dr. Charan Murty,2023-10-28 09:21:51,12,False,False,True,3.0,6.0,-1.5,10.5,High,IQR 1.5x
ADM-00028530,PAT-0003844,Emergency,Dr. Kavya Chaudhry,2024-09-01 01:33:05,12,False,True,True,3.0,6.0,-1.5,10.5,High,IQR 1.5x
ADM-00028668,PAT-0002362,Gynecology,Dr. Sneha Mahal,2023-03-11 14:31:38,12,False,False,True,3.0,6.0,-1.5,10.5,High,IQR 1.5x
ADM-00028151,PAT-0007852,Oncology,Dr. Zilmil Gade,2025-04-07 20:41:08,12,False,True,True,3.0,6.0,-1.5,10.5,High,IQR 1.5x
ADM-00015961,PAT-0021102,Orthopedics,Dr. Anjali Patla,2026-02-27 08:36:22,12,False,False,True,3.0,6.0,-1.5,10.5,High,IQR 1.5x
ADM-00044052,PAT-0022848,Emergency,Dr. Krishna Palla,2024-04-06 00:39:52,12,False,False,True,3.0,6.0,-1.5,10.5,High,IQR 1.5x
ADM-00044120,PAT-0012352,Neurology,Dr. Ranbir Sarma,2026-06-23 19:24:53,12,False,True,True,3.0,6.0,-1.5,10.5,High,IQR 1.5x
ADM-00044212,PAT-0017480,ENT,Dr. Tanveer Pant,2026-06-08 13:24:10,12,False,True,True,3.0,6.0,-1.5,10.5,High,IQR 1.5x
ADM-00006171,PAT-0016870,Emergency,Dr. Yahvi Jain,2025-08-08 02:25:36,12,False,True,True,3.0,6.0,-1.5,10.5,High,IQR 1.5x
ADM-00006212,PAT-0004124,Pediatrics,Dr. Unnati Mall,2026-01-17 01:51:17,12,False,False,True,3.0,6.0,-1.5,10.5,High,IQR 1.5x
ADM-00006336,PAT-0019613,General Medicine,Dr. Vrinda Kale,2025-04-20 17:03:02,12,False,True,True,3.0,6.0,-1.5,10.5,High,IQR 1.5x
ADM-00005799,PAT-0020482,Neurology,Dr. Nandini Anand,2025-05-30 21:52:54,12,True,False,True,3.0,6.0,-1.5,10.5,High,IQR 1.5x
ADM-00005853,PAT-0001619,Pediatrics,Dr. Jason Mukherjee,2024-10-13 19:18:14,12,True,False,True,3.0,6.0,-1.5,10.5,High,IQR 1.5x
ADM-00005886,PAT-0006135,General Medicine,Dr. Chatresh Batta,2024-11-17 19:47:20,12,False,False,True,3.0,6.0,-1.5,10.5,High,IQR 1.5x
ADM-00005992,PAT-0014518,Oncology,Dr. Zilmil Gade,2026-02-18 05:12:46,12,False,False,True,3.0,6.0,-1.5,10.5,High,IQR 1.5x
ADM-00043083,PAT-0010259,Gynecology,Dr. Ekta Pai,2024-02-13 13:40:53,12,False,False,True,3.0,6.0,-1.5,10.5,High,IQR 1.5x
ADM-00043129,PAT-0004489,ENT,Dr. Laban Kala,2025-07-03 23:55:01,12,False,False,True,3.0,6.0,-1.5,10.5,High,IQR 1.5x
ADM-00043130,PAT-0017900,Pediatrics,Dr. Yug Bali,2024-04-22 01:01:33,12,True,False,True,3.0,6.0,-1.5,10.5,High,IQR 1.5x
ADM-00043221,PAT-0005324,Emergency,Dr. Warjas Singhal,2024-11-27 00:31:53,12,True,False,True,3.0,6.0,-1.5,10.5,High,IQR 1.5x
ADM-00043248,PAT-0010606,Emergency,Dr. Chaitaly Reddy,2023-01-07 09:11:44,12,False,True,True,3.0,6.0,-1.5,10.5,High,IQR 1.5x
ADM-00015684,PAT-0005446,Neurology,Dr. Kamala Barad,2023-06-19 14:00:09,12,False,True,True,3.0,6.0,-1.5,10.5,High,IQR 1.5x
ADM-00015692,PAT-0010094,General Medicine,Dr. Elijah Nori,2024-05-27 02:22:23,12,False,False,True,3.0,6.0,-1.5,10.5,High,IQR 1.5x
ADM-00015797,PAT-0008045,General Medicine,Dr. Yatan Balay,2023-09-23 10:06:16,12,False,False,True,3.0,6.0,-1.5,10.5,High,IQR 1.5x
ADM-00015798,PAT-0017917,ENT,Dr. Alexander Mitter,2026-01-18 18:33:36,12,False,False,True,3.0,6.0,-1.5,10.5,High,IQR 1.5x
ADM-00028972,PAT-0015512,Neurology,Dr. Jagrati Borde,2023-02-08 13:53:20,12,True,False,True,3.0,6.0,-1.5,10.5,High,IQR 1.5x
ADM-00028299,PAT-0016759,Emergency,Dr. Eiravati Goda,2023-07-04 06:33:07,12,True,True,True,3.0,6.0,-1.5,10.5,High,IQR 1.5x
ADM-00028417,PAT-0002704,Emergency,Dr. Fariq Sangha,2024-12-08 17:35:42,12,True,False,True,3.0,6.0,-1.5,10.5,High,IQR 1.5x
ADM-00028428,PAT-0016960,Pediatrics,Dr. Damini Venkatesh,2024-12-01 21:03:17,12,False,True,True,3.0,6.0,-1.5,10.5,High,IQR 1.5x
ADM-00043320,PAT-0002791,Neurology,Dr. Wridesh Sheth,2024-11-09 09:19:46,12,False,False,True,3.0,6.0,-1.5,10.5,High,IQR 1.5x
ADM-00043453,PAT-0001969,Oncology,Dr. Om Bajaj,2024-10-05 00:33:35,12,False,True,True,3.0,6.0,-1.5,10.5,High,IQR 1.5x
ADM-00043457,PAT-0011788,Neurology,Dr. Jagrati Borde,2025-05-11 07:28:18,12,False,False,True,3.0,6.0,-1.5,10.5,High,IQR 1.5x
ADM-00043470,PAT-0003121,Cardiology,Dr. Qadim Suresh,2025-08-10 01:05:18,12,False,True,True,3.0,6.0,-1.5,10.5,High,IQR 1.5x
ADM-00043488,PAT-0004594,Cardiology,Dr. Vritti Cheema,2025-05-01 13:54:45,12,True,False,True,3.0,6.0,-1.5,10.5,High,IQR 1.5x
ADM-00042868,PAT-0010964,Orthopedics,Dr. Anjali Patla,2025-06-27 05:21:25,12,False,False,True,3.0,6.0,-1.5,10.5,High,IQR 1.5x
ADM-00042873,PAT-0012813,General Medicine,Dr. Dev Sangha,2024-08-30 18:38:17,12,True,True,True,3.0,6.0,-1.5,10.5,High,IQR 1.5x
ADM-00042936,PAT-0014871,Neurology,Dr. Reva Sidhu,2026-07-19 15:40:28,12,False,True,True,3.0,6.0,-1.5,10.5,High,IQR 1.5x
ADM-00006542,PAT-0009415,Neurology,Dr. Jagrati Borde,2025-04-15 00:19:41,12,False,False,True,3.0,6.0,-1.5,10.5,High,IQR 1.5x
ADM-00006627,PAT-0011244,Neurology,Dr. Anamika Johal,2026-05-26 23:44:01,12,False,True,True,3.0,6.0,-1.5,10.5,High,IQR 1.5x
ADM-00014992,PAT-0010326,Gynecology,Dr. Tamanna Chander,2025-10-21 22:38:30,12,False,True,True,3.0,6.0,-1.5,10.5,High,IQR 1.5x
ADM-00015096,PAT-0017664,Pediatrics,Dr. Zehaan Guha,2026-04-02 21:29:13,12,True,True,True,3.0,6.0,-1.5,10.5,High,IQR 1.5x
ADM-00015224,PAT-0003335,Gynecology,Dr. Tamanna Chander,2024-11-03 10:56:33,12,False,False,True,3.0,6.0,-1.5,10.5,High,IQR 1.5x
ADM-00015316,PAT-0020803,Orthopedics,Dr. Amaira Seshadri,2024-12-07 12:42:23,12,False,True,True,3.0,6.0,-1.5,10.5,High,IQR 1.5x
ADM-00029140,PAT-0001792,General Medicine,Dr. Vrinda Kale,2025-09-22 19:51:18,12,False,True,True,3.0,6.0,-1.5,10.5,High,IQR 1.5x
ADM-00028811,PAT-0002579,Gynecology,Dr. Bhanumati Minhas,2025-05-27 05:38:09,12,False,True,True,3.0,6.0,-1.5,10.5,High,IQR 1.5x
ADM-00028825,PAT-0021249,Oncology,Dr. Om Mangat,2023-01-12 21:15:23,12,False,False,True,3.0,6.0,-1.5,10.5,High,IQR 1.5x
ADM-00015392,PAT-0006256,Orthopedics,Dr. Anjali Patla,2023-08-04 06:34:28,12,True,False,True,3.0,6.0,-1.5,10.5,High,IQR 1.5x
ADM-00029317,PAT-0024269,General Medicine,Dr. Vrinda Kale,2023-08-16 10:43:03,12,False,False,True,3.0,6.0,-1.5,10.5,High,IQR 1.5x
ADM-00029332,PAT-0022535,Neurology,Dr. Urishilla Panchal,2024-07-03 09:16:43,12,True,True,True,3.0,6.0,-1.5,10.5,High,IQR 1.5x
ADM-00029017,PAT-0009140,Oncology,Dr. Inaya Warrior,2026-03-16 07:05:54,12,False,False,True,3.0,6.0,-1.5,10.5,High,IQR 1.5x
ADM-00014843,PAT-0008783,Dermatology,Dr. Manan Saran,2024-09-06 22:30:34,12,True,False,True,3.0,6.0,-1.5,10.5,High,IQR 1.5x
ADM-00014876,PAT-0019024,Emergency,Dr. Arin Tailor,2024-01-12 05:53:37,12,False,False,True,3.0,6.0,-1.5,10.5,High,IQR 1.5x
ADM-00014983,PAT-0014126,General Medicine,Dr. Dhriti Devi,2025-02-26 11:36:45,12,False,False,True,3.0,6.0,-1.5,10.5,High,IQR 1.5x
ADM-00006777,PAT-0022789,Dermatology,Dr. Krish Jhaveri,2024-05-13 01:25:14,12,True,False,True,3.0,6.0,-1.5,10.5,High,IQR 1.5x
ADM-00042949,PAT-0023520,Pediatrics,Dr. Janya Biswas,2023-05-28 10:15:59,12,False,True,True,3.0,6.0,-1.5,10.5,High,IQR 1.5x
ADM-00043067,PAT-0009657,General Medicine,Dr. Vrinda Kale,2023-11-14 01:51:28,12,False,False,True,3.0,6.0,-1.5,10.5,High,IQR 1.5x
ADM-00042685,PAT-0009761,Dermatology,Dr. Alexander Gulati,2025-07-22 23:55:04,12,False,True,True,3.0,6.0,-1.5,10.5,High,IQR 1.5x
ADM-00006798,PAT-0018599,General Medicine,Dr. Veer Merchant,2025-02-13 17:51:05,12,False,False,True,3.0,6.0,-1.5,10.5,High,IQR 1.5x
ADM-00006913,PAT-0001704,Dermatology,Dr. Lajita Bora,2025-12-13 06:35:56,12,True,False,True,3.0,6.0,-1.5,10.5,High,IQR 1.5x
ADM-00006972,PAT-0007432,Dermatology,Dr. Michael Rastogi,2024-01-26 15:04:13,12,False,False,True,3.0,6.0,-1.5,10.5,High,IQR 1.5x
ADM-00042761,PAT-0017472,Dermatology,Dr. Lajita Bora,2023-11-10 11:11:15,12,True,False,True,3.0,6.0,-1.5,10.5,High,IQR 1.5x
ADM-00042791,PAT-0022007,Pediatrics,Dr. Rajata Arora,2023-12-31 03:10:05,12,False,True,True,3.0,6.0,-1.5,10.5,High,IQR 1.5x
ADM-00042805,PAT-0020149,Dermatology,Dr. Manan Saran,2023-07-14 12:08:06,12,False,True,True,3.0,6.0,-1.5,10.5,High,IQR 1.5x
ADM-00042130,PAT-0023922,Emergency,Dr. Fariq Sangha,2025-09-02 22:10:33,12,False,True,True,3.0,6.0,-1.5,10.5,High,IQR 1.5x
ADM-00042168,PAT-0006316,Dermatology,Dr. Michael Rastogi,2024-12-09 21:13:05,12,False,False,True,3.0,6.0,-1.5,10.5,High,IQR 1.5x
ADM-00014525,PAT-0011153,Gynecology,Dr. Sneha Mahal,2023-02-08 03:42:20,12,False,True,True,3.0,6.0,-1.5,10.5,High,IQR 1.5x
ADM-00014717,PAT-0001491,ENT,Dr. Dalaja Pant,2024-02-08 23:59:22,12,True,False,True,3.0,6.0,-1.5,10.5,High,IQR 1.5x
ADM-00014725,PAT-0012599,Gynecology,Dr. Warinder Sarin,2023-01-15 14:19:55,12,False,True,True,3.0,6.0,-1.5,10.5,High,IQR 1.5x
ADM-00029729,PAT-0023835,Oncology,Dr. Vrishti Bedi,2026-06-13 08:11:56,12,False,True,True,3.0,6.0,-1.5,10.5,High,IQR 1.5x
ADM-00029174,PAT-0005492,Gynecology,Dr. Bhanumati Minhas,2023-10-04 00:24:59,12,False,True,True,3.0,6.0,-1.5,10.5,High,IQR 1.5x
ADM-00042268,PAT-0021324,General Medicine,Dr. Nathaniel Shan,2023-06-13 14:58:16,12,False,False,True,3.0,6.0,-1.5,10.5,High,IQR 1.5x
ADM-00042269,PAT-0019172,Pediatrics,Dr. Devansh Devan,2025-04-04 14:26:12,12,False,False,True,3.0,6.0,-1.5,10.5,High,IQR 1.5x
ADM-00042393,PAT-0000908,Dermatology,Dr. Michael Rastogi,2024-10-18 17:05:01,12,False,False,True,3.0,6.0,-1.5,10.5,High,IQR 1.5x
ADM-00042406,PAT-0015958,Oncology,Dr. Zaid Vohra,2024-06-13 18:40:06,12,True,True,True,3.0,6.0,-1.5,10.5,High,IQR 1.5x
ADM-00042425,PAT-0005164,Cardiology,Dr. Harrison Dora,2024-03-27 12:13:15,12,False,True,True,3.0,6.0,-1.5,10.5,High,IQR 1.5x
ADM-00041966,PAT-0019568,Dermatology,Dr. Anya Bassi,2026-06-30 19:00:05,12,True,True,True,3.0,6.0,-1.5,10.5,High,IQR 1.5x
ADM-00007307,PAT-0006324,Pediatrics,Dr. Indrajit Cheema,2023-03-19 08:18:19,12,True,True,True,3.0,6.0,-1.5,10.5,High,IQR 1.5x
ADM-00007351,PAT-0019907,Gynecology,Dr. Ekta Pai,2024-02-16 15:24:37,12,False,True,True,3.0,6.0,-1.5,10.5,High,IQR 1.5x
ADM-00042108,PAT-0021332,Gynecology,Dr. Nisha Dhillon,2025-04-28 07:29:31,12,False,True,True,3.0,6.0,-1.5,10.5,High,IQR 1.5x
ADM-00007402,PAT-0020218,Emergency,Dr. Kavya Chaudhry,2023-03-17 23:08:06,12,False,True,True,3.0,6.0,-1.5,10.5,High,IQR 1.5x
ADM-00007416,PAT-0017785,Gynecology,Dr. Ekta Pai,2024-09-21 04:48:15,12,False,True,True,3.0,6.0,-1.5,10.5,High,IQR 1.5x
ADM-00007521,PAT-0001936,ENT,Dr. Dalaja Pant,2025-09-18 00:22:47,12,False,False,True,3.0,6.0,-1.5,10.5,High,IQR 1.5x
ADM-00029877,PAT-0011650,Gynecology,Dr. Ekta Pai,2024-04-29 09:45:02,12,False,True,True,3.0,6.0,-1.5,10.5,High,IQR 1.5x
ADM-00029902,PAT-0000644,Dermatology,Dr. David Narula,2023-02-14 13:04:18,12,False,False,True,3.0,6.0,-1.5,10.5,High,IQR 1.5x
ADM-00029567,PAT-0010934,Orthopedics,Dr. Vaishnavi Balay,2026-07-02 16:11:54,12,False,False,True,3.0,6.0,-1.5,10.5,High,IQR 1.5x
ADM-00029707,PAT-0010985,Orthopedics,Dr. Fitan Ratti,2023-10-16 12:38:58,12,False,False,True,3.0,6.0,-1.5,10.5,High,IQR 1.5x
ADM-00007625,PAT-0023692,Dermatology,Dr. Manan Saran,2024-05-20 01:45:09,12,False,True,True,3.0,6.0,-1.5,10.5,High,IQR 1.5x
ADM-00007687,PAT-0003882,Gynecology,Dr. Nisha Dhillon,2024-01-11 02:14:50,12,False,True,True,3.0,6.0,-1.5,10.5,High,IQR 1.5x
ADM-00041522,PAT-0003766,Oncology,Dr. Om Mangat,2025-05-29 10:26:01,12,False,False,True,3.0,6.0,-1.5,10.5,High,IQR 1.5x
ADM-00041711,PAT-0007679,Neurology,Dr. Jagrati Borde,2025-10-15 18:38:06,12,False,True,True,3.0,6.0,-1.5,10.5,High,IQR 1.5x
ADM-00040797,PAT-0004886,Oncology,Dr. Janya Chawla,2024-02-19 05:01:27,12,False,True,True,3.0,6.0,-1.5,10.5,High,IQR 1.5x
ADM-00040922,PAT-0017310,Gynecology,Dr. Amol Gera,2023-12-25 12:00:44,12,False,False,True,3.0,6.0,-1.5,10.5,High,IQR 1.5x
ADM-00007850,PAT-0011426,Cardiology,Dr. Kamala Bhargava,2025-05-29 15:40:58,12,False,False,True,3.0,6.0,-1.5,10.5,High,IQR 1.5x
ADM-00007948,PAT-0019833,Gynecology,Dr. Ijaya Zachariah,2024-04-11 02:24:00,12,False,True,True,3.0,6.0,-1.5,10.5,High,IQR 1.5x
ADM-00040963,PAT-0001355,Pediatrics,Dr. Bhavya Kulkarni,2024-04-13 23:06:56,12,False,False,True,3.0,6.0,-1.5,10.5,High,IQR 1.5x
ADM-00040287,PAT-0001879,Cardiology,Dr. Viraj Subramanian,2024-05-22 11:25:16,12,False,False,True,3.0,6.0,-1.5,10.5,High,IQR 1.5x
ADM-00040297,PAT-0020113,Cardiology,Dr. Ayushman Roy,2023-01-29 01:16:41,12,False,False,True,3.0,6.0,-1.5,10.5,High,IQR 1.5x
ADM-00008079,PAT-0018492,Emergency,Dr. Kabir Wadhwa,2024-05-04 11:40:23,12,False,False,True,3.0,6.0,-1.5,10.5,High,IQR 1.5x
ADM-00008087,PAT-0014429,Cardiology,Dr. Yashodhara Sani,2024-02-16 12:37:20,12,False,True,True,3.0,6.0,-1.5,10.5,High,IQR 1.5x
ADM-00014416,PAT-0002486,ENT,Dr. David Tak,2023-06-14 03:05:32,12,False,False,True,3.0,6.0,-1.5,10.5,High,IQR 1.5x
ADM-00014441,PAT-0013637,Neurology,Dr. Jagat Divan,2026-03-03 02:13:56,12,False,True,True,3.0,6.0,-1.5,10.5,High,IQR 1.5x
ADM-00014502,PAT-0006243,ENT,Dr. Triya Sem,2024-02-14 09:30:10,12,True,False,True,3.0,6.0,-1.5,10.5,High,IQR 1.5x
ADM-00029744,PAT-0009630,Oncology,Dr. Krishna Modi,2026-05-02 06:52:48,12,False,False,True,3.0,6.0,-1.5,10.5,High,IQR 1.5x
ADM-00029811,PAT-0011484,Oncology,Dr. Vrishti Bedi,2024-02-26 19:05:36,12,False,False,True,3.0,6.0,-1.5,10.5,High,IQR 1.5x
ADM-00008139,PAT-0005163,Oncology,Dr. Om Bajaj,2023-11-08 02:15:03,12,False,False,True,3.0,6.0,-1.5,10.5,High,IQR 1.5x
ADM-00008328,PAT-0003793,Pediatrics,Dr. Yug Bali,2025-03-16 02:17:50,12,False,True,True,3.0,6.0,-1.5,10.5,High,IQR 1.5x
ADM-00008352,PAT-0009706,Gynecology,Dr. Zaitra Mahajan,2025-06-15 03:32:52,12,False,True,True,3.0,6.0,-1.5,10.5,High,IQR 1.5x
ADM-00040743,PAT-0015793,General Medicine,Dr. Dev Sangha,2026-08-14 07:39:40,12,True,False,True,3.0,6.0,-1.5,10.5,High,IQR 1.5x
ADM-00040199,PAT-0012375,General Medicine,Dr. Yatan Balay,2025-07-17 00:06:30,12,False,False,True,3.0,6.0,-1.5,10.5,High,IQR 1.5x
ADM-00008356,PAT-0014482,Orthopedics,Dr. Abha Mandal,2025-01-09 08:27:11,12,False,False,True,3.0,6.0,-1.5,10.5,High,IQR 1.5x
ADM-00008412,PAT-0007261,Dermatology,Dr. Anya Bassi,2023-12-30 00:04:20,12,False,False,True,3.0,6.0,-1.5,10.5,High,IQR 1.5x
ADM-00030707,PAT-0020876,Neurology,Dr. Inaya Raman,2026-01-10 01:16:43,12,False,False,True,3.0,6.0,-1.5,10.5,High,IQR 1.5x
ADM-00030763,PAT-0000520,Pediatrics,Dr. Unnati Mall,2024-11-05 05:32:24,12,False,False,True,3.0,6.0,-1.5,10.5,High,IQR 1.5x
ADM-00030786,PAT-0010082,Pediatrics,Dr. Unnati Mall,2025-03-29 15:39:40,12,False,True,True,3.0,6.0,-1.5,10.5,High,IQR 1.5x
ADM-00030848,PAT-0021578,Orthopedics,Dr. Amaira Pal,2024-03-20 11:50:48,12,True,False,True,3.0,6.0,-1.5,10.5,High,IQR 1.5x
ADM-00030251,PAT-0014520,Emergency,Dr. Warjas Singhal,2025-07-03 07:09:37,12,False,True,True,3.0,6.0,-1.5,10.5,High,IQR 1.5x
ADM-00030266,PAT-0012057,Orthopedics,Dr. Falguni Kumar,2024-11-28 21:17:39,12,True,False,True,3.0,6.0,-1.5,10.5,High,IQR 1.5x
ADM-00014010,PAT-0018811,Pediatrics,Dr. Unnati Mall,2025-02-27 20:35:33,12,False,False,True,3.0,6.0,-1.5,10.5,High,IQR 1.5x
ADM-00014172,PAT-0011811,Gynecology,Dr. Bhanumati Minhas,2025-05-02 20:37:05,12,False,False,True,3.0,6.0,-1.5,10.5,High,IQR 1.5x
ADM-00008551,PAT-0004254,ENT,Dr. Hema Rana,2023-06-02 16:35:55,12,True,False,True,3.0,6.0,-1.5,10.5,High,IQR 1.5x
ADM-00040277,PAT-0023518,Orthopedics,Dr. Fitan Ratti,2024-03-04 13:38:28,12,False,True,True,3.0,6.0,-1.5,10.5,High,IQR 1.5x
ADM-00039353,PAT-0013200,Orthopedics,Dr. Chaitanya Buch,2023-03-22 12:46:15,12,False,True,True,3.0,6.0,-1.5,10.5,High,IQR 1.5x
ADM-00039734,PAT-0002005,Neurology,Dr. Gabriel Sachdev,2026-09-09 05:35:21,12,True,False,True,3.0,6.0,-1.5,10.5,High,IQR 1.5x
ADM-00039988,PAT-0022102,General Medicine,Dr. Mekhala Mangat,2024-10-16 01:54:03,12,True,False,True,3.0,6.0,-1.5,10.5,High,IQR 1.5x
ADM-00040024,PAT-0018836,Cardiology,Dr. Nachiket Pandit,2025-08-09 08:37:29,12,False,True,True,3.0,6.0,-1.5,10.5,High,IQR 1.5x
ADM-00040058,PAT-0021687,General Medicine,Dr. Nathaniel Shan,2024-09-22 00:58:15,12,False,True,True,3.0,6.0,-1.5,10.5,High,IQR 1.5x
ADM-00040085,PAT-0007467,Orthopedics,Dr. Hemang Thaman,2024-04-01 13:14:27,12,True,False,True,3.0,6.0,-1.5,10.5,High,IQR 1.5x
ADM-00040123,PAT-0002935,Orthopedics,Dr. Falguni Kumar,2023-02-19 06:08:46,12,False,False,True,3.0,6.0,-1.5,10.5,High,IQR 1.5x
ADM-00040175,PAT-0004168,Cardiology,Dr. Ayushman Roy,2026-04-05 22:12:35,12,True,False,True,3.0,6.0,-1.5,10.5,High,IQR 1.5x
ADM-00039101,PAT-0013560,Orthopedics,Dr. Hemang Thaman,2024-12-04 14:59:59,12,False,False,True,3.0,6.0,-1.5,10.5,High,IQR 1.5x
ADM-00039210,PAT-0003067,Gynecology,Dr. Zaitra Mahajan,2026-01-19 01:08:16,12,False,True,True,3.0,6.0,-1.5,10.5,High,IQR 1.5x
ADM-00039216,PAT-0008221,Pediatrics,Dr. Bhavya Kulkarni,2024-11-30 05:29:01,12,False,False,True,3.0,6.0,-1.5,10.5,High,IQR 1.5x
ADM-00039342,PAT-0017656,Emergency,Dr. Abhimanyu Buch,2025-05-08 03:24:46,12,False,False,True,3.0,6.0,-1.5,10.5,High,IQR 1.5x
ADM-00013932,PAT-0005502,Gynecology,Dr. Ijaya Zachariah,2023-04-18 17:26:29,12,False,True,True,3.0,6.0,-1.5,10.5,High,IQR 1.5x
ADM-00013938,PAT-0008739,Emergency,Dr. Abhimanyu Buch,2023-03-12 08:07:10,12,False,True,True,3.0,6.0,-1.5,10.5,High,IQR 1.5x
ADM-00031019,PAT-0022467,Orthopedics,Dr. Amaira Pal,2023-08-13 10:26:02,12,True,True,True,3.0,6.0,-1.5,10.5,High,IQR 1.5x
ADM-00031052,PAT-0008562,Orthopedics,Dr. Hemang Thaman,2025-01-03 18:15:49,12,False,False,True,3.0,6.0,-1.5,10.5,High,IQR 1.5x
ADM-00031056,PAT-0005532,Oncology,Dr. Vrishti Bedi,2023-11-15 18:31:02,12,False,True,True,3.0,6.0,-1.5,10.5,High,IQR 1.5x
ADM-00030549,PAT-0017710,Pediatrics,Dr. Janya Biswas,2025-01-23 05:40:34,12,False,False,True,3.0,6.0,-1.5,10.5,High,IQR 1.5x
ADM-00030551,PAT-0009969,Pediatrics,Dr. Yug Bali,2025-05-01 05:48:05,12,False,True,True,3.0,6.0,-1.5,10.5,High,IQR 1.5x
ADM-00030554,PAT-0019512,General Medicine,Dr. Chatresh Viswanathan,2024-11-05 04:53:44,12,False,False,True,3.0,6.0,-1.5,10.5,High,IQR 1.5x
ADM-00039347,PAT-0023576,Gynecology,Dr. Zaitra Mahajan,2024-11-29 12:10:00,12,False,True,True,3.0,6.0,-1.5,10.5,High,IQR 1.5x
ADM-00008743,PAT-0015663,Pediatrics,Dr. Yauvani Devan,2024-12-06 18:59:04,12,False,False,True,3.0,6.0,-1.5,10.5,High,IQR 1.5x
ADM-00008916,PAT-0001743,Pediatrics,Dr. Devansh Devan,2024-12-17 03:49:49,12,False,True,True,3.0,6.0,-1.5,10.5,High,IQR 1.5x
ADM-00008962,PAT-0005842,Pediatrics,Dr. Damini Venkatesh,2025-05-20 21:45:53,12,False,False,True,3.0,6.0,-1.5,10.5,High,IQR 1.5x
ADM-00008991,PAT-0012235,Oncology,Dr. Om Bajaj,2026-04-08 06:52:41,12,False,False,True,3.0,6.0,-1.5,10.5,High,IQR 1.5x
ADM-00009079,PAT-0010773,ENT,Dr. David Tak,2024-07-19 19:29:37,12,True,True,True,3.0,6.0,-1.5,10.5,High,IQR 1.5x
ADM-00009087,PAT-0021874,General Medicine,Dr. Viraj Nair,2025-06-14 18:12:57,12,False,False,True,3.0,6.0,-1.5,10.5,High,IQR 1.5x
ADM-00009129,PAT-0014938,General Medicine,Dr. Mekhala Mangat,2026-02-24 15:26:48,12,False,False,True,3.0,6.0,-1.5,10.5,High,IQR 1.5x
ADM-00009145,PAT-0009791,Emergency,Dr. Eiravati Goda,2024-01-15 15:56:25,12,True,True,True,3.0,6.0,-1.5,10.5,High,IQR 1.5x
ADM-00009233,PAT-0003485,Dermatology,Dr. Krish Jhaveri,2026-01-08 20:06:23,12,False,False,True,3.0,6.0,-1.5,10.5,High,IQR 1.5x
ADM-00013561,PAT-0003780,Cardiology,Dr. Jackson Jhaveri,2024-07-05 22:37:49,12,False,False,True,3.0,6.0,-1.5,10.5,High,IQR 1.5x
ADM-00031447,PAT-0005259,Oncology,Dr. David Deshmukh,2023-05-19 20:24:06,12,True,True,True,3.0,6.0,-1.5,10.5,High,IQR 1.5x
ADM-00030948,PAT-0005569,ENT,Dr. Pushti Bhasin,2024-11-07 16:12:19,12,False,False,True,3.0,6.0,-1.5,10.5,High,IQR 1.5x
ADM-00013712,PAT-0012239,Dermatology,Dr. Manan Saran,2024-11-16 18:24:48,12,True,False,True,3.0,6.0,-1.5,10.5,High,IQR 1.5x
ADM-00013721,PAT-0016369,Pediatrics,Dr. Damini Venkatesh,2026-03-07 02:55:23,12,True,False,True,3.0,6.0,-1.5,10.5,High,IQR 1.5x
ADM-00013775,PAT-0019788,ENT,Dr. Yamini Rau,2024-06-21 07:53:20,12,False,True,True,3.0,6.0,-1.5,10.5,High,IQR 1.5x
ADM-00009344,PAT-0015028,General Medicine,Dr. Mekhala Mangat,2026-08-10 02:39:07,12,False,False,True,3.0,6.0,-1.5,10.5,High,IQR 1.5x
ADM-00009485,PAT-0014596,General Medicine,Dr. Dev Sangha,2023-07-12 12:11:21,12,False,False,True,3.0,6.0,-1.5,10.5,High,IQR 1.5x
ADM-00039035,PAT-0010051,Dermatology,Dr. Robert Murthy,2024-03-16 01:37:51,12,False,True,True,3.0,6.0,-1.5,10.5,High,IQR 1.5x
ADM-00039086,PAT-0013437,Oncology,Dr. Lohit Upadhyay,2023-09-22 03:09:17,12,False,False,True,3.0,6.0,-1.5,10.5,High,IQR 1.5x
ADM-00038473,PAT-0018935,Orthopedics,Dr. Hemang Thaman,2024-06-24 04:57:26,12,False,False,True,3.0,6.0,-1.5,10.5,High,IQR 1.5x
ADM-00038553,PAT-0002596,Cardiology,Dr. Ayushman Roy,2024-09-11 17:43:57,12,True,False,True,3.0,6.0,-1.5,10.5,High,IQR 1.5x
ADM-00038609,PAT-0011147,Neurology,Dr. Ekantika Virk,2024-03-23 08:53:34,12,False,False,True,3.0,6.0,-1.5,10.5,High,IQR 1.5x
ADM-00038655,PAT-0014510,Pediatrics,Dr. Bhavya Kulkarni,2023-04-24 04:21:13,12,True,False,True,3.0,6.0,-1.5,10.5,High,IQR 1.5x
ADM-00013210,PAT-0004597,Dermatology,Dr. Elijah Rege,2026-05-28 07:30:07,12,False,True,True,3.0,6.0,-1.5,10.5,High,IQR 1.5x
ADM-00013471,PAT-0010399,Emergency,Dr. Krishna Palla,2023-07-08 20:47:59,12,False,False,True,3.0,6.0,-1.5,10.5,High,IQR 1.5x
ADM-00031790,PAT-0022506,Neurology,Dr. Aashi Sangha,2024-04-09 09:17:55,12,False,False,True,3.0,6.0,-1.5,10.5,High,IQR 1.5x
ADM-00031135,PAT-0020964,Oncology,Dr. Chaitanya Singh,2024-10-06 13:03:49,12,False,True,True,3.0,6.0,-1.5,10.5,High,IQR 1.5x
ADM-00031328,PAT-0000887,Emergency,Dr. Abhimanyu Buch,2024-09-16 01:24:40,12,False,True,True,3.0,6.0,-1.5,10.5,High,IQR 1.5x
ADM-00013477,PAT-0024465,Emergency,Dr. Rehaan Lanka,2025-07-06 03:52:21,12,False,False,True,3.0,6.0,-1.5,10.5,High,IQR 1.5x
ADM-00038799,PAT-0013779,Gynecology,Dr. Zaitra Mahajan,2025-08-31 19:09:57,12,False,False,True,3.0,6.0,-1.5,10.5,High,IQR 1.5x
ADM-00038915,PAT-0020213,Emergency,Dr. Arin Tailor,2023-01-15 22:03:13,12,False,False,True,3.0,6.0,-1.5,10.5,High,IQR 1.5x
ADM-00038964,PAT-0012818,Oncology,Dr. Zaid Vohra,2025-05-07 03:32:54,12,False,False,True,3.0,6.0,-1.5,10.5,High,IQR 1.5x
ADM-00009501,PAT-0001310,General Medicine,Dr. Elijah Nori,2023-11-04 01:21:41,12,False,True,True,3.0,6.0,-1.5,10.5,High,IQR 1.5x
ADM-00009564,PAT-0018692,Orthopedics,Dr. Samarth Nayar,2024-06-14 08:10:26,12,False,True,True,3.0,6.0,-1.5,10.5,High,IQR 1.5x
ADM-00032318,PAT-0011575,Neurology,Dr. Jagat Divan,2025-02-16 12:59:47,12,True,False,True,3.0,6.0,-1.5,10.5,High,IQR 1.5x
ADM-00032423,PAT-0011134,Orthopedics,Dr. Hemang Thaman,2024-02-16 00:46:49,12,False,False,True,3.0,6.0,-1.5,10.5,High,IQR 1.5x
ADM-00031570,PAT-0016223,General Medicine,Dr. Veer Merchant,2024-02-24 17:12:48,12,False,True,True,3.0,6.0,-1.5,10.5,High,IQR 1.5x
ADM-00031649,PAT-0022052,General Medicine,Dr. Mekhala Mangat,2023-10-16 23:09:12,12,False,False,True,3.0,6.0,-1.5,10.5,High,IQR 1.5x
ADM-00031666,PAT-0001563,Cardiology,Dr. Kamala Bhargava,2024-06-13 08:55:29,12,False,False,True,3.0,6.0,-1.5,10.5,High,IQR 1.5x
ADM-00009644,PAT-0005150,Orthopedics,Dr. Amaira Pal,2025-08-14 17:53:34,12,True,False,True,3.0,6.0,-1.5,10.5,High,IQR 1.5x
ADM-00038433,PAT-0017641,Orthopedics,Dr. Chaitanya Buch,2026-07-21 18:53:30,12,False,False,True,3.0,6.0,-1.5,10.5,High,IQR 1.5x
ADM-00038464,PAT-0010942,ENT,Dr. Aadhya Prashad,2026-03-25 01:42:47,12,True,False,True,3.0,6.0,-1.5,10.5,High,IQR 1.5x
ADM-00037815,PAT-0022677,Oncology,Dr. Chaitanya Banerjee,2023-10-26 05:18:10,12,True,True,True,3.0,6.0,-1.5,10.5,High,IQR 1.5x
ADM-00037913,PAT-0019136,General Medicine,Dr. Chatresh Batta,2024-02-20 13:49:33,12,False,True,True,3.0,6.0,-1.5,10.5,High,IQR 1.5x
ADM-00037977,PAT-0004030,Neurology,Dr. Urishilla Panchal,2026-04-28 23:22:19,12,False,False,True,3.0,6.0,-1.5,10.5,High,IQR 1.5x
ADM-00038000,PAT-0021072,Cardiology,Dr. Umang Konda,2026-02-23 02:18:22,12,False,False,True,3.0,6.0,-1.5,10.5,High,IQR 1.5x
ADM-00038047,PAT-0010748,Pediatrics,Dr. Devansh Devan,2024-12-07 04:43:47,12,True,True,True,3.0,6.0,-1.5,10.5,High,IQR 1.5x
ADM-00038196,PAT-0008372,Pediatrics,Dr. Damini Venkatesh,2024-12-29 05:15:51,12,False,False,True,3.0,6.0,-1.5,10.5,High,IQR 1.5x
ADM-00037616,PAT-0014518,Emergency,Dr. Arin Tailor,2026-07-13 12:24:58,12,True,False,True,3.0,6.0,-1.5,10.5,High,IQR 1.5x
ADM-00037653,PAT-0021358,Gynecology,Dr. Shravya Ramanathan,2026-02-08 09:22:07,12,False,True,True,3.0,6.0,-1.5,10.5,High,IQR 1.5x
ADM-00009736,PAT-0023072,Cardiology,Dr. Balvan Bala,2023-01-25 23:33:40,12,True,True,True,3.0,6.0,-1.5,10.5,High,IQR 1.5x
ADM-00009737,PAT-0013233,Oncology,Dr. Vrishti Bedi,2024-12-29 13:42:19,12,False,True,True,3.0,6.0,-1.5,10.5,High,IQR 1.5x
ADM-00009755,PAT-0004773,General Medicine,Dr. Mekhala Mangat,2024-05-17 04:12:12,12,False,False,True,3.0,6.0,-1.5,10.5,High,IQR 1.5x
ADM-00012876,PAT-0017657,Cardiology,Dr. Yashodhara Sani,2026-03-31 08:33:15,12,True,True,True,3.0,6.0,-1.5,10.5,High,IQR 1.5x
ADM-00031986,PAT-0009238,Pediatrics,Dr. Janya Biswas,2023-12-19 08:22:44,12,False,False,True,3.0,6.0,-1.5,10.5,High,IQR 1.5x
ADM-00032033,PAT-0018699,Pediatrics,Dr. Devansh Devan,2025-08-21 10:49:31,12,False,True,True,3.0,6.0,-1.5,10.5,High,IQR 1.5x
ADM-00032054,PAT-0004639,General Medicine,Dr. Vrinda Kale,2025-01-28 12:21:53,12,False,False,True,3.0,6.0,-1.5,10.5,High,IQR 1.5x
ADM-00032122,PAT-0000313,Oncology,Dr. Zilmil Aggarwal,2026-07-29 06:35:54,12,False,True,True,3.0,6.0,-1.5,10.5,High,IQR 1.5x
ADM-00032160,PAT-0005430,Oncology,Dr. Charles Bajaj,2023-09-07 01:55:26,12,False,True,True,3.0,6.0,-1.5,10.5,High,IQR 1.5x
ADM-00009761,PAT-0013486,Oncology,Dr. Zilmil Aggarwal,2024-11-08 00:18:24,12,False,False,True,3.0,6.0,-1.5,10.5,High,IQR 1.5x
ADM-00037711,PAT-0020012,General Medicine,Dr. Nathaniel Shan,2023-08-16 23:58:43,12,True,False,True,3.0,6.0,-1.5,10.5,High,IQR 1.5x
ADM-00037718,PAT-0021890,Neurology,Dr. Inaya Raman,2025-04-02 03:59:31,12,False,True,True,3.0,6.0,-1.5,10.5,High,IQR 1.5x
ADM-00037108,PAT-0015547,Emergency,Dr. Abhimanyu Buch,2026-02-08 11:11:27,12,False,False,True,3.0,6.0,-1.5,10.5,High,IQR 1.5x
ADM-00037248,PAT-0004860,General Medicine,Dr. Yatan Balay,2023-10-17 06:01:54,12,True,False,True,3.0,6.0,-1.5,10.5,High,IQR 1.5x
ADM-00037316,PAT-0020164,Gynecology,Dr. Bhanumati Minhas,2026-07-17 07:16:06,12,True,True,True,3.0,6.0,-1.5,10.5,High,IQR 1.5x
ADM-00037426,PAT-0005188,Oncology,Dr. Chaitanya Singh,2024-10-16 16:58:04,12,False,True,True,3.0,6.0,-1.5,10.5,High,IQR 1.5x
ADM-00037459,PAT-0000466,General Medicine,Dr. Vrinda Kale,2025-07-03 13:07:23,12,False,False,True,3.0,6.0,-1.5,10.5,High,IQR 1.5x
ADM-00037485,PAT-0007417,General Medicine,Dr. Elijah Nori,2025-08-04 18:35:51,12,True,True,True,3.0,6.0,-1.5,10.5,High,IQR 1.5x
ADM-00036838,PAT-0010236,Dermatology,Dr. Michael Rastogi,2025-10-16 08:00:02,12,False,True,True,3.0,6.0,-1.5,10.5,High,IQR 1.5x
ADM-00036839,PAT-0001875,Cardiology,Dr. Jasmit Krishnan,2026-02-27 04:01:47,12,True,False,True,3.0,6.0,-1.5,10.5,High,IQR 1.5x
ADM-00036906,PAT-0007222,Cardiology,Dr. Faras Gade,2026-06-11 19:52:43,12,False,True,True,3.0,6.0,-1.5,10.5,High,IQR 1.5x
ADM-00036917,PAT-0010075,ENT,Dr. Aarnav Barman,2023-09-27 18:17:57,12,False,True,True,3.0,6.0,-1.5,10.5,High,IQR 1.5x
ADM-00032992,PAT-0004066,Dermatology,Dr. David Narula,2023-06-28 07:13:39,12,False,True,True,3.0,6.0,-1.5,10.5,High,IQR 1.5x
ADM-00012553,PAT-0006765,Oncology,Dr. Inaya Warrior,2026-01-02 00:37:46,12,True,True,True,3.0,6.0,-1.5,10.5,High,IQR 1.5x
ADM-00012587,PAT-0012039,Dermatology,Dr. Priya Malhotra,2024-01-22 02:02:48,12,False,False,True,3.0,6.0,-1.5,10.5,High,IQR 1.5x
ADM-00012734,PAT-0009197,Dermatology,Dr. Manan Saran,2025-10-18 18:34:59,12,False,False,True,3.0,6.0,-1.5,10.5,High,IQR 1.5x
ADM-00032489,PAT-0011002,Emergency,Dr. Yahvi Jain,2025-10-12 10:10:48,12,False,True,True,3.0,6.0,-1.5,10.5,High,IQR 1.5x
ADM-00032505,PAT-0000943,Oncology,Dr. Michael Pandya,2025-07-27 14:35:29,12,False,True,True,3.0,6.0,-1.5,10.5,High,IQR 1.5x
ADM-00032612,PAT-0002670,Neurology,Dr. Raghav Sampath,2023-07-14 21:49:27,12,True,False,True,3.0,6.0,-1.5,10.5,High,IQR 1.5x
ADM-00010111,PAT-0002205,Dermatology,Dr. Anya Bassi,2024-03-01 20:05:20,12,False,True,True,3.0,6.0,-1.5,10.5,High,IQR 1.5x
ADM-00010248,PAT-0009400,Pediatrics,Dr. Chatura Dey,2023-12-28 22:45:01,12,False,True,True,3.0,6.0,-1.5,10.5,High,IQR 1.5x
ADM-00010329,PAT-0007015,Cardiology,Dr. Qadim Suresh,2023-06-20 08:26:44,12,True,False,True,3.0,6.0,-1.5,10.5,High,IQR 1.5x
ADM-00010331,PAT-0000204,General Medicine,Dr. Yatan Balay,2023-10-08 11:51:44,12,False,True,True,3.0,6.0,-1.5,10.5,High,IQR 1.5x
ADM-00036420,PAT-0020838,Orthopedics,Dr. Nathan Iyengar,2023-01-31 18:58:13,12,False,False,True,3.0,6.0,-1.5,10.5,High,IQR 1.5x
ADM-00036440,PAT-0013851,Emergency,Dr. Daksh Madan,2024-12-16 07:36:13,12,False,True,True,3.0,6.0,-1.5,10.5,High,IQR 1.5x
ADM-00036486,PAT-0006350,General Medicine,Dr. Charan Golla,2025-08-25 22:18:55,12,False,False,True,3.0,6.0,-1.5,10.5,High,IQR 1.5x
ADM-00036503,PAT-0011672,General Medicine,Dr. Dev Sangha,2024-12-25 06:43:11,12,False,True,True,3.0,6.0,-1.5,10.5,High,IQR 1.5x
ADM-00033372,PAT-0019848,Neurology,Dr. Bishakha Patel,2024-02-22 14:15:44,12,False,False,True,3.0,6.0,-1.5,10.5,High,IQR 1.5x
ADM-00033418,PAT-0010966,General Medicine,Dr. Veer Merchant,2025-02-25 16:51:25,12,False,False,True,3.0,6.0,-1.5,10.5,High,IQR 1.5x
ADM-00033430,PAT-0012420,ENT,Dr. Kritika Khurana,2024-11-08 17:45:16,12,False,False,True,3.0,6.0,-1.5,10.5,High,IQR 1.5x
ADM-00033471,PAT-0003198,Cardiology,Dr. Umang Konda,2024-06-10 18:39:07,12,False,False,True,3.0,6.0,-1.5,10.5,High,IQR 1.5x
ADM-00032704,PAT-0008268,Orthopedics,Dr. Vinaya Amble,2024-07-27 18:17:36,12,False,False,True,3.0,6.0,-1.5,10.5,High,IQR 1.5x
ADM-00032728,PAT-0006387,Cardiology,Dr. Yashodhara Sani,2025-11-20 18:02:37,12,True,False,True,3.0,6.0,-1.5,10.5,High,IQR 1.5x
ADM-00032840,PAT-0011944,Pediatrics,Dr. Yauvani Devan,2026-05-20 01:19:15,12,False,False,True,3.0,6.0,-1.5,10.5,High,IQR 1.5x
ADM-00032906,PAT-0007851,Orthopedics,Dr. Nitara Choudhury,2026-01-21 23:43:00,12,False,False,True,3.0,6.0,-1.5,10.5,High,IQR 1.5x
ADM-00036506,PAT-0002681,Oncology,Dr. Charles Bajaj,2023-03-22 18:39:25,12,False,True,True,3.0,6.0,-1.5,10.5,High,IQR 1.5x
ADM-00036762,PAT-0002790,Cardiology,Dr. Qadim Suresh,2026-06-14 00:49:32,12,False,True,True,3.0,6.0,-1.5,10.5,High,IQR 1.5x
ADM-00036138,PAT-0004244,General Medicine,Dr. Samesh Arora,2024-06-03 23:29:57,12,True,False,True,3.0,6.0,-1.5,10.5,High,IQR 1.5x
ADM-00036369,PAT-0008539,Emergency,Dr. Kavya Chaudhry,2024-03-21 10:04:34,12,False,True,True,3.0,6.0,-1.5,10.5,High,IQR 1.5x
ADM-00010407,PAT-0019105,Gynecology,Dr. Amol Gera,2024-12-09 20:30:28,12,False,True,True,3.0,6.0,-1.5,10.5,High,IQR 1.5x
ADM-00012250,PAT-0021257,Dermatology,Dr. Priya Malhotra,2026-01-18 07:04:41,12,False,True,True,3.0,6.0,-1.5,10.5,High,IQR 1.5x
ADM-00012253,PAT-0007228,Gynecology,Dr. Sneha Mahal,2025-12-27 18:50:50,12,True,True,True,3.0,6.0,-1.5,10.5,High,IQR 1.5x
ADM-00012290,PAT-0006878,Gynecology,Dr. Amol Gera,2024-03-25 19:33:20,12,False,True,True,3.0,6.0,-1.5,10.5,High,IQR 1.5x
ADM-00012481,PAT-0009114,Emergency,Dr. Yahvi Jain,2024-09-20 04:30:14,12,False,True,True,3.0,6.0,-1.5,10.5,High,IQR 1.5x
ADM-00033223,PAT-0021169,Neurology,Dr. Ranbir Sarma,2024-05-20 06:08:41,12,False,True,True,3.0,6.0,-1.5,10.5,High,IQR 1.5x
ADM-00033244,PAT-0022568,Neurology,Dr. Aashi Sangha,2023-07-29 00:27:50,12,False,True,True,3.0,6.0,-1.5,10.5,High,IQR 1.5x
ADM-00033280,PAT-0021456,Oncology,Dr. David Deshmukh,2026-08-13 16:54:28,12,False,True,True,3.0,6.0,-1.5,10.5,High,IQR 1.5x
ADM-00010447,PAT-0016486,Emergency,Dr. Krishna Palla,2023-09-24 18:24:10,12,False,False,True,3.0,6.0,-1.5,10.5,High,IQR 1.5x
ADM-00010471,PAT-0010834,Emergency,Dr. Arin Tailor,2025-02-20 10:08:17,12,False,False,True,3.0,6.0,-1.5,10.5,High,IQR 1.5x
ADM-00010480,PAT-0009447,Orthopedics,Dr. Amaira Pal,2023-04-01 15:16:35,12,False,True,True,3.0,6.0,-1.5,10.5,High,IQR 1.5x
ADM-00010524,PAT-0004297,Cardiology,Dr. Umang Konda,2025-01-12 06:52:29,12,True,False,True,3.0,6.0,-1.5,10.5,High,IQR 1.5x
ADM-00010614,PAT-0022752,Cardiology,Dr. Ayushman Roy,2026-02-21 04:25:13,12,False,False,True,3.0,6.0,-1.5,10.5,High,IQR 1.5x
ADM-00036401,PAT-0005963,ENT,Dr. Girindra Varty,2026-05-06 22:13:10,12,False,False,True,3.0,6.0,-1.5,10.5,High,IQR 1.5x
ADM-00035883,PAT-0000696,Gynecology,Dr. Warinder Sarin,2026-04-02 01:45:37,12,False,True,True,3.0,6.0,-1.5,10.5,High,IQR 1.5x
ADM-00036005,PAT-0014391,ENT,Dr. Dalaja Pant,2023-10-08 14:30:46,12,False,False,True,3.0,6.0,-1.5,10.5,High,IQR 1.5x
ADM-00010807,PAT-0006520,Dermatology,Dr. David Narula,2023-06-13 07:54:42,12,True,False,True,3.0,6.0,-1.5,10.5,High,IQR 1.5x
ADM-00011970,PAT-0011028,General Medicine,Dr. Nathaniel Shan,2026-01-08 19:06:43,12,True,True,True,3.0,6.0,-1.5,10.5,High,IQR 1.5x
ADM-00011996,PAT-0012723,General Medicine,Dr. Hemal Muni,2025-11-01 07:58:24,12,False,False,True,3.0,6.0,-1.5,10.5,High,IQR 1.5x
ADM-00012009,PAT-0011007,Dermatology,Dr. David Narula,2025-04-15 17:43:48,12,True,False,True,3.0,6.0,-1.5,10.5,High,IQR 1.5x
ADM-00034162,PAT-0016464,Gynecology,Dr. Sneha Mahal,2025-12-03 04:31:49,12,False,True,True,3.0,6.0,-1.5,10.5,High,IQR 1.5x
ADM-00034199,PAT-0003805,Oncology,Dr. Zilmil Gade,2026-03-27 20:34:43,12,False,False,True,3.0,6.0,-1.5,10.5,High,IQR 1.5x
ADM-00033582,PAT-0001031,Neurology,Dr. Reva Sidhu,2026-06-23 16:55:31,12,True,False,True,3.0,6.0,-1.5,10.5,High,IQR 1.5x
ADM-00033631,PAT-0018091,Oncology,Dr. Vrishti Bedi,2025-07-23 13:54:02,12,False,False,True,3.0,6.0,-1.5,10.5,High,IQR 1.5x
ADM-00033765,PAT-0019971,ENT,Dr. Bahadurjit Sane,2023-09-23 17:16:28,12,True,False,True,3.0,6.0,-1.5,10.5,High,IQR 1.5x
ADM-00012134,PAT-0018295,Gynecology,Dr. Nisha Dhillon,2024-03-12 17:49:14,12,False,False,True,3.0,6.0,-1.5,10.5,High,IQR 1.5x
ADM-00010919,PAT-0024456,ENT,Dr. Pushti Bhasin,2023-08-06 18:36:47,12,False,True,True,3.0,6.0,-1.5,10.5,High,IQR 1.5x
ADM-00010924,PAT-0000144,General Medicine,Dr. Samesh Arora,2026-06-14 10:37:45,12,True,True,True,3.0,6.0,-1.5,10.5,High,IQR 1.5x
ADM-00036117,PAT-0008767,Gynecology,Dr. Nisha Dhillon,2023-10-08 19:14:25,12,False,False,True,3.0,6.0,-1.5,10.5,High,IQR 1.5x
ADM-00036134,PAT-0021077,Neurology,Dr. Charan Murty,2024-06-19 20:16:48,12,False,True,True,3.0,6.0,-1.5,10.5,High,IQR 1.5x
ADM-00035530,PAT-0017694,ENT,Dr. Sanya Arya,2023-02-19 16:45:51,12,False,False,True,3.0,6.0,-1.5,10.5,High,IQR 1.5x
ADM-00035535,PAT-0009455,Gynecology,Dr. Amol Gera,2024-12-16 20:54:14,12,True,False,True,3.0,6.0,-1.5,10.5,High,IQR 1.5x
ADM-00035579,PAT-0003639,Neurology,Dr. Ekantika Virk,2023-11-28 09:13:17,12,True,False,True,3.0,6.0,-1.5,10.5,High,IQR 1.5x
ADM-00035623,PAT-0016729,Dermatology,Dr. Anya Bassi,2024-04-14 23:39:44,12,False,False,True,3.0,6.0,-1.5,10.5,High,IQR 1.5x
ADM-00034438,PAT-0018414,Dermatology,Dr. Elijah Rege,2024-12-08 13:23:37,12,False,True,True,3.0,6.0,-1.5,10.5,High,IQR 1.5x
ADM-00034464,PAT-0008288,Pediatrics,Dr. Nakul Pathak,2026-01-05 06:02:18,12,False,True,True,3.0,6.0,-1.5,10.5,High,IQR 1.5x
ADM-00034602,PAT-0006422,Gynecology,Dr. Ekta Pai,2023-01-21 04:33:44,12,False,True,True,3.0,6.0,-1.5,10.5,High,IQR 1.5x
ADM-00034609,PAT-0005248,General Medicine,Dr. Viraj Nair,2025-09-20 16:51:28,12,False,True,True,3.0,6.0,-1.5,10.5,High,IQR 1.5x
ADM-00033793,PAT-0011834,Gynecology,Dr. Warinder Sarin,2025-03-12 14:56:33,12,False,True,True,3.0,6.0,-1.5,10.5,High,IQR 1.5x
ADM-00033970,PAT-0019643,General Medicine,Dr. Mekhala Mangat,2025-12-12 07:16:03,12,True,True,True,3.0,6.0,-1.5,10.5,High,IQR 1.5x
ADM-00011898,PAT-0024107,Oncology,Dr. Lohit Upadhyay,2025-06-26 03:37:38,12,False,False,True,3.0,6.0,-1.5,10.5,High,IQR 1.5x
ADM-00011099,PAT-0009160,Orthopedics,Dr. Chaitanya Buch,2024-02-10 01:33:03,12,False,False,True,3.0,6.0,-1.5,10.5,High,IQR 1.5x
ADM-00011139,PAT-0005939,ENT,Dr. Dalaja Pant,2024-01-28 15:28:48,12,False,False,True,3.0,6.0,-1.5,10.5,High,IQR 1.5x
ADM-00011140,PAT-0003081,General Medicine,Dr. Charan Golla,2026-06-13 19:36:38,12,True,False,True,3.0,6.0,-1.5,10.5,High,IQR 1.5x
ADM-00035735,PAT-0007995,Neurology,Dr. Charan Murty,2025-09-21 17:28:13,12,False,True,True,3.0,6.0,-1.5,10.5,High,IQR 1.5x
ADM-00035007,PAT-0019715,Orthopedics,Dr. Baghyawati Shroff,2025-03-03 14:27:07,12,True,False,True,3.0,6.0,-1.5,10.5,High,IQR 1.5x
ADM-00035102,PAT-0015920,Oncology,Dr. Om Mangat,2025-03-10 16:49:09,12,False,False,True,3.0,6.0,-1.5,10.5,High,IQR 1.5x
ADM-00035228,PAT-0014599,Gynecology,Dr. Tamanna Chander,2023-01-15 17:02:02,12,False,False,True,3.0,6.0,-1.5,10.5,High,IQR 1.5x
ADM-00011263,PAT-0002411,Dermatology,Dr. Anya Bassi,2024-07-11 00:42:57,12,False,True,True,3.0,6.0,-1.5,10.5,High,IQR 1.5x
ADM-00011786,PAT-0011245,Gynecology,Dr. Bhanumati Minhas,2025-11-01 13:19:32,12,True,False,True,3.0,6.0,-1.5,10.5,High,IQR 1.5x
ADM-00011815,PAT-0017202,Oncology,Dr. Zilmil Aggarwal,2025-12-01 12:47:25,12,False,True,True,3.0,6.0,-1.5,10.5,High,IQR 1.5x
ADM-00034928,PAT-0003250,Pediatrics,Dr. Janya Biswas,2023-08-15 04:36:50,12,False,True,True,3.0,6.0,-1.5,10.5,High,IQR 1.5x
ADM-00034267,PAT-0016460,General Medicine,Dr. Chatresh Viswanathan,2024-01-29 04:25:08,12,False,False,True,3.0,6.0,-1.5,10.5,High,IQR 1.5x
ADM-00034286,PAT-0006257,ENT,Dr. Kritika Khurana,2023-01-09 16:18:18,12,True,False,True,3.0,6.0,-1.5,10.5,High,IQR 1.5x
ADM-00034406,PAT-0000818,Oncology,Dr. Michael Pandya,2024-02-09 17:24:04,12,True,False,True,3.0,6.0,-1.5,10.5,High,IQR 1.5x
ADM-00011425,PAT-0002031,Emergency,Dr. Daksh Madan,2023-04-04 02:33:41,12,True,False,True,3.0,6.0,-1.5,10.5,High,IQR 1.5x
ADM-00011507,PAT-0019474,Cardiology,Dr. Gauri Rajan,2026-05-27 06:20:04,12,False,False,True,3.0,6.0,-1.5,10.5,High,IQR 1.5x
ADM-00035324,PAT-0014592,Dermatology,Dr. Michael Rastogi,2023-07-11 06:32:29,12,False,False,True,3.0,6.0,-1.5,10.5,High,IQR 1.5x
ADM-00021079,PAT-0016734,Oncology,Dr. Krishna Modi,2025-08-03 04:19:24,12,False,True,True,3.0,6.0,-1.5,10.5,High,IQR 1.5x
ADM-00021141,PAT-0019494,Oncology,Dr. Zilmil Aggarwal,2024-12-28 20:21:08,12,False,False,True,3.0,6.0,-1.5,10.5,High,IQR 1.5x
ADM-00021216,PAT-0015011,Neurology,Dr. Wridesh Sheth,2023-04-09 00:09:12,12,False,False,True,3.0,6.0,-1.5,10.5,High,IQR 1.5x
ADM-00021321,PAT-0007093,Pediatrics,Dr. Devansh Devan,2025-02-16 10:12:11,12,True,True,True,3.0,6.0,-1.5,10.5,High,IQR 1.5x
ADM-00021463,PAT-0011522,General Medicine,Dr. Vrinda Kale,2023-08-23 08:28:00,12,False,False,True,3.0,6.0,-1.5,10.5,High,IQR 1.5x
ADM-00052299,PAT-0017877,Orthopedics,Dr. Abha Mandal,2026-09-25 23:06:27,12,False,True,True,3.0,6.0,-1.5,10.5,High,IQR 1.5x
ADM-00052300,PAT-0010091,Oncology,Dr. Yahvi Raja,2026-09-25 04:57:27,12,False,True,True,3.0,6.0,-1.5,10.5,High,IQR 1.5x
ADM-00052337,PAT-0006274,Gynecology,Dr. Zaitra Mahajan,2026-09-25 05:28:17,12,False,True,True,3.0,6.0,-1.5,10.5,High,IQR 1.5x
ADM-00052360,PAT-0009060,Gynecology,Dr. Warinder Sarin,2026-09-25 12:59:05,12,False,True,True,3.0,6.0,-1.5,10.5,High,IQR 1.5x
ADM-00000557,PAT-0010049,Gynecology,Dr. Bhanumati Minhas,2026-05-02 03:22:34,12,True,False,True,3.0,6.0,-1.5,10.5,High,IQR 1.5x
ADM-00000788,PAT-0005425,Orthopedics,Dr. Nitara Choudhury,2023-11-06 20:12:27,12,False,False,True,3.0,6.0,-1.5,10.5,High,IQR 1.5x
ADM-00052507,PAT-0008833,Emergency,Dr. Kavya Chaudhry,2026-09-25 11:20:35,12,False,False,True,3.0,6.0,-1.5,10.5,High,IQR 1.5x
ADM-00000398,PAT-0010269,General Medicine,Dr. Nathaniel Shan,2024-05-19 04:30:40,12,False,False,True,3.0,6.0,-1.5,10.5,High,IQR 1.5x
ADM-00000298,PAT-0018164,General Medicine,Dr. Viraj Nair,2025-08-11 19:33:14,12,False,False,True,3.0,6.0,-1.5,10.5,High,IQR 1.5x
ADM-00052541,PAT-0008260,Neurology,Dr. Anamika Johal,2026-09-25 22:22:01,11,False,True,True,3.0,6.0,-1.5,10.5,High,IQR 1.5x
ADM-00000204,PAT-0005848,Orthopedics,Dr. Amaira Seshadri,2025-08-10 15:28:00,11,False,False,True,3.0,6.0,-1.5,10.5,High,IQR 1.5x
ADM-00000321,PAT-0023490,Neurology,Dr. Wridesh Sheth,2025-02-01 00:31:29,11,False,False,True,3.0,6.0,-1.5,10.5,High,IQR 1.5x
ADM-00000331,PAT-0008095,Cardiology,Dr. Jackson Jhaveri,2025-04-03 15:39:30,11,True,False,True,3.0,6.0,-1.5,10.5,High,IQR 1.5x
ADM-00052458,PAT-0016621,Orthopedics,Dr. Vinaya Amble,2026-09-25 08:08:54,11,False,True,True,3.0,6.0,-1.5,10.5,High,IQR 1.5x
ADM-00052287,PAT-0006349,Oncology,Dr. Charles Bajaj,2026-09-25 11:37:04,11,True,True,True,3.0,6.0,-1.5,10.5,High,IQR 1.5x
ADM-00000812,PAT-0013464,General Medicine,Dr. Charan Golla,2025-02-02 16:04:40,11,True,True,True,3.0,6.0,-1.5,10.5,High,IQR 1.5x
ADM-00000647,PAT-0002226,Emergency,Dr. Rehaan Lanka,2025-12-22 04:39:45,11,False,False,True,3.0,6.0,-1.5,10.5,High,IQR 1.5x
ADM-00000645,PAT-0006436,ENT,Dr. Parth Muni,2024-08-27 15:35:44,11,True,False,True,3.0,6.0,-1.5,10.5,High,IQR 1.5x
ADM-00000610,PAT-0009975,Cardiology,Dr. Jasmit Krishnan,2026-05-31 14:42:47,11,True,True,True,3.0,6.0,-1.5,10.5,High,IQR 1.5x
ADM-00000608,PAT-0018416,Orthopedics,Dr. Nathan Iyengar,2026-06-04 05:42:20,11,True,False,True,3.0,6.0,-1.5,10.5,High,IQR 1.5x
ADM-00000585,PAT-0009667,Orthopedics,Dr. Anjali Patla,2025-03-19 12:11:07,11,True,True,True,3.0,6.0,-1.5,10.5,High,IQR 1.5x
ADM-00051957,PAT-0000443,Emergency,Dr. Rehaan Lanka,2026-09-25 12:32:47,11,True,False,True,3.0,6.0,-1.5,10.5,High,IQR 1.5x
ADM-00051989,PAT-0008260,Neurology,Dr. Anamika Johal,2026-09-25 22:22:01,11,False,True,True,3.0,6.0,-1.5,10.5,High,IQR 1.5x
ADM-00052011,PAT-0006349,Oncology,Dr. Charles Bajaj,2026-09-25 11:37:04,11,True,True,True,3.0,6.0,-1.5,10.5,High,IQR 1.5x
ADM-00020927,PAT-0019863,ENT,Dr. Aadhya Prashad,2024-08-25 21:39:01,11,False,False,True,3.0,6.0,-1.5,10.5,High,IQR 1.5x
ADM-00020936,PAT-0018193,Orthopedics,Dr. Hemang Thaman,2026-03-06 10:54:28,11,False,True,True,3.0,6.0,-1.5,10.5,High,IQR 1.5x
ADM-00021062,PAT-0017993,Cardiology,Dr. Umang Konda,2024-02-02 19:17:07,11,False,False,True,3.0,6.0,-1.5,10.5,High,IQR 1.5x
ADM-00021585,PAT-0010414,Dermatology,Dr. Elijah Rege,2024-12-25 01:35:18,11,True,False,True,3.0,6.0,-1.5,10.5,High,IQR 1.5x
ADM-00021586,PAT-0020517,ENT,Dr. Kritika Khurana,2025-12-06 01:28:11,11,False,False,True,3.0,6.0,-1.5,10.5,High,IQR 1.5x
ADM-00052182,PAT-0016621,Orthopedics,Dr. Vinaya Amble,2026-09-25 08:08:54,11,False,True,True,3.0,6.0,-1.5,10.5,High,IQR 1.5x
ADM-00052233,PAT-0000443,Emergency,Dr. Rehaan Lanka,2026-09-25 12:32:47,11,True,False,True,3.0,6.0,-1.5,10.5,High,IQR 1.5x
ADM-00052265,PAT-0008260,Neurology,Dr. Anamika Johal,2026-09-25 22:22:01,11,False,True,True,3.0,6.0,-1.5,10.5,High,IQR 1.5x
ADM-00000409,PAT-0010966,Pediatrics,Dr. Indrajit Cheema,2024-10-21 17:50:07,11,False,False,True,3.0,6.0,-1.5,10.5,High,IQR 1.5x
ADM-00052071,PAT-0012500,ENT,Dr. Yamini Rau,2026-09-25 04:05:31,11,False,True,True,3.0,6.0,-1.5,10.5,High,IQR 1.5x
ADM-00052088,PAT-0009518,General Medicine,Dr. Nathaniel Shan,2026-09-25 19:53:50,11,False,True,True,3.0,6.0,-1.5,10.5,High,IQR 1.5x
ADM-00052137,PAT-0019202,Pediatrics,Dr. Yauvani Devan,2026-09-25 03:06:07,11,False,False,True,3.0,6.0,-1.5,10.5,High,IQR 1.5x
ADM-00052139,PAT-0000589,Cardiology,Dr. Nachiket Pandit,2026-09-25 14:36:35,11,False,True,True,3.0,6.0,-1.5,10.5,High,IQR 1.5x
ADM-00035038,PAT-0008974,ENT,Dr. Kritika Khurana,2026-07-29 13:35:28,11,False,False,True,3.0,6.0,-1.5,10.5,High,IQR 1.5x
ADM-00035051,PAT-0013067,Orthopedics,Dr. Falguni Kumar,2023-11-05 10:25:13,11,False,True,True,3.0,6.0,-1.5,10.5,High,IQR 1.5x
ADM-00011316,PAT-0020060,ENT,Dr. Azad Batra,2025-12-10 08:35:42,11,False,True,True,3.0,6.0,-1.5,10.5,High,IQR 1.5x
ADM-00011677,PAT-0021123,Oncology,Dr. Om Mangat,2024-04-11 06:30:57,11,False,True,True,3.0,6.0,-1.5,10.5,High,IQR 1.5x
ADM-00011731,PAT-0020764,Oncology,Dr. Janya Chawla,2026-05-28 05:19:12,11,False,False,True,3.0,6.0,-1.5,10.5,High,IQR 1.5x
ADM-00011774,PAT-0009255,Emergency,Dr. Kabir Wadhwa,2026-09-05 21:27:42,11,False,False,True,3.0,6.0,-1.5,10.5,High,IQR 1.5x
ADM-00011779,PAT-0016532,Cardiology,Dr. Ayushman Roy,2026-06-12 14:58:11,11,False,True,True,3.0,6.0,-1.5,10.5,High,IQR 1.5x
ADM-00034771,PAT-0018184,Dermatology,Dr. Michael Rastogi,2023-01-27 19:17:23,11,False,False,True,3.0,6.0,-1.5,10.5,High,IQR 1.5x
ADM-00034981,PAT-0015133,Neurology,Dr. Nandini Anand,2024-11-03 13:46:46,11,False,False,True,3.0,6.0,-1.5,10.5,High,IQR 1.5x
ADM-00034274,PAT-0002487,General Medicine,Dr. Veer Merchant,2026-07-09 18:45:02,11,True,False,True,3.0,6.0,-1.5,10.5,High,IQR 1.5x
ADM-00034363,PAT-0013339,General Medicine,Dr. Viraj Nair,2025-12-16 21:29:28,11,False,False,True,3.0,6.0,-1.5,10.5,High,IQR 1.5x
ADM-00034368,PAT-0007886,Cardiology,Dr. Jackson Jhaveri,2024-11-06 20:19:02,11,False,False,True,3.0,6.0,-1.5,10.5,High,IQR 1.5x
ADM-00034393,PAT-0001732,ENT,Dr. Aarnav Barman,2023-09-24 22:07:43,11,False,True,True,3.0,6.0,-1.5,10.5,High,IQR 1.5x
ADM-00011324,PAT-0007207,Emergency,Dr. Arin Tailor,2023-12-09 11:48:48,11,False,False,True,3.0,6.0,-1.5,10.5,High,IQR 1.5x
ADM-00011534,PAT-0021618,Dermatology,Dr. Manan Saran,2024-06-08 20:15:25,11,False,False,True,3.0,6.0,-1.5,10.5,High,IQR 1.5x
ADM-00011539,PAT-0013448,Cardiology,Dr. Jalsa Choudhry,2026-08-07 14:35:14,11,False,True,True,3.0,6.0,-1.5,10.5,High,IQR 1.5x
ADM-00035503,PAT-0005533,Emergency,Dr. Kabir Wadhwa,2025-09-05 00:03:55,11,False,True,True,3.0,6.0,-1.5,10.5,High,IQR 1.5x
ADM-00011073,PAT-0016957,ENT,Dr. Laban Kala,2023-03-31 21:17:50,11,False,False,True,3.0,6.0,-1.5,10.5,High,IQR 1.5x
ADM-00034475,PAT-0005538,Dermatology,Dr. Krish Jhaveri,2026-08-28 17:45:23,11,True,False,True,3.0,6.0,-1.5,10.5,High,IQR 1.5x
ADM-00034519,PAT-0009074,Neurology,Dr. Reva Sidhu,2023-07-15 06:20:06,11,True,True,True,3.0,6.0,-1.5,10.5,High,IQR 1.5x
ADM-00034524,PAT-0018325,Emergency,Dr. Chaitaly Reddy,2023-10-13 23:57:04,11,False,True,True,3.0,6.0,-1.5,10.5,High,IQR 1.5x
ADM-00034575,PAT-0000379,ENT,Dr. Dalaja Pant,2025-12-01 20:05:26,11,True,False,True,3.0,6.0,-1.5,10.5,High,IQR 1.5x
ADM-00034599,PAT-0016025,ENT,Dr. David Tak,2023-10-07 22:03:05,11,True,False,True,3.0,6.0,-1.5,10.5,High,IQR 1.5x
ADM-00033980,PAT-0020823,Gynecology,Dr. Bhanumati Minhas,2026-06-01 03:45:45,11,False,False,True,3.0,6.0,-1.5,10.5,High,IQR 1.5x
ADM-00034083,PAT-0007929,Dermatology,Dr. Priya Malhotra,2026-02-01 09:53:55,11,False,False,True,3.0,6.0,-1.5,10.5,High,IQR 1.5x
ADM-00034140,PAT-0002834,Pediatrics,Dr. Rajata Arora,2024-11-24 22:31:52,11,False,False,True,3.0,6.0,-1.5,10.5,High,IQR 1.5x
ADM-00011930,PAT-0017238,Gynecology,Dr. Tamanna Chander,2023-03-26 02:51:44,11,False,True,True,3.0,6.0,-1.5,10.5,High,IQR 1.5x
ADM-00011081,PAT-0016904,Gynecology,Dr. Nisha Dhillon,2023-12-01 19:09:39,11,False,False,True,3.0,6.0,-1.5,10.5,High,IQR 1.5x
ADM-00011116,PAT-0002052,Orthopedics,Dr. Nathan Iyengar,2025-05-26 06:52:12,11,False,True,True,3.0,6.0,-1.5,10.5,High,IQR 1.5x
ADM-00011138,PAT-0019364,Neurology,Dr. Ranbir Sarma,2026-06-20 05:18:37,11,False,False,True,3.0,6.0,-1.5,10.5,High,IQR 1.5x
ADM-00011203,PAT-0011657,ENT,Dr. Alexander Mitter,2024-08-18 08:48:19,11,False,False,True,3.0,6.0,-1.5,10.5,High,IQR 1.5x
ADM-00035809,PAT-0000082,Oncology,Dr. Theodore Kannan,2024-07-08 02:13:50,11,False,True,True,3.0,6.0,-1.5,10.5,High,IQR 1.5x
ADM-00035904,PAT-0021308,ENT,Dr. Girindra Varty,2024-11-09 06:01:09,11,False,False,True,3.0,6.0,-1.5,10.5,High,IQR 1.5x
ADM-00010756,PAT-0000564,Cardiology,Dr. Vritti Cheema,2025-11-12 12:33:23,11,False,False,True,3.0,6.0,-1.5,10.5,High,IQR 1.5x
ADM-00010852,PAT-0022919,Emergency,Dr. Arin Tailor,2024-03-31 19:57:52,11,False,False,True,3.0,6.0,-1.5,10.5,High,IQR 1.5x
ADM-00011937,PAT-0019089,Orthopedics,Dr. Warhi Raja,2025-01-26 04:33:29,11,False,True,True,3.0,6.0,-1.5,10.5,High,IQR 1.5x
ADM-00012062,PAT-0015101,ENT,Dr. Dalaja Pant,2025-05-08 23:33:41,11,False,False,True,3.0,6.0,-1.5,10.5,High,IQR 1.5x
ADM-00012081,PAT-0004700,Oncology,Dr. Lohit Upadhyay,2023-09-12 01:36:14,11,False,False,True,3.0,6.0,-1.5,10.5,High,IQR 1.5x
ADM-00034153,PAT-0010983,Neurology,Dr. Aashi Sangha,2025-06-08 23:25:15,11,False,False,True,3.0,6.0,-1.5,10.5,High,IQR 1.5x
ADM-00033619,PAT-0018285,ENT,Dr. Aarnav Barman,2025-02-28 22:30:18,11,True,True,True,3.0,6.0,-1.5,10.5,High,IQR 1.5x
ADM-00033689,PAT-0010196,Cardiology,Dr. Umang Konda,2023-03-11 17:55:59,11,False,False,True,3.0,6.0,-1.5,10.5,High,IQR 1.5x
ADM-00012089,PAT-0013517,Pediatrics,Dr. Rajata Arora,2025-03-14 07:41:54,11,False,False,True,3.0,6.0,-1.5,10.5,High,IQR 1.5x
ADM-00010956,PAT-0005858,ENT,Dr. Yamini Rau,2023-12-28 06:22:16,11,False,True,True,3.0,6.0,-1.5,10.5,High,IQR 1.5x
ADM-00011037,PAT-0022415,Cardiology,Dr. Umang Konda,2023-03-25 19:31:39,11,False,True,True,3.0,6.0,-1.5,10.5,High,IQR 1.5x
ADM-00011054,PAT-0022064,Gynecology,Dr. Amol Gera,2025-03-27 13:33:46,11,True,False,True,3.0,6.0,-1.5,10.5,High,IQR 1.5x
ADM-00036068,PAT-0008688,Oncology,Dr. Zilmil Aggarwal,2025-08-20 19:37:37,11,False,True,True,3.0,6.0,-1.5,10.5,High,IQR 1.5x
ADM-00036076,PAT-0014082,Dermatology,Dr. Umang Basu,2026-07-11 13:57:28,11,False,False,True,3.0,6.0,-1.5,10.5,High,IQR 1.5x
ADM-00035400,PAT-0015765,Pediatrics,Dr. Yug Bali,2024-05-01 11:09:36,11,True,False,True,3.0,6.0,-1.5,10.5,High,IQR 1.5x
ADM-00036270,PAT-0006886,Pediatrics,Dr. Janya Biswas,2026-03-19 20:45:15,11,True,False,True,3.0,6.0,-1.5,10.5,High,IQR 1.5x
ADM-00036345,PAT-0024025,Neurology,Dr. Charan Murty,2024-07-01 07:00:52,11,True,True,True,3.0,6.0,-1.5,10.5,High,IQR 1.5x
ADM-00036385,PAT-0003582,Cardiology,Dr. Balvan Bala,2025-12-03 06:44:26,11,False,False,True,3.0,6.0,-1.5,10.5,High,IQR 1.5x
ADM-00012158,PAT-0012333,Emergency,Dr. Yahvi Jain,2024-08-18 23:10:23,11,False,True,True,3.0,6.0,-1.5,10.5,High,IQR 1.5x
ADM-00012169,PAT-0010074,General Medicine,Dr. Nathaniel Shan,2024-01-02 12:59:42,11,True,False,True,3.0,6.0,-1.5,10.5,High,IQR 1.5x
ADM-00012402,PAT-0015529,Orthopedics,Dr. Amaira Pal,2026-01-24 16:10:26,11,False,True,True,3.0,6.0,-1.5,10.5,High,IQR 1.5x
ADM-00012417,PAT-0024023,ENT,Dr. Sanya Arya,2025-08-01 22:35:29,11,True,False,True,3.0,6.0,-1.5,10.5,High,IQR 1.5x
ADM-00012551,PAT-0012216,Emergency,Dr. Yahvi Jain,2023-08-16 15:05:39,11,False,False,True,3.0,6.0,-1.5,10.5,High,IQR 1.5x
ADM-00033031,PAT-0013832,Orthopedics,Dr. Chaitanya Buch,2024-07-25 21:58:02,11,True,True,True,3.0,6.0,-1.5,10.5,High,IQR 1.5x
ADM-00033141,PAT-0012515,Dermatology,Dr. Anya Bassi,2025-12-14 22:17:18,11,False,False,True,3.0,6.0,-1.5,10.5,High,IQR 1.5x
ADM-00033200,PAT-0020665,Neurology,Dr. Anirudh Chaudhuri,2026-02-23 20:03:01,11,True,True,True,3.0,6.0,-1.5,10.5,High,IQR 1.5x
ADM-00033257,PAT-0003244,ENT,Dr. Sanya Arya,2025-12-20 19:01:33,11,False,True,True,3.0,6.0,-1.5,10.5,High,IQR 1.5x
ADM-00010509,PAT-0017183,Cardiology,Dr. Umang Vaidya,2024-04-05 11:08:14,11,False,False,True,3.0,6.0,-1.5,10.5,High,IQR 1.5x
ADM-00010519,PAT-0013808,Oncology,Dr. Inaya Warrior,2024-04-21 09:59:22,11,True,True,True,3.0,6.0,-1.5,10.5,High,IQR 1.5x
ADM-00010527,PAT-0017235,Cardiology,Dr. Jasmit Krishnan,2026-01-13 19:16:46,11,False,False,True,3.0,6.0,-1.5,10.5,High,IQR 1.5x
ADM-00035833,PAT-0019907,Gynecology,Dr. Bhanumati Minhas,2024-11-22 18:49:12,11,False,True,True,3.0,6.0,-1.5,10.5,High,IQR 1.5x
ADM-00033324,PAT-0023901,Neurology,Dr. Anirudh Chaudhuri,2023-12-15 06:17:55,11,False,True,True,3.0,6.0,-1.5,10.5,High,IQR 1.5x
ADM-00033440,PAT-0009222,ENT,Dr. Azad Batra,2024-02-25 04:07:26,11,False,False,True,3.0,6.0,-1.5,10.5,High,IQR 1.5x
ADM-00033454,PAT-0008163,ENT,Dr. Aadhya Prashad,2025-02-07 20:31:52,11,False,True,True,3.0,6.0,-1.5,10.5,High,IQR 1.5x
ADM-00033553,PAT-0013374,Cardiology,Dr. Gauri Rajan,2024-12-08 21:40:46,11,False,True,True,3.0,6.0,-1.5,10.5,High,IQR 1.5x
ADM-00033563,PAT-0021416,Cardiology,Dr. Harrison Dora,2026-05-07 14:17:38,11,False,True,True,3.0,6.0,-1.5,10.5,High,IQR 1.5x
ADM-00032708,PAT-0009718,Pediatrics,Dr. Devansh Devan,2026-04-16 05:52:57,11,False,False,True,3.0,6.0,-1.5,10.5,High,IQR 1.5x
ADM-00032835,PAT-0008402,Dermatology,Dr. David Narula,2025-02-21 12:48:13,11,False,False,True,3.0,6.0,-1.5,10.5,High,IQR 1.5x
ADM-00032870,PAT-0022083,Pediatrics,Dr. Bhavya Kulkarni,2024-06-17 14:52:45,11,False,False,True,3.0,6.0,-1.5,10.5,High,IQR 1.5x
ADM-00036663,PAT-0011701,Oncology,Dr. Zaid Vohra,2023-06-20 21:33:05,11,True,False,True,3.0,6.0,-1.5,10.5,High,IQR 1.5x
ADM-00036670,PAT-0007395,ENT,Dr. Parth Muni,2026-04-20 18:42:01,11,True,True,True,3.0,6.0,-1.5,10.5,High,IQR 1.5x
ADM-00036704,PAT-0016058,Emergency,Dr. Rehaan Lanka,2023-01-13 05:14:32,11,False,False,True,3.0,6.0,-1.5,10.5,High,IQR 1.5x
ADM-00036713,PAT-0012597,Cardiology,Dr. Faras Gade,2026-07-01 20:40:55,11,False,False,True,3.0,6.0,-1.5,10.5,High,IQR 1.5x
ADM-00036781,PAT-0021331,Dermatology,Dr. Umang Basu,2024-08-22 13:46:21,11,False,True,True,3.0,6.0,-1.5,10.5,High,IQR 1.5x
ADM-00036812,PAT-0005164,Orthopedics,Dr. Vinaya Amble,2025-04-12 17:12:18,11,False,True,True,3.0,6.0,-1.5,10.5,High,IQR 1.5x
ADM-00036816,PAT-0024808,Dermatology,Dr. Robert Murthy,2024-04-07 00:40:15,11,False,True,True,3.0,6.0,-1.5,10.5,High,IQR 1.5x
ADM-00036155,PAT-0022089,Neurology,Dr. Inaya Raman,2024-03-12 23:31:15,11,False,True,True,3.0,6.0,-1.5,10.5,High,IQR 1.5x
ADM-00012641,PAT-0017220,Emergency,Dr. Kavya Chaudhry,2026-07-13 14:42:32,11,True,True,True,3.0,6.0,-1.5,10.5,High,IQR 1.5x
ADM-00012729,PAT-0023491,Emergency,Dr. Daksh Madan,2026-01-18 10:05:59,11,False,True,True,3.0,6.0,-1.5,10.5,High,IQR 1.5x
ADM-00012736,PAT-0004862,Pediatrics,Dr. Nakul Pathak,2025-08-26 15:09:29,11,False,False,True,3.0,6.0,-1.5,10.5,High,IQR 1.5x
ADM-00012773,PAT-0013014,Dermatology,Dr. Anya Bassi,2023-04-21 03:56:36,11,False,False,True,3.0,6.0,-1.5,10.5,High,IQR 1.5x
ADM-00032475,PAT-0024311,ENT,Dr. Tanveer Pant,2025-02-02 06:24:02,11,False,False,True,3.0,6.0,-1.5,10.5,High,IQR 1.5x
ADM-00032512,PAT-0012733,Orthopedics,Dr. Anjali Patla,2024-10-17 03:43:49,11,True,True,True,3.0,6.0,-1.5,10.5,High,IQR 1.5x
ADM-00032644,PAT-0001844,Gynecology,Dr. Ekta Pai,2024-08-31 07:19:42,11,False,True,True,3.0,6.0,-1.5,10.5,High,IQR 1.5x
ADM-00012861,PAT-0016757,Gynecology,Dr. Ijaya Zachariah,2026-05-04 19:02:01,11,False,True,True,3.0,6.0,-1.5,10.5,High,IQR 1.5x
ADM-00010359,PAT-0022947,Oncology,Dr. Zaid Vohra,2026-03-11 12:53:54,11,False,False,True,3.0,6.0,-1.5,10.5,High,IQR 1.5x
ADM-00036962,PAT-0010908,Oncology,Dr. Chaitanya Banerjee,2024-03-10 06:32:40,11,False,False,True,3.0,6.0,-1.5,10.5,High,IQR 1.5x
ADM-00037042,PAT-0002722,ENT,Dr. Girindra Sachar,2026-03-12 19:11:42,11,False,False,True,3.0,6.0,-1.5,10.5,High,IQR 1.5x
ADM-00037051,PAT-0018675,Oncology,Dr. Zilmil Gade,2023-08-05 07:43:19,11,False,False,True,3.0,6.0,-1.5,10.5,High,IQR 1.5x
ADM-00037099,PAT-0016939,Emergency,Dr. Yahvi Jain,2023-04-11 06:50:53,11,False,True,True,3.0,6.0,-1.5,10.5,High,IQR 1.5x
ADM-00036430,PAT-0002092,Cardiology,Dr. Ekapad Pal,2025-07-06 14:39:39,11,True,False,True,3.0,6.0,-1.5,10.5,High,IQR 1.5x
ADM-00036444,PAT-0015332,General Medicine,Dr. Samesh Arora,2023-04-03 14:18:49,11,True,True,True,3.0,6.0,-1.5,10.5,High,IQR 1.5x
ADM-00036464,PAT-0020137,Gynecology,Dr. Sneha Mahal,2025-07-20 09:54:48,11,False,True,True,3.0,6.0,-1.5,10.5,High,IQR 1.5x
ADM-00009960,PAT-0014365,Cardiology,Dr. Gauri Rajan,2023-09-12 10:59:55,11,True,False,True,3.0,6.0,-1.5,10.5,High,IQR 1.5x
ADM-00037703,PAT-0018531,ENT,Dr. Teerth Dewan,2023-12-11 07:25:22,11,False,True,True,3.0,6.0,-1.5,10.5,High,IQR 1.5x
ADM-00037130,PAT-0003570,ENT,Dr. Hema Rana,2025-07-06 17:25:30,11,False,True,True,3.0,6.0,-1.5,10.5,High,IQR 1.5x
ADM-00037131,PAT-0016209,General Medicine,Dr. Elijah Nori,2023-07-20 13:37:31,11,True,True,True,3.0,6.0,-1.5,10.5,High,IQR 1.5x
ADM-00037196,PAT-0001281,Pediatrics,Dr. Devansh Devan,2024-08-02 15:15:22,11,False,False,True,3.0,6.0,-1.5,10.5,High,IQR 1.5x
ADM-00037292,PAT-0011611,ENT,Dr. Yachana Vyas,2023-06-05 14:43:52,11,True,True,True,3.0,6.0,-1.5,10.5,High,IQR 1.5x
ADM-00037297,PAT-0022984,Oncology,Dr. Zaid Vohra,2024-07-12 11:18:29,11,True,False,True,3.0,6.0,-1.5,10.5,High,IQR 1.5x
ADM-00037369,PAT-0024766,ENT,Dr. Bahadurjit Sane,2026-09-07 19:21:47,11,True,False,True,3.0,6.0,-1.5,10.5,High,IQR 1.5x
ADM-00037385,PAT-0001766,Neurology,Dr. Raghav Sampath,2024-10-29 16:34:11,11,False,False,True,3.0,6.0,-1.5,10.5,High,IQR 1.5x
ADM-00037483,PAT-0018817,Oncology,Dr. Chaitanya Banerjee,2024-01-03 17:58:14,11,False,True,True,3.0,6.0,-1.5,10.5,High,IQR 1.5x
ADM-00037504,PAT-0011315,General Medicine,Dr. Samesh Arora,2024-02-11 00:43:52,11,False,True,True,3.0,6.0,-1.5,10.5,High,IQR 1.5x
ADM-00037547,PAT-0006722,Pediatrics,Dr. Jason Mukherjee,2025-10-08 12:24:23,11,True,False,True,3.0,6.0,-1.5,10.5,High,IQR 1.5x
ADM-00036896,PAT-0020060,Gynecology,Dr. Warinder Sarin,2025-12-09 22:31:51,11,True,False,True,3.0,6.0,-1.5,10.5,High,IQR 1.5x
ADM-00036943,PAT-0018800,Oncology,Dr. Janya Chawla,2026-03-19 08:28:54,11,False,True,True,3.0,6.0,-1.5,10.5,High,IQR 1.5x
ADM-00010056,PAT-0018655,Orthopedics,Dr. Anjali Patla,2025-06-26 23:08:49,11,False,True,True,3.0,6.0,-1.5,10.5,High,IQR 1.5x
ADM-00012629,PAT-0014545,Oncology,Dr. Om Bajaj,2024-02-23 22:00:49,11,False,False,True,3.0,6.0,-1.5,10.5,High,IQR 1.5x
ADM-00037634,PAT-0021022,Oncology,Dr. Theodore Kannan,2025-01-29 03:12:40,11,False,False,True,3.0,6.0,-1.5,10.5,High,IQR 1.5x
ADM-00009753,PAT-0021852,Neurology,Dr. Jagat Divan,2026-04-16 19:53:48,11,False,False,True,3.0,6.0,-1.5,10.5,High,IQR 1.5x
ADM-00012868,PAT-0011978,Cardiology,Dr. Harrison Dora,2023-11-01 19:40:26,11,False,False,True,3.0,6.0,-1.5,10.5,High,IQR 1.5x
ADM-00012942,PAT-0014323,Oncology,Dr. Zaid Vohra,2026-07-28 01:35:09,11,False,True,True,3.0,6.0,-1.5,10.5,High,IQR 1.5x
ADM-00012964,PAT-0003410,Gynecology,Dr. Sneha Mahal,2026-06-18 07:03:02,11,False,True,True,3.0,6.0,-1.5,10.5,High,IQR 1.5x
ADM-00012979,PAT-0010699,Orthopedics,Dr. Vaishnavi Balay,2023-04-27 09:59:21,11,False,False,True,3.0,6.0,-1.5,10.5,High,IQR 1.5x
ADM-00012992,PAT-0003430,ENT,Dr. Dayamai Nazareth,2024-12-06 07:18:48,11,True,False,True,3.0,6.0,-1.5,10.5,High,IQR 1.5x
ADM-00013005,PAT-0002453,General Medicine,Dr. Nathaniel Shan,2025-12-24 09:04:10,11,True,False,True,3.0,6.0,-1.5,10.5,High,IQR 1.5x
ADM-00013032,PAT-0020880,Emergency,Dr. Arin Tailor,2023-10-18 07:19:44,11,False,True,True,3.0,6.0,-1.5,10.5,High,IQR 1.5x
ADM-00013047,PAT-0002012,Orthopedics,Dr. Nitara Choudhury,2025-07-29 00:04:56,11,False,False,True,3.0,6.0,-1.5,10.5,High,IQR 1.5x
ADM-00032018,PAT-0004496,Emergency,Dr. Eiravati Goda,2023-02-03 11:23:11,11,False,True,True,3.0,6.0,-1.5,10.5,High,IQR 1.5x
ADM-00032143,PAT-0021833,Oncology,Dr. Charles Bajaj,2025-10-11 03:12:45,11,False,False,True,3.0,6.0,-1.5,10.5,High,IQR 1.5x
ADM-00009775,PAT-0004401,Orthopedics,Dr. Falguni Kumar,2026-03-06 19:52:40,11,False,False,True,3.0,6.0,-1.5,10.5,High,IQR 1.5x
ADM-00009796,PAT-0011443,ENT,Dr. Triya Sem,2024-03-01 17:10:34,11,False,False,True,3.0,6.0,-1.5,10.5,High,IQR 1.5x
ADM-00009800,PAT-0016672,Oncology,Dr. David Deshmukh,2023-06-25 07:05:43,11,False,False,True,3.0,6.0,-1.5,10.5,High,IQR 1.5x
ADM-00009820,PAT-0020264,Neurology,Dr. Gabriel Sachdev,2024-07-16 05:19:02,11,False,True,True,3.0,6.0,-1.5,10.5,High,IQR 1.5x
ADM-00009618,PAT-0014698,Emergency,Dr. Arin Tailor,2026-08-05 08:50:32,11,False,True,True,3.0,6.0,-1.5,10.5,High,IQR 1.5x
ADM-00009629,PAT-0012013,Oncology,Dr. Zilmil Gade,2024-07-19 17:46:31,11,False,True,True,3.0,6.0,-1.5,10.5,High,IQR 1.5x
ADM-00009646,PAT-0005960,Neurology,Dr. Gabriel Sachdev,2025-11-15 15:43:33,11,False,False,True,3.0,6.0,-1.5,10.5,High,IQR 1.5x
ADM-00009673,PAT-0004298,Pediatrics,Dr. Yug Bali,2023-04-24 10:50:02,11,False,False,True,3.0,6.0,-1.5,10.5,High,IQR 1.5x
ADM-00038322,PAT-0017709,Pediatrics,Dr. Indrajit Cheema,2025-12-28 22:05:46,11,False,True,True,3.0,6.0,-1.5,10.5,High,IQR 1.5x
ADM-00038359,PAT-0010415,Orthopedics,Dr. Anjali Patla,2025-04-14 11:36:48,11,True,False,True,3.0,6.0,-1.5,10.5,High,IQR 1.5x
ADM-00037785,PAT-0010157,Dermatology,Dr. Umang Basu,2026-05-14 21:40:03,11,False,False,True,3.0,6.0,-1.5,10.5,High,IQR 1.5x
ADM-00037818,PAT-0015852,Gynecology,Dr. Tamanna Chander,2024-05-19 22:35:46,11,False,False,True,3.0,6.0,-1.5,10.5,High,IQR 1.5x
ADM-00037875,PAT-0001889,Dermatology,Dr. Anya Bassi,2023-07-22 13:59:34,11,True,False,True,3.0,6.0,-1.5,10.5,High,IQR 1.5x
ADM-00037884,PAT-0023208,Cardiology,Dr. Faras Gade,2025-07-22 22:30:41,11,False,True,True,3.0,6.0,-1.5,10.5,High,IQR 1.5x
ADM-00037922,PAT-0011394,Emergency,Dr. Arin Tailor,2025-05-20 11:52:48,11,True,False,True,3.0,6.0,-1.5,10.5,High,IQR 1.5x
ADM-00038043,PAT-0002825,General Medicine,Dr. Nathaniel Shan,2023-01-26 05:52:26,11,False,True,True,3.0,6.0,-1.5,10.5,High,IQR 1.5x
ADM-00038080,PAT-0024441,Dermatology,Dr. Michael Rastogi,2026-01-05 12:35:59,11,False,True,True,3.0,6.0,-1.5,10.5,High,IQR 1.5x
ADM-00038092,PAT-0016101,Neurology,Dr. Jagat Divan,2025-09-08 12:23:43,11,False,True,True,3.0,6.0,-1.5,10.5,High,IQR 1.5x
ADM-00038198,PAT-0004656,Gynecology,Dr. Ekta Pai,2023-08-23 12:14:40,11,False,True,True,3.0,6.0,-1.5,10.5,High,IQR 1.5x
ADM-00038230,PAT-0024348,Orthopedics,Dr. Samarth Nayar,2023-08-16 07:18:12,11,True,False,True,3.0,6.0,-1.5,10.5,High,IQR 1.5x
ADM-00038253,PAT-0009540,Gynecology,Dr. Bhanumati Minhas,2023-10-13 22:59:02,11,False,True,True,3.0,6.0,-1.5,10.5,High,IQR 1.5x
ADM-00038280,PAT-0014093,Orthopedics,Dr. Abha Mandal,2024-02-18 22:42:14,11,False,False,True,3.0,6.0,-1.5,10.5,High,IQR 1.5x
ADM-00038289,PAT-0003932,Emergency,Dr. Chaitaly Reddy,2025-12-18 18:11:38,11,False,False,True,3.0,6.0,-1.5,10.5,High,IQR 1.5x
ADM-00009520,PAT-0022840,Neurology,Dr. Bhavini Maharaj,2023-01-24 08:28:35,11,False,True,True,3.0,6.0,-1.5,10.5,High,IQR 1.5x
ADM-00009610,PAT-0011908,Orthopedics,Dr. Chaitanya Buch,2025-09-28 11:02:10,11,False,True,True,3.0,6.0,-1.5,10.5,High,IQR 1.5x
ADM-00032211,PAT-0006677,Oncology,Dr. Theodore Kannan,2026-07-09 13:09:14,11,False,True,True,3.0,6.0,-1.5,10.5,High,IQR 1.5x
ADM-00032214,PAT-0007671,Gynecology,Dr. Ekta Pai,2025-02-06 08:59:08,11,False,False,True,3.0,6.0,-1.5,10.5,High,IQR 1.5x
ADM-00032236,PAT-0021068,Neurology,Dr. Reva Sidhu,2026-08-26 22:00:31,11,True,False,True,3.0,6.0,-1.5,10.5,High,IQR 1.5x
ADM-00032294,PAT-0002513,General Medicine,Dr. Vrinda Kale,2023-10-04 16:56:38,11,False,True,True,3.0,6.0,-1.5,10.5,High,IQR 1.5x
ADM-00032395,PAT-0015854,Orthopedics,Dr. Hemang Thaman,2023-01-07 09:23:52,11,True,False,True,3.0,6.0,-1.5,10.5,High,IQR 1.5x
ADM-00032424,PAT-0020137,Gynecology,Dr. Ekta Pai,2025-04-18 23:36:43,11,False,True,True,3.0,6.0,-1.5,10.5,High,IQR 1.5x
ADM-00032468,PAT-0012116,ENT,Dr. Triya Sem,2023-06-01 17:49:08,11,False,False,True,3.0,6.0,-1.5,10.5,High,IQR 1.5x
ADM-00031494,PAT-0014896,Oncology,Dr. Vrishti Bedi,2024-03-13 21:16:52,11,False,True,True,3.0,6.0,-1.5,10.5,High,IQR 1.5x
ADM-00031625,PAT-0009960,Orthopedics,Dr. Amaira Pal,2023-03-18 09:42:20,11,True,False,True,3.0,6.0,-1.5,10.5,High,IQR 1.5x
ADM-00031645,PAT-0009705,Neurology,Dr. Ekantika Virk,2025-10-09 05:27:13,11,False,False,True,3.0,6.0,-1.5,10.5,High,IQR 1.5x
ADM-00031761,PAT-0009379,Emergency,Dr. Daksh Madan,2023-01-04 20:03:56,11,False,True,True,3.0,6.0,-1.5,10.5,High,IQR 1.5x
ADM-00013068,PAT-0003415,Neurology,Dr. Jagrati Borde,2026-03-25 02:40:41,11,False,True,True,3.0,6.0,-1.5,10.5,High,IQR 1.5x
ADM-00013093,PAT-0020099,Emergency,Dr. Kabir Wadhwa,2023-06-09 21:35:54,11,True,True,True,3.0,6.0,-1.5,10.5,High,IQR 1.5x
ADM-00013139,PAT-0011630,Pediatrics,Dr. Janya Biswas,2024-12-10 06:47:36,11,False,False,True,3.0,6.0,-1.5,10.5,High,IQR 1.5x
ADM-00013170,PAT-0014499,Cardiology,Dr. Faras Gade,2025-06-21 03:48:37,11,False,True,True,3.0,6.0,-1.5,10.5,High,IQR 1.5x
ADM-00013179,PAT-0010066,Orthopedics,Dr. Abha Mandal,2025-07-26 04:54:33,11,True,False,True,3.0,6.0,-1.5,10.5,High,IQR 1.5x
ADM-00031967,PAT-0023520,Orthopedics,Dr. Samarth Nayar,2025-08-28 17:57:52,11,False,False,True,3.0,6.0,-1.5,10.5,High,IQR 1.5x
ADM-00031091,PAT-0003879,Oncology,Dr. Charles Bajaj,2026-07-20 22:09:26,11,False,True,True,3.0,6.0,-1.5,10.5,High,IQR 1.5x
ADM-00031374,PAT-0008240,Pediatrics,Dr. Unnati Mall,2025-05-02 08:41:12,11,False,True,True,3.0,6.0,-1.5,10.5,High,IQR 1.5x
ADM-00013528,PAT-0018357,Cardiology,Dr. Jackson Jhaveri,2023-06-06 11:29:48,11,False,False,True,3.0,6.0,-1.5,10.5,High,IQR 1.5x
ADM-00013532,PAT-0017596,Neurology,Dr. Wridesh Sheth,2023-11-15 00:11:52,11,False,False,True,3.0,6.0,-1.5,10.5,High,IQR 1.5x
ADM-00038740,PAT-0002145,Gynecology,Dr. Zaitra Mahajan,2023-03-15 15:22:31,11,False,False,True,3.0,6.0,-1.5,10.5,High,IQR 1.5x
ADM-00038769,PAT-0018579,General Medicine,Dr. Dhriti Devi,2023-06-19 07:24:09,11,False,False,True,3.0,6.0,-1.5,10.5,High,IQR 1.5x
ADM-00038820,PAT-0013940,General Medicine,Dr. Chatresh Viswanathan,2024-03-02 23:52:13,11,True,False,True,3.0,6.0,-1.5,10.5,High,IQR 1.5x
ADM-00038892,PAT-0015322,ENT,Dr. Teerth Dewan,2024-01-06 10:00:19,11,False,False,True,3.0,6.0,-1.5,10.5,High,IQR 1.5x
ADM-00038936,PAT-0016134,Dermatology,Dr. Priya Malhotra,2023-03-26 10:17:48,11,False,True,True,3.0,6.0,-1.5,10.5,High,IQR 1.5x
ADM-00038994,PAT-0003239,General Medicine,Dr. Samesh Arora,2023-10-12 05:05:52,11,False,False,True,3.0,6.0,-1.5,10.5,High,IQR 1.5x
ADM-00013604,PAT-0007757,Neurology,Dr. Bishakha Patel,2024-01-23 00:36:05,11,True,False,True,3.0,6.0,-1.5,10.5,High,IQR 1.5x
ADM-00013641,PAT-0007370,ENT,Dr. Tanveer Pant,2025-08-10 08:23:26,11,False,True,True,3.0,6.0,-1.5,10.5,High,IQR 1.5x
ADM-00013679,PAT-0015212,Dermatology,Dr. Krish Jhaveri,2024-02-02 21:58:01,11,False,False,True,3.0,6.0,-1.5,10.5,High,IQR 1.5x
ADM-00013711,PAT-0005998,Orthopedics,Dr. Samarth Nayar,2026-03-24 07:20:05,11,False,False,True,3.0,6.0,-1.5,10.5,High,IQR 1.5x
ADM-00031429,PAT-0001691,Pediatrics,Dr. Indrajit Cheema,2025-12-11 22:12:03,11,False,True,True,3.0,6.0,-1.5,10.5,High,IQR 1.5x
ADM-00030934,PAT-0024137,General Medicine,Dr. Viraj Nair,2025-05-12 23:43:14,11,False,False,True,3.0,6.0,-1.5,10.5,High,IQR 1.5x
ADM-00013895,PAT-0001674,Cardiology,Dr. Nachiket Pandit,2023-05-03 21:54:59,11,False,False,True,3.0,6.0,-1.5,10.5,High,IQR 1.5x
ADM-00013914,PAT-0010747,ENT,Dr. Parth Muni,2024-05-17 23:41:29,11,False,True,True,3.0,6.0,-1.5,10.5,High,IQR 1.5x
ADM-00009333,PAT-0023991,Emergency,Dr. Rehaan Lanka,2026-06-02 21:49:16,11,False,True,True,3.0,6.0,-1.5,10.5,High,IQR 1.5x
ADM-00009363,PAT-0016926,Oncology,Dr. Lohit Upadhyay,2023-04-20 21:46:17,11,False,False,True,3.0,6.0,-1.5,10.5,High,IQR 1.5x
ADM-00009417,PAT-0018920,Cardiology,Dr. Faras Gade,2025-02-09 16:16:09,11,False,True,True,3.0,6.0,-1.5,10.5,High,IQR 1.5x
ADM-00009423,PAT-0013136,Cardiology,Dr. Faras Gade,2025-07-19 12:29:59,11,False,False,True,3.0,6.0,-1.5,10.5,High,IQR 1.5x
ADM-00009453,PAT-0021429,Oncology,Dr. Inaya Warrior,2023-03-30 12:38:48,11,False,True,True,3.0,6.0,-1.5,10.5,High,IQR 1.5x
ADM-00038516,PAT-0013579,Dermatology,Dr. David Narula,2024-07-13 19:20:44,11,False,False,True,3.0,6.0,-1.5,10.5,High,IQR 1.5x
ADM-00038521,PAT-0001465,Neurology,Dr. Aashi Sangha,2026-07-05 23:24:03,11,False,False,True,3.0,6.0,-1.5,10.5,High,IQR 1.5x
ADM-00038540,PAT-0004671,Gynecology,Dr. Warinder Sarin,2025-04-29 22:30:47,11,False,True,True,3.0,6.0,-1.5,10.5,High,IQR 1.5x
ADM-00013920,PAT-0005897,Gynecology,Dr. Shravya Ramanathan,2023-08-20 06:41:22,11,True,False,True,3.0,6.0,-1.5,10.5,High,IQR 1.5x
ADM-00013983,PAT-0006282,Gynecology,Dr. Zaitra Mahajan,2025-06-12 22:11:11,11,True,True,True,3.0,6.0,-1.5,10.5,High,IQR 1.5x
ADM-00031001,PAT-0012086,Cardiology,Dr. Qadim Suresh,2025-01-10 06:39:31,11,False,True,True,3.0,6.0,-1.5,10.5,High,IQR 1.5x
ADM-00031047,PAT-0021759,Dermatology,Dr. Anya Bassi,2025-08-27 16:05:04,11,False,False,True,3.0,6.0,-1.5,10.5,High,IQR 1.5x
ADM-00030441,PAT-0006111,Oncology,Dr. Krishna Modi,2024-07-08 09:32:57,11,False,True,True,3.0,6.0,-1.5,10.5,High,IQR 1.5x
ADM-00030450,PAT-0022587,Dermatology,Dr. Krish Jhaveri,2025-09-17 18:54:12,11,False,False,True,3.0,6.0,-1.5,10.5,High,IQR 1.5x
ADM-00030454,PAT-0011129,Oncology,Dr. Lohit Upadhyay,2024-08-30 04:13:32,11,False,False,True,3.0,6.0,-1.5,10.5,High,IQR 1.5x
ADM-00030467,PAT-0013737,Oncology,Dr. Zaid Vohra,2026-06-22 23:59:17,11,True,True,True,3.0,6.0,-1.5,10.5,High,IQR 1.5x
ADM-00008814,PAT-0014043,Gynecology,Dr. Tamanna Chander,2024-11-29 05:04:50,11,False,True,True,3.0,6.0,-1.5,10.5,High,IQR 1.5x
ADM-00008842,PAT-0015105,Dermatology,Dr. Elijah Rege,2024-07-10 05:13:12,11,False,False,True,3.0,6.0,-1.5,10.5,High,IQR 1.5x
ADM-00009049,PAT-0023131,Cardiology,Dr. Jalsa Choudhry,2023-09-28 20:00:49,11,False,False,True,3.0,6.0,-1.5,10.5,High,IQR 1.5x
ADM-00009060,PAT-0007431,Orthopedics,Dr. Falguni Kumar,2026-04-03 07:51:47,11,True,True,True,3.0,6.0,-1.5,10.5,High,IQR 1.5x
ADM-00039019,PAT-0018706,Pediatrics,Dr. Jason Mukherjee,2025-04-18 16:12:21,11,False,False,True,3.0,6.0,-1.5,10.5,High,IQR 1.5x
ADM-00009305,PAT-0013058,Oncology,Dr. Charles Bajaj,2025-05-30 03:16:54,11,False,False,True,3.0,6.0,-1.5,10.5,High,IQR 1.5x
ADM-00013543,PAT-0021565,General Medicine,Dr. Vrinda Kale,2025-12-01 17:48:23,11,False,True,True,3.0,6.0,-1.5,10.5,High,IQR 1.5x
ADM-00013578,PAT-0020518,Dermatology,Dr. David Narula,2024-06-30 00:03:23,11,False,False,True,3.0,6.0,-1.5,10.5,High,IQR 1.5x
ADM-00008673,PAT-0008278,Neurology,Dr. Charan Murty,2025-06-23 22:45:04,11,False,False,True,3.0,6.0,-1.5,10.5,High,IQR 1.5x
ADM-00008717,PAT-0003008,Oncology,Dr. Zilmil Aggarwal,2026-05-11 06:27:44,11,False,False,True,3.0,6.0,-1.5,10.5,High,IQR 1.5x
ADM-00008736,PAT-0017974,Orthopedics,Dr. Falguni Kumar,2025-12-13 00:14:11,11,False,True,True,3.0,6.0,-1.5,10.5,High,IQR 1.5x
ADM-00040241,PAT-0022141,Oncology,Dr. Zilmil Aggarwal,2023-09-14 03:47:03,11,False,False,True,3.0,6.0,-1.5,10.5,High,IQR 1.5x
ADM-00040285,PAT-0010301,Dermatology,Dr. Lajita Bora,2025-03-28 07:05:31,11,True,True,True,3.0,6.0,-1.5,10.5,High,IQR 1.5x
ADM-00039534,PAT-0005532,Neurology,Dr. Bishakha Patel,2023-08-30 23:03:36,11,False,False,True,3.0,6.0,-1.5,10.5,High,IQR 1.5x
ADM-00039601,PAT-0002993,Emergency,Dr. Daksh Madan,2023-05-05 04:02:40,11,False,True,True,3.0,6.0,-1.5,10.5,High,IQR 1.5x
ADM-00039669,PAT-0013850,Pediatrics,Dr. Unnati Mall,2024-07-19 09:02:29,11,False,False,True,3.0,6.0,-1.5,10.5,High,IQR 1.5x
ADM-00039775,PAT-0013131,ENT,Dr. Azad Batra,2026-07-22 20:35:33,11,False,False,True,3.0,6.0,-1.5,10.5,High,IQR 1.5x
ADM-00039908,PAT-0015838,Pediatrics,Dr. Nakul Pathak,2026-02-09 21:41:53,11,False,False,True,3.0,6.0,-1.5,10.5,High,IQR 1.5x
ADM-00040009,PAT-0014851,Pediatrics,Dr. Jason Mukherjee,2023-01-10 16:00:42,11,True,False,True,3.0,6.0,-1.5,10.5,High,IQR 1.5x
ADM-00040017,PAT-0009640,Cardiology,Dr. Kamala Bhargava,2023-11-05 15:44:51,11,False,False,True,3.0,6.0,-1.5,10.5,High,IQR 1.5x
ADM-00040126,PAT-0000323,Pediatrics,Dr. Yauvani Devan,2023-09-04 20:20:14,11,False,False,True,3.0,6.0,-1.5,10.5,High,IQR 1.5x
ADM-00039131,PAT-0012258,Oncology,Dr. Zaid Vohra,2026-08-19 09:00:06,11,True,True,True,3.0,6.0,-1.5,10.5,High,IQR 1.5x
ADM-00039161,PAT-0002330,Pediatrics,Dr. Yug Bali,2023-03-03 10:45:12,11,False,False,True,3.0,6.0,-1.5,10.5,High,IQR 1.5x
ADM-00039192,PAT-0018854,Gynecology,Dr. Nisha Dhillon,2025-11-26 20:08:21,11,False,True,True,3.0,6.0,-1.5,10.5,High,IQR 1.5x
ADM-00040746,PAT-0007079,Neurology,Dr. Wridesh Sheth,2025-05-11 17:23:55,11,True,False,True,3.0,6.0,-1.5,10.5,High,IQR 1.5x
ADM-00040754,PAT-0024848,Gynecology,Dr. Ekta Pai,2026-06-11 17:36:13,11,True,False,True,3.0,6.0,-1.5,10.5,High,IQR 1.5x
ADM-00040195,PAT-0001026,Emergency,Dr. Yahvi Jain,2024-03-09 08:56:45,11,True,True,True,3.0,6.0,-1.5,10.5,High,IQR 1.5x
ADM-00008417,PAT-0013727,Emergency,Dr. Warjas Singhal,2023-06-25 15:48:21,11,False,True,True,3.0,6.0,-1.5,10.5,High,IQR 1.5x
ADM-00008478,PAT-0019813,Neurology,Dr. Anamika Johal,2024-07-14 18:46:19,11,False,False,True,3.0,6.0,-1.5,10.5,High,IQR 1.5x
ADM-00008538,PAT-0013994,Gynecology,Dr. Ijaya Zachariah,2024-02-15 21:49:22,11,True,True,True,3.0,6.0,-1.5,10.5,High,IQR 1.5x
ADM-00030614,PAT-0017747,Pediatrics,Dr. Devansh Devan,2025-04-09 23:51:35,11,True,True,True,3.0,6.0,-1.5,10.5,High,IQR 1.5x
ADM-00030627,PAT-0012317,Neurology,Dr. Jagrati Borde,2025-08-07 04:30:51,11,False,False,True,3.0,6.0,-1.5,10.5,High,IQR 1.5x
ADM-00030753,PAT-0004353,Dermatology,Dr. Michael Rastogi,2023-08-09 10:48:41,11,True,True,True,3.0,6.0,-1.5,10.5,High,IQR 1.5x
ADM-00030796,PAT-0012253,Dermatology,Dr. Lajita Bora,2023-06-15 23:03:19,11,True,True,True,3.0,6.0,-1.5,10.5,High,IQR 1.5x
ADM-00030808,PAT-0015054,Gynecology,Dr. Ekta Pai,2025-01-24 20:45:43,11,True,False,True,3.0,6.0,-1.5,10.5,High,IQR 1.5x
ADM-00013999,PAT-0022877,Gynecology,Dr. Ijaya Zachariah,2025-07-07 03:30:52,11,True,False,True,3.0,6.0,-1.5,10.5,High,IQR 1.5x
ADM-00014106,PAT-0021131,Cardiology,Dr. Yashodhara Sani,2025-10-05 19:34:07,11,False,False,True,3.0,6.0,-1.5,10.5,High,IQR 1.5x
ADM-00014190,PAT-0005849,ENT,Dr. Aadhya Prashad,2025-09-20 02:18:42,11,False,False,True,3.0,6.0,-1.5,10.5,High,IQR 1.5x
ADM-00008597,PAT-0019556,Gynecology,Dr. Nisha Dhillon,2023-05-10 11:43:02,11,False,False,True,3.0,6.0,-1.5,10.5,High,IQR 1.5x
ADM-00008611,PAT-0003705,Oncology,Dr. Lohit Upadhyay,2026-03-18 19:34:47,11,False,False,True,3.0,6.0,-1.5,10.5,High,IQR 1.5x
ADM-00040550,PAT-0006154,Gynecology,Dr. Tamanna Chander,2025-11-25 14:53:33,11,True,True,True,3.0,6.0,-1.5,10.5,High,IQR 1.5x
ADM-00040595,PAT-0000402,Orthopedics,Dr. Vinaya Amble,2024-05-11 03:08:15,11,True,False,True,3.0,6.0,-1.5,10.5,High,IQR 1.5x
ADM-00014252,PAT-0014301,Oncology,Dr. Lohit Upadhyay,2025-07-25 09:36:24,11,False,True,True,3.0,6.0,-1.5,10.5,High,IQR 1.5x
ADM-00014302,PAT-0015014,Cardiology,Dr. Viraj Subramanian,2024-02-18 10:48:36,11,False,True,True,3.0,6.0,-1.5,10.5,High,IQR 1.5x
ADM-00014511,PAT-0008771,Dermatology,Dr. Alexander Gulati,2026-08-25 22:02:54,11,True,False,True,3.0,6.0,-1.5,10.5,High,IQR 1.5x
ADM-00030291,PAT-0005557,Orthopedics,Dr. Amaira Seshadri,2023-10-08 19:48:46,11,False,True,True,3.0,6.0,-1.5,10.5,High,IQR 1.5x
ADM-00030314,PAT-0010499,Oncology,Dr. Om Bajaj,2025-06-13 17:42:51,11,False,True,True,3.0,6.0,-1.5,10.5,High,IQR 1.5x
ADM-00030420,PAT-0007953,General Medicine,Dr. Chatresh Batta,2023-06-18 00:11:04,11,False,False,True,3.0,6.0,-1.5,10.5,High,IQR 1.5x
ADM-00029746,PAT-0014462,ENT,Dr. Aarnav Barman,2024-05-21 07:34:13,11,True,True,True,3.0,6.0,-1.5,10.5,High,IQR 1.5x
ADM-00029758,PAT-0003956,Neurology,Dr. Bahadurjit Bose,2024-09-07 13:05:13,11,False,False,True,3.0,6.0,-1.5,10.5,High,IQR 1.5x
ADM-00029799,PAT-0006462,Pediatrics,Dr. Bhavya Kulkarni,2025-05-06 10:54:01,11,False,False,True,3.0,6.0,-1.5,10.5,High,IQR 1.5x
ADM-00029810,PAT-0009090,Neurology,Dr. Aashi Sangha,2025-01-16 11:28:04,11,False,False,True,3.0,6.0,-1.5,10.5,High,IQR 1.5x
ADM-00029832,PAT-0023257,Cardiology,Dr. Gauri Rajan,2024-02-16 11:20:48,11,True,False,True,3.0,6.0,-1.5,10.5,High,IQR 1.5x
ADM-00008180,PAT-0013731,Orthopedics,Dr. Baghyawati Shroff,2024-01-17 04:25:52,11,False,False,True,3.0,6.0,-1.5,10.5,High,IQR 1.5x
ADM-00040623,PAT-0005533,Orthopedics,Dr. Vinaya Amble,2024-12-06 10:16:51,11,False,False,True,3.0,6.0,-1.5,10.5,High,IQR 1.5x
ADM-00040659,PAT-0017882,Gynecology,Dr. Warinder Sarin,2024-12-28 11:33:26,11,True,False,True,3.0,6.0,-1.5,10.5,High,IQR 1.5x
ADM-00041506,PAT-0019292,Gynecology,Dr. Nisha Dhillon,2025-10-13 00:18:23,11,False,True,True,3.0,6.0,-1.5,10.5,High,IQR 1.5x
ADM-00041653,PAT-0009252,General Medicine,Dr. Elijah Nori,2023-08-10 14:48:32,11,False,True,True,3.0,6.0,-1.5,10.5,High,IQR 1.5x
ADM-00041680,PAT-0009353,Oncology,Dr. Zaid Vohra,2025-04-17 20:41:07,11,False,True,True,3.0,6.0,-1.5,10.5,High,IQR 1.5x
ADM-00041701,PAT-0019453,Orthopedics,Dr. Falguni Kumar,2025-07-29 13:35:14,11,False,True,True,3.0,6.0,-1.5,10.5,High,IQR 1.5x
ADM-00040774,PAT-0012755,Cardiology,Dr. Kamala Bhargava,2023-12-10 23:45:07,11,False,True,True,3.0,6.0,-1.5,10.5,High,IQR 1.5x
ADM-00040865,PAT-0006182,Neurology,Dr. Bahadurjit Bose,2026-06-20 19:55:37,11,False,False,True,3.0,6.0,-1.5,10.5,High,IQR 1.5x
ADM-00007699,PAT-0017375,General Medicine,Dr. Elijah Nori,2023-02-22 03:23:26,11,False,False,True,3.0,6.0,-1.5,10.5,High,IQR 1.5x
ADM-00007741,PAT-0005997,Oncology,Dr. Zaid Vohra,2023-05-15 21:59:16,11,True,False,True,3.0,6.0,-1.5,10.5,High,IQR 1.5x
ADM-00007751,PAT-0004793,Orthopedics,Dr. Abha Mandal,2024-01-15 00:17:37,11,False,True,True,3.0,6.0,-1.5,10.5,High,IQR 1.5x
ADM-00007865,PAT-0011499,General Medicine,Dr. Chatresh Batta,2023-06-28 17:21:56,11,False,False,True,3.0,6.0,-1.5,10.5,High,IQR 1.5x
ADM-00007889,PAT-0019526,Cardiology,Dr. Nachiket Pandit,2026-06-10 10:42:59,11,False,True,True,3.0,6.0,-1.5,10.5,High,IQR 1.5x
ADM-00007922,PAT-0021877,Neurology,Dr. Bhavini Maharaj,2024-09-30 03:12:48,11,False,False,True,3.0,6.0,-1.5,10.5,High,IQR 1.5x
ADM-00007972,PAT-0003761,Cardiology,Dr. Gauri Rajan,2023-06-21 14:40:37,11,True,False,True,3.0,6.0,-1.5,10.5,High,IQR 1.5x
ADM-00007980,PAT-0017713,General Medicine,Dr. Samesh Arora,2025-06-27 05:33:25,11,True,False,True,3.0,6.0,-1.5,10.5,High,IQR 1.5x
ADM-00008003,PAT-0016967,Oncology,Dr. Yahvi Raja,2026-01-09 19:14:57,11,False,False,True,3.0,6.0,-1.5,10.5,High,IQR 1.5x
ADM-00040295,PAT-0000022,Gynecology,Dr. Nisha Dhillon,2026-04-11 14:27:29,11,False,False,True,3.0,6.0,-1.5,10.5,High,IQR 1.5x
ADM-00007688,PAT-0014592,Orthopedics,Dr. Chaitanya Buch,2026-08-07 23:01:59,11,False,False,True,3.0,6.0,-1.5,10.5,High,IQR 1.5x
ADM-00041727,PAT-0018661,Oncology,Dr. Krishna Modi,2023-07-25 09:21:13,11,True,True,True,3.0,6.0,-1.5,10.5,High,IQR 1.5x
ADM-00041731,PAT-0013779,Orthopedics,Dr. Nitara Choudhury,2025-01-13 19:14:35,11,False,True,True,3.0,6.0,-1.5,10.5,High,IQR 1.5x
ADM-00041751,PAT-0018446,Gynecology,Dr. Amol Gera,2025-02-14 16:30:24,11,False,True,True,3.0,6.0,-1.5,10.5,High,IQR 1.5x
ADM-00041813,PAT-0016103,Oncology,Dr. Michael Pandya,2026-01-11 20:03:13,11,False,False,True,3.0,6.0,-1.5,10.5,High,IQR 1.5x
ADM-00041828,PAT-0020953,Emergency,Dr. Krishna Palla,2025-02-01 13:02:46,11,False,True,True,3.0,6.0,-1.5,10.5,High,IQR 1.5x
ADM-00041033,PAT-0024813,Orthopedics,Dr. Warhi Raja,2024-03-20 16:17:28,11,False,False,True,3.0,6.0,-1.5,10.5,High,IQR 1.5x
ADM-00041135,PAT-0003746,Gynecology,Dr. Nisha Dhillon,2023-10-01 00:59:00,11,True,True,True,3.0,6.0,-1.5,10.5,High,IQR 1.5x
ADM-00041142,PAT-0006860,Neurology,Dr. Jagrati Borde,2023-11-22 04:40:44,11,True,False,True,3.0,6.0,-1.5,10.5,High,IQR 1.5x
ADM-00041161,PAT-0003463,Neurology,Dr. Anirudh Chaudhuri,2024-10-28 08:37:21,11,False,False,True,3.0,6.0,-1.5,10.5,High,IQR 1.5x
ADM-00041164,PAT-0015945,Oncology,Dr. Theodore Kannan,2023-12-06 07:32:29,11,False,True,True,3.0,6.0,-1.5,10.5,High,IQR 1.5x
ADM-00041226,PAT-0016348,ENT,Dr. Pushti Bhasin,2025-09-20 18:43:43,11,False,True,True,3.0,6.0,-1.5,10.5,High,IQR 1.5x
ADM-00041235,PAT-0015659,General Medicine,Dr. Nathaniel Shan,2026-03-29 00:05:21,11,False,True,True,3.0,6.0,-1.5,10.5,High,IQR 1.5x
ADM-00041251,PAT-0004025,General Medicine,Dr. Dhriti Devi,2023-10-20 18:44:16,11,False,True,True,3.0,6.0,-1.5,10.5,High,IQR 1.5x
ADM-00041266,PAT-0017324,Emergency,Dr. Eiravati Goda,2025-11-07 01:17:13,11,False,False,True,3.0,6.0,-1.5,10.5,High,IQR 1.5x
ADM-00041443,PAT-0004840,Cardiology,Dr. Umang Vaidya,2025-06-29 00:42:48,11,False,True,True,3.0,6.0,-1.5,10.5,High,IQR 1.5x
ADM-00007446,PAT-0020943,Pediatrics,Dr. Yauvani Devan,2023-05-23 04:20:29,11,False,False,True,3.0,6.0,-1.5,10.5,High,IQR 1.5x
ADM-00007487,PAT-0019205,Neurology,Dr. Bishakha Patel,2023-05-04 02:08:35,11,True,False,True,3.0,6.0,-1.5,10.5,High,IQR 1.5x
ADM-00007520,PAT-0017937,Oncology,Dr. Chaitanya Singh,2026-05-29 01:52:48,11,False,True,True,3.0,6.0,-1.5,10.5,High,IQR 1.5x
ADM-00029970,PAT-0014225,Gynecology,Dr. Ijaya Zachariah,2024-12-08 09:04:18,11,False,False,True,3.0,6.0,-1.5,10.5,High,IQR 1.5x
ADM-00030080,PAT-0012699,Dermatology,Dr. Manan Saran,2024-07-25 14:29:18,11,False,True,True,3.0,6.0,-1.5,10.5,High,IQR 1.5x
ADM-00030110,PAT-0017449,Cardiology,Dr. Balvan Bala,2026-03-18 02:32:38,11,False,True,True,3.0,6.0,-1.5,10.5,High,IQR 1.5x
ADM-00030153,PAT-0015687,Emergency,Dr. Abhimanyu Buch,2024-05-19 07:47:57,11,False,False,True,3.0,6.0,-1.5,10.5,High,IQR 1.5x
ADM-00030193,PAT-0005754,Neurology,Dr. Ekantika Virk,2024-02-09 21:28:25,11,True,False,True,3.0,6.0,-1.5,10.5,High,IQR 1.5x
ADM-00030215,PAT-0024133,Dermatology,Dr. Anya Bassi,2026-01-19 00:32:33,11,False,False,True,3.0,6.0,-1.5,10.5,High,IQR 1.5x
ADM-00030241,PAT-0016208,ENT,Dr. Aarnav Barman,2025-08-21 15:07:49,11,False,True,True,3.0,6.0,-1.5,10.5,High,IQR 1.5x
ADM-00029595,PAT-0024635,Gynecology,Dr. Ekta Pai,2025-04-05 13:08:07,11,False,False,True,3.0,6.0,-1.5,10.5,High,IQR 1.5x
ADM-00029689,PAT-0023676,Gynecology,Dr. Nisha Dhillon,2025-11-05 05:47:06,11,False,True,True,3.0,6.0,-1.5,10.5,High,IQR 1.5x
ADM-00029704,PAT-0009709,ENT,Dr. Hema Rana,2026-02-21 01:15:19,11,False,True,True,3.0,6.0,-1.5,10.5,High,IQR 1.5x
ADM-00029714,PAT-0007343,Neurology,Dr. Ekantika Virk,2023-05-25 05:52:35,11,True,True,True,3.0,6.0,-1.5,10.5,High,IQR 1.5x
ADM-00014514,PAT-0004921,Cardiology,Dr. Gauri Rajan,2026-04-11 12:53:10,11,True,False,True,3.0,6.0,-1.5,10.5,High,IQR 1.5x
ADM-00007651,PAT-0009407,Cardiology,Dr. Vritti Cheema,2023-05-01 14:54:22,11,False,True,True,3.0,6.0,-1.5,10.5,High,IQR 1.5x
ADM-00042321,PAT-0013652,Neurology,Dr. Gabriel Sachdev,2023-01-05 20:19:15,11,False,True,True,3.0,6.0,-1.5,10.5,High,IQR 1.5x
ADM-00042360,PAT-0003042,Dermatology,Dr. Umang Basu,2025-11-21 14:36:29,11,False,False,True,3.0,6.0,-1.5,10.5,High,IQR 1.5x
ADM-00042395,PAT-0019178,Dermatology,Dr. Lajita Bora,2023-03-25 00:22:16,11,False,False,True,3.0,6.0,-1.5,10.5,High,IQR 1.5x
ADM-00041846,PAT-0001390,General Medicine,Dr. Hemal Muni,2024-02-16 02:35:51,11,True,False,True,3.0,6.0,-1.5,10.5,High,IQR 1.5x
ADM-00041929,PAT-0018860,Dermatology,Dr. Anya Bassi,2024-06-18 12:22:24,11,False,True,True,3.0,6.0,-1.5,10.5,High,IQR 1.5x
ADM-00041934,PAT-0015730,Emergency,Dr. Daksh Madan,2023-11-20 17:29:02,11,True,False,True,3.0,6.0,-1.5,10.5,High,IQR 1.5x
ADM-00041954,PAT-0023855,ENT,Dr. Parth Muni,2024-08-08 20:12:56,11,True,True,True,3.0,6.0,-1.5,10.5,High,IQR 1.5x
ADM-00007062,PAT-0016481,Oncology,Dr. Inaya Warrior,2025-01-19 14:26:43,11,False,False,True,3.0,6.0,-1.5,10.5,High,IQR 1.5x
ADM-00007130,PAT-0006090,Pediatrics,Dr. Nakul Pathak,2024-04-29 22:17:49,11,False,True,True,3.0,6.0,-1.5,10.5,High,IQR 1.5x
ADM-00007138,PAT-0013401,General Medicine,Dr. Nathaniel Shan,2026-09-02 12:21:17,11,False,True,True,3.0,6.0,-1.5,10.5,High,IQR 1.5x
ADM-00007185,PAT-0023937,Neurology,Dr. Jagrati Borde,2025-10-15 06:34:53,11,True,True,True,3.0,6.0,-1.5,10.5,High,IQR 1.5x
ADM-00007212,PAT-0008673,General Medicine,Dr. Vrinda Kale,2026-01-18 11:31:29,11,True,False,True,3.0,6.0,-1.5,10.5,High,IQR 1.5x
ADM-00007230,PAT-0012550,General Medicine,Dr. Charan Golla,2024-07-05 06:19:34,11,True,False,True,3.0,6.0,-1.5,10.5,High,IQR 1.5x
ADM-00007247,PAT-0017094,Cardiology,Dr. Gauri Rajan,2023-02-02 00:43:13,11,False,False,True,3.0,6.0,-1.5,10.5,High,IQR 1.5x
ADM-00007279,PAT-0006608,Pediatrics,Dr. Indrajit Cheema,2025-02-20 14:20:02,11,False,False,True,3.0,6.0,-1.5,10.5,High,IQR 1.5x
ADM-00007381,PAT-0006225,Neurology,Dr. Nandini Anand,2026-01-05 03:22:03,11,False,False,True,3.0,6.0,-1.5,10.5,High,IQR 1.5x
ADM-00042167,PAT-0001728,General Medicine,Dr. Dev Sangha,2024-09-11 20:15:23,11,False,False,True,3.0,6.0,-1.5,10.5,High,IQR 1.5x
ADM-00042174,PAT-0017451,Neurology,Dr. Jagat Divan,2023-01-24 06:14:00,11,False,False,True,3.0,6.0,-1.5,10.5,High,IQR 1.5x
ADM-00042189,PAT-0018839,Neurology,Dr. Ranbir Sarma,2025-09-19 11:49:39,11,False,True,True,3.0,6.0,-1.5,10.5,High,IQR 1.5x
ADM-00042210,PAT-0002822,Pediatrics,Dr. Rajata Arora,2026-06-27 14:49:47,11,False,False,True,3.0,6.0,-1.5,10.5,High,IQR 1.5x
ADM-00014586,PAT-0018715,Oncology,Dr. Chaitanya Banerjee,2023-11-28 15:28:18,11,False,False,True,3.0,6.0,-1.5,10.5,High,IQR 1.5x
ADM-00014587,PAT-0006076,ENT,Dr. Sanya Arya,2023-12-07 09:44:07,11,True,False,True,3.0,6.0,-1.5,10.5,High,IQR 1.5x
ADM-00014591,PAT-0010057,General Medicine,Dr. Nathaniel Shan,2024-12-21 09:30:00,11,False,False,True,3.0,6.0,-1.5,10.5,High,IQR 1.5x
ADM-00014594,PAT-0017973,Pediatrics,Dr. Nakul Pathak,2025-12-17 19:58:24,11,True,False,True,3.0,6.0,-1.5,10.5,High,IQR 1.5x
ADM-00014728,PAT-0015585,Oncology,Dr. Om Bajaj,2025-07-25 19:48:42,11,False,True,True,3.0,6.0,-1.5,10.5,High,IQR 1.5x
ADM-00029144,PAT-0019435,Emergency,Dr. Krishna Palla,2025-11-14 17:25:52,11,False,False,True,3.0,6.0,-1.5,10.5,High,IQR 1.5x
ADM-00029157,PAT-0006677,Oncology,Dr. Om Mangat,2025-05-21 11:08:00,11,False,True,True,3.0,6.0,-1.5,10.5,High,IQR 1.5x
ADM-00029186,PAT-0021495,Gynecology,Dr. Amol Gera,2025-07-20 20:57:56,11,True,True,True,3.0,6.0,-1.5,10.5,High,IQR 1.5x
ADM-00029226,PAT-0003684,Dermatology,Dr. Robert Murthy,2026-02-26 19:02:05,11,False,False,True,3.0,6.0,-1.5,10.5,High,IQR 1.5x
ADM-00029246,PAT-0009590,Orthopedics,Dr. Baghyawati Shroff,2025-06-11 15:36:55,11,False,False,True,3.0,6.0,-1.5,10.5,High,IQR 1.5x
ADM-00029248,PAT-0006145,Dermatology,Dr. Krish Jhaveri,2025-11-19 03:55:27,11,False,True,True,3.0,6.0,-1.5,10.5,High,IQR 1.5x
ADM-00042318,PAT-0014419,Dermatology,Dr. Elijah Rege,2025-09-06 18:26:18,11,False,False,True,3.0,6.0,-1.5,10.5,High,IQR 1.5x
ADM-00006628,PAT-0016647,Dermatology,Dr. Elijah Rege,2024-10-02 14:45:41,11,False,True,True,3.0,6.0,-1.5,10.5,High,IQR 1.5x
ADM-00006639,PAT-0011926,General Medicine,Dr. Vrinda Kale,2024-07-23 13:53:05,11,False,True,True,3.0,6.0,-1.5,10.5,High,IQR 1.5x
ADM-00006656,PAT-0007806,Neurology,Dr. Bhavini Maharaj,2026-06-04 06:15:01,11,True,False,True,3.0,6.0,-1.5,10.5,High,IQR 1.5x
ADM-00006677,PAT-0021438,Emergency,Dr. Krishna Palla,2026-08-12 14:25:54,11,False,False,True,3.0,6.0,-1.5,10.5,High,IQR 1.5x
ADM-00006719,PAT-0002484,Neurology,Dr. Aashi Sangha,2024-01-15 08:38:22,11,True,False,True,3.0,6.0,-1.5,10.5,High,IQR 1.5x
ADM-00006749,PAT-0008952,ENT,Dr. Alexander Mitter,2025-12-23 20:22:18,11,True,False,True,3.0,6.0,-1.5,10.5,High,IQR 1.5x
ADM-00042569,PAT-0003769,Oncology,Dr. Vrishti Bedi,2024-01-27 23:36:16,11,True,False,True,3.0,6.0,-1.5,10.5,High,IQR 1.5x
ADM-00042613,PAT-0018551,Oncology,Dr. Charles Bajaj,2024-11-20 02:15:28,11,True,False,True,3.0,6.0,-1.5,10.5,High,IQR 1.5x
ADM-00006822,PAT-0012449,Emergency,Dr. Daksh Madan,2025-05-22 08:26:25,11,True,True,True,3.0,6.0,-1.5,10.5,High,IQR 1.5x
ADM-00006859,PAT-0020430,Gynecology,Dr. Ijaya Zachariah,2026-06-26 20:27:55,11,False,False,True,3.0,6.0,-1.5,10.5,High,IQR 1.5x
ADM-00006888,PAT-0012759,Oncology,Dr. Theodore Kannan,2023-10-29 02:43:22,11,True,False,True,3.0,6.0,-1.5,10.5,High,IQR 1.5x
ADM-00006958,PAT-0014710,Cardiology,Dr. Umang Konda,2026-05-26 18:35:31,11,True,True,True,3.0,6.0,-1.5,10.5,High,IQR 1.5x
ADM-00006971,PAT-0016354,Gynecology,Dr. Nisha Dhillon,2023-09-03 15:33:32,11,False,False,True,3.0,6.0,-1.5,10.5,High,IQR 1.5x
ADM-00006995,PAT-0008325,Cardiology,Dr. Jalsa Choudhry,2025-11-13 19:42:26,11,True,False,True,3.0,6.0,-1.5,10.5,High,IQR 1.5x
ADM-00007049,PAT-0018800,Emergency,Dr. Kabir Wadhwa,2026-01-10 16:04:40,11,False,False,True,3.0,6.0,-1.5,10.5,High,IQR 1.5x
ADM-00042115,PAT-0009803,Cardiology,Dr. Umang Konda,2023-06-05 14:02:59,11,False,False,True,3.0,6.0,-1.5,10.5,High,IQR 1.5x
ADM-00015357,PAT-0017954,Cardiology,Dr. Faras Gade,2025-03-18 17:31:18,11,False,False,True,3.0,6.0,-1.5,10.5,High,IQR 1.5x
ADM-00029138,PAT-0024779,Gynecology,Dr. Sneha Mahal,2026-07-04 21:51:14,11,False,False,True,3.0,6.0,-1.5,10.5,High,IQR 1.5x
ADM-00028764,PAT-0005984,Pediatrics,Dr. Damini Venkatesh,2025-08-30 00:43:44,11,True,False,True,3.0,6.0,-1.5,10.5,High,IQR 1.5x
ADM-00028799,PAT-0005754,Cardiology,Dr. Umang Konda,2025-07-27 09:20:15,11,False,False,True,3.0,6.0,-1.5,10.5,High,IQR 1.5x
ADM-00015420,PAT-0008540,Neurology,Dr. Ranbir Sarma,2023-04-26 02:03:21,11,False,False,True,3.0,6.0,-1.5,10.5,High,IQR 1.5x
ADM-00015589,PAT-0020475,Emergency,Dr. Kabir Wadhwa,2025-02-16 14:29:50,11,False,True,True,3.0,6.0,-1.5,10.5,High,IQR 1.5x
ADM-00029300,PAT-0015943,General Medicine,Dr. Hemal Muni,2023-07-19 22:18:24,11,False,True,True,3.0,6.0,-1.5,10.5,High,IQR 1.5x
ADM-00029327,PAT-0009058,Dermatology,Dr. Michael Rastogi,2024-07-09 22:40:01,11,False,True,True,3.0,6.0,-1.5,10.5,High,IQR 1.5x
ADM-00029416,PAT-0023140,Gynecology,Dr. Shravya Ramanathan,2024-10-10 01:20:02,11,False,False,True,3.0,6.0,-1.5,10.5,High,IQR 1.5x
ADM-00029440,PAT-0014969,Cardiology,Dr. Jalsa Choudhry,2024-09-29 05:56:10,11,False,False,True,3.0,6.0,-1.5,10.5,High,IQR 1.5x
ADM-00029482,PAT-0014123,General Medicine,Dr. Chatresh Viswanathan,2025-11-14 00:46:48,11,False,True,True,3.0,6.0,-1.5,10.5,High,IQR 1.5x
ADM-00029483,PAT-0018315,Orthopedics,Dr. David Khosla,2024-06-24 00:57:39,11,False,False,True,3.0,6.0,-1.5,10.5,High,IQR 1.5x
ADM-00029492,PAT-0008468,Cardiology,Dr. Ekapad Pal,2024-09-04 18:10:23,11,True,True,True,3.0,6.0,-1.5,10.5,High,IQR 1.5x
ADM-00029041,PAT-0009000,ENT,Dr. Tanveer Pant,2026-07-16 00:25:56,11,True,False,True,3.0,6.0,-1.5,10.5,High,IQR 1.5x
ADM-00029083,PAT-0004396,Emergency,Dr. Krishna Palla,2025-07-02 06:48:58,11,False,False,True,3.0,6.0,-1.5,10.5,High,IQR 1.5x
ADM-00029094,PAT-0002130,Orthopedics,Dr. Samarth Nayar,2025-09-14 16:55:00,11,False,True,True,3.0,6.0,-1.5,10.5,High,IQR 1.5x
ADM-00015625,PAT-0000795,Oncology,Dr. David Deshmukh,2026-01-17 06:48:30,11,True,False,True,3.0,6.0,-1.5,10.5,High,IQR 1.5x
ADM-00028900,PAT-0022880,Neurology,Dr. Gabriel Sachdev,2026-01-23 00:51:19,11,False,False,True,3.0,6.0,-1.5,10.5,High,IQR 1.5x
ADM-00028911,PAT-0003629,Emergency,Dr. Krishna Palla,2024-01-04 04:10:33,11,False,False,True,3.0,6.0,-1.5,10.5,High,IQR 1.5x
ADM-00028982,PAT-0003025,General Medicine,Dr. Hemal Muni,2026-07-13 18:16:05,11,False,False,True,3.0,6.0,-1.5,10.5,High,IQR 1.5x
ADM-00028272,PAT-0024036,Dermatology,Dr. Manan Saran,2023-07-09 11:08:56,11,False,False,True,3.0,6.0,-1.5,10.5,High,IQR 1.5x
ADM-00028312,PAT-0004122,Pediatrics,Dr. Rajata Arora,2024-11-18 20:36:37,11,False,False,True,3.0,6.0,-1.5,10.5,High,IQR 1.5x
ADM-00028361,PAT-0023367,General Medicine,Dr. Veer Merchant,2025-04-16 16:43:00,11,True,False,True,3.0,6.0,-1.5,10.5,High,IQR 1.5x
ADM-00028415,PAT-0002137,Neurology,Dr. Anamika Johal,2023-01-28 16:09:39,11,False,False,True,3.0,6.0,-1.5,10.5,High,IQR 1.5x
ADM-00043370,PAT-0007105,Neurology,Dr. Inaya Raman,2026-02-03 12:15:53,11,False,False,True,3.0,6.0,-1.5,10.5,High,IQR 1.5x
ADM-00043394,PAT-0015667,Orthopedics,Dr. Hemang Thaman,2026-05-08 15:13:18,11,True,False,True,3.0,6.0,-1.5,10.5,High,IQR 1.5x
ADM-00043500,PAT-0004205,Neurology,Dr. Ekantika Virk,2026-02-10 09:40:43,11,False,False,True,3.0,6.0,-1.5,10.5,High,IQR 1.5x
ADM-00006006,PAT-0010609,Neurology,Dr. Inaya Raman,2025-04-21 19:59:40,11,False,True,True,3.0,6.0,-1.5,10.5,High,IQR 1.5x
ADM-00042808,PAT-0011991,Pediatrics,Dr. Chatura Dey,2026-01-23 22:39:58,11,False,False,True,3.0,6.0,-1.5,10.5,High,IQR 1.5x
ADM-00042809,PAT-0013882,Cardiology,Dr. Kamala Bhargava,2024-01-05 22:27:57,11,False,False,True,3.0,6.0,-1.5,10.5,High,IQR 1.5x
ADM-00014996,PAT-0001841,Dermatology,Dr. Manan Saran,2023-10-03 13:20:08,11,True,True,True,3.0,6.0,-1.5,10.5,High,IQR 1.5x
ADM-00015216,PAT-0010675,Gynecology,Dr. Bhanumati Minhas,2025-01-26 11:42:06,11,True,False,True,3.0,6.0,-1.5,10.5,High,IQR 1.5x
ADM-00044080,PAT-0024470,Dermatology,Dr. Michael Rastogi,2023-12-05 23:51:10,11,False,False,True,3.0,6.0,-1.5,10.5,High,IQR 1.5x
ADM-00044126,PAT-0022031,Dermatology,Dr. Krish Jhaveri,2026-08-07 16:58:55,11,False,False,True,3.0,6.0,-1.5,10.5,High,IQR 1.5x
ADM-00044133,PAT-0015023,Orthopedics,Dr. Amaira Seshadri,2024-11-01 12:59:09,11,False,False,True,3.0,6.0,-1.5,10.5,High,IQR 1.5x
ADM-00044170,PAT-0009744,Gynecology,Dr. Warinder Sarin,2025-11-30 05:49:25,11,False,False,True,3.0,6.0,-1.5,10.5,High,IQR 1.5x
ADM-00044180,PAT-0021279,Oncology,Dr. Yahvi Raja,2025-06-13 06:51:44,11,True,False,True,3.0,6.0,-1.5,10.5,High,IQR 1.5x
ADM-00006037,PAT-0013626,Emergency,Dr. Chaitaly Reddy,2026-06-29 08:26:47,11,True,True,True,3.0,6.0,-1.5,10.5,High,IQR 1.5x
ADM-00006070,PAT-0017847,Dermatology,Dr. Umang Basu,2023-08-23 09:36:03,11,True,True,True,3.0,6.0,-1.5,10.5,High,IQR 1.5x
ADM-00006139,PAT-0021320,Oncology,Dr. David Deshmukh,2025-11-24 19:11:06,11,False,False,True,3.0,6.0,-1.5,10.5,High,IQR 1.5x
ADM-00006262,PAT-0007353,Gynecology,Dr. Bhanumati Minhas,2024-10-28 13:00:48,11,False,False,True,3.0,6.0,-1.5,10.5,High,IQR 1.5x
ADM-00006385,PAT-0012459,Gynecology,Dr. Amol Gera,2024-10-07 14:47:59,11,False,False,True,3.0,6.0,-1.5,10.5,High,IQR 1.5x
ADM-00006388,PAT-0021268,Dermatology,Dr. Manan Saran,2024-12-08 05:28:16,11,False,True,True,3.0,6.0,-1.5,10.5,High,IQR 1.5x
ADM-00006460,PAT-0022128,Cardiology,Dr. Jalsa Choudhry,2023-12-26 02:47:07,11,True,False,True,3.0,6.0,-1.5,10.5,High,IQR 1.5x
ADM-00006462,PAT-0016527,Orthopedics,Dr. Falguni Kumar,2025-01-12 21:42:42,11,False,True,True,3.0,6.0,-1.5,10.5,High,IQR 1.5x
ADM-00005803,PAT-0006916,ENT,Dr. Hema Rana,2025-10-30 05:54:10,11,True,False,True,3.0,6.0,-1.5,10.5,High,IQR 1.5x
ADM-00043172,PAT-0003978,Neurology,Dr. Bahadurjit Bose,2023-09-22 04:08:03,11,False,False,True,3.0,6.0,-1.5,10.5,High,IQR 1.5x
ADM-00043272,PAT-0024458,Cardiology,Dr. Umang Konda,2026-06-23 17:11:28,11,True,False,True,3.0,6.0,-1.5,10.5,High,IQR 1.5x
ADM-00043550,PAT-0023442,Cardiology,Dr. Nachiket Pandit,2025-05-30 05:01:53,11,True,True,True,3.0,6.0,-1.5,10.5,High,IQR 1.5x
ADM-00043592,PAT-0018989,Orthopedics,Dr. Chaitanya Buch,2023-12-11 15:19:16,11,False,False,True,3.0,6.0,-1.5,10.5,High,IQR 1.5x
ADM-00043790,PAT-0000121,Gynecology,Dr. Ekta Pai,2024-12-22 07:49:56,11,False,False,True,3.0,6.0,-1.5,10.5,High,IQR 1.5x
ADM-00043947,PAT-0011299,Dermatology,Dr. Anya Bassi,2024-11-23 01:33:42,11,False,True,True,3.0,6.0,-1.5,10.5,High,IQR 1.5x
ADM-00028449,PAT-0007946,General Medicine,Dr. Veer Merchant,2025-06-13 21:29:10,11,False,True,True,3.0,6.0,-1.5,10.5,High,IQR 1.5x
ADM-00028554,PAT-0006279,Pediatrics,Dr. Devansh Devan,2026-09-03 00:36:33,11,True,True,True,3.0,6.0,-1.5,10.5,High,IQR 1.5x
ADM-00028602,PAT-0021387,Pediatrics,Dr. Devansh Devan,2025-06-19 20:02:28,11,True,True,True,3.0,6.0,-1.5,10.5,High,IQR 1.5x
ADM-00028627,PAT-0018483,Pediatrics,Dr. Yug Bali,2023-12-29 21:29:03,11,False,False,True,3.0,6.0,-1.5,10.5,High,IQR 1.5x
ADM-00028653,PAT-0003754,Orthopedics,Dr. Samarth Nayar,2024-06-10 14:19:53,11,False,False,True,3.0,6.0,-1.5,10.5,High,IQR 1.5x
ADM-00028742,PAT-0002471,Gynecology,Dr. Shravya Ramanathan,2023-01-27 21:11:06,11,False,True,True,3.0,6.0,-1.5,10.5,High,IQR 1.5x
ADM-00028156,PAT-0012019,ENT,Dr. Pushti Bhasin,2025-08-27 09:11:38,11,False,True,True,3.0,6.0,-1.5,10.5,High,IQR 1.5x
ADM-00015819,PAT-0017231,Emergency,Dr. Kavya Chaudhry,2024-12-12 10:36:41,11,False,False,True,3.0,6.0,-1.5,10.5,High,IQR 1.5x
ADM-00015887,PAT-0008667,General Medicine,Dr. Mekhala Mangat,2026-04-25 04:57:00,11,False,False,True,3.0,6.0,-1.5,10.5,High,IQR 1.5x
ADM-00016022,PAT-0011062,Cardiology,Dr. Jackson Jhaveri,2023-12-13 22:38:02,11,False,True,True,3.0,6.0,-1.5,10.5,High,IQR 1.5x
ADM-00016043,PAT-0001296,Neurology,Dr. Wridesh Sheth,2023-06-05 17:24:55,11,False,False,True,3.0,6.0,-1.5,10.5,High,IQR 1.5x
ADM-00044000,PAT-0007756,ENT,Dr. Aarnav Barman,2025-09-16 11:32:49,11,False,False,True,3.0,6.0,-1.5,10.5,High,IQR 1.5x
ADM-00044715,PAT-0005772,ENT,Dr. Dayamai Nazareth,2024-09-28 02:34:48,11,False,False,True,3.0,6.0,-1.5,10.5,High,IQR 1.5x
ADM-00044720,PAT-0000479,Gynecology,Dr. Sneha Mahal,2024-04-16 00:37:48,11,True,False,True,3.0,6.0,-1.5,10.5,High,IQR 1.5x
ADM-00044748,PAT-0021491,Emergency,Dr. Daksh Madan,2025-04-19 19:22:59,11,True,True,True,3.0,6.0,-1.5,10.5,High,IQR 1.5x
ADM-00044310,PAT-0014185,Gynecology,Dr. Warinder Sarin,2024-05-20 01:46:03,11,False,True,True,3.0,6.0,-1.5,10.5,High,IQR 1.5x
ADM-00005599,PAT-0020250,Orthopedics,Dr. Nitara Choudhury,2023-12-10 15:41:06,11,False,True,True,3.0,6.0,-1.5,10.5,High,IQR 1.5x
ADM-00016168,PAT-0001285,Gynecology,Dr. Warinder Sarin,2025-07-10 15:35:15,11,False,True,True,3.0,6.0,-1.5,10.5,High,IQR 1.5x
ADM-00016252,PAT-0019840,Cardiology,Dr. Yashodhara Sani,2023-06-18 05:25:53,11,False,False,True,3.0,6.0,-1.5,10.5,High,IQR 1.5x
ADM-00016253,PAT-0022756,General Medicine,Dr. Charan Golla,2023-12-07 16:27:50,11,False,True,True,3.0,6.0,-1.5,10.5,High,IQR 1.5x
ADM-00016276,PAT-0013195,General Medicine,Dr. Chatresh Batta,2024-05-06 11:36:35,11,True,False,True,3.0,6.0,-1.5,10.5,High,IQR 1.5x
ADM-00016304,PAT-0000643,Dermatology,Dr. Lajita Bora,2023-12-16 00:22:22,11,False,True,True,3.0,6.0,-1.5,10.5,High,IQR 1.5x
ADM-00016331,PAT-0017244,Gynecology,Dr. Amol Gera,2024-10-26 20:15:05,11,False,False,True,3.0,6.0,-1.5,10.5,High,IQR 1.5x
ADM-00005708,PAT-0018037,Pediatrics,Dr. Indrajit Cheema,2023-10-30 19:49:25,11,False,False,True,3.0,6.0,-1.5,10.5,High,IQR 1.5x
ADM-00005723,PAT-0024520,Oncology,Dr. Zaid Vohra,2024-02-29 02:31:51,11,False,True,True,3.0,6.0,-1.5,10.5,High,IQR 1.5x
ADM-00005735,PAT-0022298,Oncology,Dr. Zilmil Gade,2024-12-06 19:49:05,11,False,False,True,3.0,6.0,-1.5,10.5,High,IQR 1.5x
ADM-00044423,PAT-0018151,Pediatrics,Dr. Bhavya Kulkarni,2024-11-04 06:33:44,11,False,False,True,3.0,6.0,-1.5,10.5,High,IQR 1.5x
ADM-00005998,PAT-0009475,Pediatrics,Dr. Yauvani Devan,2026-09-06 14:01:25,11,False,True,True,3.0,6.0,-1.5,10.5,High,IQR 1.5x
ADM-00044984,PAT-0012717,Cardiology,Dr. Gauri Rajan,2025-03-22 06:56:35,11,False,True,True,3.0,6.0,-1.5,10.5,High,IQR 1.5x
ADM-00044994,PAT-0012217,Emergency,Dr. Kavya Chaudhry,2026-05-09 13:03:21,11,False,False,True,3.0,6.0,-1.5,10.5,High,IQR 1.5x
ADM-00045043,PAT-0006447,General Medicine,Dr. Chatresh Batta,2025-03-11 17:55:54,11,False,False,True,3.0,6.0,-1.5,10.5,High,IQR 1.5x
ADM-00045057,PAT-0020239,Orthopedics,Dr. Chaitanya Buch,2023-06-28 02:16:35,11,False,True,True,3.0,6.0,-1.5,10.5,High,IQR 1.5x
ADM-00044641,PAT-0003940,Dermatology,Dr. Anya Bassi,2025-03-28 12:46:06,11,False,False,True,3.0,6.0,-1.5,10.5,High,IQR 1.5x
ADM-00016390,PAT-0023299,Pediatrics,Dr. Janya Biswas,2024-12-27 10:16:14,11,False,True,True,3.0,6.0,-1.5,10.5,High,IQR 1.5x
ADM-00016454,PAT-0022462,Dermatology,Dr. Michael Rastogi,2026-01-03 21:37:33,11,False,False,True,3.0,6.0,-1.5,10.5,High,IQR 1.5x
ADM-00016489,PAT-0009329,Dermatology,Dr. Priya Malhotra,2025-10-06 15:30:56,11,False,False,True,3.0,6.0,-1.5,10.5,High,IQR 1.5x
ADM-00027923,PAT-0023579,Emergency,Dr. Rehaan Lanka,2025-08-03 06:26:08,11,False,False,True,3.0,6.0,-1.5,10.5,High,IQR 1.5x
ADM-00027989,PAT-0019110,Oncology,Dr. Chaitanya Banerjee,2026-01-04 17:54:20,11,False,False,True,3.0,6.0,-1.5,10.5,High,IQR 1.5x
ADM-00028034,PAT-0014018,Emergency,Dr. Kabir Wadhwa,2026-06-25 04:21:30,11,True,False,True,3.0,6.0,-1.5,10.5,High,IQR 1.5x
ADM-00028115,PAT-0013253,Orthopedics,Dr. Baghyawati Shroff,2024-01-30 04:50:16,11,True,True,True,3.0,6.0,-1.5,10.5,High,IQR 1.5x
ADM-00027318,PAT-0005138,General Medicine,Dr. Hemal Muni,2024-06-29 14:56:26,11,True,True,True,3.0,6.0,-1.5,10.5,High,IQR 1.5x
ADM-00027333,PAT-0004532,Gynecology,Dr. Ekta Pai,2025-04-23 10:03:57,11,False,True,True,3.0,6.0,-1.5,10.5,High,IQR 1.5x
ADM-00027483,PAT-0010373,Gynecology,Dr. Zaitra Mahajan,2024-05-09 02:46:22,11,False,False,True,3.0,6.0,-1.5,10.5,High,IQR 1.5x
ADM-00044705,PAT-0019795,Orthopedics,Dr. Fitan Ratti,2023-02-24 10:07:33,11,False,False,True,3.0,6.0,-1.5,10.5,High,IQR 1.5x
ADM-00005330,PAT-0005695,Dermatology,Dr. Lajita Bora,2026-05-02 16:31:55,11,True,True,True,3.0,6.0,-1.5,10.5,High,IQR 1.5x
ADM-00027648,PAT-0001193,Emergency,Dr. Rehaan Lanka,2026-04-12 14:38:33,11,True,False,True,3.0,6.0,-1.5,10.5,High,IQR 1.5x
ADM-00027667,PAT-0005382,Pediatrics,Dr. Indrajit Cheema,2024-11-06 16:23:51,11,False,False,True,3.0,6.0,-1.5,10.5,High,IQR 1.5x
ADM-00027674,PAT-0010248,Dermatology,Dr. Krish Jhaveri,2023-10-20 02:08:12,11,True,True,True,3.0,6.0,-1.5,10.5,High,IQR 1.5x
ADM-00027683,PAT-0004683,ENT,Dr. Pushti Bhasin,2026-03-25 08:55:55,11,False,False,True,3.0,6.0,-1.5,10.5,High,IQR 1.5x
ADM-00027703,PAT-0017523,Oncology,Dr. Michael Pandya,2025-09-11 21:30:03,11,True,True,True,3.0,6.0,-1.5,10.5,High,IQR 1.5x
ADM-00027812,PAT-0023786,Pediatrics,Dr. Indrajit Cheema,2026-07-12 01:40:46,11,False,False,True,3.0,6.0,-1.5,10.5,High,IQR 1.5x
ADM-00027134,PAT-0014391,Pediatrics,Dr. Indrajit Cheema,2025-01-29 11:17:27,11,False,False,True,3.0,6.0,-1.5,10.5,High,IQR 1.5x
ADM-00027160,PAT-0018106,Cardiology,Dr. Jasmit Krishnan,2026-04-29 12:27:50,11,False,True,True,3.0,6.0,-1.5,10.5,High,IQR 1.5x
ADM-00016541,PAT-0004315,Pediatrics,Dr. Yauvani Devan,2023-08-16 18:27:56,11,True,False,True,3.0,6.0,-1.5,10.5,High,IQR 1.5x
ADM-00016602,PAT-0020015,Orthopedics,Dr. Nathan Iyengar,2023-04-09 16:59:35,11,True,False,True,3.0,6.0,-1.5,10.5,High,IQR 1.5x
ADM-00016622,PAT-0000588,General Medicine,Dr. Yatan Balay,2023-05-20 23:30:48,11,True,True,True,3.0,6.0,-1.5,10.5,High,IQR 1.5x
ADM-00005365,PAT-0012372,Pediatrics,Dr. Jason Mukherjee,2026-07-11 12:39:26,11,False,False,True,3.0,6.0,-1.5,10.5,High,IQR 1.5x
ADM-00005371,PAT-0009491,Pediatrics,Dr. Yug Bali,2025-06-22 07:35:29,11,True,False,True,3.0,6.0,-1.5,10.5,High,IQR 1.5x
ADM-00005402,PAT-0011829,Pediatrics,Dr. Nakul Pathak,2025-09-05 03:28:42,11,False,True,True,3.0,6.0,-1.5,10.5,High,IQR 1.5x
ADM-00044946,PAT-0003770,Orthopedics,Dr. Chaitanya Buch,2024-04-29 04:44:52,11,False,True,True,3.0,6.0,-1.5,10.5,High,IQR 1.5x
ADM-00016628,PAT-0006531,Oncology,Dr. Krishna Modi,2023-04-15 10:06:26,11,True,False,True,3.0,6.0,-1.5,10.5,High,IQR 1.5x
ADM-00016629,PAT-0014512,Gynecology,Dr. Bhanumati Minhas,2024-11-20 17:47:18,11,True,False,True,3.0,6.0,-1.5,10.5,High,IQR 1.5x
ADM-00016703,PAT-0012247,Emergency,Dr. Daksh Madan,2024-03-17 11:45:12,11,False,False,True,3.0,6.0,-1.5,10.5,High,IQR 1.5x
ADM-00016716,PAT-0000289,Emergency,Dr. Rehaan Lanka,2024-12-15 01:25:17,11,False,False,True,3.0,6.0,-1.5,10.5,High,IQR 1.5x
ADM-00016742,PAT-0005822,Orthopedics,Dr. Warhi Raja,2024-11-21 00:40:13,11,False,False,True,3.0,6.0,-1.5,10.5,High,IQR 1.5x
ADM-00027273,PAT-0001838,Dermatology,Dr. Lajita Bora,2026-03-03 05:29:55,11,False,False,True,3.0,6.0,-1.5,10.5,High,IQR 1.5x
ADM-00027309,PAT-0012930,Dermatology,Dr. Alexander Gulati,2026-07-07 00:41:13,11,False,True,True,3.0,6.0,-1.5,10.5,High,IQR 1.5x
ADM-00026598,PAT-0001174,Dermatology,Dr. Manan Saran,2026-05-09 12:34:46,11,False,True,True,3.0,6.0,-1.5,10.5,High,IQR 1.5x
ADM-00026734,PAT-0015276,Oncology,Dr. Yahvi Raja,2024-05-02 21:18:31,11,False,False,True,3.0,6.0,-1.5,10.5,High,IQR 1.5x
ADM-00026813,PAT-0006759,Cardiology,Dr. Gauri Rajan,2026-07-19 09:14:08,11,True,False,True,3.0,6.0,-1.5,10.5,High,IQR 1.5x
ADM-00045253,PAT-0008696,ENT,Dr. Bahadurjit Sane,2023-03-23 06:48:03,11,True,True,True,3.0,6.0,-1.5,10.5,High,IQR 1.5x
ADM-00045360,PAT-0009876,Orthopedics,Dr. Nathan Iyengar,2025-04-29 03:49:44,11,False,False,True,3.0,6.0,-1.5,10.5,High,IQR 1.5x
ADM-00045392,PAT-0010621,ENT,Dr. Laban Kala,2025-09-09 05:09:17,11,False,False,True,3.0,6.0,-1.5,10.5,High,IQR 1.5x
ADM-00045454,PAT-0019069,Dermatology,Dr. Alexander Gulati,2025-01-03 05:25:52,11,False,True,True,3.0,6.0,-1.5,10.5,High,IQR 1.5x
ADM-00044896,PAT-0024172,Cardiology,Dr. Kamala Bhargava,2025-01-30 00:17:17,11,False,False,True,3.0,6.0,-1.5,10.5,High,IQR 1.5x
ADM-00005299,PAT-0016195,Cardiology,Dr. Kamala Bhargava,2023-05-25 12:41:57,11,False,False,True,3.0,6.0,-1.5,10.5,High,IQR 1.5x
ADM-00026878,PAT-0005241,Gynecology,Dr. Nisha Dhillon,2023-08-16 04:17:16,11,False,True,True,3.0,6.0,-1.5,10.5,High,IQR 1.5x
ADM-00026914,PAT-0012930,Oncology,Dr. Yahvi Raja,2024-07-15 19:12:46,11,False,False,True,3.0,6.0,-1.5,10.5,High,IQR 1.5x
ADM-00026934,PAT-0006358,General Medicine,Dr. Charan Golla,2024-12-24 03:55:39,11,True,True,True,3.0,6.0,-1.5,10.5,High,IQR 1.5x
ADM-00026935,PAT-0001655,ENT,Dr. Triya Sem,2025-12-22 17:18:38,11,False,False,True,3.0,6.0,-1.5,10.5,High,IQR 1.5x
ADM-00026943,PAT-0001380,Dermatology,Dr. Anya Bassi,2024-07-22 03:16:22,11,True,False,True,3.0,6.0,-1.5,10.5,High,IQR 1.5x
ADM-00026260,PAT-0022440,Neurology,Dr. Bhavini Maharaj,2025-09-23 18:17:07,11,False,False,True,3.0,6.0,-1.5,10.5,High,IQR 1.5x
ADM-00016923,PAT-0009999,ENT,Dr. Parth Muni,2026-07-06 07:08:18,11,True,True,True,3.0,6.0,-1.5,10.5,High,IQR 1.5x
ADM-00016931,PAT-0002446,Orthopedics,Dr. Abha Mandal,2025-09-03 01:29:31,11,False,False,True,3.0,6.0,-1.5,10.5,High,IQR 1.5x
ADM-00005146,PAT-0021037,Dermatology,Dr. Robert Murthy,2024-03-13 23:39:53,11,False,False,True,3.0,6.0,-1.5,10.5,High,IQR 1.5x
ADM-00005172,PAT-0004246,Orthopedics,Dr. Hemang Thaman,2025-04-30 12:06:58,11,False,False,True,3.0,6.0,-1.5,10.5,High,IQR 1.5x
ADM-00045558,PAT-0011930,Orthopedics,Dr. Baghyawati Shroff,2023-05-26 13:01:45,11,False,False,True,3.0,6.0,-1.5,10.5,High,IQR 1.5x
ADM-00045068,PAT-0010008,Neurology,Dr. Jagrati Borde,2024-04-25 03:43:23,11,True,True,True,3.0,6.0,-1.5,10.5,High,IQR 1.5x
ADM-00045080,PAT-0003389,ENT,Dr. Girindra Sachar,2023-02-26 06:35:47,11,False,True,True,3.0,6.0,-1.5,10.5,High,IQR 1.5x
ADM-00045084,PAT-0022059,Cardiology,Dr. Vritti Cheema,2024-04-16 17:51:07,11,False,False,True,3.0,6.0,-1.5,10.5,High,IQR 1.5x
ADM-00045193,PAT-0010542,Cardiology,Dr. Viraj Subramanian,2023-04-07 05:55:37,11,False,False,True,3.0,6.0,-1.5,10.5,High,IQR 1.5x
ADM-00045239,PAT-0020233,Emergency,Dr. Krishna Palla,2023-02-05 10:12:10,11,False,True,True,3.0,6.0,-1.5,10.5,High,IQR 1.5x
ADM-00045699,PAT-0021589,Orthopedics,Dr. David Khosla,2023-01-18 14:36:08,11,True,True,True,3.0,6.0,-1.5,10.5,High,IQR 1.5x
ADM-00017068,PAT-0001815,Cardiology,Dr. Ekapad Pal,2026-06-01 08:02:17,11,False,True,True,3.0,6.0,-1.5,10.5,High,IQR 1.5x
ADM-00017185,PAT-0020157,Emergency,Dr. Rehaan Lanka,2024-02-11 07:18:51,11,False,True,True,3.0,6.0,-1.5,10.5,High,IQR 1.5x
ADM-00017266,PAT-0002762,Oncology,Dr. Theodore Kannan,2025-01-18 21:28:29,11,False,False,True,3.0,6.0,-1.5,10.5,High,IQR 1.5x
ADM-00026558,PAT-0001991,Pediatrics,Dr. Unnati Mall,2024-02-17 10:19:19,11,False,False,True,3.0,6.0,-1.5,10.5,High,IQR 1.5x
ADM-00025753,PAT-0018241,Orthopedics,Dr. Vaishnavi Balay,2025-10-03 19:30:26,11,False,True,True,3.0,6.0,-1.5,10.5,High,IQR 1.5x
ADM-00025891,PAT-0011561,Emergency,Dr. Yahvi Jain,2026-03-14 14:16:14,11,False,False,True,3.0,6.0,-1.5,10.5,High,IQR 1.5x
ADM-00025926,PAT-0016442,Dermatology,Dr. Elijah Rege,2024-08-25 22:20:25,11,False,True,True,3.0,6.0,-1.5,10.5,High,IQR 1.5x
ADM-00004535,PAT-0005650,Gynecology,Dr. Ijaya Zachariah,2025-07-03 01:55:44,11,True,True,True,3.0,6.0,-1.5,10.5,High,IQR 1.5x
ADM-00004647,PAT-0007902,Emergency,Dr. Rehaan Lanka,2024-03-08 14:51:35,11,False,False,True,3.0,6.0,-1.5,10.5,High,IQR 1.5x
ADM-00004667,PAT-0000720,ENT,Dr. Bahadurjit Sane,2023-10-25 21:10:45,11,False,False,True,3.0,6.0,-1.5,10.5,High,IQR 1.5x
ADM-00004834,PAT-0015530,Cardiology,Dr. Ayushman Roy,2026-04-23 07:22:04,11,False,True,True,3.0,6.0,-1.5,10.5,High,IQR 1.5x
ADM-00045506,PAT-0003252,Dermatology,Dr. Lajita Bora,2024-09-15 19:22:43,11,False,True,True,3.0,6.0,-1.5,10.5,High,IQR 1.5x
ADM-00004982,PAT-0017738,Orthopedics,Dr. Nathan Iyengar,2026-09-11 15:34:48,11,False,True,True,3.0,6.0,-1.5,10.5,High,IQR 1.5x
ADM-00005018,PAT-0000857,Dermatology,Dr. Umang Basu,2025-06-16 14:50:56,11,False,True,True,3.0,6.0,-1.5,10.5,High,IQR 1.5x
ADM-00005048,PAT-0022229,General Medicine,Dr. Charan Golla,2025-03-27 17:44:03,11,False,False,True,3.0,6.0,-1.5,10.5,High,IQR 1.5x
ADM-00046351,PAT-0011888,Dermatology,Dr. Robert Murthy,2023-04-01 05:50:47,11,False,False,True,3.0,6.0,-1.5,10.5,High,IQR 1.5x
ADM-00046364,PAT-0024032,Dermatology,Dr. Umang Basu,2024-04-26 15:49:59,11,False,False,True,3.0,6.0,-1.5,10.5,High,IQR 1.5x
ADM-00046376,PAT-0006861,Oncology,Dr. Chaitanya Banerjee,2023-06-01 20:26:51,11,False,True,True,3.0,6.0,-1.5,10.5,High,IQR 1.5x
ADM-00004975,PAT-0024827,Neurology,Dr. Bhavini Maharaj,2025-08-20 21:19:25,11,False,True,True,3.0,6.0,-1.5,10.5,High,IQR 1.5x
ADM-00045836,PAT-0024634,Cardiology,Dr. Gauri Rajan,2025-07-11 18:01:35,11,False,False,True,3.0,6.0,-1.5,10.5,High,IQR 1.5x
ADM-00045899,PAT-0019164,General Medicine,Dr. Veer Merchant,2023-10-26 09:31:08,11,True,True,True,3.0,6.0,-1.5,10.5,High,IQR 1.5x
ADM-00046006,PAT-0000875,Oncology,Dr. Om Bajaj,2026-05-10 09:19:17,11,False,False,True,3.0,6.0,-1.5,10.5,High,IQR 1.5x
ADM-00046027,PAT-0005802,Emergency,Dr. Arin Tailor,2023-09-09 00:10:21,11,False,True,True,3.0,6.0,-1.5,10.5,High,IQR 1.5x
ADM-00046106,PAT-0004667,Emergency,Dr. Fariq Sangha,2024-10-25 01:40:16,11,False,True,True,3.0,6.0,-1.5,10.5,High,IQR 1.5x
ADM-00046140,PAT-0021771,General Medicine,Dr. Chatresh Batta,2025-08-08 18:43:52,11,False,True,True,3.0,6.0,-1.5,10.5,High,IQR 1.5x
ADM-00046200,PAT-0014727,Cardiology,Dr. Kamala Bhargava,2026-09-07 04:59:29,11,False,True,True,3.0,6.0,-1.5,10.5,High,IQR 1.5x
ADM-00046232,PAT-0003854,Gynecology,Dr. Zaitra Mahajan,2025-07-02 23:58:04,11,False,True,True,3.0,6.0,-1.5,10.5,High,IQR 1.5x
ADM-00046235,PAT-0021135,Oncology,Dr. Zilmil Gade,2023-07-11 09:17:26,11,True,True,True,3.0,6.0,-1.5,10.5,High,IQR 1.5x
ADM-00046279,PAT-0022246,Cardiology,Dr. Jalsa Choudhry,2025-11-22 20:06:09,11,True,True,True,3.0,6.0,-1.5,10.5,High,IQR 1.5x
ADM-00045591,PAT-0005138,Dermatology,Dr. David Narula,2025-11-06 08:56:27,11,False,False,True,3.0,6.0,-1.5,10.5,High,IQR 1.5x
ADM-00045663,PAT-0012603,Gynecology,Dr. Warinder Sarin,2024-11-06 01:48:13,11,True,True,True,3.0,6.0,-1.5,10.5,High,IQR 1.5x
ADM-00046332,PAT-0009386,ENT,Dr. Sanya Arya,2023-01-01 17:00:24,11,False,True,True,3.0,6.0,-1.5,10.5,High,IQR 1.5x
ADM-00004208,PAT-0015425,Oncology,Dr. Zilmil Gade,2024-06-17 22:13:03,11,False,False,True,3.0,6.0,-1.5,10.5,High,IQR 1.5x
ADM-00025935,PAT-0011426,Orthopedics,Dr. Warhi Raja,2024-02-04 00:15:30,11,False,True,True,3.0,6.0,-1.5,10.5,High,IQR 1.5x
ADM-00025942,PAT-0022681,ENT,Dr. Parth Muni,2023-04-11 18:21:42,11,True,False,True,3.0,6.0,-1.5,10.5,High,IQR 1.5x
ADM-00026040,PAT-0006034,Dermatology,Dr. Priya Malhotra,2025-08-19 16:40:20,11,True,True,True,3.0,6.0,-1.5,10.5,High,IQR 1.5x
ADM-00026078,PAT-0000136,Pediatrics,Dr. Yug Bali,2026-01-29 04:45:01,11,True,False,True,3.0,6.0,-1.5,10.5,High,IQR 1.5x
ADM-00026199,PAT-0007255,Emergency,Dr. Kabir Wadhwa,2024-01-30 08:09:28,11,False,False,True,3.0,6.0,-1.5,10.5,High,IQR 1.5x
ADM-00025625,PAT-0023208,Oncology,Dr. Zilmil Gade,2024-11-30 19:23:19,11,False,True,True,3.0,6.0,-1.5,10.5,High,IQR 1.5x
ADM-00025647,PAT-0006578,Emergency,Dr. Kabir Wadhwa,2024-03-14 19:58:22,11,True,True,True,3.0,6.0,-1.5,10.5,High,IQR 1.5x
ADM-00017360,PAT-0015032,Gynecology,Dr. Ekta Pai,2026-03-11 17:25:37,11,False,False,True,3.0,6.0,-1.5,10.5,High,IQR 1.5x
ADM-00017410,PAT-0010806,Oncology,Dr. David Deshmukh,2026-06-11 22:32:53,11,False,True,True,3.0,6.0,-1.5,10.5,High,IQR 1.5x
ADM-00017442,PAT-0013000,General Medicine,Dr. Dev Sangha,2026-06-07 00:19:16,11,False,True,True,3.0,6.0,-1.5,10.5,High,IQR 1.5x
ADM-00004426,PAT-0021581,Neurology,Dr. Jagat Divan,2025-06-15 13:48:05,11,False,False,True,3.0,6.0,-1.5,10.5,High,IQR 1.5x
ADM-00004434,PAT-0002423,Pediatrics,Dr. Damini Venkatesh,2026-02-15 03:36:19,11,False,False,True,3.0,6.0,-1.5,10.5,High,IQR 1.5x
ADM-00004449,PAT-0006575,Pediatrics,Dr. Damini Venkatesh,2023-09-04 00:40:37,11,False,False,True,3.0,6.0,-1.5,10.5,High,IQR 1.5x
ADM-00046346,PAT-0010600,Emergency,Dr. Warjas Singhal,2023-12-26 07:20:15,11,False,False,True,3.0,6.0,-1.5,10.5,High,IQR 1.5x
ADM-00047095,PAT-0022607,ENT,Dr. Yamini Rau,2026-03-27 00:47:42,11,False,False,True,3.0,6.0,-1.5,10.5,High,IQR 1.5x
ADM-00046470,PAT-0008865,Gynecology,Dr. Sneha Mahal,2026-02-19 08:36:18,11,False,True,True,3.0,6.0,-1.5,10.5,High,IQR 1.5x
ADM-00046488,PAT-0003825,ENT,Dr. Dalaja Pant,2024-04-30 17:42:18,11,False,False,True,3.0,6.0,-1.5,10.5,High,IQR 1.5x
ADM-00046534,PAT-0005085,Orthopedics,Dr. Samarth Nayar,2024-09-09 19:28:43,11,False,False,True,3.0,6.0,-1.5,10.5,High,IQR 1.5x
ADM-00025684,PAT-0008162,General Medicine,Dr. Yatan Balay,2024-07-29 21:36:50,11,False,False,True,3.0,6.0,-1.5,10.5,High,IQR 1.5x
ADM-00017929,PAT-0001158,Oncology,Dr. Theodore Kannan,2024-08-31 07:14:55,11,False,True,True,3.0,6.0,-1.5,10.5,High,IQR 1.5x
ADM-00025258,PAT-0023712,Emergency,Dr. Yahvi Jain,2023-11-09 02:19:46,11,True,True,True,3.0,6.0,-1.5,10.5,High,IQR 1.5x
ADM-00025288,PAT-0009356,Orthopedics,Dr. David Khosla,2023-10-20 14:32:43,11,False,False,True,3.0,6.0,-1.5,10.5,High,IQR 1.5x
ADM-00025304,PAT-0002143,Gynecology,Dr. Bhanumati Minhas,2026-04-17 17:49:21,11,False,False,True,3.0,6.0,-1.5,10.5,High,IQR 1.5x
ADM-00025364,PAT-0004747,Dermatology,Dr. Anya Bassi,2024-12-09 10:14:41,11,False,False,True,3.0,6.0,-1.5,10.5,High,IQR 1.5x
ADM-00025397,PAT-0014515,Pediatrics,Dr. Unnati Mall,2023-10-20 08:55:51,11,True,False,True,3.0,6.0,-1.5,10.5,High,IQR 1.5x
ADM-00046554,PAT-0010320,Dermatology,Dr. Michael Rastogi,2024-06-30 02:31:32,11,False,False,True,3.0,6.0,-1.5,10.5,High,IQR 1.5x
ADM-00003976,PAT-0020745,Orthopedics,Dr. Vaishnavi Balay,2023-05-09 10:37:54,11,False,False,True,3.0,6.0,-1.5,10.5,High,IQR 1.5x
ADM-00003996,PAT-0022987,General Medicine,Dr. Dhriti Devi,2026-07-28 13:14:32,11,False,True,True,3.0,6.0,-1.5,10.5,High,IQR 1.5x
ADM-00046297,PAT-0001620,General Medicine,Dr. Dev Sangha,2024-06-11 04:53:20,11,True,False,True,3.0,6.0,-1.5,10.5,High,IQR 1.5x
ADM-00046308,PAT-0015893,Dermatology,Dr. Alexander Gulati,2024-06-25 16:46:59,11,False,False,True,3.0,6.0,-1.5,10.5,High,IQR 1.5x
ADM-00047186,PAT-0021196,Gynecology,Dr. Warinder Sarin,2023-10-02 16:56:48,11,False,False,True,3.0,6.0,-1.5,10.5,High,IQR 1.5x
ADM-00047326,PAT-0016266,Emergency,Dr. Warjas Singhal,2023-11-19 20:51:49,11,False,True,True,3.0,6.0,-1.5,10.5,High,IQR 1.5x
ADM-00004119,PAT-0014356,ENT,Dr. David Tak,2023-06-01 10:45:26,11,False,True,True,3.0,6.0,-1.5,10.5,High,IQR 1.5x
ADM-00046659,PAT-0016210,Orthopedics,Dr. Abha Mandal,2024-12-31 06:59:07,11,True,True,True,3.0,6.0,-1.5,10.5,High,IQR 1.5x
ADM-00046668,PAT-0000157,Orthopedics,Dr. Falguni Kumar,2024-12-05 16:46:04,11,False,True,True,3.0,6.0,-1.5,10.5,High,IQR 1.5x
ADM-00046738,PAT-0017141,Dermatology,Dr. Umang Basu,2023-04-04 03:14:16,11,True,False,True,3.0,6.0,-1.5,10.5,High,IQR 1.5x
ADM-00025399,PAT-0015296,Neurology,Dr. Anirudh Chaudhuri,2023-12-28 08:50:40,11,True,True,True,3.0,6.0,-1.5,10.5,High,IQR 1.5x
ADM-00025463,PAT-0019119,Dermatology,Dr. Anya Bassi,2025-05-30 19:34:12,11,False,True,True,3.0,6.0,-1.5,10.5,High,IQR 1.5x
ADM-00025538,PAT-0013537,General Medicine,Dr. Charan Golla,2023-06-06 11:26:45,11,False,True,True,3.0,6.0,-1.5,10.5,High,IQR 1.5x
ADM-00025557,PAT-0016502,Neurology,Dr. Nandini Anand,2024-10-26 14:01:31,11,False,True,True,3.0,6.0,-1.5,10.5,High,IQR 1.5x
ADM-00025604,PAT-0011991,General Medicine,Dr. Chatresh Viswanathan,2024-11-14 07:56:54,11,True,False,True,3.0,6.0,-1.5,10.5,High,IQR 1.5x
ADM-00025112,PAT-0019444,Pediatrics,Dr. Zehaan Guha,2026-03-15 07:09:56,11,True,False,True,3.0,6.0,-1.5,10.5,High,IQR 1.5x
ADM-00025242,PAT-0002346,Orthopedics,Dr. Amaira Seshadri,2026-05-23 09:08:15,11,True,True,True,3.0,6.0,-1.5,10.5,High,IQR 1.5x
ADM-00046841,PAT-0018635,Orthopedics,Dr. Samarth Nayar,2025-04-02 00:09:22,11,False,False,True,3.0,6.0,-1.5,10.5,High,IQR 1.5x
ADM-00046932,PAT-0006293,Orthopedics,Dr. Chaitanya Buch,2024-08-11 08:16:57,11,False,True,True,3.0,6.0,-1.5,10.5,High,IQR 1.5x
ADM-00047089,PAT-0005663,Gynecology,Dr. Sneha Mahal,2024-09-13 18:39:44,11,False,True,True,3.0,6.0,-1.5,10.5,High,IQR 1.5x
ADM-00047154,PAT-0021603,Oncology,Dr. Om Mangat,2026-03-24 06:06:48,11,True,False,True,3.0,6.0,-1.5,10.5,High,IQR 1.5x
ADM-00003520,PAT-0011641,Emergency,Dr. Eiravati Goda,2024-03-08 23:14:07,11,False,True,True,3.0,6.0,-1.5,10.5,High,IQR 1.5x
ADM-00003564,PAT-0013988,Emergency,Dr. Kabir Wadhwa,2026-05-21 16:53:16,11,True,True,True,3.0,6.0,-1.5,10.5,High,IQR 1.5x
ADM-00017549,PAT-0020905,Dermatology,Dr. Umang Basu,2024-05-03 16:04:25,11,False,False,True,3.0,6.0,-1.5,10.5,High,IQR 1.5x
ADM-00017653,PAT-0004515,Dermatology,Dr. Robert Murthy,2023-05-22 09:21:31,11,False,False,True,3.0,6.0,-1.5,10.5,High,IQR 1.5x
ADM-00017778,PAT-0011637,Cardiology,Dr. Faras Gade,2023-07-10 00:48:05,11,True,True,True,3.0,6.0,-1.5,10.5,High,IQR 1.5x
ADM-00017839,PAT-0016618,Oncology,Dr. Michael Pandya,2024-02-23 20:10:20,11,False,True,True,3.0,6.0,-1.5,10.5,High,IQR 1.5x
ADM-00017851,PAT-0002826,Neurology,Dr. Raghav Sampath,2024-02-10 19:03:43,11,False,True,True,3.0,6.0,-1.5,10.5,High,IQR 1.5x
ADM-00017908,PAT-0015650,Dermatology,Dr. Priya Malhotra,2023-05-19 20:21:29,11,False,False,True,3.0,6.0,-1.5,10.5,High,IQR 1.5x
ADM-00024904,PAT-0012435,General Medicine,Dr. Veer Merchant,2023-04-18 01:26:51,11,False,False,True,3.0,6.0,-1.5,10.5,High,IQR 1.5x
ADM-00024980,PAT-0020692,Cardiology,Dr. Nachiket Pandit,2025-08-26 20:51:15,11,True,True,True,3.0,6.0,-1.5,10.5,High,IQR 1.5x
ADM-00024988,PAT-0003490,Orthopedics,Dr. Anjali Patla,2023-12-17 11:41:53,11,True,False,True,3.0,6.0,-1.5,10.5,High,IQR 1.5x
ADM-00025017,PAT-0019857,Cardiology,Dr. Ayushman Roy,2023-12-17 22:26:39,11,False,True,True,3.0,6.0,-1.5,10.5,High,IQR 1.5x
ADM-00018017,PAT-0011457,Emergency,Dr. Fariq Sangha,2025-08-05 08:59:21,11,False,False,True,3.0,6.0,-1.5,10.5,High,IQR 1.5x
ADM-00003804,PAT-0021302,Emergency,Dr. Eiravati Goda,2025-07-03 06:10:42,11,False,False,True,3.0,6.0,-1.5,10.5,High,IQR 1.5x
ADM-00003863,PAT-0021123,Gynecology,Dr. Bhanumati Minhas,2024-06-22 04:37:27,11,False,False,True,3.0,6.0,-1.5,10.5,High,IQR 1.5x
ADM-00047361,PAT-0006397,Emergency,Dr. Kabir Wadhwa,2024-04-06 17:45:06,11,False,False,True,3.0,6.0,-1.5,10.5,High,IQR 1.5x
ADM-00003261,PAT-0003957,Neurology,Dr. Bishakha Patel,2026-01-19 17:41:44,11,True,True,True,3.0,6.0,-1.5,10.5,High,IQR 1.5x
ADM-00003289,PAT-0006664,ENT,Dr. Azad Batra,2026-07-27 14:15:47,11,True,False,True,3.0,6.0,-1.5,10.5,High,IQR 1.5x
ADM-00003314,PAT-0005438,Orthopedics,Dr. Samarth Nayar,2026-04-15 17:33:29,11,True,True,True,3.0,6.0,-1.5,10.5,High,IQR 1.5x
ADM-00018088,PAT-0000949,ENT,Dr. Laban Kala,2024-02-26 14:04:10,11,False,True,True,3.0,6.0,-1.5,10.5,High,IQR 1.5x
ADM-00018143,PAT-0019550,ENT,Dr. Laban Kala,2026-01-09 21:12:44,11,True,False,True,3.0,6.0,-1.5,10.5,High,IQR 1.5x
ADM-00018196,PAT-0008659,ENT,Dr. Parth Muni,2023-07-09 22:02:27,11,False,True,True,3.0,6.0,-1.5,10.5,High,IQR 1.5x
ADM-00018308,PAT-0005137,Emergency,Dr. Kavya Chaudhry,2024-02-22 22:21:33,11,False,False,True,3.0,6.0,-1.5,10.5,High,IQR 1.5x
ADM-00024661,PAT-0021196,Pediatrics,Dr. Yug Bali,2023-05-01 20:05:28,11,False,True,True,3.0,6.0,-1.5,10.5,High,IQR 1.5x
ADM-00018419,PAT-0023979,Gynecology,Dr. Zaitra Mahajan,2026-05-26 15:59:11,11,True,True,True,3.0,6.0,-1.5,10.5,High,IQR 1.5x
ADM-00018444,PAT-0016903,Dermatology,Dr. Alexander Gulati,2026-04-30 01:46:08,11,False,False,True,3.0,6.0,-1.5,10.5,High,IQR 1.5x
ADM-00018519,PAT-0014079,Orthopedics,Dr. Nathan Iyengar,2026-01-08 14:24:47,11,False,False,True,3.0,6.0,-1.5,10.5,High,IQR 1.5x
ADM-00003468,PAT-0009251,ENT,Dr. Dayamai Nazareth,2023-09-17 00:43:19,11,False,False,True,3.0,6.0,-1.5,10.5,High,IQR 1.5x
ADM-00003482,PAT-0012244,Emergency,Dr. Kavya Chaudhry,2023-04-11 07:18:54,11,False,True,True,3.0,6.0,-1.5,10.5,High,IQR 1.5x
ADM-00047114,PAT-0018814,General Medicine,Dr. Elijah Nori,2025-04-11 20:24:08,11,True,True,True,3.0,6.0,-1.5,10.5,High,IQR 1.5x
ADM-00047128,PAT-0007929,Orthopedics,Dr. Vinaya Amble,2024-10-23 11:00:13,11,True,False,True,3.0,6.0,-1.5,10.5,High,IQR 1.5x
ADM-00047807,PAT-0014563,Oncology,Dr. Inaya Warrior,2025-01-19 10:01:21,11,False,False,True,3.0,6.0,-1.5,10.5,High,IQR 1.5x
ADM-00047845,PAT-0007058,Gynecology,Dr. Tamanna Chander,2026-06-24 16:56:44,11,False,False,True,3.0,6.0,-1.5,10.5,High,IQR 1.5x
ADM-00018522,PAT-0000300,Dermatology,Dr. Manan Saran,2025-05-24 13:29:04,11,True,False,True,3.0,6.0,-1.5,10.5,High,IQR 1.5x
ADM-00018584,PAT-0010955,Orthopedics,Dr. Amaira Pal,2023-06-05 09:03:53,11,False,False,True,3.0,6.0,-1.5,10.5,High,IQR 1.5x
ADM-00018646,PAT-0007069,Orthopedics,Dr. Warhi Raja,2026-01-10 06:37:30,11,False,True,True,3.0,6.0,-1.5,10.5,High,IQR 1.5x
ADM-00024714,PAT-0004371,Oncology,Dr. Zaid Vohra,2025-07-02 15:19:17,11,False,False,True,3.0,6.0,-1.5,10.5,High,IQR 1.5x
ADM-00024202,PAT-0001138,General Medicine,Dr. Chatresh Batta,2023-06-26 15:07:29,11,False,False,True,3.0,6.0,-1.5,10.5,High,IQR 1.5x
ADM-00024225,PAT-0020145,Orthopedics,Dr. Falguni Kumar,2025-12-15 11:19:31,11,False,True,True,3.0,6.0,-1.5,10.5,High,IQR 1.5x
ADM-00024256,PAT-0014919,Emergency,Dr. Abhimanyu Buch,2026-08-02 01:30:21,11,False,True,True,3.0,6.0,-1.5,10.5,High,IQR 1.5x
ADM-00024329,PAT-0019983,Oncology,Dr. Yahvi Raja,2023-11-24 00:31:20,11,False,False,True,3.0,6.0,-1.5,10.5,High,IQR 1.5x
ADM-00024388,PAT-0000361,Neurology,Dr. Jagat Divan,2024-12-26 01:15:27,11,False,False,True,3.0,6.0,-1.5,10.5,High,IQR 1.5x
ADM-00047891,PAT-0024140,Dermatology,Dr. Alexander Gulati,2023-08-05 20:38:29,11,False,True,True,3.0,6.0,-1.5,10.5,High,IQR 1.5x
ADM-00047976,PAT-0017160,Orthopedics,Dr. Vinaya Amble,2025-11-18 13:15:04,11,False,False,True,3.0,6.0,-1.5,10.5,High,IQR 1.5x
ADM-00048016,PAT-0001290,Pediatrics,Dr. Zehaan Guha,2025-02-13 10:35:36,11,False,True,True,3.0,6.0,-1.5,10.5,High,IQR 1.5x
ADM-00048018,PAT-0014251,Orthopedics,Dr. Falguni Kumar,2023-01-08 02:36:22,11,False,False,True,3.0,6.0,-1.5,10.5,High,IQR 1.5x
ADM-00048022,PAT-0019593,ENT,Dr. Kritika Khurana,2025-10-08 13:44:30,11,False,False,True,3.0,6.0,-1.5,10.5,High,IQR 1.5x
ADM-00003125,PAT-0004250,Pediatrics,Dr. Indrajit Cheema,2025-06-18 11:06:42,11,False,True,True,3.0,6.0,-1.5,10.5,High,IQR 1.5x
ADM-00003191,PAT-0023929,Pediatrics,Dr. Unnati Mall,2025-01-02 01:25:50,11,False,True,True,3.0,6.0,-1.5,10.5,High,IQR 1.5x
ADM-00003220,PAT-0014172,Orthopedics,Dr. Abha Mandal,2024-03-31 23:27:14,11,False,True,True,3.0,6.0,-1.5,10.5,High,IQR 1.5x
ADM-00048547,PAT-0023450,Neurology,Dr. Urishilla Panchal,2024-08-15 09:10:27,11,False,False,True,3.0,6.0,-1.5,10.5,High,IQR 1.5x
ADM-00048093,PAT-0024167,Cardiology,Dr. Vritti Cheema,2025-06-28 21:37:35,11,False,False,True,3.0,6.0,-1.5,10.5,High,IQR 1.5x
ADM-00048123,PAT-0024468,Orthopedics,Dr. Amaira Pal,2025-06-29 08:33:47,11,False,True,True,3.0,6.0,-1.5,10.5,High,IQR 1.5x
ADM-00048202,PAT-0001315,Dermatology,Dr. David Narula,2023-01-01 04:31:53,11,False,True,True,3.0,6.0,-1.5,10.5,High,IQR 1.5x
ADM-00048247,PAT-0010024,General Medicine,Dr. Chatresh Viswanathan,2023-09-10 19:25:20,11,False,True,True,3.0,6.0,-1.5,10.5,High,IQR 1.5x
ADM-00048277,PAT-0014673,Orthopedics,Dr. David Khosla,2024-12-11 19:29:03,11,False,False,True,3.0,6.0,-1.5,10.5,High,IQR 1.5x
ADM-00048383,PAT-0006573,Oncology,Dr. David Deshmukh,2024-10-24 02:26:03,11,False,True,True,3.0,6.0,-1.5,10.5,High,IQR 1.5x
ADM-00048413,PAT-0023481,Dermatology,Dr. David Narula,2023-01-15 07:00:21,11,False,False,True,3.0,6.0,-1.5,10.5,High,IQR 1.5x
ADM-00048414,PAT-0019716,Gynecology,Dr. Amol Gera,2024-11-23 20:42:08,11,False,False,True,3.0,6.0,-1.5,10.5,High,IQR 1.5x
ADM-00048432,PAT-0001375,Dermatology,Dr. Priya Malhotra,2025-04-21 07:39:58,11,False,True,True,3.0,6.0,-1.5,10.5,High,IQR 1.5x
ADM-00048496,PAT-0010005,Gynecology,Dr. Ekta Pai,2026-07-24 17:26:00,11,False,True,True,3.0,6.0,-1.5,10.5,High,IQR 1.5x
ADM-00047575,PAT-0017052,Neurology,Dr. Charan Murty,2023-09-26 10:44:15,11,True,False,True,3.0,6.0,-1.5,10.5,High,IQR 1.5x
ADM-00047633,PAT-0019608,Cardiology,Dr. Harrison Dora,2026-03-21 13:20:30,11,False,True,True,3.0,6.0,-1.5,10.5,High,IQR 1.5x
ADM-00048532,PAT-0020517,ENT,Dr. Hema Rana,2025-02-21 13:23:20,11,False,True,True,3.0,6.0,-1.5,10.5,High,IQR 1.5x
ADM-00003007,PAT-0004411,Neurology,Dr. Ranbir Sarma,2024-12-23 02:00:59,11,False,True,True,3.0,6.0,-1.5,10.5,High,IQR 1.5x
ADM-00003018,PAT-0017283,General Medicine,Dr. Nathaniel Shan,2023-06-12 03:05:38,11,False,True,True,3.0,6.0,-1.5,10.5,High,IQR 1.5x
ADM-00003053,PAT-0020516,Pediatrics,Dr. Janya Biswas,2025-11-12 03:42:24,11,False,True,True,3.0,6.0,-1.5,10.5,High,IQR 1.5x
ADM-00024459,PAT-0018296,Orthopedics,Dr. Anjali Patla,2023-12-29 08:58:14,11,True,False,True,3.0,6.0,-1.5,10.5,High,IQR 1.5x
ADM-00024504,PAT-0008992,Dermatology,Dr. Krish Jhaveri,2023-12-03 04:47:42,11,False,True,True,3.0,6.0,-1.5,10.5,High,IQR 1.5x
ADM-00024553,PAT-0005423,Orthopedics,Dr. Amaira Seshadri,2024-10-04 05:30:27,11,False,True,True,3.0,6.0,-1.5,10.5,High,IQR 1.5x
ADM-00024584,PAT-0014653,Oncology,Dr. Lohit Upadhyay,2025-03-01 09:01:34,11,True,True,True,3.0,6.0,-1.5,10.5,High,IQR 1.5x
ADM-00024611,PAT-0007857,General Medicine,Dr. Samesh Arora,2024-06-24 01:43:22,11,False,True,True,3.0,6.0,-1.5,10.5,High,IQR 1.5x
ADM-00024645,PAT-0011081,Cardiology,Dr. Yashodhara Sani,2025-11-18 19:11:11,11,True,True,True,3.0,6.0,-1.5,10.5,High,IQR 1.5x
ADM-00023997,PAT-0009769,Pediatrics,Dr. Yug Bali,2026-03-02 10:54:45,11,False,True,True,3.0,6.0,-1.5,10.5,High,IQR 1.5x
ADM-00024039,PAT-0023017,Oncology,Dr. Chaitanya Banerjee,2023-03-26 07:38:56,11,True,False,True,3.0,6.0,-1.5,10.5,High,IQR 1.5x
ADM-00024094,PAT-0009513,ENT,Dr. Aarnav Barman,2025-11-09 01:13:16,11,True,False,True,3.0,6.0,-1.5,10.5,High,IQR 1.5x
ADM-00018708,PAT-0005118,ENT,Dr. Dalaja Pant,2024-05-14 08:27:38,11,False,False,True,3.0,6.0,-1.5,10.5,High,IQR 1.5x
ADM-00003106,PAT-0008150,Emergency,Dr. Chaitaly Reddy,2024-07-25 00:32:06,11,False,False,True,3.0,6.0,-1.5,10.5,High,IQR 1.5x
ADM-00003110,PAT-0018843,General Medicine,Dr. Mekhala Mangat,2023-07-05 20:46:25,11,False,False,True,3.0,6.0,-1.5,10.5,High,IQR 1.5x
ADM-00048693,PAT-0000849,Cardiology,Dr. Ekapad Pal,2025-01-11 13:26:54,11,False,False,True,3.0,6.0,-1.5,10.5,High,IQR 1.5x
ADM-00048696,PAT-0024877,Emergency,Dr. Arin Tailor,2024-12-29 16:27:34,11,False,True,True,3.0,6.0,-1.5,10.5,High,IQR 1.5x
ADM-00048704,PAT-0007814,Emergency,Dr. Daksh Madan,2024-07-15 17:16:19,11,False,False,True,3.0,6.0,-1.5,10.5,High,IQR 1.5x
ADM-00018781,PAT-0014652,Oncology,Dr. David Deshmukh,2023-08-08 10:18:57,11,True,False,True,3.0,6.0,-1.5,10.5,High,IQR 1.5x
ADM-00018815,PAT-0013305,Dermatology,Dr. Lajita Bora,2023-03-05 18:08:39,11,False,True,True,3.0,6.0,-1.5,10.5,High,IQR 1.5x
ADM-00018907,PAT-0012052,Gynecology,Dr. Bhanumati Minhas,2023-06-30 09:21:53,11,False,False,True,3.0,6.0,-1.5,10.5,High,IQR 1.5x
ADM-00018916,PAT-0011307,Neurology,Dr. Wridesh Sheth,2023-06-11 11:13:09,11,False,False,True,3.0,6.0,-1.5,10.5,High,IQR 1.5x
ADM-00018993,PAT-0021291,Pediatrics,Dr. Janya Biswas,2026-03-08 01:19:53,11,True,False,True,3.0,6.0,-1.5,10.5,High,IQR 1.5x
ADM-00018997,PAT-0021535,Neurology,Dr. Bishakha Patel,2023-08-21 14:20:16,11,True,False,True,3.0,6.0,-1.5,10.5,High,IQR 1.5x
ADM-00019027,PAT-0013481,Cardiology,Dr. Jasmit Krishnan,2024-02-13 11:51:24,11,False,False,True,3.0,6.0,-1.5,10.5,High,IQR 1.5x
ADM-00019084,PAT-0008155,General Medicine,Dr. Veer Merchant,2023-12-26 21:56:19,11,False,True,True,3.0,6.0,-1.5,10.5,High,IQR 1.5x
ADM-00048759,PAT-0019469,Dermatology,Dr. Robert Murthy,2026-07-26 22:52:33,11,True,False,True,3.0,6.0,-1.5,10.5,High,IQR 1.5x
ADM-00048837,PAT-0018566,Pediatrics,Dr. Chatura Dey,2025-10-26 10:46:32,11,True,False,True,3.0,6.0,-1.5,10.5,High,IQR 1.5x
ADM-00048919,PAT-0007718,ENT,Dr. Alexander Mitter,2024-06-04 23:42:57,11,False,True,True,3.0,6.0,-1.5,10.5,High,IQR 1.5x
ADM-00048932,PAT-0002872,Orthopedics,Dr. Amaira Seshadri,2025-12-04 17:57:42,11,False,False,True,3.0,6.0,-1.5,10.5,High,IQR 1.5x
ADM-00048966,PAT-0024069,Gynecology,Dr. Shravya Ramanathan,2026-05-11 01:06:54,11,False,False,True,3.0,6.0,-1.5,10.5,High,IQR 1.5x
ADM-00019214,PAT-0007479,Neurology,Dr. Bahadurjit Bose,2025-06-06 17:36:04,11,False,True,True,3.0,6.0,-1.5,10.5,High,IQR 1.5x
ADM-00019229,PAT-0009864,Emergency,Dr. Eiravati Goda,2025-10-06 23:38:06,11,False,False,True,3.0,6.0,-1.5,10.5,High,IQR 1.5x
ADM-00019315,PAT-0003097,ENT,Dr. Triya Sem,2024-06-02 13:38:48,11,False,True,True,3.0,6.0,-1.5,10.5,High,IQR 1.5x
ADM-00023947,PAT-0021786,Dermatology,Dr. Umang Basu,2026-02-25 05:14:46,11,False,True,True,3.0,6.0,-1.5,10.5,High,IQR 1.5x
ADM-00023967,PAT-0023466,Neurology,Dr. Jagrati Borde,2025-03-20 13:15:18,11,False,True,True,3.0,6.0,-1.5,10.5,High,IQR 1.5x
ADM-00023987,PAT-0001044,Cardiology,Dr. Gauri Rajan,2026-07-24 22:14:57,11,False,False,True,3.0,6.0,-1.5,10.5,High,IQR 1.5x
ADM-00023310,PAT-0003449,Orthopedics,Dr. Samarth Nayar,2025-04-10 10:19:03,11,False,True,True,3.0,6.0,-1.5,10.5,High,IQR 1.5x
ADM-00023445,PAT-0019083,ENT,Dr. Yachana Vyas,2023-02-23 05:31:17,11,True,False,True,3.0,6.0,-1.5,10.5,High,IQR 1.5x
ADM-00049214,PAT-0018788,Gynecology,Dr. Amol Gera,2023-06-14 04:04:40,11,False,True,True,3.0,6.0,-1.5,10.5,High,IQR 1.5x
ADM-00049289,PAT-0017971,Orthopedics,Dr. Anjali Patla,2024-07-17 05:18:28,11,True,False,True,3.0,6.0,-1.5,10.5,High,IQR 1.5x
ADM-00049304,PAT-0023075,Orthopedics,Dr. Warhi Raja,2023-12-10 22:31:12,11,False,False,True,3.0,6.0,-1.5,10.5,High,IQR 1.5x
ADM-00049340,PAT-0007806,Neurology,Dr. Bishakha Patel,2026-07-26 20:56:55,11,True,True,True,3.0,6.0,-1.5,10.5,High,IQR 1.5x
ADM-00049377,PAT-0014691,Pediatrics,Dr. Nakul Pathak,2025-11-21 16:06:28,11,False,False,True,3.0,6.0,-1.5,10.5,High,IQR 1.5x
ADM-00048554,PAT-0006477,Cardiology,Dr. Jackson Jhaveri,2023-05-10 06:31:21,11,False,False,True,3.0,6.0,-1.5,10.5,High,IQR 1.5x
ADM-00048631,PAT-0018914,Orthopedics,Dr. Amaira Pal,2024-04-24 15:57:33,11,False,True,True,3.0,6.0,-1.5,10.5,High,IQR 1.5x
ADM-00048633,PAT-0006615,Gynecology,Dr. Bhanumati Minhas,2023-06-30 21:43:05,11,False,False,True,3.0,6.0,-1.5,10.5,High,IQR 1.5x
ADM-00023859,PAT-0006279,ENT,Dr. Kritika Khurana,2026-02-20 14:51:47,11,True,False,True,3.0,6.0,-1.5,10.5,High,IQR 1.5x
ADM-00023901,PAT-0011954,General Medicine,Dr. Chatresh Batta,2026-08-02 21:52:08,11,False,False,True,3.0,6.0,-1.5,10.5,High,IQR 1.5x
ADM-00022945,PAT-0023579,Cardiology,Dr. Gauri Rajan,2023-04-05 15:58:46,11,True,True,True,3.0,6.0,-1.5,10.5,High,IQR 1.5x
ADM-00022961,PAT-0016996,Oncology,Dr. Janya Chawla,2024-02-24 04:43:45,11,True,True,True,3.0,6.0,-1.5,10.5,High,IQR 1.5x
ADM-00022999,PAT-0009592,Oncology,Dr. Zaid Vohra,2023-11-19 07:06:05,11,False,True,True,3.0,6.0,-1.5,10.5,High,IQR 1.5x
ADM-00023020,PAT-0004086,Gynecology,Dr. Ekta Pai,2026-09-08 05:19:58,11,True,True,True,3.0,6.0,-1.5,10.5,High,IQR 1.5x
ADM-00023024,PAT-0017430,General Medicine,Dr. Vrinda Kale,2025-12-01 15:49:19,11,False,False,True,3.0,6.0,-1.5,10.5,High,IQR 1.5x
ADM-00023098,PAT-0019069,Neurology,Dr. Nandini Anand,2024-08-26 09:06:02,11,False,False,True,3.0,6.0,-1.5,10.5,High,IQR 1.5x
ADM-00002777,PAT-0000174,Cardiology,Dr. Qadim Suresh,2025-07-12 06:04:03,11,True,True,True,3.0,6.0,-1.5,10.5,High,IQR 1.5x
ADM-00002792,PAT-0019333,Emergency,Dr. Yahvi Jain,2025-04-27 06:44:14,11,False,False,True,3.0,6.0,-1.5,10.5,High,IQR 1.5x
ADM-00003001,PAT-0012683,Oncology,Dr. David Deshmukh,2025-01-27 20:20:52,11,False,True,True,3.0,6.0,-1.5,10.5,High,IQR 1.5x
ADM-00049080,PAT-0003840,Pediatrics,Dr. Bhavya Kulkarni,2023-04-15 04:44:31,11,False,False,True,3.0,6.0,-1.5,10.5,High,IQR 1.5x
ADM-00049113,PAT-0016997,Oncology,Dr. Janya Chawla,2026-01-25 04:21:13,11,True,False,True,3.0,6.0,-1.5,10.5,High,IQR 1.5x
ADM-00049115,PAT-0001519,Gynecology,Dr. Nisha Dhillon,2025-08-15 10:49:53,11,False,False,True,3.0,6.0,-1.5,10.5,High,IQR 1.5x
ADM-00049130,PAT-0022774,General Medicine,Dr. Nathaniel Shan,2024-03-18 03:56:01,11,False,True,True,3.0,6.0,-1.5,10.5,High,IQR 1.5x
ADM-00049173,PAT-0007950,Gynecology,Dr. Amol Gera,2024-12-16 05:29:05,11,False,True,True,3.0,6.0,-1.5,10.5,High,IQR 1.5x
ADM-00019557,PAT-0014259,Neurology,Dr. Charan Murty,2024-11-25 06:01:49,11,False,True,True,3.0,6.0,-1.5,10.5,High,IQR 1.5x
ADM-00023199,PAT-0000547,Oncology,Dr. Krishna Modi,2024-03-13 06:08:45,11,False,False,True,3.0,6.0,-1.5,10.5,High,IQR 1.5x
ADM-00023254,PAT-0005906,Gynecology,Dr. Ijaya Zachariah,2024-08-27 15:12:08,11,False,False,True,3.0,6.0,-1.5,10.5,High,IQR 1.5x
ADM-00022696,PAT-0016089,Orthopedics,Dr. Anjali Patla,2025-05-02 18:57:22,11,True,False,True,3.0,6.0,-1.5,10.5,High,IQR 1.5x
ADM-00022699,PAT-0020167,Orthopedics,Dr. Abha Mandal,2026-06-16 17:31:27,11,False,False,True,3.0,6.0,-1.5,10.5,High,IQR 1.5x
ADM-00022741,PAT-0006283,Gynecology,Dr. Amol Gera,2023-04-05 20:21:44,11,True,False,True,3.0,6.0,-1.5,10.5,High,IQR 1.5x
ADM-00022791,PAT-0001063,Gynecology,Dr. Nisha Dhillon,2024-10-17 17:21:54,11,False,False,True,3.0,6.0,-1.5,10.5,High,IQR 1.5x
ADM-00022829,PAT-0013647,General Medicine,Dr. Dhriti Devi,2025-02-17 10:51:06,11,True,True,True,3.0,6.0,-1.5,10.5,High,IQR 1.5x
ADM-00002303,PAT-0017421,Cardiology,Dr. Kamala Bhargava,2026-02-23 02:45:16,11,False,True,True,3.0,6.0,-1.5,10.5,High,IQR 1.5x
ADM-00002355,PAT-0021959,Cardiology,Dr. Gauri Rajan,2024-05-18 10:30:42,11,False,True,True,3.0,6.0,-1.5,10.5,High,IQR 1.5x
ADM-00002420,PAT-0003022,Gynecology,Dr. Warinder Sarin,2023-01-10 21:00:46,11,True,True,True,3.0,6.0,-1.5,10.5,High,IQR 1.5x
ADM-00002649,PAT-0013025,Emergency,Dr. Arin Tailor,2024-09-25 23:11:43,11,False,False,True,3.0,6.0,-1.5,10.5,High,IQR 1.5x
ADM-00002659,PAT-0021046,General Medicine,Dr. Vrinda Kale,2025-08-14 05:52:32,11,True,False,True,3.0,6.0,-1.5,10.5,High,IQR 1.5x
ADM-00002692,PAT-0010229,Gynecology,Dr. Warinder Sarin,2024-02-18 13:14:44,11,False,False,True,3.0,6.0,-1.5,10.5,High,IQR 1.5x
ADM-00002720,PAT-0014157,Emergency,Dr. Warjas Singhal,2023-12-08 05:40:48,11,True,False,True,3.0,6.0,-1.5,10.5,High,IQR 1.5x
ADM-00023787,PAT-0000025,Orthopedics,Dr. Amaira Seshadri,2024-09-08 21:14:46,11,False,False,True,3.0,6.0,-1.5,10.5,High,IQR 1.5x
ADM-00002147,PAT-0004594,Orthopedics,Dr. Warhi Raja,2026-05-24 11:33:58,11,False,False,True,3.0,6.0,-1.5,10.5,High,IQR 1.5x
ADM-00002234,PAT-0016101,Emergency,Dr. Krishna Palla,2026-05-23 10:04:24,11,False,False,True,3.0,6.0,-1.5,10.5,High,IQR 1.5x
ADM-00002503,PAT-0014870,Oncology,Dr. Lohit Upadhyay,2023-09-10 19:29:39,11,False,False,True,3.0,6.0,-1.5,10.5,High,IQR 1.5x
ADM-00049837,PAT-0018948,Emergency,Dr. Krishna Palla,2026-03-30 11:23:14,11,False,True,True,3.0,6.0,-1.5,10.5,High,IQR 1.5x
ADM-00049889,PAT-0011540,ENT,Dr. David Tak,2025-06-04 00:26:17,11,False,False,True,3.0,6.0,-1.5,10.5,High,IQR 1.5x
ADM-00049915,PAT-0019342,Gynecology,Dr. Nisha Dhillon,2024-04-26 01:04:34,11,False,False,True,3.0,6.0,-1.5,10.5,High,IQR 1.5x
ADM-00050683,PAT-0011344,Gynecology,Dr. Nisha Dhillon,2026-09-24 23:23:06,11,False,True,True,3.0,6.0,-1.5,10.5,High,IQR 1.5x
ADM-00050853,PAT-0016621,Orthopedics,Dr. Vinaya Amble,2026-09-25 08:08:54,11,False,True,True,3.0,6.0,-1.5,10.5,High,IQR 1.5x
ADM-00050904,PAT-0000443,Emergency,Dr. Rehaan Lanka,2026-09-25 12:32:47,11,True,False,True,3.0,6.0,-1.5,10.5,High,IQR 1.5x
ADM-00050936,PAT-0008260,Neurology,Dr. Anamika Johal,2026-09-25 22:22:01,11,False,True,True,3.0,6.0,-1.5,10.5,High,IQR 1.5x
ADM-00050958,PAT-0006349,Oncology,Dr. Charles Bajaj,2026-09-25 11:37:04,11,True,True,True,3.0,6.0,-1.5,10.5,High,IQR 1.5x
ADM-00049502,PAT-0011902,Oncology,Dr. Yahvi Raja,2025-10-06 03:22:30,11,False,False,True,3.0,6.0,-1.5,10.5,High,IQR 1.5x
ADM-00049538,PAT-0021037,Neurology,Dr. Charan Murty,2023-08-01 10:18:32,11,True,True,True,3.0,6.0,-1.5,10.5,High,IQR 1.5x
ADM-00049547,PAT-0010023,Oncology,Dr. Om Bajaj,2023-02-28 00:59:30,11,True,False,True,3.0,6.0,-1.5,10.5,High,IQR 1.5x
ADM-00019392,PAT-0013114,General Medicine,Dr. Viraj Nair,2023-10-30 08:14:54,11,False,True,True,3.0,6.0,-1.5,10.5,High,IQR 1.5x
ADM-00019549,PAT-0010760,ENT,Dr. Triya Sem,2026-01-20 23:42:20,11,True,False,True,3.0,6.0,-1.5,10.5,High,IQR 1.5x
ADM-00001568,PAT-0009351,Orthopedics,Dr. Vinaya Amble,2025-08-30 16:21:47,11,True,True,True,3.0,6.0,-1.5,10.5,High,IQR 1.5x
ADM-00001823,PAT-0008345,Gynecology,Dr. Ijaya Zachariah,2023-12-17 16:11:27,11,True,True,True,3.0,6.0,-1.5,10.5,High,IQR 1.5x
ADM-00051354,PAT-0016621,Orthopedics,Dr. Vinaya Amble,2026-09-25 08:08:54,11,False,True,True,3.0,6.0,-1.5,10.5,High,IQR 1.5x
ADM-00051035,PAT-0009518,General Medicine,Dr. Nathaniel Shan,2026-09-25 19:53:50,11,False,True,True,3.0,6.0,-1.5,10.5,High,IQR 1.5x
ADM-00001927,PAT-0006096,ENT,Dr. David Tak,2025-07-07 16:17:22,11,True,False,True,3.0,6.0,-1.5,10.5,High,IQR 1.5x
ADM-00019747,PAT-0018035,Gynecology,Dr. Zaitra Mahajan,2025-05-24 02:27:31,11,False,True,True,3.0,6.0,-1.5,10.5,High,IQR 1.5x
ADM-00019784,PAT-0019605,Gynecology,Dr. Ijaya Zachariah,2025-07-15 05:18:13,11,False,True,True,3.0,6.0,-1.5,10.5,High,IQR 1.5x
ADM-00019816,PAT-0008763,General Medicine,Dr. Charan Golla,2025-02-16 08:35:01,11,False,True,True,3.0,6.0,-1.5,10.5,High,IQR 1.5x
ADM-00022942,PAT-0023714,Orthopedics,Dr. Nathan Iyengar,2025-10-02 17:59:18,11,False,False,True,3.0,6.0,-1.5,10.5,High,IQR 1.5x
ADM-00019875,PAT-0014161,General Medicine,Dr. Nathaniel Shan,2025-01-09 22:07:07,11,False,True,True,3.0,6.0,-1.5,10.5,High,IQR 1.5x
ADM-00019880,PAT-0001777,Cardiology,Dr. Viraj Subramanian,2023-01-14 17:04:41,11,False,False,True,3.0,6.0,-1.5,10.5,High,IQR 1.5x
ADM-00019942,PAT-0020231,Cardiology,Dr. Umang Vaidya,2025-03-05 03:15:06,11,False,False,True,3.0,6.0,-1.5,10.5,High,IQR 1.5x
ADM-00019986,PAT-0008446,Oncology,Dr. Zaid Vohra,2025-12-15 15:34:27,11,False,False,True,3.0,6.0,-1.5,10.5,High,IQR 1.5x
ADM-00020011,PAT-0010856,ENT,Dr. David Tak,2023-02-01 23:44:26,11,False,True,True,3.0,6.0,-1.5,10.5,High,IQR 1.5x
ADM-00002017,PAT-0007178,Neurology,Dr. Nandini Anand,2024-11-09 16:46:25,11,False,False,True,3.0,6.0,-1.5,10.5,High,IQR 1.5x
ADM-00002024,PAT-0006567,ENT,Dr. Laban Kala,2026-03-18 22:35:50,11,False,True,True,3.0,6.0,-1.5,10.5,High,IQR 1.5x
ADM-00051088,PAT-0020014,Emergency,Dr. Abhimanyu Buch,2026-09-25 21:45:57,11,False,False,True,3.0,6.0,-1.5,10.5,High,IQR 1.5x
ADM-00051113,PAT-0003630,Neurology,Dr. Gabriel Sachdev,2026-09-26 06:42:53,11,False,True,True,3.0,6.0,-1.5,10.5,High,IQR 1.5x
ADM-00051160,PAT-0013052,Orthopedics,Dr. Abha Mandal,2026-09-26 02:37:46,11,False,False,True,3.0,6.0,-1.5,10.5,High,IQR 1.5x
ADM-00051181,PAT-0024989,ENT,Dr. Aadhya Prashad,2026-09-26 12:20:35,11,False,True,True,3.0,6.0,-1.5,10.5,High,IQR 1.5x
ADM-00051240,PAT-0001921,Oncology,Dr. Zilmil Gade,2026-09-26 16:02:45,11,False,True,True,3.0,6.0,-1.5,10.5,High,IQR 1.5x
ADM-00020056,PAT-0000182,Orthopedics,Dr. Anjali Patla,2025-04-18 08:40:40,11,False,False,True,3.0,6.0,-1.5,10.5,High,IQR 1.5x
ADM-00020089,PAT-0018459,Oncology,Dr. Chaitanya Banerjee,2026-04-14 11:48:48,11,False,False,True,3.0,6.0,-1.5,10.5,High,IQR 1.5x
ADM-00020107,PAT-0009227,Pediatrics,Dr. Nakul Pathak,2026-02-09 11:44:40,11,False,True,True,3.0,6.0,-1.5,10.5,High,IQR 1.5x
ADM-00020132,PAT-0005954,Dermatology,Dr. Manan Saran,2025-09-16 03:49:44,11,True,True,True,3.0,6.0,-1.5,10.5,High,IQR 1.5x
ADM-00020142,PAT-0007933,Orthopedics,Dr. Baghyawati Shroff,2023-07-16 21:05:37,11,False,False,True,3.0,6.0,-1.5,10.5,High,IQR 1.5x
ADM-00022596,PAT-0020413,Oncology,Dr. Chaitanya Singh,2024-01-31 02:51:01,11,False,False,True,3.0,6.0,-1.5,10.5,High,IQR 1.5x
ADM-00022626,PAT-0010100,Oncology,Dr. Vrishti Bedi,2023-05-10 22:51:53,11,False,True,True,3.0,6.0,-1.5,10.5,High,IQR 1.5x
ADM-00021998,PAT-0016909,Dermatology,Dr. Anya Bassi,2023-05-22 06:11:38,11,False,False,True,3.0,6.0,-1.5,10.5,High,IQR 1.5x
ADM-00022005,PAT-0012768,ENT,Dr. Pushti Bhasin,2023-07-02 01:52:44,11,True,False,True,3.0,6.0,-1.5,10.5,High,IQR 1.5x
ADM-00022243,PAT-0015040,Cardiology,Dr. Balvan Bala,2026-09-05 20:28:21,11,False,True,True,3.0,6.0,-1.5,10.5,High,IQR 1.5x
ADM-00051269,PAT-0006542,Emergency,Dr. Fariq Sangha,2026-09-26 18:56:48,11,False,False,True,3.0,6.0,-1.5,10.5,High,IQR 1.5x
ADM-00001361,PAT-0019727,General Medicine,Dr. Chatresh Viswanathan,2023-01-01 02:55:22,11,False,True,True,3.0,6.0,-1.5,10.5,High,IQR 1.5x
ADM-00001391,PAT-0024556,Orthopedics,Dr. Hemang Thaman,2026-04-28 10:04:07,11,False,True,True,3.0,6.0,-1.5,10.5,High,IQR 1.5x
ADM-00001401,PAT-0001762,Neurology,Dr. Bhavini Maharaj,2025-04-09 08:29:28,11,False,False,True,3.0,6.0,-1.5,10.5,High,IQR 1.5x
ADM-00001428,PAT-0022460,Cardiology,Dr. Harrison Dora,2025-11-15 06:35:06,11,True,True,True,3.0,6.0,-1.5,10.5,High,IQR 1.5x
ADM-00051795,PAT-0012500,ENT,Dr. Yamini Rau,2026-09-25 04:05:31,11,False,True,True,3.0,6.0,-1.5,10.5,High,IQR 1.5x
ADM-00051405,PAT-0000443,Emergency,Dr. Rehaan Lanka,2026-09-25 12:32:47,11,True,False,True,3.0,6.0,-1.5,10.5,High,IQR 1.5x
ADM-00051437,PAT-0008260,Neurology,Dr. Anamika Johal,2026-09-25 22:22:01,11,False,True,True,3.0,6.0,-1.5,10.5,High,IQR 1.5x
ADM-00051459,PAT-0006349,Oncology,Dr. Charles Bajaj,2026-09-25 11:37:04,11,True,True,True,3.0,6.0,-1.5,10.5,High,IQR 1.5x
ADM-00051536,PAT-0009518,General Medicine,Dr. Nathaniel Shan,2026-09-25 19:53:50,11,False,True,True,3.0,6.0,-1.5,10.5,High,IQR 1.5x
ADM-00051585,PAT-0019202,Pediatrics,Dr. Yauvani Devan,2026-09-25 03:06:07,11,False,False,True,3.0,6.0,-1.5,10.5,High,IQR 1.5x
ADM-00051587,PAT-0000589,Cardiology,Dr. Nachiket Pandit,2026-09-25 14:36:35,11,False,True,True,3.0,6.0,-1.5,10.5,High,IQR 1.5x
ADM-00051589,PAT-0020014,Emergency,Dr. Abhimanyu Buch,2026-09-25 21:45:57,11,False,False,True,3.0,6.0,-1.5,10.5,High,IQR 1.5x
ADM-00051630,PAT-0016621,Orthopedics,Dr. Vinaya Amble,2026-09-25 08:08:54,11,False,True,True,3.0,6.0,-1.5,10.5,High,IQR 1.5x
ADM-00051681,PAT-0000443,Emergency,Dr. Rehaan Lanka,2026-09-25 12:32:47,11,True,False,True,3.0,6.0,-1.5,10.5,High,IQR 1.5x
ADM-00051084,PAT-0019202,Pediatrics,Dr. Yauvani Devan,2026-09-25 03:06:07,11,False,False,True,3.0,6.0,-1.5,10.5,High,IQR 1.5x
ADM-00051086,PAT-0000589,Cardiology,Dr. Nachiket Pandit,2026-09-25 14:36:35,11,False,True,True,3.0,6.0,-1.5,10.5,High,IQR 1.5x
ADM-00001110,PAT-0008927,Neurology,Dr. Anirudh Chaudhuri,2026-03-29 23:33:11,11,False,True,True,3.0,6.0,-1.5,10.5,High,IQR 1.5x
ADM-00051713,PAT-0008260,Neurology,Dr. Anamika Johal,2026-09-25 22:22:01,11,False,True,True,3.0,6.0,-1.5,10.5,High,IQR 1.5x
ADM-00051735,PAT-0006349,Oncology,Dr. Charles Bajaj,2026-09-25 11:37:04,11,True,True,True,3.0,6.0,-1.5,10.5,High,IQR 1.5x
ADM-00001209,PAT-0021556,Emergency,Dr. Kavya Chaudhry,2025-09-06 07:57:54,11,False,True,True,3.0,6.0,-1.5,10.5,High,IQR 1.5x
ADM-00001234,PAT-0011859,Neurology,Dr. Reva Sidhu,2023-03-23 17:30:42,11,True,False,True,3.0,6.0,-1.5,10.5,High,IQR 1.5x
ADM-00001245,PAT-0014642,Pediatrics,Dr. Yauvani Devan,2024-09-05 12:29:10,11,False,False,True,3.0,6.0,-1.5,10.5,High,IQR 1.5x
ADM-00022380,PAT-0005716,Gynecology,Dr. Nisha Dhillon,2024-06-25 03:47:50,11,False,False,True,3.0,6.0,-1.5,10.5,High,IQR 1.5x
ADM-00022410,PAT-0003379,ENT,Dr. Dayamai Nazareth,2024-11-02 02:47:48,11,True,True,True,3.0,6.0,-1.5,10.5,High,IQR 1.5x
ADM-00022422,PAT-0014361,Emergency,Dr. Krishna Palla,2023-04-09 22:01:09,11,False,False,True,3.0,6.0,-1.5,10.5,High,IQR 1.5x
ADM-00022552,PAT-0000875,Dermatology,Dr. Alexander Gulati,2025-03-05 10:21:58,11,False,False,True,3.0,6.0,-1.5,10.5,High,IQR 1.5x
ADM-00022588,PAT-0010325,Pediatrics,Dr. Damini Venkatesh,2023-07-05 23:44:51,11,True,True,True,3.0,6.0,-1.5,10.5,High,IQR 1.5x
ADM-00021644,PAT-0017371,Neurology,Dr. Charan Murty,2023-12-31 15:07:01,11,False,True,True,3.0,6.0,-1.5,10.5,High,IQR 1.5x
ADM-00021817,PAT-0024234,Orthopedics,Dr. Warhi Raja,2024-09-30 19:23:07,11,False,True,True,3.0,6.0,-1.5,10.5,High,IQR 1.5x
ADM-00021829,PAT-0024882,Pediatrics,Dr. Devansh Devan,2025-01-21 02:40:45,11,False,False,True,3.0,6.0,-1.5,10.5,High,IQR 1.5x
ADM-00021840,PAT-0012003,Cardiology,Dr. Nachiket Pandit,2026-06-04 02:58:32,11,False,False,True,3.0,6.0,-1.5,10.5,High,IQR 1.5x
ADM-00020242,PAT-0015878,Gynecology,Dr. Tamanna Chander,2025-11-14 01:11:23,11,True,False,True,3.0,6.0,-1.5,10.5,High,IQR 1.5x
ADM-00052141,PAT-0020014,Emergency,Dr. Abhimanyu Buch,2026-09-25 21:45:57,11,False,False,True,3.0,6.0,-1.5,10.5,High,IQR 1.5x
ADM-00051812,PAT-0009518,General Medicine,Dr. Nathaniel Shan,2026-09-25 19:53:50,11,False,True,True,3.0,6.0,-1.5,10.5,High,IQR 1.5x
ADM-00051861,PAT-0019202,Pediatrics,Dr. Yauvani Devan,2026-09-25 03:06:07,11,False,False,True,3.0,6.0,-1.5,10.5,High,IQR 1.5x
ADM-00051863,PAT-0000589,Cardiology,Dr. Nachiket Pandit,2026-09-25 14:36:35,11,False,True,True,3.0,6.0,-1.5,10.5,High,IQR 1.5x
ADM-00051865,PAT-0020014,Emergency,Dr. Abhimanyu Buch,2026-09-25 21:45:57,11,False,False,True,3.0,6.0,-1.5,10.5,High,IQR 1.5x
ADM-00020458,PAT-0022895,Gynecology,Dr. Nisha Dhillon,2024-03-27 03:56:51,11,False,True,True,3.0,6.0,-1.5,10.5,High,IQR 1.5x
ADM-00020624,PAT-0008481,Emergency,Dr. Kavya Chaudhry,2026-06-02 04:01:03,11,False,False,True,3.0,6.0,-1.5,10.5,High,IQR 1.5x
ADM-00021935,PAT-0017066,Orthopedics,Dr. Chaitanya Buch,2024-10-30 19:48:58,11,False,False,True,3.0,6.0,-1.5,10.5,High,IQR 1.5x
ADM-00021997,PAT-0005800,Cardiology,Dr. Vritti Cheema,2024-12-23 10:52:46,11,True,True,True,3.0,6.0,-1.5,10.5,High,IQR 1.5x
ADM-00021510,PAT-0001173,Oncology,Dr. Lohit Upadhyay,2024-07-07 04:37:31,11,False,False,True,3.0,6.0,-1.5,10.5,High,IQR 1.5x
ADM-00021516,PAT-0013242,Neurology,Dr. Nandini Anand,2023-06-17 05:16:56,11,True,False,True,3.0,6.0,-1.5,10.5,High,IQR 1.5x
ADM-00020769,PAT-0023838,Emergency,Dr. Yahvi Jain,2024-12-04 09:33:31,11,True,True,True,3.0,6.0,-1.5,10.5,High,IQR 1.5x
ADM-00020868,PAT-0010962,General Medicine,Dr. Vrinda Kale,2025-06-30 15:27:30,11,True,True,True,3.0,6.0,-1.5,10.5,High,IQR 1.5x
ADM-00020878,PAT-0023855,Cardiology,Dr. Gauri Rajan,2026-03-01 10:33:06,11,False,False,True,3.0,6.0,-1.5,10.5,High,IQR 1.5x
ADM-00000860,PAT-0010399,Orthopedics,Dr. Nitara Choudhury,2026-04-15 05:07:11,11,False,True,True,3.0,6.0,-1.5,10.5,High,IQR 1.5x
ADM-00001098,PAT-0000067,Emergency,Dr. Abhimanyu Buch,2026-04-24 10:26:18,11,True,False,True,3.0,6.0,-1.5,10.5,High,IQR 1.5x
ADM-00052386,PAT-0011277,Orthopedics,Dr. Amaira Seshadri,2026-09-25 02:01:10,11,False,True,True,3.0,6.0,-1.5,10.5,High,IQR 1.5x
ADM-00052563,PAT-0006349,Oncology,Dr. Charles Bajaj,2026-09-25 11:37:04,11,True,True,True,3.0,6.0,-1.5,10.5,High,IQR 1.5x
ADM-00052693,PAT-0020014,Emergency,Dr. Abhimanyu Buch,2026-09-25 21:45:57,11,False,False,True,3.0,6.0,-1.5,10.5,High,IQR 1.5x
ADM-00000082,PAT-0012183,Neurology,Dr. Charan Murty,2024-08-11 12:35:12,11,False,True,True,3.0,6.0,-1.5,10.5,High,IQR 1.5x
ADM-00000192,PAT-0005990,Dermatology,Dr. Elijah Rege,2025-04-30 04:00:50,11,False,True,True,3.0,6.0,-1.5,10.5,High,IQR 1.5x
ADM-00052623,PAT-0012500,ENT,Dr. Yamini Rau,2026-09-25 04:05:31,11,False,True,True,3.0,6.0,-1.5,10.5,High,IQR 1.5x
ADM-00000006,PAT-0002228,Emergency,Dr. Arin Tailor,2023-07-21 21:23:29,11,False,False,True,3.0,6.0,-1.5,10.5,High,IQR 1.5x
ADM-00052413,PAT-0019202,Pediatrics,Dr. Yauvani Devan,2026-09-25 03:06:07,11,False,False,True,3.0,6.0,-1.5,10.5,High,IQR 1.5x
ADM-00052415,PAT-0000589,Cardiology,Dr. Nachiket Pandit,2026-09-25 14:36:35,11,False,True,True,3.0,6.0,-1.5,10.5,High,IQR 1.5x
ADM-00052417,PAT-0020014,Emergency,Dr. Abhimanyu Buch,2026-09-25 21:45:57,11,False,False,True,3.0,6.0,-1.5,10.5,High,IQR 1.5x
ADM-00052640,PAT-0009518,General Medicine,Dr. Nathaniel Shan,2026-09-25 19:53:50,11,False,True,True,3.0,6.0,-1.5,10.5,High,IQR 1.5x
ADM-00052662,PAT-0011277,Orthopedics,Dr. Amaira Seshadri,2026-09-25 02:01:10,11,False,True,True,3.0,6.0,-1.5,10.5,High,IQR 1.5x
ADM-00052689,PAT-0019202,Pediatrics,Dr. Yauvani Devan,2026-09-25 03:06:07,11,False,False,True,3.0,6.0,-1.5,10.5,High,IQR 1.5x
ADM-00052691,PAT-0000589,Cardiology,Dr. Nachiket Pandit,2026-09-25 14:36:35,11,False,True,True,3.0,6.0,-1.5,10.5,High,IQR 1.5x
ADM-00052509,PAT-0000443,Emergency,Dr. Rehaan Lanka,2026-09-25 12:32:47,11,True,False,True,3.0,6.0,-1.5,10.5,High,IQR 1.5x
ADM-00051906,PAT-0016621,Orthopedics,Dr. Vinaya Amble,2026-09-25 08:08:54,11,False,True,True,3.0,6.0,-1.5,10.5,High,IQR 1.5x
ADM-00035230,PAT-0006266,Gynecology,Dr. Shravya Ramanathan,2026-03-22 23:03:22,11,True,True,True,3.0,6.0,-1.5,10.5,High,IQR 1.5x
ADM-00035337,PAT-0021523,Oncology,Dr. Vrishti Bedi,2025-06-07 15:35:18,11,False,False,True,3.0,6.0,-1.5,10.5,High,IQR 1.5x
ADM-00035370,PAT-0011259,Neurology,Dr. Aashi Sangha,2025-05-26 13:59:07,11,True,False,True,3.0,6.0,-1.5,10.5,High,IQR 1.5x
ADM-00034685,PAT-0013463,Orthopedics,Dr. Hemang Thaman,2023-02-03 03:54:18,11,False,True,True,3.0,6.0,-1.5,10.5,High,IQR 1.5x
ADM-00034700,PAT-0020153,Oncology,Dr. Charles Bajaj,2024-04-08 03:42:28,11,True,False,True,3.0,6.0,-1.5,10.5,High,IQR 1.5x
ADM-00011601,PAT-0009183,General Medicine,Dr. Dev Sangha,2023-09-30 13:16:30,11,False,False,True,3.0,6.0,-1.5,10.5,High,IQR 1.5x
ADM-00011650,PAT-0003859,Neurology,Dr. Raghav Sampath,2026-02-10 02:11:12,11,True,False,True,3.0,6.0,-1.5,10.5,High,IQR 1.5x
ADM-00011654,PAT-0007707,Cardiology,Dr. Umang Konda,2023-12-18 01:53:05,11,False,True,True,3.0,6.0,-1.5,10.5,High,IQR 1.5x
ADM-00011667,PAT-0019710,Neurology,Dr. Anirudh Chaudhuri,2026-01-27 14:19:17,11,False,True,True,3.0,6.0,-1.5,10.5,High,IQR 1.5x
ADM-00011671,PAT-0018343,Neurology,Dr. Ekantika Virk,2024-12-06 04:27:46,11,False,True,True,3.0,6.0,-1.5,10.5,High,IQR 1.5x
ADM-00021314,PAT-0017963,Oncology,Dr. Zaid Vohra,2023-10-04 09:50:40,11,False,True,True,3.0,6.0,-1.5,10.5,High,IQR 1.5x
ADM-00021317,PAT-0002129,Pediatrics,Dr. Janya Biswas,2024-12-10 20:03:17,11,False,True,True,3.0,6.0,-1.5,10.5,High,IQR 1.5x
ADM-00021358,PAT-0020818,Dermatology,Dr. Krish Jhaveri,2025-03-12 05:47:57,11,False,False,True,3.0,6.0,-1.5,10.5,High,IQR 1.5x
ADM-00021394,PAT-0008893,Oncology,Dr. Vrishti Bedi,2023-02-13 06:35:56,11,False,False,True,3.0,6.0,-1.5,10.5,High,IQR 1.5x
ADM-00052347,PAT-0012500,ENT,Dr. Yamini Rau,2026-09-25 04:05:31,11,False,True,True,3.0,6.0,-1.5,10.5,High,IQR 1.5x
ADM-00052364,PAT-0009518,General Medicine,Dr. Nathaniel Shan,2026-09-25 19:53:50,11,False,True,True,3.0,6.0,-1.5,10.5,High,IQR 1.5x
