batch_id,lab_test_id,patient_id,admission_id,doctor_id,test_date,test_name,test_category,result_value,result_unit,result_status,test_cost,abnormal_flag
BATCH-20260925-003,LAB-000153689,PAT-0020688,ADM-00051318,DOC-00046,2026-09-26 18:26:35,Liver Function Test,Biochemistry,Abnormal,,Abnormal,1186.93,True
BATCH-20260925-003,LAB-000153690,PAT-0017470,ADM-00051319,DOC-00149,2026-09-25 21:31:32,Troponin,Cardiac,Normal,,Normal,1593.01,False
BATCH-20260925-003,LAB-000153691,PAT-0006925,ADM-00051320,DOC-00134,2026-09-25 10:34:41,Lipid Profile,Biochemistry,Normal,,Normal,907.08,False
BATCH-20260925-003,LAB-000153692,PAT-0014480,ADM-00051321,DOC-00109,2026-09-25 18:27:07,Blood Glucose,Biochemistry,Normal,,Normal,333.44,False
BATCH-20260925-003,LAB-000153693,PAT-0014480,ADM-00051321,DOC-00109,2026-09-25 18:54:03,Blood Glucose,Biochemistry,Normal,,Normal,320.4,False
BATCH-20260925-003,LAB-000153694,PAT-0011290,ADM-00051322,DOC-00042,2026-09-27 19:32:06,Blood Glucose,Biochemistry,Normal,,Normal,345.22,False
BATCH-20260925-003,LAB-000153695,PAT-0011290,ADM-00051322,DOC-00042,2026-09-26 23:21:01,Blood Glucose,Biochemistry,Abnormal,,Abnormal,298.09,True
BATCH-20260925-003,LAB-000153696,PAT-0011290,ADM-00051322,DOC-00042,2026-09-28 18:21:58,Thyroid Profile,Endocrinology,Normal,,Normal,1187.39,False
BATCH-20260925-003,LAB-000153697,PAT-0004821,ADM-00051323,DOC-00059,2026-09-26 09:09:50,Urine Routine,Pathology,Normal,,Normal,384.2,False
BATCH-20260925-003,LAB-000153698,PAT-0004821,ADM-00051323,DOC-00059,2026-09-26 18:42:25,Kidney Function Test,Biochemistry,Normal,,Normal,1058.74,False
BATCH-20260925-003,LAB-000153699,PAT-0004821,ADM-00051323,DOC-00059,2026-09-26 04:29:40,Thyroid Profile,Endocrinology,Normal,,Normal,1017.15,False
BATCH-20260925-003,LAB-000153700,PAT-0004821,ADM-00051323,DOC-00059,2026-09-26 08:38:11,Urine Routine,Pathology,Normal,,Normal,362.43,False
BATCH-20260925-003,LAB-000153701,PAT-0023866,ADM-00051324,DOC-00146,2026-10-01 05:21:30,Liver Function Test,Biochemistry,Normal,,Normal,1204.12,False
BATCH-20260925-003,LAB-000153702,PAT-0023866,ADM-00051324,DOC-00146,2026-09-27 14:26:25,Troponin,Cardiac,Normal,,Normal,1491.37,False
BATCH-20260925-003,LAB-000153703,PAT-0022432,ADM-00051325,DOC-00053,2026-09-27 20:22:28,Thyroid Profile,Endocrinology,Normal,,Normal,920.77,False
BATCH-20260925-003,LAB-000153704,PAT-0022432,ADM-00051325,DOC-00053,2026-09-25 16:26:18,Thyroid Profile,Endocrinology,Normal,,Normal,1030.72,False
BATCH-20260925-003,LAB-000153705,PAT-0022432,ADM-00051325,DOC-00053,2026-09-30 14:43:52,Complete Blood Count,Hematology,Normal,,Normal,618.97,False
BATCH-20260925-003,LAB-000153706,PAT-0022432,ADM-00051325,DOC-00053,2026-09-29 04:48:40,Lipid Profile,Biochemistry,Normal,,Normal,863.65,False
BATCH-20260925-003,LAB-000153707,PAT-0022432,ADM-00051325,DOC-00053,2026-09-29 15:10:02,Urine Routine,Pathology,Normal,,Normal,393.23,False
BATCH-20260925-003,LAB-000153708,PAT-0016059,ADM-00051326,DOC-00116,2026-09-26 03:44:12,Liver Function Test,Biochemistry,Normal,,Normal,1349.02,False
BATCH-20260925-003,LAB-000153709,PAT-0016059,ADM-00051326,DOC-00116,2026-09-26 12:58:04,Troponin,Cardiac,Normal,,Normal,1448.54,False
BATCH-20260925-003,LAB-000153710,PAT-0016059,ADM-00051326,DOC-00116,2026-09-26 22:06:37,Lipid Profile,Biochemistry,Normal,,Normal,937.45,False
BATCH-20260925-003,LAB-000153711,PAT-0016059,ADM-00051326,DOC-00116,2026-09-26 07:58:59,Thyroid Profile,Endocrinology,Abnormal,,Abnormal,1049.43,True
BATCH-20260925-003,LAB-000153712,PAT-0009475,ADM-00051327,DOC-00083,2026-09-26 13:44:13,Lipid Profile,Biochemistry,Abnormal,,Abnormal,1072.53,True
BATCH-20260925-003,LAB-000153713,PAT-0009475,ADM-00051327,DOC-00083,2026-10-02 03:18:34,Kidney Function Test,Biochemistry,Normal,,Normal,1086.1,False
BATCH-20260925-003,LAB-000153714,PAT-0009475,ADM-00051327,DOC-00083,2026-09-30 14:27:11,Urine Routine,Pathology,Abnormal,,Abnormal,403.74,True
BATCH-20260925-003,LAB-000153715,PAT-0009475,ADM-00051327,DOC-00083,2026-09-29 20:18:38,Kidney Function Test,Biochemistry,Normal,,Normal,1287.72,False
BATCH-20260925-003,LAB-000153716,PAT-0009475,ADM-00051327,DOC-00083,2026-09-25 21:27:45,Urine Routine,Pathology,Abnormal,,Abnormal,364.7,True
BATCH-20260925-003,LAB-000153717,PAT-0001140,ADM-00051328,DOC-00096,2026-09-29 17:03:34,Blood Glucose,Biochemistry,Normal,,Normal,283.1,False
BATCH-20260925-003,LAB-000153718,PAT-0001140,ADM-00051328,DOC-00096,2026-09-28 21:56:48,Blood Glucose,Biochemistry,Normal,,Normal,327.32,False
BATCH-20260925-003,LAB-000153719,PAT-0001140,ADM-00051328,DOC-00096,2026-09-27 15:18:52,Blood Glucose,Biochemistry,Abnormal,,Abnormal,356.49,True
BATCH-20260925-003,LAB-000153720,PAT-0001140,ADM-00051328,DOC-00096,2026-09-30 02:05:54,Lipid Profile,Biochemistry,Abnormal,,Abnormal,1016.13,True
BATCH-20260925-003,LAB-000153721,PAT-0001140,ADM-00051328,DOC-00096,2026-09-27 02:11:07,Lipid Profile,Biochemistry,Abnormal,,Abnormal,886.22,True
BATCH-20260925-003,LAB-000153722,PAT-0001335,ADM-00051329,DOC-00085,2026-09-28 19:02:26,Troponin,Cardiac,Abnormal,,Abnormal,1577.02,True
BATCH-20260925-003,LAB-000153723,PAT-0001335,ADM-00051329,DOC-00085,2026-09-26 23:39:00,Thyroid Profile,Endocrinology,Abnormal,,Abnormal,1128.97,True
BATCH-20260925-003,LAB-000153724,PAT-0001335,ADM-00051329,DOC-00085,2026-09-27 13:15:00,Kidney Function Test,Biochemistry,Normal,,Normal,1040.06,False
BATCH-20260925-003,LAB-000153725,PAT-0001335,ADM-00051329,DOC-00085,2026-09-26 03:07:02,Blood Glucose,Biochemistry,Abnormal,,Abnormal,299.23,True
BATCH-20260925-003,LAB-000153726,PAT-0001335,ADM-00051329,DOC-00085,2026-09-28 02:11:12,Troponin,Cardiac,Normal,,Normal,1612.08,False
BATCH-20260925-003,LAB-000153727,PAT-0020608,ADM-00051330,DOC-00054,2026-09-30 21:01:11,Lipid Profile,Biochemistry,Normal,,Normal,1009.97,False
BATCH-20260925-003,LAB-000153728,PAT-0006898,ADM-00051331,DOC-00132,2026-09-27 11:03:04,Blood Glucose,Biochemistry,Abnormal,,Abnormal,335.7,True
BATCH-20260925-003,LAB-000153729,PAT-0016764,ADM-00051332,DOC-00079,2026-09-27 20:17:49,Lipid Profile,Biochemistry,Abnormal,,Abnormal,992.57,True
BATCH-20260925-003,LAB-000153730,PAT-0016764,ADM-00051332,DOC-00079,2026-09-29 05:57:20,Liver Function Test,Biochemistry,Normal,,Normal,1135.21,False
BATCH-20260925-003,LAB-000153731,PAT-0016764,ADM-00051332,DOC-00079,2026-10-02 01:54:41,Thyroid Profile,Endocrinology,Normal,,Normal,1036.79,False
BATCH-20260925-003,LAB-000153732,PAT-0016764,ADM-00051332,DOC-00079,2026-09-30 20:31:33,Urine Routine,Pathology,Abnormal,,Abnormal,333.21,True
BATCH-20260925-003,LAB-000153733,PAT-0004270,ADM-00051333,DOC-00107,2026-09-27 23:59:58,Kidney Function Test,Biochemistry,Abnormal,,Abnormal,1084.36,True
BATCH-20260925-003,LAB-000153734,PAT-0004270,ADM-00051333,DOC-00107,2026-09-29 00:24:04,Liver Function Test,Biochemistry,Normal,,Normal,1170.69,False
BATCH-20260925-003,LAB-000153735,PAT-0004270,ADM-00051333,DOC-00107,2026-09-28 16:35:32,Thyroid Profile,Endocrinology,Abnormal,,Abnormal,1043.1,True
BATCH-20260925-003,LAB-000153736,PAT-0004270,ADM-00051333,DOC-00107,2026-09-25 23:46:13,Urine Routine,Pathology,Normal,,Normal,386.37,False
BATCH-20260925-003,LAB-000153737,PAT-0000352,ADM-00051334,DOC-00026,2026-09-27 07:16:49,Troponin,Cardiac,Normal,,Normal,1616.76,False
BATCH-20260925-003,LAB-000153738,PAT-0000352,ADM-00051334,DOC-00026,2026-09-30 20:16:19,Complete Blood Count,Hematology,Abnormal,,Abnormal,688.03,True
BATCH-20260925-003,LAB-000153739,PAT-0000352,ADM-00051334,DOC-00026,2026-09-30 05:04:28,Urine Routine,Pathology,Normal,,Normal,365.81,False
BATCH-20260925-003,LAB-000153740,PAT-0023968,ADM-00051335,DOC-00088,2026-09-29 14:57:09,Troponin,Cardiac,Normal,,Normal,1263.34,False
BATCH-20260925-003,LAB-000153741,PAT-0023968,ADM-00051335,DOC-00088,2026-09-25 23:12:32,Kidney Function Test,Biochemistry,Normal,,Normal,1278.82,False
BATCH-20260925-003,LAB-000153742,PAT-0023968,ADM-00051335,DOC-00088,2026-09-30 17:56:08,Lipid Profile,Biochemistry,Normal,,Normal,1072.62,False
BATCH-20260925-003,LAB-000153743,PAT-0023968,ADM-00051335,DOC-00088,2026-09-30 01:45:27,Kidney Function Test,Biochemistry,Normal,,Normal,1063.95,False
BATCH-20260925-003,LAB-000153744,PAT-0000275,ADM-00051336,DOC-00036,2026-10-09 12:55:30,Liver Function Test,Biochemistry,Abnormal,,Abnormal,1332.45,True
BATCH-20260925-003,LAB-000153745,PAT-0000275,ADM-00051336,DOC-00036,2026-10-03 16:36:28,Liver Function Test,Biochemistry,Abnormal,,Abnormal,1201.8,True
BATCH-20260925-003,LAB-000153746,PAT-0009326,ADM-00051337,DOC-00106,2026-09-27 19:13:30,Lipid Profile,Biochemistry,Normal,,Normal,888.99,False
BATCH-20260925-003,LAB-000153747,PAT-0009326,ADM-00051337,DOC-00106,2026-09-26 14:51:12,Complete Blood Count,Hematology,Abnormal,,Abnormal,750.37,True
BATCH-20260925-003,LAB-000153748,PAT-0022182,ADM-00051338,DOC-00041,2026-09-29 11:18:57,Thyroid Profile,Endocrinology,Normal,,Normal,1193.49,False
BATCH-20260925-003,LAB-000153749,PAT-0023837,ADM-00051339,DOC-00121,2026-09-26 13:59:27,Urine Routine,Pathology,Normal,,Normal,412.08,False
BATCH-20260925-003,LAB-000153750,PAT-0023837,ADM-00051339,DOC-00121,2026-09-25 23:12:49,Thyroid Profile,Endocrinology,Normal,,Normal,1128.61,False
BATCH-20260925-003,LAB-000153751,PAT-0022035,ADM-00051340,DOC-00133,2026-09-27 20:28:23,Blood Glucose,Biochemistry,Normal,,Normal,315.95,False
BATCH-20260925-003,LAB-000153752,PAT-0017687,ADM-00051341,DOC-00127,2026-09-26 12:10:00,Urine Routine,Pathology,Normal,,Normal,404.6,False
BATCH-20260925-003,LAB-000153753,PAT-0017687,ADM-00051341,DOC-00127,2026-09-28 00:56:13,Troponin,Cardiac,Abnormal,,Abnormal,1641.7,True
BATCH-20260925-003,LAB-000153754,PAT-0009850,ADM-00051342,DOC-00103,2026-09-27 13:34:36,Lipid Profile,Biochemistry,Normal,,Normal,1051.04,False
BATCH-20260925-003,LAB-000153755,PAT-0009850,ADM-00051342,DOC-00103,2026-09-27 10:51:14,Lipid Profile,Biochemistry,Abnormal,,Abnormal,960.85,True
BATCH-20260925-003,LAB-000153756,PAT-0024432,ADM-00051343,DOC-00024,2026-09-30 19:10:21,Kidney Function Test,Biochemistry,Normal,,Normal,1285.14,False
BATCH-20260925-003,LAB-000153757,PAT-0024432,ADM-00051343,DOC-00024,2026-09-28 12:06:45,Thyroid Profile,Endocrinology,Abnormal,,Abnormal,1043.0,True
BATCH-20260925-003,LAB-000153758,PAT-0022017,ADM-00051344,DOC-00041,2026-10-02 10:15:26,Liver Function Test,Biochemistry,Normal,,Normal,1315.72,False
BATCH-20260925-003,LAB-000153759,PAT-0005291,ADM-00051345,DOC-00107,2026-09-30 02:16:07,Kidney Function Test,Biochemistry,Normal,,Normal,1276.44,False
BATCH-20260925-003,LAB-000153760,PAT-0005291,ADM-00051345,DOC-00107,2026-09-27 03:24:05,Liver Function Test,Biochemistry,Normal,,Normal,1086.85,False
BATCH-20260925-003,LAB-000153761,PAT-0005291,ADM-00051345,DOC-00107,2026-09-25 22:27:20,Blood Glucose,Biochemistry,Normal,,Normal,345.92,False
BATCH-20260925-003,LAB-000153762,PAT-0005291,ADM-00051345,DOC-00107,2026-09-28 20:32:09,Complete Blood Count,Hematology,Normal,,Normal,619.37,False
BATCH-20260925-003,LAB-000153763,PAT-0024398,ADM-00051346,DOC-00048,2026-09-29 08:26:50,Kidney Function Test,Biochemistry,Normal,,Normal,1067.1,False
BATCH-20260925-003,LAB-000153764,PAT-0024398,ADM-00051346,DOC-00048,2026-09-25 18:59:53,Troponin,Cardiac,Normal,,Normal,1262.6,False
BATCH-20260925-003,LAB-000153765,PAT-0024398,ADM-00051346,DOC-00048,2026-09-26 05:13:43,Liver Function Test,Biochemistry,Normal,,Normal,1413.21,False
BATCH-20260925-003,LAB-000153766,PAT-0013869,ADM-00051347,DOC-00101,2026-10-05 08:50:39,Complete Blood Count,Hematology,Normal,,Normal,725.52,False
BATCH-20260925-003,LAB-000153767,PAT-0013869,ADM-00051347,DOC-00101,2026-10-02 22:00:17,Blood Glucose,Biochemistry,Normal,,Normal,283.83,False
BATCH-20260925-003,LAB-000153768,PAT-0013869,ADM-00051347,DOC-00101,2026-10-05 23:20:49,Complete Blood Count,Hematology,Normal,,Normal,600.37,False
BATCH-20260925-003,LAB-000153769,PAT-0010278,ADM-00051348,DOC-00005,2026-09-26 09:52:56,Liver Function Test,Biochemistry,Abnormal,,Abnormal,1143.34,True
BATCH-20260925-003,LAB-000153770,PAT-0004443,ADM-00051349,DOC-00146,2026-09-26 00:20:03,Liver Function Test,Biochemistry,Abnormal,,Abnormal,1166.13,True
BATCH-20260925-003,LAB-000153771,PAT-0004443,ADM-00051349,DOC-00146,2026-09-27 00:25:38,Troponin,Cardiac,Normal,,Normal,1449.38,False
BATCH-20260925-003,LAB-000153772,PAT-0004443,ADM-00051349,DOC-00146,2026-09-26 01:09:55,Urine Routine,Pathology,Abnormal,,Abnormal,416.79,True
BATCH-20260925-003,LAB-000153773,PAT-0004443,ADM-00051349,DOC-00146,2026-09-30 19:41:29,Troponin,Cardiac,Normal,,Normal,1630.54,False
BATCH-20260925-003,LAB-000153774,PAT-0004443,ADM-00051349,DOC-00146,2026-09-26 05:09:36,Urine Routine,Pathology,Abnormal,,Abnormal,317.56,True
BATCH-20260925-003,LAB-000153775,PAT-0024738,ADM-00051350,DOC-00100,2026-09-25 23:35:48,Troponin,Cardiac,Abnormal,,Abnormal,1524.38,True
BATCH-20260925-003,LAB-000153776,PAT-0024738,ADM-00051350,DOC-00100,2026-09-30 07:48:32,Thyroid Profile,Endocrinology,Normal,,Normal,1056.49,False
BATCH-20260925-003,LAB-000153777,PAT-0024738,ADM-00051350,DOC-00100,2026-10-01 20:02:03,Thyroid Profile,Endocrinology,Abnormal,,Abnormal,951.31,True
BATCH-20260925-003,LAB-000153778,PAT-0024738,ADM-00051350,DOC-00100,2026-10-05 10:19:52,Troponin,Cardiac,Normal,,Normal,1356.11,False
BATCH-20260925-003,LAB-000153779,PAT-0010479,ADM-00051351,DOC-00048,2026-09-25 23:20:23,Kidney Function Test,Biochemistry,Abnormal,,Abnormal,1270.43,True
BATCH-20260925-003,LAB-000153780,PAT-0010479,ADM-00051351,DOC-00048,2026-09-25 20:33:43,Blood Glucose,Biochemistry,Normal,,Normal,336.39,False
BATCH-20260925-003,LAB-000153781,PAT-0010479,ADM-00051351,DOC-00048,2026-09-26 12:04:44,Kidney Function Test,Biochemistry,Normal,,Normal,1302.11,False
BATCH-20260925-003,LAB-000153782,PAT-0010479,ADM-00051351,DOC-00048,2026-09-26 18:21:06,Liver Function Test,Biochemistry,Normal,,Normal,1247.63,False
BATCH-20260925-003,LAB-000153783,PAT-0010479,ADM-00051351,DOC-00048,2026-09-26 09:35:07,Kidney Function Test,Biochemistry,Abnormal,,Abnormal,1235.85,True
BATCH-20260925-003,LAB-000153784,PAT-0002937,ADM-00051352,DOC-00022,2026-09-29 17:21:35,Kidney Function Test,Biochemistry,Abnormal,,Abnormal,1170.25,True
BATCH-20260925-003,LAB-000153785,PAT-0002937,ADM-00051352,DOC-00022,2026-09-26 21:09:15,Blood Glucose,Biochemistry,Abnormal,,Abnormal,335.51,True
BATCH-20260925-003,LAB-000153786,PAT-0009733,ADM-00051353,DOC-00064,2026-09-27 14:39:54,Kidney Function Test,Biochemistry,Normal,,Normal,1261.98,False
BATCH-20260925-003,LAB-000153787,PAT-0009733,ADM-00051353,DOC-00064,2026-09-27 22:50:51,Lipid Profile,Biochemistry,Normal,,Normal,958.44,False
BATCH-20260925-003,LAB-000153788,PAT-0009733,ADM-00051353,DOC-00064,2026-09-27 13:08:44,Troponin,Cardiac,Normal,,Normal,1454.02,False
BATCH-20260925-003,LAB-000153789,PAT-0009733,ADM-00051353,DOC-00064,2026-09-26 19:00:07,Complete Blood Count,Hematology,Normal,,Normal,642.62,False
BATCH-20260925-003,LAB-000153790,PAT-0016621,ADM-00051354,DOC-00063,2026-10-05 18:40:39,Kidney Function Test,Biochemistry,Normal,,Normal,1028.07,False
BATCH-20260925-003,LAB-000153791,PAT-0016621,ADM-00051354,DOC-00063,2026-10-05 17:39:32,Thyroid Profile,Endocrinology,Normal,,Normal,999.45,False
BATCH-20260925-003,LAB-000153792,PAT-0008700,ADM-00051355,DOC-00092,2026-09-26 19:21:58,Complete Blood Count,Hematology,Normal,,Normal,647.76,False
BATCH-20260925-003,LAB-000153793,PAT-0008700,ADM-00051355,DOC-00092,2026-10-02 01:02:01,Liver Function Test,Biochemistry,Normal,,Normal,1080.53,False
BATCH-20260925-003,LAB-000153794,PAT-0008700,ADM-00051355,DOC-00092,2026-09-28 23:54:21,Troponin,Cardiac,Abnormal,,Abnormal,1424.58,True
BATCH-20260925-003,LAB-000153795,PAT-0008700,ADM-00051355,DOC-00092,2026-10-02 05:44:08,Kidney Function Test,Biochemistry,Abnormal,,Abnormal,1238.45,True
BATCH-20260925-003,LAB-000153796,PAT-0006189,ADM-00051356,DOC-00072,2026-09-25 20:58:08,Lipid Profile,Biochemistry,Normal,,Normal,816.6,False
BATCH-20260925-003,LAB-000153797,PAT-0006189,ADM-00051356,DOC-00072,2026-09-26 21:14:32,Liver Function Test,Biochemistry,Abnormal,,Abnormal,1148.08,True
BATCH-20260925-003,LAB-000153798,PAT-0006189,ADM-00051356,DOC-00072,2026-09-25 12:04:42,Blood Glucose,Biochemistry,Normal,,Normal,357.15,False
BATCH-20260925-003,LAB-000153799,PAT-0006189,ADM-00051356,DOC-00072,2026-09-27 06:30:21,Liver Function Test,Biochemistry,Normal,,Normal,1099.83,False
BATCH-20260925-003,LAB-000153800,PAT-0006189,ADM-00051356,DOC-00072,2026-09-26 10:39:28,Lipid Profile,Biochemistry,Normal,,Normal,843.12,False
BATCH-20260925-003,LAB-000153801,PAT-0016296,ADM-00051357,DOC-00122,2026-09-28 00:52:00,Blood Glucose,Biochemistry,Normal,,Normal,348.54,False
BATCH-20260925-003,LAB-000153802,PAT-0016141,ADM-00051358,DOC-00134,2026-09-26 01:30:26,Blood Glucose,Biochemistry,Abnormal,,Abnormal,291.13,True
BATCH-20260925-003,LAB-000153803,PAT-0016141,ADM-00051358,DOC-00134,2026-09-27 17:36:00,Complete Blood Count,Hematology,Normal,,Normal,703.32,False
BATCH-20260925-003,LAB-000153804,PAT-0017752,ADM-00051359,DOC-00007,2026-09-29 08:58:46,Troponin,Cardiac,Abnormal,,Abnormal,1332.56,True
BATCH-20260925-003,LAB-000153805,PAT-0001905,ADM-00051360,DOC-00024,2026-09-30 02:25:32,Blood Glucose,Biochemistry,Normal,,Normal,294.8,False
BATCH-20260925-003,LAB-000153806,PAT-0001905,ADM-00051360,DOC-00024,2026-09-27 15:37:41,Blood Glucose,Biochemistry,Normal,,Normal,337.45,False
BATCH-20260925-003,LAB-000153807,PAT-0001905,ADM-00051360,DOC-00024,2026-09-28 08:36:52,Lipid Profile,Biochemistry,Normal,,Normal,896.09,False
BATCH-20260925-003,LAB-000153808,PAT-0001905,ADM-00051360,DOC-00024,2026-09-30 00:59:00,Urine Routine,Pathology,Abnormal,,Abnormal,382.77,True
BATCH-20260925-003,LAB-000153809,PAT-0001905,ADM-00051360,DOC-00024,2026-09-27 08:46:39,Thyroid Profile,Endocrinology,Normal,,Normal,1063.91,False
BATCH-20260925-003,LAB-000153810,PAT-0006538,ADM-00051361,DOC-00067,2026-09-26 05:51:15,Blood Glucose,Biochemistry,Normal,,Normal,286.87,False
BATCH-20260925-003,LAB-000153811,PAT-0006538,ADM-00051361,DOC-00067,2026-09-26 03:14:27,Urine Routine,Pathology,Normal,,Normal,380.16,False
BATCH-20260925-003,LAB-000153812,PAT-0006538,ADM-00051361,DOC-00067,2026-09-25 13:55:09,Complete Blood Count,Hematology,Normal,,Normal,631.65,False
BATCH-20260925-003,LAB-000153813,PAT-0006538,ADM-00051361,DOC-00067,2026-09-25 23:46:48,Liver Function Test,Biochemistry,Abnormal,,Abnormal,1257.02,True
BATCH-20260925-003,LAB-000153814,PAT-0019214,ADM-00051362,DOC-00139,2026-09-25 17:44:16,Lipid Profile,Biochemistry,Normal,,Normal,1010.18,False
BATCH-20260925-003,LAB-000153815,PAT-0019214,ADM-00051362,DOC-00139,2026-09-25 16:40:18,Liver Function Test,Biochemistry,Normal,,Normal,1341.19,False
BATCH-20260925-003,LAB-000153816,PAT-0019214,ADM-00051362,DOC-00139,2026-09-25 16:41:03,Urine Routine,Pathology,Normal,,Normal,330.16,False
BATCH-20260925-003,LAB-000153817,PAT-0019214,ADM-00051362,DOC-00139,2026-09-25 10:25:46,Urine Routine,Pathology,Normal,,Normal,320.57,False
BATCH-20260925-003,LAB-000153818,PAT-0019214,ADM-00051362,DOC-00139,2026-09-25 04:59:38,Kidney Function Test,Biochemistry,Normal,,Normal,1293.89,False
BATCH-20260925-003,LAB-000153819,PAT-0009686,ADM-00051363,DOC-00066,2026-09-25 20:45:50,Complete Blood Count,Hematology,Normal,,Normal,705.07,False
BATCH-20260925-003,LAB-000153820,PAT-0009686,ADM-00051363,DOC-00066,2026-09-25 17:00:04,Lipid Profile,Biochemistry,Abnormal,,Abnormal,1040.02,True
BATCH-20260925-003,LAB-000153821,PAT-0017252,ADM-00051364,DOC-00017,2026-10-01 20:23:22,Complete Blood Count,Hematology,Normal,,Normal,627.19,False
BATCH-20260925-003,LAB-000153822,PAT-0017961,ADM-00051365,DOC-00042,2026-09-26 19:06:24,Liver Function Test,Biochemistry,Normal,,Normal,1262.85,False
BATCH-20260925-003,LAB-000153823,PAT-0013544,ADM-00051366,DOC-00132,2026-10-02 12:44:32,Thyroid Profile,Endocrinology,Normal,,Normal,997.64,False
BATCH-20260925-003,LAB-000153824,PAT-0013544,ADM-00051366,DOC-00132,2026-09-29 10:09:27,Blood Glucose,Biochemistry,Abnormal,,Abnormal,350.35,True
BATCH-20260925-003,LAB-000153825,PAT-0013544,ADM-00051366,DOC-00132,2026-09-26 08:46:40,Liver Function Test,Biochemistry,Normal,,Normal,1123.93,False
BATCH-20260925-003,LAB-000153826,PAT-0013544,ADM-00051366,DOC-00132,2026-10-03 18:29:36,Complete Blood Count,Hematology,Normal,,Normal,766.13,False
BATCH-20260925-003,LAB-000153827,PAT-0024553,ADM-00051367,DOC-00010,2026-09-26 01:45:39,Complete Blood Count,Hematology,Normal,,Normal,756.74,False
BATCH-20260925-003,LAB-000153828,PAT-0000210,ADM-00051368,DOC-00031,2026-09-26 18:16:32,Thyroid Profile,Endocrinology,Normal,,Normal,1183.7,False
BATCH-20260925-003,LAB-000153829,PAT-0000210,ADM-00051368,DOC-00031,2026-09-25 18:11:54,Urine Routine,Pathology,Normal,,Normal,419.33,False
BATCH-20260925-003,LAB-000153830,PAT-0000210,ADM-00051368,DOC-00031,2026-09-25 14:30:07,Blood Glucose,Biochemistry,Normal,,Normal,297.68,False
BATCH-20260925-003,LAB-000153831,PAT-0000210,ADM-00051368,DOC-00031,2026-09-25 18:47:34,Blood Glucose,Biochemistry,Normal,,Normal,339.79,False
BATCH-20260925-003,LAB-000153832,PAT-0012917,ADM-00051369,DOC-00115,2026-09-28 01:00:25,Urine Routine,Pathology,Normal,,Normal,403.16,False
BATCH-20260925-003,LAB-000153833,PAT-0012917,ADM-00051369,DOC-00115,2026-09-29 17:43:07,Complete Blood Count,Hematology,Normal,,Normal,696.01,False
BATCH-20260925-003,LAB-000153834,PAT-0012917,ADM-00051369,DOC-00115,2026-09-25 10:02:17,Troponin,Cardiac,Abnormal,,Abnormal,1446.27,True
BATCH-20260925-003,LAB-000153835,PAT-0012917,ADM-00051369,DOC-00115,2026-09-29 15:17:07,Kidney Function Test,Biochemistry,Normal,,Normal,991.18,False
BATCH-20260925-003,LAB-000153836,PAT-0012917,ADM-00051369,DOC-00115,2026-09-27 02:57:19,Complete Blood Count,Hematology,Abnormal,,Abnormal,725.93,True
BATCH-20260925-003,LAB-000153837,PAT-0024453,ADM-00051370,DOC-00048,2026-09-26 05:50:19,Thyroid Profile,Endocrinology,Normal,,Normal,943.96,False
BATCH-20260925-003,LAB-000153838,PAT-0024453,ADM-00051370,DOC-00048,2026-09-27 20:43:50,Lipid Profile,Biochemistry,Normal,,Normal,878.8,False
BATCH-20260925-003,LAB-000153839,PAT-0020157,ADM-00051371,DOC-00047,2026-09-28 23:38:45,Kidney Function Test,Biochemistry,Normal,,Normal,1076.76,False
BATCH-20260925-003,LAB-000153840,PAT-0020157,ADM-00051371,DOC-00047,2026-09-27 12:15:27,Complete Blood Count,Hematology,Normal,,Normal,589.17,False
BATCH-20260925-003,LAB-000153841,PAT-0020157,ADM-00051371,DOC-00047,2026-09-27 13:16:44,Urine Routine,Pathology,Normal,,Normal,330.38,False
BATCH-20260925-003,LAB-000153842,PAT-0015063,ADM-00051372,DOC-00120,2026-09-28 05:37:00,Kidney Function Test,Biochemistry,Normal,,Normal,1213.35,False
BATCH-20260925-003,LAB-000153843,PAT-0015063,ADM-00051372,DOC-00120,2026-09-28 07:30:03,Complete Blood Count,Hematology,Normal,,Normal,676.23,False
BATCH-20260925-003,LAB-000153844,PAT-0015063,ADM-00051372,DOC-00120,2026-09-28 23:31:58,Liver Function Test,Biochemistry,Normal,,Normal,1094.96,False
BATCH-20260925-003,LAB-000153845,PAT-0005344,ADM-00051373,DOC-00117,2026-09-27 00:04:41,Blood Glucose,Biochemistry,Normal,,Normal,294.83,False
BATCH-20260925-003,LAB-000153846,PAT-0005344,ADM-00051373,DOC-00117,2026-10-01 00:39:35,Lipid Profile,Biochemistry,Normal,,Normal,891.05,False
BATCH-20260925-003,LAB-000153847,PAT-0005344,ADM-00051373,DOC-00117,2026-09-27 10:51:19,Complete Blood Count,Hematology,Normal,,Normal,597.19,False
BATCH-20260925-003,LAB-000153848,PAT-0019948,ADM-00051374,DOC-00150,2026-10-03 08:50:06,Thyroid Profile,Endocrinology,Normal,,Normal,994.28,False
BATCH-20260925-003,LAB-000153849,PAT-0019948,ADM-00051374,DOC-00150,2026-09-27 13:22:22,Troponin,Cardiac,Abnormal,,Abnormal,1515.76,True
BATCH-20260925-003,LAB-000153850,PAT-0017432,ADM-00051375,DOC-00019,2026-09-28 08:51:40,Thyroid Profile,Endocrinology,Abnormal,,Abnormal,1156.47,True
BATCH-20260925-003,LAB-000153851,PAT-0017432,ADM-00051375,DOC-00019,2026-09-27 13:42:29,Urine Routine,Pathology,Normal,,Normal,351.96,False
BATCH-20260925-003,LAB-000153852,PAT-0007499,ADM-00051376,DOC-00060,2026-09-26 23:39:25,Troponin,Cardiac,Abnormal,,Abnormal,1622.25,True
BATCH-20260925-003,LAB-000153853,PAT-0014809,ADM-00051377,DOC-00105,2026-09-25 22:18:38,Lipid Profile,Biochemistry,Abnormal,,Abnormal,833.07,True
BATCH-20260925-003,LAB-000153854,PAT-0014809,ADM-00051377,DOC-00105,2026-09-26 05:56:04,Urine Routine,Pathology,Normal,,Normal,360.95,False
BATCH-20260925-003,LAB-000153855,PAT-0005818,ADM-00051378,DOC-00008,2026-09-26 15:53:47,Urine Routine,Pathology,Normal,,Normal,323.44,False
BATCH-20260925-003,LAB-000153856,PAT-0005818,ADM-00051378,DOC-00008,2026-09-26 03:41:00,Kidney Function Test,Biochemistry,Normal,,Normal,1251.29,False
BATCH-20260925-003,LAB-000153857,PAT-0005818,ADM-00051378,DOC-00008,2026-09-25 17:54:45,Blood Glucose,Biochemistry,Normal,,Normal,310.24,False
BATCH-20260925-003,LAB-000153858,PAT-0021660,ADM-00051379,DOC-00059,2026-09-28 05:23:52,Troponin,Cardiac,Normal,,Normal,1665.55,False
BATCH-20260925-003,LAB-000153859,PAT-0019583,ADM-00051380,DOC-00063,2026-09-26 17:52:12,Troponin,Cardiac,Normal,,Normal,1663.21,False
BATCH-20260925-003,LAB-000153860,PAT-0019583,ADM-00051380,DOC-00063,2026-09-26 00:47:24,Troponin,Cardiac,Normal,,Normal,1598.52,False
BATCH-20260925-003,LAB-000153861,PAT-0019583,ADM-00051380,DOC-00063,2026-09-25 11:39:46,Blood Glucose,Biochemistry,Normal,,Normal,326.97,False
BATCH-20260925-003,LAB-000153862,PAT-0000537,ADM-00051381,DOC-00036,2026-09-28 03:31:22,Troponin,Cardiac,Normal,,Normal,1668.57,False
BATCH-20260925-003,LAB-000153863,PAT-0000537,ADM-00051381,DOC-00036,2026-09-27 21:42:29,Lipid Profile,Biochemistry,Normal,,Normal,1063.24,False
BATCH-20260925-003,LAB-000153864,PAT-0000537,ADM-00051381,DOC-00036,2026-09-28 22:26:19,Liver Function Test,Biochemistry,Normal,,Normal,1193.15,False
BATCH-20260925-003,LAB-000153865,PAT-0000537,ADM-00051381,DOC-00036,2026-09-27 08:33:51,Complete Blood Count,Hematology,Normal,,Normal,706.15,False
BATCH-20260925-003,LAB-000153866,PAT-0018663,ADM-00051382,DOC-00039,2026-09-29 23:07:00,Liver Function Test,Biochemistry,Normal,,Normal,1244.39,False
BATCH-20260925-003,LAB-000153867,PAT-0018663,ADM-00051382,DOC-00039,2026-09-28 22:32:24,Complete Blood Count,Hematology,Normal,,Normal,756.93,False
BATCH-20260925-003,LAB-000153868,PAT-0018663,ADM-00051382,DOC-00039,2026-09-26 18:04:36,Lipid Profile,Biochemistry,Normal,,Normal,982.38,False
BATCH-20260925-003,LAB-000153869,PAT-0018663,ADM-00051382,DOC-00039,2026-09-28 16:07:40,Thyroid Profile,Endocrinology,Normal,,Normal,1180.03,False
BATCH-20260925-003,LAB-000153870,PAT-0019194,ADM-00051383,DOC-00037,2026-09-29 00:56:30,Kidney Function Test,Biochemistry,Normal,,Normal,1237.9,False
BATCH-20260925-003,LAB-000153871,PAT-0019194,ADM-00051383,DOC-00037,2026-09-29 21:06:12,Complete Blood Count,Hematology,Normal,,Normal,640.31,False
BATCH-20260925-003,LAB-000153872,PAT-0011864,ADM-00051384,DOC-00065,2026-09-26 04:58:41,Lipid Profile,Biochemistry,Normal,,Normal,995.49,False
BATCH-20260925-003,LAB-000153873,PAT-0011864,ADM-00051384,DOC-00065,2026-09-28 17:31:52,Kidney Function Test,Biochemistry,Normal,,Normal,1143.1,False
BATCH-20260925-003,LAB-000153874,PAT-0011864,ADM-00051384,DOC-00065,2026-09-25 07:04:36,Liver Function Test,Biochemistry,Normal,,Normal,1268.1,False
BATCH-20260925-003,LAB-000153875,PAT-0011864,ADM-00051384,DOC-00065,2026-09-27 21:05:08,Complete Blood Count,Hematology,Normal,,Normal,751.0,False
BATCH-20260925-003,LAB-000153876,PAT-0011864,ADM-00051384,DOC-00065,2026-09-27 06:41:25,Liver Function Test,Biochemistry,Normal,,Normal,1224.21,False
BATCH-20260925-003,LAB-000153877,PAT-0014618,ADM-00051385,DOC-00001,2026-09-27 06:43:16,Complete Blood Count,Hematology,Abnormal,,Abnormal,614.27,True
BATCH-20260925-003,LAB-000153878,PAT-0014618,ADM-00051385,DOC-00001,2026-09-29 00:50:51,Blood Glucose,Biochemistry,Normal,,Normal,282.65,False
BATCH-20260925-003,LAB-000153879,PAT-0014618,ADM-00051385,DOC-00001,2026-09-29 15:44:02,Kidney Function Test,Biochemistry,Abnormal,,Abnormal,1275.23,True
BATCH-20260925-003,LAB-000153880,PAT-0014618,ADM-00051385,DOC-00001,2026-09-28 11:51:19,Thyroid Profile,Endocrinology,Normal,,Normal,1020.3,False
BATCH-20260925-003,LAB-000153881,PAT-0014618,ADM-00051385,DOC-00001,2026-09-25 23:09:20,Complete Blood Count,Hematology,Normal,,Normal,708.66,False
BATCH-20260925-003,LAB-000153882,PAT-0002972,ADM-00051386,DOC-00056,2026-09-27 17:44:51,Thyroid Profile,Endocrinology,Normal,,Normal,1058.47,False
BATCH-20260925-003,LAB-000153883,PAT-0002972,ADM-00051386,DOC-00056,2026-09-27 20:07:53,Complete Blood Count,Hematology,Normal,,Normal,689.76,False
BATCH-20260925-003,LAB-000153884,PAT-0002972,ADM-00051386,DOC-00056,2026-09-27 15:46:17,Liver Function Test,Biochemistry,Normal,,Normal,1280.58,False
BATCH-20260925-003,LAB-000153885,PAT-0000008,ADM-00051387,DOC-00105,2026-09-25 23:11:02,Lipid Profile,Biochemistry,Normal,,Normal,927.26,False
BATCH-20260925-003,LAB-000153886,PAT-0000008,ADM-00051387,DOC-00105,2026-09-26 13:56:26,Lipid Profile,Biochemistry,Normal,,Normal,981.03,False
BATCH-20260925-003,LAB-000153887,PAT-0000008,ADM-00051387,DOC-00105,2026-09-26 08:36:14,Complete Blood Count,Hematology,Normal,,Normal,636.24,False
BATCH-20260925-003,LAB-000153888,PAT-0000008,ADM-00051387,DOC-00105,2026-09-26 02:55:03,Thyroid Profile,Endocrinology,Normal,,Normal,1011.02,False
BATCH-20260925-003,LAB-000153889,PAT-0000008,ADM-00051387,DOC-00105,2026-09-26 01:45:53,Troponin,Cardiac,Normal,,Normal,1667.62,False
BATCH-20260925-003,LAB-000153890,PAT-0020102,ADM-00051388,DOC-00011,2026-09-27 11:14:05,Thyroid Profile,Endocrinology,Normal,,Normal,1022.89,False
BATCH-20260925-003,LAB-000153891,PAT-0020102,ADM-00051388,DOC-00011,2026-09-26 21:36:40,Urine Routine,Pathology,Normal,,Normal,403.45,False
BATCH-20260925-003,LAB-000153892,PAT-0020102,ADM-00051388,DOC-00011,2026-09-27 08:44:01,Blood Glucose,Biochemistry,Normal,,Normal,324.01,False
BATCH-20260925-003,LAB-000153893,PAT-0014569,ADM-00051389,DOC-00039,2026-09-26 16:00:10,Liver Function Test,Biochemistry,Normal,,Normal,1355.66,False
BATCH-20260925-003,LAB-000153894,PAT-0012510,ADM-00051390,DOC-00139,2026-09-26 08:24:57,Blood Glucose,Biochemistry,Normal,,Normal,280.68,False
BATCH-20260925-003,LAB-000153895,PAT-0012510,ADM-00051390,DOC-00139,2026-09-25 10:31:52,Kidney Function Test,Biochemistry,Normal,,Normal,1020.71,False
BATCH-20260925-003,LAB-000153896,PAT-0000572,ADM-00051391,DOC-00076,2026-09-30 19:05:18,Liver Function Test,Biochemistry,Normal,,Normal,1155.34,False
BATCH-20260925-003,LAB-000153897,PAT-0000572,ADM-00051391,DOC-00076,2026-09-28 15:12:00,Complete Blood Count,Hematology,Normal,,Normal,623.39,False
BATCH-20260925-003,LAB-000153898,PAT-0000572,ADM-00051391,DOC-00076,2026-09-29 20:32:13,Lipid Profile,Biochemistry,Normal,,Normal,1062.33,False
BATCH-20260925-003,LAB-000153899,PAT-0000572,ADM-00051391,DOC-00076,2026-09-29 17:52:12,Blood Glucose,Biochemistry,Normal,,Normal,283.5,False
BATCH-20260925-003,LAB-000153900,PAT-0000572,ADM-00051391,DOC-00076,2026-09-29 07:27:06,Thyroid Profile,Endocrinology,Normal,,Normal,1136.34,False
BATCH-20260925-003,LAB-000153901,PAT-0024008,ADM-00051392,DOC-00009,2026-09-28 21:18:52,Lipid Profile,Biochemistry,Abnormal,,Abnormal,1018.75,True
BATCH-20260925-003,LAB-000153902,PAT-0024008,ADM-00051392,DOC-00009,2026-10-01 13:12:50,Thyroid Profile,Endocrinology,Abnormal,,Abnormal,1008.74,True
BATCH-20260925-003,LAB-000153903,PAT-0024008,ADM-00051392,DOC-00009,2026-09-27 11:43:46,Liver Function Test,Biochemistry,Normal,,Normal,1234.54,False
BATCH-20260925-003,LAB-000153904,PAT-0024008,ADM-00051392,DOC-00009,2026-10-01 04:09:37,Liver Function Test,Biochemistry,Abnormal,,Abnormal,1243.06,True
BATCH-20260925-003,LAB-000153905,PAT-0024008,ADM-00051392,DOC-00009,2026-10-03 07:08:36,Thyroid Profile,Endocrinology,Normal,,Normal,1006.62,False
BATCH-20260925-003,LAB-000153906,PAT-0009335,ADM-00051393,DOC-00136,2026-09-29 06:50:48,Complete Blood Count,Hematology,Normal,,Normal,641.75,False
BATCH-20260925-003,LAB-000153907,PAT-0009335,ADM-00051393,DOC-00136,2026-09-27 18:57:39,Lipid Profile,Biochemistry,Normal,,Normal,1063.65,False
BATCH-20260925-003,LAB-000153908,PAT-0009335,ADM-00051393,DOC-00136,2026-09-30 15:44:20,Urine Routine,Pathology,Abnormal,,Abnormal,325.64,True
BATCH-20260925-003,LAB-000153909,PAT-0016381,ADM-00051394,DOC-00129,2026-09-25 07:17:50,Troponin,Cardiac,Abnormal,,Abnormal,1517.06,True
BATCH-20260925-003,LAB-000153910,PAT-0016381,ADM-00051394,DOC-00129,2026-09-27 05:13:24,Kidney Function Test,Biochemistry,Normal,,Normal,1030.22,False
BATCH-20260925-003,LAB-000153911,PAT-0016381,ADM-00051394,DOC-00129,2026-09-26 06:24:02,Troponin,Cardiac,Abnormal,,Abnormal,1638.01,True
BATCH-20260925-003,LAB-000153912,PAT-0014822,ADM-00051395,DOC-00075,2026-09-27 11:40:38,Troponin,Cardiac,Normal,,Normal,1431.38,False
BATCH-20260925-003,LAB-000153913,PAT-0014822,ADM-00051395,DOC-00075,2026-09-27 13:31:18,Blood Glucose,Biochemistry,Normal,,Normal,299.66,False
BATCH-20260925-003,LAB-000153914,PAT-0014822,ADM-00051395,DOC-00075,2026-09-28 14:26:37,Kidney Function Test,Biochemistry,Normal,,Normal,1098.26,False
BATCH-20260925-003,LAB-000153915,PAT-0007616,ADM-00051396,DOC-00060,2026-09-27 02:32:28,Thyroid Profile,Endocrinology,Normal,,Normal,1191.47,False
BATCH-20260925-003,LAB-000153916,PAT-0007616,ADM-00051396,DOC-00060,2026-09-28 21:23:00,Lipid Profile,Biochemistry,Normal,,Normal,828.01,False
BATCH-20260925-003,LAB-000153917,PAT-0007616,ADM-00051396,DOC-00060,2026-09-26 07:36:47,Lipid Profile,Biochemistry,Normal,,Normal,817.61,False
BATCH-20260925-003,LAB-000153918,PAT-0007616,ADM-00051396,DOC-00060,2026-09-26 07:51:15,Blood Glucose,Biochemistry,Normal,,Normal,306.5,False
BATCH-20260925-003,LAB-000153919,PAT-0001850,ADM-00051397,DOC-00060,2026-09-28 21:35:03,Lipid Profile,Biochemistry,Normal,,Normal,903.27,False
BATCH-20260925-003,LAB-000153920,PAT-0023710,ADM-00051398,DOC-00147,2026-09-27 00:52:19,Liver Function Test,Biochemistry,Normal,,Normal,1235.01,False
BATCH-20260925-003,LAB-000153921,PAT-0023710,ADM-00051398,DOC-00147,2026-09-27 20:30:49,Urine Routine,Pathology,Abnormal,,Abnormal,330.52,True
BATCH-20260925-003,LAB-000153922,PAT-0001514,ADM-00051399,DOC-00085,2026-09-25 18:10:30,Kidney Function Test,Biochemistry,Normal,,Normal,1240.07,False
BATCH-20260925-003,LAB-000153923,PAT-0001514,ADM-00051399,DOC-00085,2026-09-25 22:41:56,Blood Glucose,Biochemistry,Normal,,Normal,323.63,False
BATCH-20260925-003,LAB-000153924,PAT-0001514,ADM-00051399,DOC-00085,2026-09-29 00:28:44,Complete Blood Count,Hematology,Normal,,Normal,721.66,False
BATCH-20260925-003,LAB-000153925,PAT-0001514,ADM-00051399,DOC-00085,2026-09-27 04:07:37,Complete Blood Count,Hematology,Normal,,Normal,702.01,False
BATCH-20260925-003,LAB-000153926,PAT-0003757,ADM-00051400,DOC-00086,2026-09-27 02:24:36,Kidney Function Test,Biochemistry,Normal,,Normal,1152.75,False
BATCH-20260925-003,LAB-000153927,PAT-0003757,ADM-00051400,DOC-00086,2026-09-26 13:11:40,Urine Routine,Pathology,Normal,,Normal,337.54,False
BATCH-20260925-003,LAB-000153928,PAT-0003757,ADM-00051400,DOC-00086,2026-09-26 22:03:20,Troponin,Cardiac,Normal,,Normal,1567.24,False
BATCH-20260925-003,LAB-000153929,PAT-0003757,ADM-00051400,DOC-00086,2026-09-26 10:11:49,Troponin,Cardiac,Normal,,Normal,1292.29,False
BATCH-20260925-003,LAB-000153930,PAT-0014873,ADM-00051401,DOC-00090,2026-09-27 17:14:31,Lipid Profile,Biochemistry,Normal,,Normal,982.06,False
BATCH-20260925-003,LAB-000153931,PAT-0014873,ADM-00051401,DOC-00090,2026-09-30 16:21:34,Blood Glucose,Biochemistry,Normal,,Normal,326.54,False
BATCH-20260925-003,LAB-000153932,PAT-0014873,ADM-00051401,DOC-00090,2026-09-28 05:14:49,Thyroid Profile,Endocrinology,Normal,,Normal,1188.94,False
BATCH-20260925-003,LAB-000153933,PAT-0001546,ADM-00051402,DOC-00092,2026-09-27 06:38:55,Complete Blood Count,Hematology,Abnormal,,Abnormal,619.53,True
BATCH-20260925-003,LAB-000153934,PAT-0008833,ADM-00051403,DOC-00107,2026-10-06 16:36:49,Troponin,Cardiac,Normal,,Normal,1469.07,False
BATCH-20260925-003,LAB-000153935,PAT-0008833,ADM-00051403,DOC-00107,2026-10-03 17:29:08,Troponin,Cardiac,Abnormal,,Abnormal,1326.34,True
BATCH-20260925-003,LAB-000153936,PAT-0008833,ADM-00051403,DOC-00107,2026-09-29 22:49:44,Complete Blood Count,Hematology,Normal,,Normal,691.41,False
BATCH-20260925-003,LAB-000153937,PAT-0020163,ADM-00051404,DOC-00023,2026-09-25 05:05:27,Liver Function Test,Biochemistry,Normal,,Normal,1314.56,False
BATCH-20260925-003,LAB-000153938,PAT-0020163,ADM-00051404,DOC-00023,2026-09-25 07:51:44,Complete Blood Count,Hematology,Normal,,Normal,728.43,False
BATCH-20260925-003,LAB-000153939,PAT-0020163,ADM-00051404,DOC-00023,2026-09-26 22:48:36,Liver Function Test,Biochemistry,Normal,,Normal,1313.31,False
BATCH-20260925-003,LAB-000153940,PAT-0000443,ADM-00051405,DOC-00086,2026-10-03 01:30:30,Lipid Profile,Biochemistry,Abnormal,,Abnormal,999.51,True
BATCH-20260925-003,LAB-000153941,PAT-0000443,ADM-00051405,DOC-00086,2026-10-02 07:11:03,Kidney Function Test,Biochemistry,Normal,,Normal,1285.22,False
BATCH-20260925-003,LAB-000153942,PAT-0006206,ADM-00051406,DOC-00003,2026-09-29 15:22:05,Kidney Function Test,Biochemistry,Abnormal,,Abnormal,1016.66,True
BATCH-20260925-003,LAB-000153943,PAT-0021275,ADM-00051407,DOC-00024,2026-09-28 19:28:20,Liver Function Test,Biochemistry,Normal,,Normal,1416.05,False
BATCH-20260925-003,LAB-000153944,PAT-0021275,ADM-00051407,DOC-00024,2026-09-28 05:32:17,Urine Routine,Pathology,Abnormal,,Abnormal,398.53,True
BATCH-20260925-003,LAB-000153945,PAT-0021275,ADM-00051407,DOC-00024,2026-09-30 04:15:07,Urine Routine,Pathology,Normal,,Normal,340.7,False
BATCH-20260925-003,LAB-000153946,PAT-0021275,ADM-00051407,DOC-00024,2026-09-29 03:24:24,Lipid Profile,Biochemistry,Abnormal,,Abnormal,937.3,True
BATCH-20260925-003,LAB-000153947,PAT-0018606,ADM-00051408,DOC-00087,2026-09-27 21:07:47,Troponin,Cardiac,Normal,,Normal,1370.1,False
BATCH-20260925-003,LAB-000153948,PAT-0018606,ADM-00051408,DOC-00087,2026-09-27 03:21:35,Kidney Function Test,Biochemistry,Normal,,Normal,1261.74,False
BATCH-20260925-003,LAB-000153949,PAT-0018606,ADM-00051408,DOC-00087,2026-09-27 12:29:52,Troponin,Cardiac,Normal,,Normal,1588.19,False
BATCH-20260925-003,LAB-000153950,PAT-0018083,ADM-00051409,DOC-00059,2026-09-28 18:58:17,Lipid Profile,Biochemistry,Normal,,Normal,964.92,False
BATCH-20260925-003,LAB-000153951,PAT-0018083,ADM-00051409,DOC-00059,2026-10-01 03:43:48,Urine Routine,Pathology,Normal,,Normal,363.47,False
BATCH-20260925-003,LAB-000153952,PAT-0017663,ADM-00051410,DOC-00149,2026-09-29 04:39:15,Complete Blood Count,Hematology,Normal,,Normal,701.25,False
BATCH-20260925-003,LAB-000153953,PAT-0011403,ADM-00051411,DOC-00079,2026-09-26 11:34:28,Complete Blood Count,Hematology,Normal,,Normal,668.0,False
BATCH-20260925-003,LAB-000153954,PAT-0011403,ADM-00051411,DOC-00079,2026-09-30 15:22:12,Thyroid Profile,Endocrinology,Normal,,Normal,1026.0,False
BATCH-20260925-003,LAB-000153955,PAT-0011403,ADM-00051411,DOC-00079,2026-09-29 12:22:06,Lipid Profile,Biochemistry,Normal,,Normal,842.67,False
BATCH-20260925-003,LAB-000153956,PAT-0011131,ADM-00051412,DOC-00111,2026-09-27 01:14:17,Complete Blood Count,Hematology,Normal,,Normal,705.02,False
BATCH-20260925-003,LAB-000153957,PAT-0011131,ADM-00051412,DOC-00111,2026-09-25 08:16:57,Kidney Function Test,Biochemistry,Normal,,Normal,1129.09,False
BATCH-20260925-003,LAB-000153958,PAT-0011131,ADM-00051412,DOC-00111,2026-09-25 07:52:46,Complete Blood Count,Hematology,Abnormal,,Abnormal,730.26,True
BATCH-20260925-003,LAB-000153959,PAT-0011131,ADM-00051412,DOC-00111,2026-09-28 16:18:18,Kidney Function Test,Biochemistry,Abnormal,,Abnormal,1269.7,True
BATCH-20260925-003,LAB-000153960,PAT-0015279,ADM-00051413,DOC-00006,2026-09-30 16:33:50,Lipid Profile,Biochemistry,Normal,,Normal,885.24,False
BATCH-20260925-003,LAB-000153961,PAT-0015279,ADM-00051413,DOC-00006,2026-09-27 17:36:05,Urine Routine,Pathology,Abnormal,,Abnormal,412.15,True
BATCH-20260925-003,LAB-000153962,PAT-0015279,ADM-00051413,DOC-00006,2026-09-26 23:28:03,Troponin,Cardiac,Normal,,Normal,1656.58,False
BATCH-20260925-003,LAB-000153963,PAT-0023864,ADM-00051414,DOC-00125,2026-09-25 08:54:10,Liver Function Test,Biochemistry,Abnormal,,Abnormal,1360.81,True
BATCH-20260925-003,LAB-000153964,PAT-0023864,ADM-00051414,DOC-00125,2026-09-25 13:59:52,Urine Routine,Pathology,Normal,,Normal,349.82,False
BATCH-20260925-003,LAB-000153965,PAT-0023864,ADM-00051414,DOC-00125,2026-09-25 03:47:29,Blood Glucose,Biochemistry,Normal,,Normal,324.23,False
BATCH-20260925-003,LAB-000153966,PAT-0023864,ADM-00051414,DOC-00125,2026-09-25 20:50:37,Lipid Profile,Biochemistry,Abnormal,,Abnormal,953.27,True
BATCH-20260925-003,LAB-000153967,PAT-0023864,ADM-00051414,DOC-00125,2026-09-25 13:54:17,Blood Glucose,Biochemistry,Normal,,Normal,326.19,False
BATCH-20260925-003,LAB-000153968,PAT-0012234,ADM-00051415,DOC-00133,2026-09-27 22:10:09,Liver Function Test,Biochemistry,Normal,,Normal,1136.55,False
BATCH-20260925-003,LAB-000153969,PAT-0020884,ADM-00051416,DOC-00128,2026-09-30 08:43:25,Blood Glucose,Biochemistry,Normal,,Normal,309.86,False
BATCH-20260925-003,LAB-000153970,PAT-0020884,ADM-00051416,DOC-00128,2026-09-28 16:27:17,Complete Blood Count,Hematology,Normal,,Normal,723.59,False
BATCH-20260925-003,LAB-000153971,PAT-0020884,ADM-00051416,DOC-00128,2026-09-28 00:26:35,Lipid Profile,Biochemistry,Normal,,Normal,1037.55,False
BATCH-20260925-003,LAB-000153972,PAT-0021222,ADM-00051417,DOC-00097,2026-09-27 11:36:16,Urine Routine,Pathology,Normal,,Normal,418.03,False
BATCH-20260925-003,LAB-000153973,PAT-0021222,ADM-00051417,DOC-00097,2026-09-26 11:02:28,Lipid Profile,Biochemistry,Normal,,Normal,963.69,False
BATCH-20260925-003,LAB-000153974,PAT-0021222,ADM-00051417,DOC-00097,2026-09-26 07:11:38,Troponin,Cardiac,Abnormal,,Abnormal,1554.56,True
BATCH-20260925-003,LAB-000153975,PAT-0021222,ADM-00051417,DOC-00097,2026-09-26 02:24:03,Lipid Profile,Biochemistry,Normal,,Normal,1076.83,False
BATCH-20260925-003,LAB-000153976,PAT-0013876,ADM-00051418,DOC-00137,2026-09-27 22:18:24,Kidney Function Test,Biochemistry,Normal,,Normal,1208.1,False
BATCH-20260925-003,LAB-000153977,PAT-0013876,ADM-00051418,DOC-00137,2026-09-27 08:37:11,Liver Function Test,Biochemistry,Normal,,Normal,1351.07,False
BATCH-20260925-003,LAB-000153978,PAT-0013876,ADM-00051418,DOC-00137,2026-09-27 02:00:32,Urine Routine,Pathology,Normal,,Normal,363.91,False
BATCH-20260925-003,LAB-000153979,PAT-0013876,ADM-00051418,DOC-00137,2026-09-27 09:32:36,Liver Function Test,Biochemistry,Normal,,Normal,1266.41,False
BATCH-20260925-003,LAB-000153980,PAT-0013876,ADM-00051418,DOC-00137,2026-09-26 20:10:55,Blood Glucose,Biochemistry,Abnormal,,Abnormal,286.92,True
BATCH-20260925-003,LAB-000153981,PAT-0001408,ADM-00051419,DOC-00001,2026-09-29 02:21:53,Thyroid Profile,Endocrinology,Normal,,Normal,1170.43,False
BATCH-20260925-003,LAB-000153982,PAT-0001408,ADM-00051419,DOC-00001,2026-09-28 20:19:12,Complete Blood Count,Hematology,Abnormal,,Abnormal,772.02,True
BATCH-20260925-003,LAB-000153983,PAT-0001408,ADM-00051419,DOC-00001,2026-09-30 02:27:55,Kidney Function Test,Biochemistry,Abnormal,,Abnormal,1057.89,True
BATCH-20260925-003,LAB-000153984,PAT-0018732,ADM-00051420,DOC-00034,2026-09-27 22:01:23,Lipid Profile,Biochemistry,Normal,,Normal,895.43,False
BATCH-20260925-003,LAB-000153985,PAT-0018732,ADM-00051420,DOC-00034,2026-09-28 02:41:56,Kidney Function Test,Biochemistry,Normal,,Normal,998.37,False
BATCH-20260925-003,LAB-000153986,PAT-0018732,ADM-00051420,DOC-00034,2026-09-28 00:28:47,Troponin,Cardiac,Normal,,Normal,1564.84,False
BATCH-20260925-003,LAB-000153987,PAT-0018732,ADM-00051420,DOC-00034,2026-09-27 13:11:37,Thyroid Profile,Endocrinology,Normal,,Normal,1061.42,False
BATCH-20260925-003,LAB-000153988,PAT-0018732,ADM-00051420,DOC-00034,2026-09-26 13:14:29,Kidney Function Test,Biochemistry,Normal,,Normal,1295.85,False
BATCH-20260925-003,LAB-000153989,PAT-0007778,ADM-00051421,DOC-00119,2026-10-02 11:08:33,Blood Glucose,Biochemistry,Normal,,Normal,283.91,False
BATCH-20260925-003,LAB-000153990,PAT-0007778,ADM-00051421,DOC-00119,2026-09-30 19:56:04,Kidney Function Test,Biochemistry,Normal,,Normal,1013.39,False
BATCH-20260925-003,LAB-000153991,PAT-0007778,ADM-00051421,DOC-00119,2026-09-29 03:12:01,Liver Function Test,Biochemistry,Abnormal,,Abnormal,1435.9,True
BATCH-20260925-003,LAB-000153992,PAT-0007778,ADM-00051421,DOC-00119,2026-10-01 05:35:02,Blood Glucose,Biochemistry,Normal,,Normal,315.26,False
BATCH-20260925-003,LAB-000153993,PAT-0007778,ADM-00051421,DOC-00119,2026-09-26 18:32:32,Troponin,Cardiac,Normal,,Normal,1435.58,False
BATCH-20260925-003,LAB-000153994,PAT-0022711,ADM-00051422,DOC-00127,2026-09-27 14:23:16,Urine Routine,Pathology,Normal,,Normal,349.33,False
BATCH-20260925-003,LAB-000153995,PAT-0022711,ADM-00051422,DOC-00127,2026-09-26 05:59:19,Kidney Function Test,Biochemistry,Normal,,Normal,1041.12,False
BATCH-20260925-003,LAB-000153996,PAT-0022711,ADM-00051422,DOC-00127,2026-09-30 10:39:09,Urine Routine,Pathology,Normal,,Normal,347.11,False
BATCH-20260925-003,LAB-000153997,PAT-0022711,ADM-00051422,DOC-00127,2026-09-26 12:35:06,Complete Blood Count,Hematology,Normal,,Normal,660.48,False
BATCH-20260925-003,LAB-000153998,PAT-0000258,ADM-00051423,DOC-00020,2026-09-26 16:36:11,Urine Routine,Pathology,Normal,,Normal,316.79,False
BATCH-20260925-003,LAB-000153999,PAT-0019055,ADM-00051424,DOC-00039,2026-09-29 10:03:34,Complete Blood Count,Hematology,Normal,,Normal,683.92,False
BATCH-20260925-003,LAB-000154000,PAT-0008286,ADM-00051425,DOC-00061,2026-09-29 00:00:04,Urine Routine,Pathology,Normal,,Normal,335.2,False
BATCH-20260925-003,LAB-000154001,PAT-0008286,ADM-00051425,DOC-00061,2026-09-28 22:41:51,Complete Blood Count,Hematology,Normal,,Normal,648.19,False
BATCH-20260925-003,LAB-000154002,PAT-0012389,ADM-00051426,DOC-00024,2026-09-29 06:26:31,Thyroid Profile,Endocrinology,Normal,,Normal,1013.98,False
BATCH-20260925-003,LAB-000154003,PAT-0012389,ADM-00051426,DOC-00024,2026-09-26 23:57:59,Thyroid Profile,Endocrinology,Normal,,Normal,1015.86,False
BATCH-20260925-003,LAB-000154004,PAT-0012389,ADM-00051426,DOC-00024,2026-10-01 21:46:22,Lipid Profile,Biochemistry,Normal,,Normal,835.13,False
BATCH-20260925-003,LAB-000154005,PAT-0012389,ADM-00051426,DOC-00024,2026-09-25 08:20:20,Blood Glucose,Biochemistry,Normal,,Normal,274.98,False
BATCH-20260925-003,LAB-000154006,PAT-0012389,ADM-00051426,DOC-00024,2026-09-27 09:11:19,Troponin,Cardiac,Normal,,Normal,1651.32,False
BATCH-20260925-003,LAB-000154007,PAT-0003736,ADM-00051427,DOC-00008,2026-09-27 07:00:16,Liver Function Test,Biochemistry,Normal,,Normal,1281.82,False
BATCH-20260925-003,LAB-000154008,PAT-0003736,ADM-00051427,DOC-00008,2026-09-30 21:06:24,Troponin,Cardiac,Normal,,Normal,1569.24,False
BATCH-20260925-003,LAB-000154009,PAT-0013919,ADM-00051428,DOC-00139,2026-09-26 22:48:09,Complete Blood Count,Hematology,Normal,,Normal,586.9,False
BATCH-20260925-003,LAB-000154010,PAT-0013919,ADM-00051428,DOC-00139,2026-09-27 08:39:23,Thyroid Profile,Endocrinology,Normal,,Normal,1045.81,False
BATCH-20260925-003,LAB-000154011,PAT-0013919,ADM-00051428,DOC-00139,2026-09-26 12:05:32,Liver Function Test,Biochemistry,Normal,,Normal,1084.94,False
BATCH-20260925-003,LAB-000154012,PAT-0013919,ADM-00051428,DOC-00139,2026-09-27 13:53:49,Complete Blood Count,Hematology,Normal,,Normal,709.93,False
BATCH-20260925-003,LAB-000154013,PAT-0013919,ADM-00051428,DOC-00139,2026-09-26 23:18:51,Complete Blood Count,Hematology,Normal,,Normal,649.02,False
BATCH-20260925-003,LAB-000154014,PAT-0016375,ADM-00051429,DOC-00127,2026-09-26 13:36:32,Lipid Profile,Biochemistry,Normal,,Normal,969.42,False
BATCH-20260925-003,LAB-000154015,PAT-0016375,ADM-00051429,DOC-00127,2026-09-26 02:30:54,Thyroid Profile,Endocrinology,Normal,,Normal,1075.09,False
BATCH-20260925-003,LAB-000154016,PAT-0016375,ADM-00051429,DOC-00127,2026-09-25 21:36:10,Thyroid Profile,Endocrinology,Normal,,Normal,946.38,False
BATCH-20260925-003,LAB-000154017,PAT-0016375,ADM-00051429,DOC-00127,2026-09-25 18:03:21,Lipid Profile,Biochemistry,Abnormal,,Abnormal,993.51,True
BATCH-20260925-003,LAB-000154018,PAT-0000984,ADM-00051430,DOC-00120,2026-09-25 09:52:13,Urine Routine,Pathology,Abnormal,,Abnormal,391.46,True
BATCH-20260925-003,LAB-000154019,PAT-0000984,ADM-00051430,DOC-00120,2026-09-26 16:40:02,Urine Routine,Pathology,Normal,,Normal,342.2,False
BATCH-20260925-003,LAB-000154020,PAT-0000984,ADM-00051430,DOC-00120,2026-09-27 02:29:43,Blood Glucose,Biochemistry,Normal,,Normal,300.18,False
BATCH-20260925-003,LAB-000154021,PAT-0000984,ADM-00051430,DOC-00120,2026-09-26 21:37:19,Thyroid Profile,Endocrinology,Normal,,Normal,1186.59,False
BATCH-20260925-003,LAB-000154022,PAT-0000984,ADM-00051430,DOC-00120,2026-09-27 00:52:13,Lipid Profile,Biochemistry,Normal,,Normal,1054.19,False
BATCH-20260925-003,LAB-000154023,PAT-0015397,ADM-00051431,DOC-00008,2026-09-26 02:06:20,Blood Glucose,Biochemistry,Normal,,Normal,279.24,False
BATCH-20260925-003,LAB-000154024,PAT-0015397,ADM-00051431,DOC-00008,2026-09-29 01:47:11,Troponin,Cardiac,Abnormal,,Abnormal,1419.95,True
BATCH-20260925-003,LAB-000154025,PAT-0015331,ADM-00051432,DOC-00139,2026-09-29 02:00:22,Urine Routine,Pathology,Normal,,Normal,415.71,False
BATCH-20260925-003,LAB-000154026,PAT-0015331,ADM-00051432,DOC-00139,2026-09-30 12:53:25,Urine Routine,Pathology,Abnormal,,Abnormal,374.67,True
BATCH-20260925-003,LAB-000154027,PAT-0015331,ADM-00051432,DOC-00139,2026-09-30 07:42:37,Complete Blood Count,Hematology,Normal,,Normal,669.72,False
BATCH-20260925-003,LAB-000154028,PAT-0015331,ADM-00051432,DOC-00139,2026-09-28 22:31:30,Thyroid Profile,Endocrinology,Normal,,Normal,977.06,False
BATCH-20260925-003,LAB-000154029,PAT-0016598,ADM-00051433,DOC-00049,2026-09-30 04:03:25,Lipid Profile,Biochemistry,Abnormal,,Abnormal,1072.77,True
BATCH-20260925-003,LAB-000154030,PAT-0016598,ADM-00051433,DOC-00049,2026-09-28 23:33:52,Complete Blood Count,Hematology,Abnormal,,Abnormal,705.65,True
BATCH-20260925-003,LAB-000154031,PAT-0016598,ADM-00051433,DOC-00049,2026-09-29 07:55:35,Lipid Profile,Biochemistry,Abnormal,,Abnormal,1058.52,True
BATCH-20260925-003,LAB-000154032,PAT-0016598,ADM-00051433,DOC-00049,2026-09-28 06:21:35,Kidney Function Test,Biochemistry,Normal,,Normal,1223.84,False
BATCH-20260925-003,LAB-000154033,PAT-0016598,ADM-00051433,DOC-00049,2026-09-27 13:50:54,Complete Blood Count,Hematology,Normal,,Normal,646.05,False
BATCH-20260925-003,LAB-000154034,PAT-0019884,ADM-00051434,DOC-00139,2026-09-26 15:46:52,Complete Blood Count,Hematology,Abnormal,,Abnormal,615.34,True
BATCH-20260925-003,LAB-000154035,PAT-0019884,ADM-00051434,DOC-00139,2026-09-25 08:25:35,Lipid Profile,Biochemistry,Normal,,Normal,1054.25,False
BATCH-20260925-003,LAB-000154036,PAT-0000914,ADM-00051435,DOC-00072,2026-09-27 05:34:36,Lipid Profile,Biochemistry,Abnormal,,Abnormal,1007.96,True
BATCH-20260925-003,LAB-000154037,PAT-0000914,ADM-00051435,DOC-00072,2026-09-27 20:22:14,Liver Function Test,Biochemistry,Normal,,Normal,1423.62,False
BATCH-20260925-003,LAB-000154038,PAT-0000914,ADM-00051435,DOC-00072,2026-09-28 12:28:18,Kidney Function Test,Biochemistry,Normal,,Normal,1050.69,False
BATCH-20260925-003,LAB-000154039,PAT-0000763,ADM-00051436,DOC-00087,2026-09-26 13:56:28,Kidney Function Test,Biochemistry,Normal,,Normal,1074.07,False
BATCH-20260925-003,LAB-000154040,PAT-0000763,ADM-00051436,DOC-00087,2026-09-29 06:28:05,Kidney Function Test,Biochemistry,Normal,,Normal,1182.22,False
BATCH-20260925-003,LAB-000154041,PAT-0000763,ADM-00051436,DOC-00087,2026-09-26 17:59:40,Troponin,Cardiac,Normal,,Normal,1499.96,False
BATCH-20260925-003,LAB-000154042,PAT-0008260,ADM-00051437,DOC-00032,2026-09-30 22:11:45,Thyroid Profile,Endocrinology,Normal,,Normal,1033.99,False
BATCH-20260925-003,LAB-000154043,PAT-0008260,ADM-00051437,DOC-00032,2026-10-05 23:09:40,Liver Function Test,Biochemistry,Normal,,Normal,1087.31,False
BATCH-20260925-003,LAB-000154044,PAT-0008260,ADM-00051437,DOC-00032,2026-10-02 07:17:16,Troponin,Cardiac,Normal,,Normal,1653.89,False
BATCH-20260925-003,LAB-000154045,PAT-0008216,ADM-00051438,DOC-00116,2026-10-01 01:09:44,Thyroid Profile,Endocrinology,Abnormal,,Abnormal,902.76,True
BATCH-20260925-003,LAB-000154046,PAT-0008216,ADM-00051438,DOC-00116,2026-09-25 14:16:44,Thyroid Profile,Endocrinology,Normal,,Normal,1154.61,False
BATCH-20260925-003,LAB-000154047,PAT-0008216,ADM-00051438,DOC-00116,2026-09-26 17:34:02,Thyroid Profile,Endocrinology,Normal,,Normal,1122.2,False
BATCH-20260925-003,LAB-000154048,PAT-0008216,ADM-00051438,DOC-00116,2026-10-01 04:27:13,Kidney Function Test,Biochemistry,Normal,,Normal,1147.52,False
BATCH-20260925-003,LAB-000154049,PAT-0008216,ADM-00051438,DOC-00116,2026-09-30 12:13:17,Complete Blood Count,Hematology,Normal,,Normal,736.91,False
BATCH-20260925-003,LAB-000154050,PAT-0001089,ADM-00051439,DOC-00104,2026-09-27 11:47:57,Blood Glucose,Biochemistry,Normal,,Normal,275.08,False
BATCH-20260925-003,LAB-000154051,PAT-0015314,ADM-00051440,DOC-00001,2026-09-26 14:06:06,Liver Function Test,Biochemistry,Normal,,Normal,1346.49,False
BATCH-20260925-003,LAB-000154052,PAT-0015314,ADM-00051440,DOC-00001,2026-09-26 22:01:04,Thyroid Profile,Endocrinology,Normal,,Normal,1051.65,False
BATCH-20260925-003,LAB-000154053,PAT-0022184,ADM-00051441,DOC-00133,2026-09-26 08:05:02,Thyroid Profile,Endocrinology,Normal,,Normal,1161.31,False
BATCH-20260925-003,LAB-000154054,PAT-0022184,ADM-00051441,DOC-00133,2026-09-30 15:51:46,Kidney Function Test,Biochemistry,Normal,,Normal,1265.61,False
BATCH-20260925-003,LAB-000154055,PAT-0022184,ADM-00051441,DOC-00133,2026-09-29 12:15:35,Complete Blood Count,Hematology,Normal,,Normal,692.96,False
BATCH-20260925-003,LAB-000154056,PAT-0018918,ADM-00051442,DOC-00006,2026-09-27 22:49:41,Troponin,Cardiac,Normal,,Normal,1433.72,False
BATCH-20260925-003,LAB-000154057,PAT-0014000,ADM-00051443,DOC-00101,2026-09-25 22:48:18,Urine Routine,Pathology,Abnormal,,Abnormal,404.24,True
BATCH-20260925-003,LAB-000154058,PAT-0014000,ADM-00051443,DOC-00101,2026-09-26 10:24:41,Troponin,Cardiac,Normal,,Normal,1574.72,False
BATCH-20260925-003,LAB-000154059,PAT-0014000,ADM-00051443,DOC-00101,2026-09-25 23:06:02,Lipid Profile,Biochemistry,Normal,,Normal,950.84,False
BATCH-20260925-003,LAB-000154060,PAT-0001094,ADM-00051444,DOC-00109,2026-09-29 19:28:40,Blood Glucose,Biochemistry,Normal,,Normal,299.53,False
BATCH-20260925-003,LAB-000154061,PAT-0016235,ADM-00051445,DOC-00059,2026-09-26 13:51:48,Liver Function Test,Biochemistry,Normal,,Normal,1351.03,False
BATCH-20260925-003,LAB-000154062,PAT-0024892,ADM-00051446,DOC-00094,2026-09-25 19:41:54,Blood Glucose,Biochemistry,Normal,,Normal,292.27,False
BATCH-20260925-003,LAB-000154063,PAT-0017224,ADM-00051447,DOC-00071,2026-09-28 02:24:48,Lipid Profile,Biochemistry,Normal,,Normal,866.97,False
BATCH-20260925-003,LAB-000154064,PAT-0017224,ADM-00051447,DOC-00071,2026-09-27 02:51:22,Liver Function Test,Biochemistry,Normal,,Normal,1435.31,False
BATCH-20260925-003,LAB-000154065,PAT-0017224,ADM-00051447,DOC-00071,2026-09-28 07:40:29,Liver Function Test,Biochemistry,Normal,,Normal,1139.24,False
BATCH-20260925-003,LAB-000154066,PAT-0014125,ADM-00051448,DOC-00051,2026-10-01 17:22:47,Liver Function Test,Biochemistry,Normal,,Normal,1392.09,False
BATCH-20260925-003,LAB-000154067,PAT-0014125,ADM-00051448,DOC-00051,2026-09-29 11:40:45,Thyroid Profile,Endocrinology,Normal,,Normal,1068.2,False
BATCH-20260925-003,LAB-000154068,PAT-0014125,ADM-00051448,DOC-00051,2026-10-02 04:33:32,Troponin,Cardiac,Normal,,Normal,1460.13,False
BATCH-20260925-003,LAB-000154069,PAT-0014125,ADM-00051448,DOC-00051,2026-09-26 15:25:31,Complete Blood Count,Hematology,Abnormal,,Abnormal,667.05,True
BATCH-20260925-003,LAB-000154070,PAT-0014125,ADM-00051448,DOC-00051,2026-10-02 07:52:33,Urine Routine,Pathology,Normal,,Normal,349.32,False
BATCH-20260925-003,LAB-000154071,PAT-0021695,ADM-00051449,DOC-00121,2026-09-29 17:01:40,Thyroid Profile,Endocrinology,Normal,,Normal,1196.31,False
BATCH-20260925-003,LAB-000154072,PAT-0021695,ADM-00051449,DOC-00121,2026-09-28 02:19:22,Lipid Profile,Biochemistry,Normal,,Normal,893.9,False
BATCH-20260925-003,LAB-000154073,PAT-0021695,ADM-00051449,DOC-00121,2026-09-26 06:39:25,Liver Function Test,Biochemistry,Normal,,Normal,1146.44,False
BATCH-20260925-003,LAB-000154074,PAT-0021695,ADM-00051449,DOC-00121,2026-09-29 03:19:36,Troponin,Cardiac,Normal,,Normal,1497.86,False
BATCH-20260925-003,LAB-000154075,PAT-0021695,ADM-00051449,DOC-00121,2026-09-27 07:41:31,Liver Function Test,Biochemistry,Normal,,Normal,1269.26,False
BATCH-20260925-003,LAB-000154076,PAT-0021609,ADM-00051450,DOC-00138,2026-09-26 15:49:21,Blood Glucose,Biochemistry,Abnormal,,Abnormal,332.85,True
BATCH-20260925-003,LAB-000154077,PAT-0021609,ADM-00051450,DOC-00138,2026-09-25 06:49:23,Liver Function Test,Biochemistry,Abnormal,,Abnormal,1099.39,True
BATCH-20260925-003,LAB-000154078,PAT-0021609,ADM-00051450,DOC-00138,2026-09-26 11:25:03,Liver Function Test,Biochemistry,Abnormal,,Abnormal,1150.54,True
BATCH-20260925-003,LAB-000154079,PAT-0021609,ADM-00051450,DOC-00138,2026-09-27 06:23:55,Complete Blood Count,Hematology,Normal,,Normal,750.54,False
BATCH-20260925-003,LAB-000154080,PAT-0025214,ADM-00051451,DOC-00091,2026-09-26 09:46:05,Lipid Profile,Biochemistry,Normal,,Normal,925.68,False
BATCH-20260925-003,LAB-000154081,PAT-0025214,ADM-00051451,DOC-00091,2026-09-26 07:29:30,Troponin,Cardiac,Normal,,Normal,1342.85,False
BATCH-20260925-003,LAB-000154082,PAT-0023888,ADM-00051452,DOC-00045,2026-09-25 18:21:53,Thyroid Profile,Endocrinology,Normal,,Normal,1157.71,False
BATCH-20260925-003,LAB-000154083,PAT-0023888,ADM-00051452,DOC-00045,2026-09-27 01:04:16,Complete Blood Count,Hematology,Normal,,Normal,720.14,False
BATCH-20260925-003,LAB-000154084,PAT-0023888,ADM-00051452,DOC-00045,2026-09-28 03:03:05,Blood Glucose,Biochemistry,Normal,,Normal,279.88,False
BATCH-20260925-003,LAB-000154085,PAT-0017325,ADM-00051453,DOC-00147,2026-09-28 06:03:48,Kidney Function Test,Biochemistry,Normal,,Normal,1142.09,False
BATCH-20260925-003,LAB-000154086,PAT-0017325,ADM-00051453,DOC-00147,2026-09-29 15:07:59,Kidney Function Test,Biochemistry,Normal,,Normal,1252.43,False
BATCH-20260925-003,LAB-000154087,PAT-0017325,ADM-00051453,DOC-00147,2026-10-02 03:19:37,Urine Routine,Pathology,Normal,,Normal,340.82,False
BATCH-20260925-003,LAB-000154088,PAT-0017325,ADM-00051453,DOC-00147,2026-10-03 21:17:05,Thyroid Profile,Endocrinology,Abnormal,,Abnormal,993.62,True
BATCH-20260925-003,LAB-000154089,PAT-0002920,ADM-00051454,DOC-00083,2026-09-26 23:56:38,Kidney Function Test,Biochemistry,Normal,,Normal,1194.66,False
BATCH-20260925-003,LAB-000154090,PAT-0002920,ADM-00051454,DOC-00083,2026-09-28 08:21:42,Kidney Function Test,Biochemistry,Normal,,Normal,1273.6,False
BATCH-20260925-003,LAB-000154091,PAT-0002920,ADM-00051454,DOC-00083,2026-09-27 16:02:15,Urine Routine,Pathology,Normal,,Normal,363.4,False
BATCH-20260925-003,LAB-000154092,PAT-0013197,ADM-00051455,DOC-00021,2026-09-26 18:41:58,Lipid Profile,Biochemistry,Normal,,Normal,990.09,False
BATCH-20260925-003,LAB-000154093,PAT-0012494,ADM-00051456,DOC-00124,2026-09-25 08:55:54,Blood Glucose,Biochemistry,Abnormal,,Abnormal,315.16,True
BATCH-20260925-003,LAB-000154094,PAT-0012494,ADM-00051456,DOC-00124,2026-09-25 22:46:02,Liver Function Test,Biochemistry,Abnormal,,Abnormal,1129.72,True
BATCH-20260925-003,LAB-000154095,PAT-0012494,ADM-00051456,DOC-00124,2026-09-26 04:02:17,Lipid Profile,Biochemistry,Normal,,Normal,925.94,False
BATCH-20260925-003,LAB-000154096,PAT-0018848,ADM-00051457,DOC-00128,2026-09-26 01:57:53,Thyroid Profile,Endocrinology,Abnormal,,Abnormal,989.2,True
BATCH-20260925-003,LAB-000154097,PAT-0018848,ADM-00051457,DOC-00128,2026-10-03 11:39:59,Troponin,Cardiac,Normal,,Normal,1456.92,False
BATCH-20260925-003,LAB-000154098,PAT-0018848,ADM-00051457,DOC-00128,2026-10-02 12:33:52,Thyroid Profile,Endocrinology,Abnormal,,Abnormal,929.98,True
BATCH-20260925-003,LAB-000154099,PAT-0018848,ADM-00051457,DOC-00128,2026-09-28 00:08:09,Lipid Profile,Biochemistry,Abnormal,,Abnormal,1056.15,True
BATCH-20260925-003,LAB-000154100,PAT-0018848,ADM-00051457,DOC-00128,2026-10-02 02:05:25,Liver Function Test,Biochemistry,Normal,,Normal,1189.65,False
BATCH-20260925-003,LAB-000154101,PAT-0012843,ADM-00051458,DOC-00077,2026-09-25 04:28:16,Thyroid Profile,Endocrinology,Normal,,Normal,1013.87,False
BATCH-20260925-003,LAB-000154102,PAT-0012843,ADM-00051458,DOC-00077,2026-09-28 18:49:39,Complete Blood Count,Hematology,Normal,,Normal,734.43,False
BATCH-20260925-003,LAB-000154103,PAT-0012843,ADM-00051458,DOC-00077,2026-09-28 16:12:54,Complete Blood Count,Hematology,Normal,,Normal,779.68,False
BATCH-20260925-003,LAB-000154104,PAT-0012843,ADM-00051458,DOC-00077,2026-09-26 15:14:03,Thyroid Profile,Endocrinology,Normal,,Normal,1093.21,False
BATCH-20260925-003,LAB-000154105,PAT-0006349,ADM-00051459,DOC-00135,2026-09-30 03:14:59,Liver Function Test,Biochemistry,Abnormal,,Abnormal,1320.71,True
BATCH-20260925-003,LAB-000154106,PAT-0004625,ADM-00051460,DOC-00078,2026-10-02 01:25:55,Complete Blood Count,Hematology,Abnormal,,Abnormal,682.29,True
BATCH-20260925-003,LAB-000154107,PAT-0004625,ADM-00051460,DOC-00078,2026-09-28 11:41:28,Blood Glucose,Biochemistry,Normal,,Normal,313.75,False
BATCH-20260925-003,LAB-000154108,PAT-0004625,ADM-00051460,DOC-00078,2026-09-30 23:05:36,Kidney Function Test,Biochemistry,Normal,,Normal,1300.04,False
BATCH-20260925-003,LAB-000154109,PAT-0004625,ADM-00051460,DOC-00078,2026-09-30 04:29:01,Troponin,Cardiac,Normal,,Normal,1446.21,False
BATCH-20260925-003,LAB-000154110,PAT-0015174,ADM-00051461,DOC-00020,2026-09-26 00:33:44,Complete Blood Count,Hematology,Normal,,Normal,716.51,False
BATCH-20260925-003,LAB-000154111,PAT-0015174,ADM-00051461,DOC-00020,2026-09-25 20:05:22,Complete Blood Count,Hematology,Abnormal,,Abnormal,699.26,True
BATCH-20260925-003,LAB-000154112,PAT-0015174,ADM-00051461,DOC-00020,2026-09-27 13:40:18,Urine Routine,Pathology,Abnormal,,Abnormal,376.36,True
BATCH-20260925-003,LAB-000154113,PAT-0008827,ADM-00051462,DOC-00078,2026-09-30 11:24:11,Complete Blood Count,Hematology,Normal,,Normal,614.07,False
BATCH-20260925-003,LAB-000154114,PAT-0008827,ADM-00051462,DOC-00078,2026-09-25 03:50:51,Complete Blood Count,Hematology,Normal,,Normal,700.57,False
BATCH-20260925-003,LAB-000154115,PAT-0013816,ADM-00051463,DOC-00112,2026-09-27 10:00:08,Urine Routine,Pathology,Normal,,Normal,368.56,False
BATCH-20260925-003,LAB-000154116,PAT-0013816,ADM-00051463,DOC-00112,2026-09-27 02:30:13,Liver Function Test,Biochemistry,Normal,,Normal,1192.3,False
BATCH-20260925-003,LAB-000154117,PAT-0013816,ADM-00051463,DOC-00112,2026-09-25 16:18:44,Troponin,Cardiac,Normal,,Normal,1410.92,False
BATCH-20260925-003,LAB-000154118,PAT-0013816,ADM-00051463,DOC-00112,2026-09-25 18:43:42,Lipid Profile,Biochemistry,Normal,,Normal,849.12,False
BATCH-20260925-003,LAB-000154119,PAT-0017458,ADM-00051464,DOC-00041,2026-09-28 21:43:30,Urine Routine,Pathology,Normal,,Normal,375.3,False
BATCH-20260925-003,LAB-000154120,PAT-0017458,ADM-00051464,DOC-00041,2026-09-28 19:13:58,Complete Blood Count,Hematology,Normal,,Normal,778.25,False
BATCH-20260925-003,LAB-000154121,PAT-0010255,ADM-00051465,DOC-00018,2026-09-27 00:59:01,Thyroid Profile,Endocrinology,Normal,,Normal,987.67,False
BATCH-20260925-003,LAB-000154122,PAT-0010255,ADM-00051465,DOC-00018,2026-09-25 07:30:49,Thyroid Profile,Endocrinology,Normal,,Normal,1040.14,False
BATCH-20260925-003,LAB-000154123,PAT-0010255,ADM-00051465,DOC-00018,2026-09-26 06:48:19,Complete Blood Count,Hematology,Normal,,Normal,674.1,False
BATCH-20260925-003,LAB-000154124,PAT-0002779,ADM-00051466,DOC-00067,2026-09-30 19:23:22,Troponin,Cardiac,Normal,,Normal,1286.59,False
BATCH-20260925-003,LAB-000154125,PAT-0002779,ADM-00051466,DOC-00067,2026-09-30 20:57:02,Liver Function Test,Biochemistry,Abnormal,,Abnormal,1227.26,True
BATCH-20260925-003,LAB-000154126,PAT-0002779,ADM-00051466,DOC-00067,2026-09-27 00:24:18,Troponin,Cardiac,Normal,,Normal,1519.32,False
BATCH-20260925-003,LAB-000154127,PAT-0002779,ADM-00051466,DOC-00067,2026-09-29 07:42:34,Thyroid Profile,Endocrinology,Normal,,Normal,951.83,False
BATCH-20260925-003,LAB-000154128,PAT-0015521,ADM-00051467,DOC-00007,2026-09-29 12:10:46,Urine Routine,Pathology,Abnormal,,Abnormal,391.72,True
BATCH-20260925-003,LAB-000154129,PAT-0015521,ADM-00051467,DOC-00007,2026-09-25 16:35:37,Troponin,Cardiac,Normal,,Normal,1655.95,False
BATCH-20260925-003,LAB-000154130,PAT-0015521,ADM-00051467,DOC-00007,2026-09-25 10:24:55,Complete Blood Count,Hematology,Normal,,Normal,778.0,False
BATCH-20260925-003,LAB-000154131,PAT-0015521,ADM-00051467,DOC-00007,2026-09-30 20:14:24,Liver Function Test,Biochemistry,Normal,,Normal,1235.49,False
BATCH-20260925-003,LAB-000154132,PAT-0015521,ADM-00051467,DOC-00007,2026-09-29 10:04:25,Kidney Function Test,Biochemistry,Abnormal,,Abnormal,1029.6,True
BATCH-20260925-003,LAB-000154133,PAT-0008383,ADM-00051468,DOC-00111,2026-09-26 09:50:01,Thyroid Profile,Endocrinology,Normal,,Normal,984.35,False
BATCH-20260925-003,LAB-000154134,PAT-0008383,ADM-00051468,DOC-00111,2026-09-27 08:50:42,Lipid Profile,Biochemistry,Abnormal,,Abnormal,866.14,True
BATCH-20260925-003,LAB-000154135,PAT-0008383,ADM-00051468,DOC-00111,2026-09-28 18:41:20,Complete Blood Count,Hematology,Normal,,Normal,627.94,False
BATCH-20260925-003,LAB-000154136,PAT-0008383,ADM-00051468,DOC-00111,2026-09-25 21:59:32,Troponin,Cardiac,Abnormal,,Abnormal,1311.73,True
BATCH-20260925-003,LAB-000154137,PAT-0000999,ADM-00051469,DOC-00003,2026-09-26 16:16:10,Kidney Function Test,Biochemistry,Normal,,Normal,1047.13,False
BATCH-20260925-003,LAB-000154138,PAT-0000999,ADM-00051469,DOC-00003,2026-09-25 18:09:49,Thyroid Profile,Endocrinology,Normal,,Normal,1191.52,False
BATCH-20260925-003,LAB-000154139,PAT-0008446,ADM-00051470,DOC-00084,2026-09-26 18:51:46,Thyroid Profile,Endocrinology,Normal,,Normal,1142.28,False
BATCH-20260925-003,LAB-000154140,PAT-0008446,ADM-00051470,DOC-00084,2026-09-27 10:08:59,Lipid Profile,Biochemistry,Normal,,Normal,962.59,False
BATCH-20260925-003,LAB-000154141,PAT-0008446,ADM-00051470,DOC-00084,2026-09-26 06:24:52,Complete Blood Count,Hematology,Normal,,Normal,762.86,False
BATCH-20260925-003,LAB-000154142,PAT-0008446,ADM-00051470,DOC-00084,2026-09-26 18:11:22,Lipid Profile,Biochemistry,Normal,,Normal,866.98,False
BATCH-20260925-003,LAB-000154143,PAT-0017877,ADM-00051471,DOC-00012,2026-10-06 12:47:01,Troponin,Cardiac,Abnormal,,Abnormal,1405.23,True
BATCH-20260925-003,LAB-000154144,PAT-0017877,ADM-00051471,DOC-00012,2026-10-03 06:13:38,Lipid Profile,Biochemistry,Abnormal,,Abnormal,1056.19,True
BATCH-20260925-003,LAB-000154145,PAT-0017877,ADM-00051471,DOC-00012,2026-09-29 00:50:56,Liver Function Test,Biochemistry,Normal,,Normal,1115.09,False
BATCH-20260925-003,LAB-000154146,PAT-0017877,ADM-00051471,DOC-00012,2026-10-01 21:32:22,Lipid Profile,Biochemistry,Normal,,Normal,1050.75,False
BATCH-20260925-003,LAB-000154147,PAT-0010091,ADM-00051472,DOC-00131,2026-09-26 08:44:15,Urine Routine,Pathology,Abnormal,,Abnormal,396.93,True
BATCH-20260925-003,LAB-000154148,PAT-0000688,ADM-00051473,DOC-00049,2026-09-26 13:27:15,Lipid Profile,Biochemistry,Normal,,Normal,998.15,False
BATCH-20260925-003,LAB-000154149,PAT-0002166,ADM-00051474,DOC-00140,2026-09-28 13:11:00,Complete Blood Count,Hematology,Abnormal,,Abnormal,674.66,True
BATCH-20260925-003,LAB-000154150,PAT-0002166,ADM-00051474,DOC-00140,2026-09-26 18:56:50,Blood Glucose,Biochemistry,Normal,,Normal,278.44,False
BATCH-20260925-003,LAB-000154151,PAT-0002166,ADM-00051474,DOC-00140,2026-09-29 01:34:50,Thyroid Profile,Endocrinology,Normal,,Normal,1101.64,False
BATCH-20260925-003,LAB-000154152,PAT-0002166,ADM-00051474,DOC-00140,2026-09-28 09:12:53,Liver Function Test,Biochemistry,Abnormal,,Abnormal,1221.99,True
BATCH-20260925-003,LAB-000154153,PAT-0002560,ADM-00051475,DOC-00119,2026-09-25 12:24:09,Thyroid Profile,Endocrinology,Normal,,Normal,1056.51,False
BATCH-20260925-003,LAB-000154154,PAT-0002560,ADM-00051475,DOC-00119,2026-09-25 18:01:35,Urine Routine,Pathology,Normal,,Normal,390.56,False
BATCH-20260925-003,LAB-000154155,PAT-0002560,ADM-00051475,DOC-00119,2026-09-26 02:28:54,Urine Routine,Pathology,Normal,,Normal,404.46,False
BATCH-20260925-003,LAB-000154156,PAT-0002560,ADM-00051475,DOC-00119,2026-09-25 14:01:38,Urine Routine,Pathology,Normal,,Normal,328.18,False
BATCH-20260925-003,LAB-000154157,PAT-0002560,ADM-00051475,DOC-00119,2026-09-26 04:28:17,Liver Function Test,Biochemistry,Normal,,Normal,1389.89,False
BATCH-20260925-003,LAB-000154158,PAT-0001778,ADM-00051476,DOC-00044,2026-09-27 01:25:28,Troponin,Cardiac,Normal,,Normal,1375.71,False
BATCH-20260925-003,LAB-000154159,PAT-0001778,ADM-00051476,DOC-00044,2026-09-27 10:47:30,Liver Function Test,Biochemistry,Normal,,Normal,1323.51,False
BATCH-20260925-003,LAB-000154160,PAT-0022806,ADM-00051477,DOC-00148,2026-09-27 11:45:48,Complete Blood Count,Hematology,Normal,,Normal,726.3,False
BATCH-20260925-003,LAB-000154161,PAT-0022806,ADM-00051477,DOC-00148,2026-09-26 11:08:23,Blood Glucose,Biochemistry,Abnormal,,Abnormal,291.76,True
BATCH-20260925-003,LAB-000154162,PAT-0022806,ADM-00051477,DOC-00148,2026-09-26 10:21:16,Kidney Function Test,Biochemistry,Normal,,Normal,1296.94,False
BATCH-20260925-003,LAB-000154163,PAT-0022806,ADM-00051477,DOC-00148,2026-09-27 17:40:03,Liver Function Test,Biochemistry,Abnormal,,Abnormal,1212.88,True
BATCH-20260925-003,LAB-000154164,PAT-0022806,ADM-00051477,DOC-00148,2026-09-29 11:36:26,Urine Routine,Pathology,Normal,,Normal,368.67,False
BATCH-20260925-003,LAB-000154165,PAT-0003943,ADM-00051478,DOC-00103,2026-09-27 14:16:30,Liver Function Test,Biochemistry,Normal,,Normal,1298.83,False
BATCH-20260925-003,LAB-000154166,PAT-0003943,ADM-00051478,DOC-00103,2026-09-27 11:27:57,Lipid Profile,Biochemistry,Normal,,Normal,969.66,False
BATCH-20260925-003,LAB-000154167,PAT-0001861,ADM-00051479,DOC-00100,2026-09-27 01:13:09,Blood Glucose,Biochemistry,Normal,,Normal,288.07,False
BATCH-20260925-003,LAB-000154168,PAT-0001861,ADM-00051479,DOC-00100,2026-09-28 10:49:18,Kidney Function Test,Biochemistry,Normal,,Normal,1100.45,False
BATCH-20260925-003,LAB-000154169,PAT-0001861,ADM-00051479,DOC-00100,2026-09-25 17:34:21,Urine Routine,Pathology,Normal,,Normal,379.21,False
BATCH-20260925-003,LAB-000154170,PAT-0001861,ADM-00051479,DOC-00100,2026-09-27 11:36:28,Urine Routine,Pathology,Normal,,Normal,358.97,False
BATCH-20260925-003,LAB-000154171,PAT-0003967,ADM-00051480,DOC-00147,2026-09-25 20:59:21,Urine Routine,Pathology,Normal,,Normal,416.46,False
BATCH-20260925-003,LAB-000154172,PAT-0003967,ADM-00051480,DOC-00147,2026-09-26 10:43:16,Kidney Function Test,Biochemistry,Normal,,Normal,1127.15,False
BATCH-20260925-003,LAB-000154173,PAT-0003967,ADM-00051480,DOC-00147,2026-09-26 14:40:43,Blood Glucose,Biochemistry,Abnormal,,Abnormal,275.51,True
BATCH-20260925-003,LAB-000154174,PAT-0003967,ADM-00051480,DOC-00147,2026-09-26 09:45:02,Kidney Function Test,Biochemistry,Normal,,Normal,1054.71,False
BATCH-20260925-003,LAB-000154175,PAT-0003967,ADM-00051480,DOC-00147,2026-09-26 16:47:13,Blood Glucose,Biochemistry,Normal,,Normal,301.16,False
BATCH-20260925-003,LAB-000154176,PAT-0010750,ADM-00051481,DOC-00051,2026-09-25 16:15:16,Blood Glucose,Biochemistry,Abnormal,,Abnormal,321.4,True
BATCH-20260925-003,LAB-000154177,PAT-0010750,ADM-00051481,DOC-00051,2026-09-29 19:54:51,Thyroid Profile,Endocrinology,Normal,,Normal,1005.71,False
BATCH-20260925-003,LAB-000154178,PAT-0017278,ADM-00051482,DOC-00003,2026-10-01 10:15:19,Complete Blood Count,Hematology,Normal,,Normal,688.01,False
BATCH-20260925-003,LAB-000154179,PAT-0017278,ADM-00051482,DOC-00003,2026-09-26 00:40:56,Troponin,Cardiac,Abnormal,,Abnormal,1290.18,True
BATCH-20260925-003,LAB-000154180,PAT-0017278,ADM-00051482,DOC-00003,2026-09-27 11:13:02,Kidney Function Test,Biochemistry,Abnormal,,Abnormal,1181.9,True
BATCH-20260925-003,LAB-000154181,PAT-0017278,ADM-00051482,DOC-00003,2026-09-29 22:35:58,Complete Blood Count,Hematology,Normal,,Normal,741.33,False
BATCH-20260925-003,LAB-000154182,PAT-0017278,ADM-00051482,DOC-00003,2026-10-06 15:16:37,Urine Routine,Pathology,Abnormal,,Abnormal,403.08,True
BATCH-20260925-003,LAB-000154183,PAT-0008134,ADM-00051483,DOC-00092,2026-09-26 00:06:37,Kidney Function Test,Biochemistry,Normal,,Normal,1041.04,False
BATCH-20260925-003,LAB-000154184,PAT-0008134,ADM-00051483,DOC-00092,2026-09-25 08:23:36,Complete Blood Count,Hematology,Abnormal,,Abnormal,678.84,True
BATCH-20260925-003,LAB-000154185,PAT-0005758,ADM-00051484,DOC-00006,2026-09-27 02:17:25,Liver Function Test,Biochemistry,Normal,,Normal,1157.84,False
BATCH-20260925-003,LAB-000154186,PAT-0005758,ADM-00051484,DOC-00006,2026-09-29 12:52:08,Complete Blood Count,Hematology,Normal,,Normal,764.82,False
BATCH-20260925-003,LAB-000154187,PAT-0005758,ADM-00051484,DOC-00006,2026-09-25 20:11:09,Liver Function Test,Biochemistry,Normal,,Normal,1233.55,False
BATCH-20260925-003,LAB-000154188,PAT-0005758,ADM-00051484,DOC-00006,2026-09-27 13:46:58,Thyroid Profile,Endocrinology,Normal,,Normal,943.97,False
BATCH-20260925-003,LAB-000154189,PAT-0002487,ADM-00051485,DOC-00030,2026-09-27 03:33:08,Blood Glucose,Biochemistry,Normal,,Normal,324.76,False
BATCH-20260925-003,LAB-000154190,PAT-0002487,ADM-00051485,DOC-00030,2026-09-28 08:44:54,Complete Blood Count,Hematology,Abnormal,,Abnormal,718.21,True
BATCH-20260925-003,LAB-000154191,PAT-0023883,ADM-00051486,DOC-00037,2026-09-28 06:30:51,Liver Function Test,Biochemistry,Normal,,Normal,1312.83,False
BATCH-20260925-003,LAB-000154192,PAT-0003330,ADM-00051487,DOC-00037,2026-09-28 14:34:41,Urine Routine,Pathology,Normal,,Normal,370.16,False
BATCH-20260925-003,LAB-000154193,PAT-0003330,ADM-00051487,DOC-00037,2026-09-29 20:47:57,Liver Function Test,Biochemistry,Normal,,Normal,1348.34,False
BATCH-20260925-003,LAB-000154194,PAT-0003330,ADM-00051487,DOC-00037,2026-09-29 17:20:45,Blood Glucose,Biochemistry,Abnormal,,Abnormal,342.91,True
BATCH-20260925-003,LAB-000154195,PAT-0003330,ADM-00051487,DOC-00037,2026-09-26 08:57:33,Liver Function Test,Biochemistry,Normal,,Normal,1244.12,False
BATCH-20260925-003,LAB-000154196,PAT-0005769,ADM-00051488,DOC-00112,2026-09-26 09:08:21,Liver Function Test,Biochemistry,Abnormal,,Abnormal,1082.81,True
BATCH-20260925-003,LAB-000154197,PAT-0005769,ADM-00051488,DOC-00112,2026-09-26 00:44:09,Liver Function Test,Biochemistry,Normal,,Normal,1189.98,False
BATCH-20260925-003,LAB-000154198,PAT-0005769,ADM-00051488,DOC-00112,2026-09-26 00:46:08,Thyroid Profile,Endocrinology,Normal,,Normal,1189.74,False
BATCH-20260925-003,LAB-000154199,PAT-0004288,ADM-00051489,DOC-00018,2026-09-26 06:18:13,Thyroid Profile,Endocrinology,Normal,,Normal,1070.91,False
BATCH-20260925-003,LAB-000154200,PAT-0004288,ADM-00051489,DOC-00018,2026-09-26 18:11:41,Urine Routine,Pathology,Normal,,Normal,369.92,False
BATCH-20260925-003,LAB-000154201,PAT-0004288,ADM-00051489,DOC-00018,2026-09-28 01:06:30,Troponin,Cardiac,Normal,,Normal,1672.65,False
BATCH-20260925-003,LAB-000154202,PAT-0004288,ADM-00051489,DOC-00018,2026-09-28 13:00:25,Thyroid Profile,Endocrinology,Normal,,Normal,901.5,False
BATCH-20260925-003,LAB-000154203,PAT-0008805,ADM-00051490,DOC-00090,2026-09-27 18:24:22,Liver Function Test,Biochemistry,Normal,,Normal,1281.95,False
BATCH-20260925-003,LAB-000154204,PAT-0008805,ADM-00051490,DOC-00090,2026-09-26 12:36:35,Complete Blood Count,Hematology,Normal,,Normal,605.01,False
BATCH-20260925-003,LAB-000154205,PAT-0008805,ADM-00051490,DOC-00090,2026-09-26 09:45:06,Blood Glucose,Biochemistry,Abnormal,,Abnormal,343.57,True
BATCH-20260925-003,LAB-000154206,PAT-0023441,ADM-00051491,DOC-00045,2026-09-26 11:59:53,Thyroid Profile,Endocrinology,Normal,,Normal,1032.76,False
BATCH-20260925-003,LAB-000154207,PAT-0023441,ADM-00051491,DOC-00045,2026-09-25 21:21:13,Troponin,Cardiac,Normal,,Normal,1678.99,False
BATCH-20260925-003,LAB-000154208,PAT-0023441,ADM-00051491,DOC-00045,2026-09-26 03:15:14,Kidney Function Test,Biochemistry,Normal,,Normal,1003.23,False
BATCH-20260925-003,LAB-000154209,PAT-0002131,ADM-00051492,DOC-00029,2026-10-01 08:58:42,Kidney Function Test,Biochemistry,Abnormal,,Abnormal,1220.83,True
BATCH-20260925-003,LAB-000154210,PAT-0002131,ADM-00051492,DOC-00029,2026-09-26 07:01:01,Liver Function Test,Biochemistry,Abnormal,,Abnormal,1229.2,True
BATCH-20260925-003,LAB-000154211,PAT-0013318,ADM-00051493,DOC-00076,2026-09-29 16:06:38,Kidney Function Test,Biochemistry,Normal,,Normal,1010.55,False
BATCH-20260925-003,LAB-000154212,PAT-0002967,ADM-00051494,DOC-00097,2026-09-26 08:07:46,Liver Function Test,Biochemistry,Normal,,Normal,1294.67,False
BATCH-20260925-003,LAB-000154213,PAT-0002967,ADM-00051494,DOC-00097,2026-09-27 06:46:06,Troponin,Cardiac,Normal,,Normal,1416.82,False
BATCH-20260925-003,LAB-000154214,PAT-0020334,ADM-00051495,DOC-00092,2026-09-27 22:18:48,Kidney Function Test,Biochemistry,Normal,,Normal,1214.68,False
BATCH-20260925-003,LAB-000154215,PAT-0020334,ADM-00051495,DOC-00092,2026-09-28 15:29:46,Troponin,Cardiac,Normal,,Normal,1547.59,False
BATCH-20260925-003,LAB-000154216,PAT-0020334,ADM-00051495,DOC-00092,2026-09-27 08:25:08,Urine Routine,Pathology,Normal,,Normal,369.22,False
BATCH-20260925-003,LAB-000154217,PAT-0010810,ADM-00051496,DOC-00071,2026-09-28 12:52:21,Urine Routine,Pathology,Normal,,Normal,350.5,False
BATCH-20260925-003,LAB-000154218,PAT-0020313,ADM-00051497,DOC-00140,2026-09-27 20:32:52,Troponin,Cardiac,Normal,,Normal,1534.6,False
BATCH-20260925-003,LAB-000154219,PAT-0020313,ADM-00051497,DOC-00140,2026-09-28 11:12:31,Kidney Function Test,Biochemistry,Normal,,Normal,993.14,False
BATCH-20260925-003,LAB-000154220,PAT-0020313,ADM-00051497,DOC-00140,2026-09-29 12:55:48,Complete Blood Count,Hematology,Normal,,Normal,592.65,False
BATCH-20260925-003,LAB-000154221,PAT-0006186,ADM-00051498,DOC-00020,2026-09-27 14:09:04,Blood Glucose,Biochemistry,Normal,,Normal,321.67,False
BATCH-20260925-003,LAB-000154222,PAT-0006186,ADM-00051498,DOC-00020,2026-09-27 13:51:49,Lipid Profile,Biochemistry,Normal,,Normal,1079.32,False
BATCH-20260925-003,LAB-000154223,PAT-0006186,ADM-00051498,DOC-00020,2026-09-28 09:10:01,Thyroid Profile,Endocrinology,Normal,,Normal,912.51,False
BATCH-20260925-003,LAB-000154224,PAT-0012930,ADM-00051499,DOC-00032,2026-10-02 10:38:05,Liver Function Test,Biochemistry,Normal,,Normal,1395.52,False
BATCH-20260925-003,LAB-000154225,PAT-0012930,ADM-00051499,DOC-00032,2026-09-27 22:53:05,Kidney Function Test,Biochemistry,Normal,,Normal,1289.02,False
BATCH-20260925-003,LAB-000154226,PAT-0012930,ADM-00051499,DOC-00032,2026-09-26 10:29:27,Troponin,Cardiac,Normal,,Normal,1597.01,False
BATCH-20260925-003,LAB-000154227,PAT-0005391,ADM-00051500,DOC-00138,2026-09-28 08:14:26,Kidney Function Test,Biochemistry,Normal,,Normal,1226.82,False
BATCH-20260925-003,LAB-000154228,PAT-0005391,ADM-00051500,DOC-00138,2026-10-03 10:09:56,Thyroid Profile,Endocrinology,Normal,,Normal,1093.01,False
BATCH-20260925-003,LAB-000154229,PAT-0005391,ADM-00051500,DOC-00138,2026-09-26 10:49:55,Troponin,Cardiac,Abnormal,,Abnormal,1536.46,True
BATCH-20260925-003,LAB-000154230,PAT-0005391,ADM-00051500,DOC-00138,2026-10-02 03:36:07,Urine Routine,Pathology,Abnormal,,Abnormal,354.15,True
BATCH-20260925-003,LAB-000154231,PAT-0009013,ADM-00051501,DOC-00009,2026-09-25 23:59:44,Kidney Function Test,Biochemistry,Normal,,Normal,1292.06,False
BATCH-20260925-003,LAB-000154232,PAT-0012976,ADM-00051502,DOC-00006,2026-09-30 12:18:29,Complete Blood Count,Hematology,Normal,,Normal,729.38,False
BATCH-20260925-003,LAB-000154233,PAT-0012976,ADM-00051502,DOC-00006,2026-09-25 17:29:39,Liver Function Test,Biochemistry,Normal,,Normal,1163.79,False
BATCH-20260925-003,LAB-000154234,PAT-0012976,ADM-00051502,DOC-00006,2026-09-28 06:37:49,Liver Function Test,Biochemistry,Normal,,Normal,1302.47,False
BATCH-20260925-003,LAB-000154235,PAT-0006173,ADM-00051503,DOC-00100,2026-09-28 03:22:51,Thyroid Profile,Endocrinology,Abnormal,,Abnormal,900.49,True
BATCH-20260925-003,LAB-000154236,PAT-0015064,ADM-00051504,DOC-00084,2026-09-27 09:03:52,Troponin,Cardiac,Normal,,Normal,1551.16,False
BATCH-20260925-003,LAB-000154237,PAT-0012510,ADM-00051505,DOC-00050,2026-09-29 16:12:10,Liver Function Test,Biochemistry,Normal,,Normal,1390.09,False
BATCH-20260925-003,LAB-000154238,PAT-0012510,ADM-00051505,DOC-00050,2026-09-29 18:17:14,Kidney Function Test,Biochemistry,Normal,,Normal,1066.26,False
BATCH-20260925-003,LAB-000154239,PAT-0012510,ADM-00051505,DOC-00050,2026-09-26 23:16:10,Kidney Function Test,Biochemistry,Abnormal,,Abnormal,1100.8,True
BATCH-20260925-003,LAB-000154240,PAT-0012510,ADM-00051505,DOC-00050,2026-09-26 20:25:47,Troponin,Cardiac,Normal,,Normal,1260.27,False
BATCH-20260925-003,LAB-000154241,PAT-0012510,ADM-00051505,DOC-00050,2026-09-26 20:15:00,Kidney Function Test,Biochemistry,Normal,,Normal,1141.18,False
BATCH-20260925-003,LAB-000154242,PAT-0010980,ADM-00051506,DOC-00063,2026-09-29 11:55:16,Kidney Function Test,Biochemistry,Normal,,Normal,1137.41,False
BATCH-20260925-003,LAB-000154243,PAT-0010980,ADM-00051506,DOC-00063,2026-09-30 13:27:00,Blood Glucose,Biochemistry,Normal,,Normal,312.57,False
BATCH-20260925-003,LAB-000154244,PAT-0010980,ADM-00051506,DOC-00063,2026-09-28 12:12:58,Urine Routine,Pathology,Abnormal,,Abnormal,397.99,True
BATCH-20260925-003,LAB-000154245,PAT-0010980,ADM-00051506,DOC-00063,2026-09-26 12:44:01,Thyroid Profile,Endocrinology,Normal,,Normal,955.55,False
BATCH-20260925-003,LAB-000154246,PAT-0022993,ADM-00051507,DOC-00059,2026-09-27 06:20:51,Complete Blood Count,Hematology,Abnormal,,Abnormal,684.92,True
BATCH-20260925-003,LAB-000154247,PAT-0022993,ADM-00051507,DOC-00059,2026-09-29 21:15:33,Troponin,Cardiac,Normal,,Normal,1523.87,False
BATCH-20260925-003,LAB-000154248,PAT-0022993,ADM-00051507,DOC-00059,2026-09-26 19:35:09,Kidney Function Test,Biochemistry,Normal,,Normal,1094.04,False
BATCH-20260925-003,LAB-000154249,PAT-0022993,ADM-00051507,DOC-00059,2026-10-01 10:36:42,Complete Blood Count,Hematology,Normal,,Normal,679.76,False
BATCH-20260925-003,LAB-000154250,PAT-0003382,ADM-00051508,DOC-00083,2026-09-26 05:25:22,Complete Blood Count,Hematology,Normal,,Normal,659.27,False
BATCH-20260925-003,LAB-000154251,PAT-0003382,ADM-00051508,DOC-00083,2026-09-27 02:01:06,Lipid Profile,Biochemistry,Normal,,Normal,822.59,False
BATCH-20260925-003,LAB-000154252,PAT-0003382,ADM-00051508,DOC-00083,2026-09-27 03:01:31,Complete Blood Count,Hematology,Normal,,Normal,664.44,False
BATCH-20260925-003,LAB-000154253,PAT-0003382,ADM-00051508,DOC-00083,2026-09-26 08:52:47,Thyroid Profile,Endocrinology,Normal,,Normal,1051.67,False
BATCH-20260925-003,LAB-000154254,PAT-0005920,ADM-00051509,DOC-00083,2026-09-27 18:58:33,Lipid Profile,Biochemistry,Normal,,Normal,1076.25,False
BATCH-20260925-003,LAB-000154255,PAT-0005920,ADM-00051509,DOC-00083,2026-09-29 15:09:43,Lipid Profile,Biochemistry,Normal,,Normal,939.07,False
BATCH-20260925-003,LAB-000154256,PAT-0005920,ADM-00051509,DOC-00083,2026-09-27 18:25:43,Liver Function Test,Biochemistry,Normal,,Normal,1307.45,False
BATCH-20260925-003,LAB-000154257,PAT-0003878,ADM-00051510,DOC-00101,2026-10-01 07:14:01,Liver Function Test,Biochemistry,Abnormal,,Abnormal,1211.73,True
BATCH-20260925-003,LAB-000154258,PAT-0003878,ADM-00051510,DOC-00101,2026-09-27 13:19:43,Blood Glucose,Biochemistry,Abnormal,,Abnormal,333.09,True
BATCH-20260925-003,LAB-000154259,PAT-0007623,ADM-00051511,DOC-00062,2026-09-26 17:52:10,Thyroid Profile,Endocrinology,Abnormal,,Abnormal,1075.71,True
BATCH-20260925-003,LAB-000154260,PAT-0007623,ADM-00051511,DOC-00062,2026-09-26 23:23:05,Thyroid Profile,Endocrinology,Normal,,Normal,945.18,False
BATCH-20260925-003,LAB-000154261,PAT-0009693,ADM-00051512,DOC-00149,2026-10-02 21:16:06,Liver Function Test,Biochemistry,Normal,,Normal,1220.83,False
BATCH-20260925-003,LAB-000154262,PAT-0009693,ADM-00051512,DOC-00149,2026-09-28 01:52:19,Thyroid Profile,Endocrinology,Normal,,Normal,1084.72,False
BATCH-20260925-003,LAB-000154263,PAT-0009693,ADM-00051512,DOC-00149,2026-10-01 05:09:09,Complete Blood Count,Hematology,Abnormal,,Abnormal,754.61,True
BATCH-20260925-003,LAB-000154264,PAT-0009693,ADM-00051512,DOC-00149,2026-09-29 03:06:33,Complete Blood Count,Hematology,Normal,,Normal,713.77,False
BATCH-20260925-003,LAB-000154265,PAT-0009693,ADM-00051512,DOC-00149,2026-10-01 06:55:47,Troponin,Cardiac,Abnormal,,Abnormal,1460.31,True
BATCH-20260925-003,LAB-000154266,PAT-0023507,ADM-00051513,DOC-00108,2026-09-29 06:37:53,Blood Glucose,Biochemistry,Normal,,Normal,300.7,False
BATCH-20260925-003,LAB-000154267,PAT-0023507,ADM-00051513,DOC-00108,2026-09-26 14:15:49,Thyroid Profile,Endocrinology,Normal,,Normal,942.48,False
BATCH-20260925-003,LAB-000154268,PAT-0023507,ADM-00051513,DOC-00108,2026-09-29 19:35:52,Kidney Function Test,Biochemistry,Normal,,Normal,1152.49,False
BATCH-20260925-003,LAB-000154269,PAT-0003186,ADM-00051514,DOC-00069,2026-09-30 13:53:44,Troponin,Cardiac,Normal,,Normal,1509.6,False
BATCH-20260925-003,LAB-000154270,PAT-0003161,ADM-00051515,DOC-00099,2026-09-26 01:26:54,Kidney Function Test,Biochemistry,Abnormal,,Abnormal,1210.78,True
BATCH-20260925-003,LAB-000154271,PAT-0003161,ADM-00051515,DOC-00099,2026-09-25 22:31:44,Kidney Function Test,Biochemistry,Normal,,Normal,1255.08,False
BATCH-20260925-003,LAB-000154272,PAT-0003161,ADM-00051515,DOC-00099,2026-09-26 08:23:29,Kidney Function Test,Biochemistry,Normal,,Normal,1319.39,False
BATCH-20260925-003,LAB-000154273,PAT-0003161,ADM-00051515,DOC-00099,2026-09-25 15:55:50,Liver Function Test,Biochemistry,Normal,,Normal,1398.1,False
BATCH-20260925-003,LAB-000154274,PAT-0003161,ADM-00051515,DOC-00099,2026-09-25 11:58:17,Urine Routine,Pathology,Normal,,Normal,337.04,False
BATCH-20260925-003,LAB-000154275,PAT-0015353,ADM-00051516,DOC-00110,2026-09-30 11:35:01,Thyroid Profile,Endocrinology,Normal,,Normal,976.99,False
BATCH-20260925-003,LAB-000154276,PAT-0015353,ADM-00051516,DOC-00110,2026-09-29 14:48:48,Complete Blood Count,Hematology,Normal,,Normal,722.1,False
BATCH-20260925-003,LAB-000154277,PAT-0015353,ADM-00051516,DOC-00110,2026-09-27 01:32:43,Liver Function Test,Biochemistry,Normal,,Normal,1248.58,False
BATCH-20260925-003,LAB-000154278,PAT-0013451,ADM-00051517,DOC-00148,2026-09-30 19:29:28,Liver Function Test,Biochemistry,Normal,,Normal,1373.79,False
BATCH-20260925-003,LAB-000154279,PAT-0013451,ADM-00051517,DOC-00148,2026-09-29 01:01:35,Troponin,Cardiac,Normal,,Normal,1591.57,False
BATCH-20260925-003,LAB-000154280,PAT-0017137,ADM-00051518,DOC-00004,2026-09-27 11:44:31,Troponin,Cardiac,Normal,,Normal,1383.55,False
BATCH-20260925-003,LAB-000154281,PAT-0019414,ADM-00051519,DOC-00012,2026-09-26 19:22:23,Lipid Profile,Biochemistry,Abnormal,,Abnormal,1069.96,True
BATCH-20260925-003,LAB-000154282,PAT-0019414,ADM-00051519,DOC-00012,2026-09-26 02:22:05,Thyroid Profile,Endocrinology,Normal,,Normal,1030.62,False
BATCH-20260925-003,LAB-000154283,PAT-0009167,ADM-00051520,DOC-00110,2026-09-26 07:10:47,Urine Routine,Pathology,Normal,,Normal,318.99,False
BATCH-20260925-003,LAB-000154284,PAT-0009167,ADM-00051520,DOC-00110,2026-09-26 11:39:14,Blood Glucose,Biochemistry,Normal,,Normal,338.02,False
BATCH-20260925-003,LAB-000154285,PAT-0009167,ADM-00051520,DOC-00110,2026-09-27 17:25:40,Troponin,Cardiac,Abnormal,,Abnormal,1311.31,True
BATCH-20260925-003,LAB-000154286,PAT-0009167,ADM-00051520,DOC-00110,2026-09-28 01:10:48,Lipid Profile,Biochemistry,Normal,,Normal,1076.07,False
BATCH-20260925-003,LAB-000154287,PAT-0014302,ADM-00051521,DOC-00020,2026-09-30 17:13:14,Lipid Profile,Biochemistry,Normal,,Normal,839.35,False
BATCH-20260925-003,LAB-000154288,PAT-0014302,ADM-00051521,DOC-00020,2026-10-06 16:52:11,Kidney Function Test,Biochemistry,Normal,,Normal,1189.01,False
BATCH-20260925-003,LAB-000154289,PAT-0021242,ADM-00051522,DOC-00104,2026-10-02 11:41:56,Kidney Function Test,Biochemistry,Normal,,Normal,1001.26,False
BATCH-20260925-003,LAB-000154290,PAT-0021242,ADM-00051522,DOC-00104,2026-10-04 05:49:31,Lipid Profile,Biochemistry,Abnormal,,Abnormal,1067.76,True
BATCH-20260925-003,LAB-000154291,PAT-0021242,ADM-00051522,DOC-00104,2026-10-03 15:25:19,Urine Routine,Pathology,Normal,,Normal,373.21,False
BATCH-20260925-003,LAB-000154292,PAT-0021242,ADM-00051522,DOC-00104,2026-10-02 15:11:20,Kidney Function Test,Biochemistry,Normal,,Normal,1006.94,False
BATCH-20260925-003,LAB-000154293,PAT-0015406,ADM-00051523,DOC-00131,2026-09-27 00:46:39,Urine Routine,Pathology,Normal,,Normal,403.5,False
BATCH-20260925-003,LAB-000154294,PAT-0015406,ADM-00051523,DOC-00131,2026-09-28 10:02:59,Thyroid Profile,Endocrinology,Normal,,Normal,1116.8,False
BATCH-20260925-003,LAB-000154295,PAT-0015406,ADM-00051523,DOC-00131,2026-09-27 05:41:02,Complete Blood Count,Hematology,Normal,,Normal,735.83,False
BATCH-20260925-003,LAB-000154296,PAT-0015406,ADM-00051523,DOC-00131,2026-09-27 12:35:47,Complete Blood Count,Hematology,Abnormal,,Abnormal,633.91,True
BATCH-20260925-003,LAB-000154297,PAT-0009581,ADM-00051524,DOC-00145,2026-09-29 07:52:34,Complete Blood Count,Hematology,Normal,,Normal,766.94,False
BATCH-20260925-003,LAB-000154298,PAT-0009867,ADM-00051525,DOC-00032,2026-09-29 02:15:02,Complete Blood Count,Hematology,Normal,,Normal,662.29,False
BATCH-20260925-003,LAB-000154299,PAT-0003033,ADM-00051526,DOC-00042,2026-09-27 03:01:14,Liver Function Test,Biochemistry,Normal,,Normal,1186.49,False
BATCH-20260925-003,LAB-000154300,PAT-0003033,ADM-00051526,DOC-00042,2026-09-27 11:23:58,Troponin,Cardiac,Normal,,Normal,1502.61,False
BATCH-20260925-003,LAB-000154301,PAT-0013471,ADM-00051527,DOC-00073,2026-09-30 05:37:44,Complete Blood Count,Hematology,Normal,,Normal,732.94,False
BATCH-20260925-003,LAB-000154302,PAT-0013471,ADM-00051527,DOC-00073,2026-09-30 03:56:31,Urine Routine,Pathology,Normal,,Normal,386.19,False
BATCH-20260925-003,LAB-000154303,PAT-0013471,ADM-00051527,DOC-00073,2026-09-28 19:17:39,Thyroid Profile,Endocrinology,Normal,,Normal,1011.87,False
BATCH-20260925-003,LAB-000154304,PAT-0013471,ADM-00051527,DOC-00073,2026-09-28 14:05:04,Lipid Profile,Biochemistry,Normal,,Normal,832.68,False
BATCH-20260925-003,LAB-000154305,PAT-0000185,ADM-00051528,DOC-00041,2026-09-25 13:13:24,Kidney Function Test,Biochemistry,Abnormal,,Abnormal,1004.58,True
BATCH-20260925-003,LAB-000154306,PAT-0000185,ADM-00051528,DOC-00041,2026-09-25 05:33:12,Thyroid Profile,Endocrinology,Normal,,Normal,1053.41,False
BATCH-20260925-003,LAB-000154307,PAT-0000185,ADM-00051528,DOC-00041,2026-09-25 13:20:18,Blood Glucose,Biochemistry,Normal,,Normal,328.57,False
BATCH-20260925-003,LAB-000154308,PAT-0000185,ADM-00051528,DOC-00041,2026-09-25 14:28:20,Complete Blood Count,Hematology,Normal,,Normal,623.69,False
BATCH-20260925-003,LAB-000154309,PAT-0000185,ADM-00051528,DOC-00041,2026-09-25 06:23:07,Lipid Profile,Biochemistry,Normal,,Normal,842.02,False
BATCH-20260925-003,LAB-000154310,PAT-0000727,ADM-00051529,DOC-00140,2026-10-02 16:09:19,Troponin,Cardiac,Normal,,Normal,1589.97,False
BATCH-20260925-003,LAB-000154311,PAT-0000260,ADM-00051530,DOC-00087,2026-09-26 11:46:15,Liver Function Test,Biochemistry,Normal,,Normal,1275.08,False
BATCH-20260925-003,LAB-000154312,PAT-0000955,ADM-00051531,DOC-00027,2026-09-28 10:22:01,Liver Function Test,Biochemistry,Normal,,Normal,1254.26,False
BATCH-20260925-003,LAB-000154313,PAT-0000955,ADM-00051531,DOC-00027,2026-09-28 00:29:51,Complete Blood Count,Hematology,Normal,,Normal,690.38,False
BATCH-20260925-003,LAB-000154314,PAT-0000955,ADM-00051531,DOC-00027,2026-09-26 12:00:45,Troponin,Cardiac,Normal,,Normal,1370.34,False
BATCH-20260925-003,LAB-000154315,PAT-0000955,ADM-00051531,DOC-00027,2026-09-26 10:48:57,Kidney Function Test,Biochemistry,Normal,,Normal,1088.86,False
BATCH-20260925-003,LAB-000154316,PAT-0009060,ADM-00051532,DOC-00079,2026-10-03 22:00:47,Thyroid Profile,Endocrinology,Abnormal,,Abnormal,992.72,True
BATCH-20260925-003,LAB-000154317,PAT-0009060,ADM-00051532,DOC-00079,2026-10-06 23:18:57,Blood Glucose,Biochemistry,Normal,,Normal,351.23,False
BATCH-20260925-003,LAB-000154318,PAT-0009060,ADM-00051532,DOC-00079,2026-10-06 08:56:25,Troponin,Cardiac,Normal,,Normal,1632.56,False
BATCH-20260925-003,LAB-000154319,PAT-0004318,ADM-00051533,DOC-00030,2026-09-26 05:08:53,Liver Function Test,Biochemistry,Normal,,Normal,1389.8,False
BATCH-20260925-003,LAB-000154320,PAT-0004318,ADM-00051533,DOC-00030,2026-09-26 15:35:08,Blood Glucose,Biochemistry,Normal,,Normal,325.65,False
BATCH-20260925-003,LAB-000154321,PAT-0012508,ADM-00051534,DOC-00129,2026-09-30 10:17:40,Kidney Function Test,Biochemistry,Abnormal,,Abnormal,1025.61,True
BATCH-20260925-003,LAB-000154322,PAT-0003053,ADM-00051535,DOC-00128,2026-09-25 02:02:07,Thyroid Profile,Endocrinology,Normal,,Normal,932.46,False
BATCH-20260925-003,LAB-000154323,PAT-0003053,ADM-00051535,DOC-00128,2026-09-25 01:56:28,Blood Glucose,Biochemistry,Abnormal,,Abnormal,292.22,True
BATCH-20260925-003,LAB-000154324,PAT-0003053,ADM-00051535,DOC-00128,2026-09-26 00:10:44,Thyroid Profile,Endocrinology,Normal,,Normal,1116.54,False
BATCH-20260925-003,LAB-000154325,PAT-0003053,ADM-00051535,DOC-00128,2026-09-25 13:24:57,Urine Routine,Pathology,Normal,,Normal,403.12,False
BATCH-20260925-003,LAB-000154326,PAT-0003053,ADM-00051535,DOC-00128,2026-09-25 23:26:48,Blood Glucose,Biochemistry,Normal,,Normal,278.56,False
BATCH-20260925-003,LAB-000154327,PAT-0009518,ADM-00051536,DOC-00050,2026-10-01 10:02:07,Blood Glucose,Biochemistry,Normal,,Normal,284.12,False
BATCH-20260925-003,LAB-000154328,PAT-0009518,ADM-00051536,DOC-00050,2026-10-02 22:29:54,Kidney Function Test,Biochemistry,Abnormal,,Abnormal,1296.44,True
BATCH-20260925-003,LAB-000154329,PAT-0009518,ADM-00051536,DOC-00050,2026-10-04 20:22:27,Lipid Profile,Biochemistry,Abnormal,,Abnormal,882.85,True
BATCH-20260925-003,LAB-000154330,PAT-0021320,ADM-00051537,DOC-00054,2026-09-28 07:13:09,Complete Blood Count,Hematology,Normal,,Normal,619.78,False
BATCH-20260925-003,LAB-000154331,PAT-0021320,ADM-00051537,DOC-00054,2026-09-29 03:07:49,Blood Glucose,Biochemistry,Abnormal,,Abnormal,335.03,True
BATCH-20260925-003,LAB-000154332,PAT-0021320,ADM-00051537,DOC-00054,2026-09-25 17:26:40,Liver Function Test,Biochemistry,Normal,,Normal,1254.48,False
BATCH-20260925-003,LAB-000154333,PAT-0021320,ADM-00051537,DOC-00054,2026-09-28 13:09:29,Blood Glucose,Biochemistry,Normal,,Normal,272.31,False
BATCH-20260925-003,LAB-000154334,PAT-0021320,ADM-00051537,DOC-00054,2026-09-25 13:03:45,Blood Glucose,Biochemistry,Normal,,Normal,279.41,False
BATCH-20260925-003,LAB-000154335,PAT-0002378,ADM-00051538,DOC-00061,2026-09-26 01:12:22,Kidney Function Test,Biochemistry,Normal,,Normal,1239.8,False
BATCH-20260925-003,LAB-000154336,PAT-0002378,ADM-00051538,DOC-00061,2026-09-26 01:31:26,Thyroid Profile,Endocrinology,Abnormal,,Abnormal,979.64,True
BATCH-20260925-003,LAB-000154337,PAT-0000159,ADM-00051539,DOC-00064,2026-09-25 22:49:26,Thyroid Profile,Endocrinology,Normal,,Normal,1140.7,False
BATCH-20260925-003,LAB-000154338,PAT-0000159,ADM-00051539,DOC-00064,2026-09-27 16:57:48,Complete Blood Count,Hematology,Normal,,Normal,684.51,False
BATCH-20260925-003,LAB-000154339,PAT-0005136,ADM-00051540,DOC-00018,2026-09-28 10:46:31,Liver Function Test,Biochemistry,Abnormal,,Abnormal,1204.85,True
BATCH-20260925-003,LAB-000154340,PAT-0005136,ADM-00051540,DOC-00018,2026-09-27 03:48:37,Thyroid Profile,Endocrinology,Normal,,Normal,1134.08,False
BATCH-20260925-003,LAB-000154341,PAT-0005136,ADM-00051540,DOC-00018,2026-09-26 18:49:48,Urine Routine,Pathology,Normal,,Normal,347.25,False
BATCH-20260925-003,LAB-000154342,PAT-0004530,ADM-00051541,DOC-00017,2026-09-28 21:11:00,Lipid Profile,Biochemistry,Normal,,Normal,961.82,False
BATCH-20260925-003,LAB-000154343,PAT-0004530,ADM-00051541,DOC-00017,2026-09-30 22:30:17,Lipid Profile,Biochemistry,Normal,,Normal,1002.88,False
BATCH-20260925-003,LAB-000154344,PAT-0024295,ADM-00051542,DOC-00094,2026-10-04 04:50:57,Troponin,Cardiac,Normal,,Normal,1302.31,False
BATCH-20260925-003,LAB-000154345,PAT-0014022,ADM-00051543,DOC-00112,2026-10-01 06:49:56,Lipid Profile,Biochemistry,Normal,,Normal,1052.45,False
BATCH-20260925-003,LAB-000154346,PAT-0014022,ADM-00051543,DOC-00112,2026-09-26 19:41:34,Troponin,Cardiac,Normal,,Normal,1451.58,False
BATCH-20260925-003,LAB-000154347,PAT-0014022,ADM-00051543,DOC-00112,2026-09-30 11:26:20,Lipid Profile,Biochemistry,Abnormal,,Abnormal,907.76,True
BATCH-20260925-003,LAB-000154348,PAT-0004213,ADM-00051544,DOC-00028,2026-09-26 03:13:48,Kidney Function Test,Biochemistry,Abnormal,,Abnormal,1122.92,True
BATCH-20260925-003,LAB-000154349,PAT-0004213,ADM-00051544,DOC-00028,2026-09-25 05:08:35,Kidney Function Test,Biochemistry,Normal,,Normal,1288.96,False
BATCH-20260925-003,LAB-000154350,PAT-0004213,ADM-00051544,DOC-00028,2026-09-27 03:39:33,Blood Glucose,Biochemistry,Normal,,Normal,343.89,False
BATCH-20260925-003,LAB-000154351,PAT-0010748,ADM-00051545,DOC-00112,2026-09-27 05:23:08,Thyroid Profile,Endocrinology,Normal,,Normal,1090.35,False
BATCH-20260925-003,LAB-000154352,PAT-0002166,ADM-00051546,DOC-00014,2026-09-26 03:49:30,Blood Glucose,Biochemistry,Normal,,Normal,317.53,False
BATCH-20260925-003,LAB-000154353,PAT-0002166,ADM-00051546,DOC-00014,2026-09-26 01:17:29,Thyroid Profile,Endocrinology,Normal,,Normal,996.23,False
BATCH-20260925-003,LAB-000154354,PAT-0004104,ADM-00051547,DOC-00144,2026-10-02 15:47:05,Urine Routine,Pathology,Abnormal,,Abnormal,401.3,True
BATCH-20260925-003,LAB-000154355,PAT-0004104,ADM-00051547,DOC-00144,2026-10-02 10:58:16,Kidney Function Test,Biochemistry,Abnormal,,Abnormal,1259.36,True
BATCH-20260925-003,LAB-000154356,PAT-0023170,ADM-00051548,DOC-00075,2026-09-30 15:09:46,Urine Routine,Pathology,Abnormal,,Abnormal,351.24,True
BATCH-20260925-003,LAB-000154357,PAT-0023170,ADM-00051548,DOC-00075,2026-09-27 20:27:17,Blood Glucose,Biochemistry,Normal,,Normal,345.29,False
BATCH-20260925-003,LAB-000154358,PAT-0020384,ADM-00051549,DOC-00116,2026-09-27 11:34:40,Lipid Profile,Biochemistry,Normal,,Normal,913.48,False
BATCH-20260925-003,LAB-000154359,PAT-0020384,ADM-00051549,DOC-00116,2026-09-27 02:43:12,Liver Function Test,Biochemistry,Normal,,Normal,1237.52,False
BATCH-20260925-003,LAB-000154360,PAT-0020384,ADM-00051549,DOC-00116,2026-09-26 17:26:48,Troponin,Cardiac,Normal,,Normal,1551.94,False
BATCH-20260925-003,LAB-000154361,PAT-0020384,ADM-00051549,DOC-00116,2026-09-27 12:51:59,Lipid Profile,Biochemistry,Abnormal,,Abnormal,1065.46,True
BATCH-20260925-003,LAB-000154362,PAT-0020384,ADM-00051549,DOC-00116,2026-09-25 17:46:03,Lipid Profile,Biochemistry,Normal,,Normal,1011.56,False
BATCH-20260925-003,LAB-000154363,PAT-0014324,ADM-00051550,DOC-00134,2026-09-27 02:20:01,Complete Blood Count,Hematology,Normal,,Normal,759.76,False
BATCH-20260925-003,LAB-000154364,PAT-0014324,ADM-00051550,DOC-00134,2026-09-28 19:38:12,Complete Blood Count,Hematology,Normal,,Normal,618.54,False
BATCH-20260925-003,LAB-000154365,PAT-0007177,ADM-00051551,DOC-00025,2026-09-26 21:09:27,Liver Function Test,Biochemistry,Normal,,Normal,1392.69,False
BATCH-20260925-003,LAB-000154366,PAT-0007177,ADM-00051551,DOC-00025,2026-09-27 03:35:12,Urine Routine,Pathology,Normal,,Normal,346.59,False
BATCH-20260925-003,LAB-000154367,PAT-0020869,ADM-00051552,DOC-00007,2026-09-30 05:11:45,Kidney Function Test,Biochemistry,Normal,,Normal,1276.7,False
BATCH-20260925-003,LAB-000154368,PAT-0020869,ADM-00051552,DOC-00007,2026-09-26 17:13:44,Blood Glucose,Biochemistry,Normal,,Normal,294.28,False
BATCH-20260925-003,LAB-000154369,PAT-0020869,ADM-00051552,DOC-00007,2026-10-03 17:25:12,Lipid Profile,Biochemistry,Abnormal,,Abnormal,942.41,True
BATCH-20260925-003,LAB-000154370,PAT-0021062,ADM-00051553,DOC-00035,2026-09-26 16:57:24,Urine Routine,Pathology,Normal,,Normal,409.07,False
BATCH-20260925-003,LAB-000154371,PAT-0021062,ADM-00051553,DOC-00035,2026-09-30 12:29:15,Troponin,Cardiac,Abnormal,,Abnormal,1470.08,True
BATCH-20260925-003,LAB-000154372,PAT-0021062,ADM-00051553,DOC-00035,2026-10-02 03:51:00,Urine Routine,Pathology,Abnormal,,Abnormal,376.77,True
BATCH-20260925-003,LAB-000154373,PAT-0021981,ADM-00051554,DOC-00048,2026-09-25 22:49:03,Urine Routine,Pathology,Normal,,Normal,380.46,False
BATCH-20260925-003,LAB-000154374,PAT-0003346,ADM-00051555,DOC-00056,2026-10-03 21:30:33,Thyroid Profile,Endocrinology,Normal,,Normal,968.39,False
BATCH-20260925-003,LAB-000154375,PAT-0003346,ADM-00051555,DOC-00056,2026-10-06 06:48:32,Liver Function Test,Biochemistry,Normal,,Normal,1409.94,False
BATCH-20260925-003,LAB-000154376,PAT-0003346,ADM-00051555,DOC-00056,2026-10-01 22:27:42,Liver Function Test,Biochemistry,Abnormal,,Abnormal,1418.86,True
BATCH-20260925-003,LAB-000154377,PAT-0024237,ADM-00051556,DOC-00008,2026-09-28 16:02:37,Troponin,Cardiac,Normal,,Normal,1616.12,False
BATCH-20260925-003,LAB-000154378,PAT-0024237,ADM-00051556,DOC-00008,2026-09-25 19:17:29,Liver Function Test,Biochemistry,Normal,,Normal,1256.85,False
BATCH-20260925-003,LAB-000154379,PAT-0024237,ADM-00051556,DOC-00008,2026-09-26 11:28:32,Thyroid Profile,Endocrinology,Normal,,Normal,906.67,False
BATCH-20260925-003,LAB-000154380,PAT-0012746,ADM-00051557,DOC-00110,2026-09-25 18:35:10,Blood Glucose,Biochemistry,Normal,,Normal,302.44,False
BATCH-20260925-003,LAB-000154381,PAT-0012746,ADM-00051557,DOC-00110,2026-09-26 07:24:46,Troponin,Cardiac,Normal,,Normal,1494.3,False
BATCH-20260925-003,LAB-000154382,PAT-0001818,ADM-00051558,DOC-00049,2026-09-28 14:25:35,Urine Routine,Pathology,Normal,,Normal,325.44,False
BATCH-20260925-003,LAB-000154383,PAT-0024749,ADM-00051559,DOC-00108,2026-09-27 18:17:30,Urine Routine,Pathology,Normal,,Normal,348.09,False
BATCH-20260925-003,LAB-000154384,PAT-0024749,ADM-00051559,DOC-00108,2026-09-27 02:38:20,Complete Blood Count,Hematology,Normal,,Normal,632.96,False
BATCH-20260925-003,LAB-000154385,PAT-0024749,ADM-00051559,DOC-00108,2026-09-29 07:23:10,Blood Glucose,Biochemistry,Normal,,Normal,306.26,False
BATCH-20260925-003,LAB-000154386,PAT-0024749,ADM-00051559,DOC-00108,2026-09-28 07:40:36,Kidney Function Test,Biochemistry,Normal,,Normal,1151.22,False
BATCH-20260925-003,LAB-000154387,PAT-0024749,ADM-00051559,DOC-00108,2026-09-28 00:37:04,Thyroid Profile,Endocrinology,Normal,,Normal,1155.84,False
BATCH-20260925-003,LAB-000154388,PAT-0014339,ADM-00051560,DOC-00078,2026-09-27 08:53:54,Urine Routine,Pathology,Normal,,Normal,376.62,False
BATCH-20260925-003,LAB-000154389,PAT-0014339,ADM-00051560,DOC-00078,2026-09-26 15:07:13,Urine Routine,Pathology,Normal,,Normal,332.93,False
BATCH-20260925-003,LAB-000154390,PAT-0014339,ADM-00051560,DOC-00078,2026-09-26 21:51:55,Thyroid Profile,Endocrinology,Normal,,Normal,1099.81,False
BATCH-20260925-003,LAB-000154391,PAT-0014339,ADM-00051560,DOC-00078,2026-09-27 10:37:28,Liver Function Test,Biochemistry,Abnormal,,Abnormal,1398.45,True
BATCH-20260925-003,LAB-000154392,PAT-0005988,ADM-00051561,DOC-00014,2026-09-27 20:25:32,Troponin,Cardiac,Normal,,Normal,1323.93,False
BATCH-20260925-003,LAB-000154393,PAT-0005988,ADM-00051561,DOC-00014,2026-09-26 17:34:07,Thyroid Profile,Endocrinology,Abnormal,,Abnormal,1130.41,True
BATCH-20260925-003,LAB-000154394,PAT-0005988,ADM-00051561,DOC-00014,2026-09-27 22:04:21,Complete Blood Count,Hematology,Abnormal,,Abnormal,644.04,True
BATCH-20260925-003,LAB-000154395,PAT-0005988,ADM-00051561,DOC-00014,2026-09-26 17:00:20,Kidney Function Test,Biochemistry,Normal,,Normal,1039.15,False
BATCH-20260925-003,LAB-000154396,PAT-0005988,ADM-00051561,DOC-00014,2026-09-25 15:17:46,Complete Blood Count,Hematology,Abnormal,,Abnormal,756.61,True
BATCH-20260925-003,LAB-000154397,PAT-0012834,ADM-00051562,DOC-00049,2026-10-02 08:51:13,Troponin,Cardiac,Normal,,Normal,1444.7,False
BATCH-20260925-003,LAB-000154398,PAT-0001232,ADM-00051563,DOC-00037,2026-09-25 17:47:39,Liver Function Test,Biochemistry,Normal,,Normal,1150.19,False
BATCH-20260925-003,LAB-000154399,PAT-0001232,ADM-00051563,DOC-00037,2026-09-26 07:19:54,Complete Blood Count,Hematology,Normal,,Normal,585.22,False
BATCH-20260925-003,LAB-000154400,PAT-0006062,ADM-00051564,DOC-00076,2026-09-26 20:21:24,Complete Blood Count,Hematology,Abnormal,,Abnormal,714.32,True
BATCH-20260925-003,LAB-000154401,PAT-0006062,ADM-00051564,DOC-00076,2026-09-29 20:35:05,Blood Glucose,Biochemistry,Normal,,Normal,314.69,False
BATCH-20260925-003,LAB-000154402,PAT-0006062,ADM-00051564,DOC-00076,2026-09-30 01:57:48,Urine Routine,Pathology,Normal,,Normal,343.94,False
BATCH-20260925-003,LAB-000154403,PAT-0006062,ADM-00051564,DOC-00076,2026-10-02 05:56:37,Urine Routine,Pathology,Normal,,Normal,385.45,False
BATCH-20260925-003,LAB-000154404,PAT-0006062,ADM-00051564,DOC-00076,2026-09-26 10:41:41,Urine Routine,Pathology,Normal,,Normal,396.24,False
BATCH-20260925-003,LAB-000154405,PAT-0020635,ADM-00051565,DOC-00146,2026-09-26 00:04:20,Lipid Profile,Biochemistry,Normal,,Normal,1061.23,False
BATCH-20260925-003,LAB-000154406,PAT-0020635,ADM-00051565,DOC-00146,2026-09-25 17:32:59,Lipid Profile,Biochemistry,Normal,,Normal,980.58,False
BATCH-20260925-003,LAB-000154407,PAT-0020635,ADM-00051565,DOC-00146,2026-09-25 07:09:09,Complete Blood Count,Hematology,Normal,,Normal,634.37,False
BATCH-20260925-003,LAB-000154408,PAT-0008994,ADM-00051566,DOC-00142,2026-09-25 21:24:39,Urine Routine,Pathology,Abnormal,,Abnormal,383.08,True
BATCH-20260925-003,LAB-000154409,PAT-0000469,ADM-00051567,DOC-00134,2026-10-04 17:57:32,Troponin,Cardiac,Normal,,Normal,1390.84,False
BATCH-20260925-003,LAB-000154410,PAT-0000469,ADM-00051567,DOC-00134,2026-09-30 06:45:30,Blood Glucose,Biochemistry,Normal,,Normal,337.97,False
BATCH-20260925-003,LAB-000154411,PAT-0011779,ADM-00051568,DOC-00097,2026-09-27 05:54:11,Lipid Profile,Biochemistry,Normal,,Normal,870.82,False
BATCH-20260925-003,LAB-000154412,PAT-0011779,ADM-00051568,DOC-00097,2026-09-26 11:11:36,Thyroid Profile,Endocrinology,Abnormal,,Abnormal,1059.81,True
BATCH-20260925-003,LAB-000154413,PAT-0011779,ADM-00051568,DOC-00097,2026-09-27 00:28:04,Thyroid Profile,Endocrinology,Abnormal,,Abnormal,1064.76,True
BATCH-20260925-003,LAB-000154414,PAT-0006952,ADM-00051569,DOC-00067,2026-09-25 22:27:17,Liver Function Test,Biochemistry,Normal,,Normal,1088.31,False
BATCH-20260925-003,LAB-000154415,PAT-0006952,ADM-00051569,DOC-00067,2026-09-25 09:50:24,Kidney Function Test,Biochemistry,Normal,,Normal,1083.11,False
BATCH-20260925-003,LAB-000154416,PAT-0009562,ADM-00051570,DOC-00114,2026-09-25 23:02:27,Complete Blood Count,Hematology,Normal,,Normal,621.47,False
BATCH-20260925-003,LAB-000154417,PAT-0009562,ADM-00051570,DOC-00114,2026-09-28 22:02:15,Complete Blood Count,Hematology,Normal,,Normal,736.18,False
BATCH-20260925-003,LAB-000154418,PAT-0009562,ADM-00051570,DOC-00114,2026-09-29 07:57:16,Urine Routine,Pathology,Normal,,Normal,334.41,False
BATCH-20260925-003,LAB-000154419,PAT-0009562,ADM-00051570,DOC-00114,2026-10-02 08:44:54,Blood Glucose,Biochemistry,Normal,,Normal,296.79,False
BATCH-20260925-003,LAB-000154420,PAT-0018136,ADM-00051571,DOC-00105,2026-09-26 08:56:51,Thyroid Profile,Endocrinology,Normal,,Normal,1003.31,False
BATCH-20260925-003,LAB-000154421,PAT-0018136,ADM-00051571,DOC-00105,2026-09-25 23:29:02,Urine Routine,Pathology,Normal,,Normal,402.16,False
BATCH-20260925-003,LAB-000154422,PAT-0018136,ADM-00051571,DOC-00105,2026-09-26 09:35:59,Thyroid Profile,Endocrinology,Normal,,Normal,1090.78,False
BATCH-20260925-003,LAB-000154423,PAT-0018136,ADM-00051571,DOC-00105,2026-09-26 00:43:38,Thyroid Profile,Endocrinology,Normal,,Normal,1175.7,False
BATCH-20260925-003,LAB-000154424,PAT-0018417,ADM-00051572,DOC-00067,2026-09-25 06:21:35,Lipid Profile,Biochemistry,Abnormal,,Abnormal,1079.91,True
BATCH-20260925-003,LAB-000154425,PAT-0018417,ADM-00051572,DOC-00067,2026-09-26 10:25:06,Troponin,Cardiac,Normal,,Normal,1308.02,False
BATCH-20260925-003,LAB-000154426,PAT-0018417,ADM-00051572,DOC-00067,2026-09-26 22:03:54,Thyroid Profile,Endocrinology,Normal,,Normal,979.97,False
BATCH-20260925-003,LAB-000154427,PAT-0018417,ADM-00051572,DOC-00067,2026-09-25 05:04:17,Liver Function Test,Biochemistry,Normal,,Normal,1222.31,False
BATCH-20260925-003,LAB-000154428,PAT-0012227,ADM-00051573,DOC-00007,2026-09-30 05:15:14,Liver Function Test,Biochemistry,Normal,,Normal,1250.43,False
BATCH-20260925-003,LAB-000154429,PAT-0012227,ADM-00051573,DOC-00007,2026-10-01 09:45:43,Complete Blood Count,Hematology,Normal,,Normal,679.4,False
BATCH-20260925-003,LAB-000154430,PAT-0012227,ADM-00051573,DOC-00007,2026-09-25 22:25:36,Troponin,Cardiac,Normal,,Normal,1455.84,False
BATCH-20260925-003,LAB-000154431,PAT-0003914,ADM-00051574,DOC-00079,2026-09-26 01:06:26,Complete Blood Count,Hematology,Normal,,Normal,600.51,False
BATCH-20260925-003,LAB-000154432,PAT-0003914,ADM-00051574,DOC-00079,2026-09-26 05:11:06,Thyroid Profile,Endocrinology,Normal,,Normal,972.23,False
BATCH-20260925-003,LAB-000154433,PAT-0003914,ADM-00051574,DOC-00079,2026-09-26 09:41:50,Thyroid Profile,Endocrinology,Normal,,Normal,1074.71,False
BATCH-20260925-003,LAB-000154434,PAT-0003914,ADM-00051574,DOC-00079,2026-09-26 16:07:19,Blood Glucose,Biochemistry,Normal,,Normal,288.48,False
BATCH-20260925-003,LAB-000154435,PAT-0003914,ADM-00051574,DOC-00079,2026-09-26 14:34:15,Thyroid Profile,Endocrinology,Normal,,Normal,969.8,False
BATCH-20260925-003,LAB-000154436,PAT-0015409,ADM-00051575,DOC-00011,2026-09-26 18:15:55,Lipid Profile,Biochemistry,Normal,,Normal,1027.45,False
BATCH-20260925-003,LAB-000154437,PAT-0015409,ADM-00051575,DOC-00011,2026-09-28 09:08:18,Lipid Profile,Biochemistry,Normal,,Normal,906.07,False
BATCH-20260925-003,LAB-000154438,PAT-0015409,ADM-00051575,DOC-00011,2026-09-27 01:05:10,Troponin,Cardiac,Normal,,Normal,1618.08,False
BATCH-20260925-003,LAB-000154439,PAT-0010021,ADM-00051576,DOC-00028,2026-09-30 13:49:02,Blood Glucose,Biochemistry,Normal,,Normal,310.98,False
BATCH-20260925-003,LAB-000154440,PAT-0010021,ADM-00051576,DOC-00028,2026-09-25 21:11:51,Troponin,Cardiac,Abnormal,,Abnormal,1422.76,True
BATCH-20260925-003,LAB-000154441,PAT-0010021,ADM-00051576,DOC-00028,2026-09-29 02:35:54,Liver Function Test,Biochemistry,Normal,,Normal,1135.82,False
BATCH-20260925-003,LAB-000154442,PAT-0002826,ADM-00051577,DOC-00030,2026-09-26 07:32:34,Urine Routine,Pathology,Normal,,Normal,323.89,False
BATCH-20260925-003,LAB-000154443,PAT-0002826,ADM-00051577,DOC-00030,2026-09-28 00:34:09,Blood Glucose,Biochemistry,Abnormal,,Abnormal,354.06,True
BATCH-20260925-003,LAB-000154444,PAT-0002826,ADM-00051577,DOC-00030,2026-09-30 11:47:42,Liver Function Test,Biochemistry,Normal,,Normal,1140.89,False
BATCH-20260925-003,LAB-000154445,PAT-0023232,ADM-00051578,DOC-00124,2026-09-25 16:53:36,Lipid Profile,Biochemistry,Normal,,Normal,992.16,False
BATCH-20260925-003,LAB-000154446,PAT-0023232,ADM-00051578,DOC-00124,2026-09-27 13:03:51,Thyroid Profile,Endocrinology,Abnormal,,Abnormal,1187.39,True
BATCH-20260925-003,LAB-000154447,PAT-0023232,ADM-00051578,DOC-00124,2026-09-27 10:06:47,Lipid Profile,Biochemistry,Normal,,Normal,864.63,False
BATCH-20260925-003,LAB-000154448,PAT-0023232,ADM-00051578,DOC-00124,2026-09-26 04:19:22,Urine Routine,Pathology,Normal,,Normal,382.64,False
BATCH-20260925-003,LAB-000154449,PAT-0023232,ADM-00051578,DOC-00124,2026-09-27 08:15:56,Troponin,Cardiac,Normal,,Normal,1415.82,False
BATCH-20260925-003,LAB-000154450,PAT-0022966,ADM-00051579,DOC-00140,2026-09-26 23:53:38,Urine Routine,Pathology,Normal,,Normal,394.21,False
BATCH-20260925-003,LAB-000154451,PAT-0022966,ADM-00051579,DOC-00140,2026-09-27 12:21:48,Complete Blood Count,Hematology,Abnormal,,Abnormal,711.75,True
BATCH-20260925-003,LAB-000154452,PAT-0000976,ADM-00051580,DOC-00099,2026-09-26 14:25:07,Lipid Profile,Biochemistry,Normal,,Normal,810.16,False
BATCH-20260925-003,LAB-000154453,PAT-0000976,ADM-00051580,DOC-00099,2026-09-26 07:36:55,Kidney Function Test,Biochemistry,Normal,,Normal,1296.69,False
BATCH-20260925-003,LAB-000154454,PAT-0000976,ADM-00051580,DOC-00099,2026-09-28 00:25:15,Troponin,Cardiac,Abnormal,,Abnormal,1634.23,True
BATCH-20260925-003,LAB-000154455,PAT-0003276,ADM-00051581,DOC-00141,2026-09-29 13:50:39,Kidney Function Test,Biochemistry,Normal,,Normal,1086.36,False
BATCH-20260925-003,LAB-000154456,PAT-0003276,ADM-00051581,DOC-00141,2026-09-26 07:48:33,Urine Routine,Pathology,Abnormal,,Abnormal,331.88,True
BATCH-20260925-003,LAB-000154457,PAT-0011759,ADM-00051582,DOC-00096,2026-09-26 09:35:55,Urine Routine,Pathology,Normal,,Normal,356.92,False
BATCH-20260925-003,LAB-000154458,PAT-0011759,ADM-00051582,DOC-00096,2026-09-25 17:13:12,Liver Function Test,Biochemistry,Normal,,Normal,1273.46,False
BATCH-20260925-003,LAB-000154459,PAT-0011759,ADM-00051582,DOC-00096,2026-09-26 13:43:19,Troponin,Cardiac,Normal,,Normal,1561.16,False
BATCH-20260925-003,LAB-000154460,PAT-0011759,ADM-00051582,DOC-00096,2026-09-25 22:23:03,Lipid Profile,Biochemistry,Normal,,Normal,923.68,False
BATCH-20260925-003,LAB-000154461,PAT-0017823,ADM-00051583,DOC-00109,2026-09-28 11:51:03,Troponin,Cardiac,Abnormal,,Abnormal,1427.15,True
BATCH-20260925-003,LAB-000154462,PAT-0017823,ADM-00051583,DOC-00109,2026-09-26 00:14:48,Liver Function Test,Biochemistry,Normal,,Normal,1150.12,False
BATCH-20260925-003,LAB-000154463,PAT-0012024,ADM-00051584,DOC-00100,2026-09-27 22:10:03,Troponin,Cardiac,Normal,,Normal,1468.21,False
BATCH-20260925-003,LAB-000154464,PAT-0012024,ADM-00051584,DOC-00100,2026-09-28 01:56:07,Troponin,Cardiac,Normal,,Normal,1506.55,False
BATCH-20260925-003,LAB-000154465,PAT-0012024,ADM-00051584,DOC-00100,2026-09-29 07:30:07,Troponin,Cardiac,Normal,,Normal,1310.14,False
BATCH-20260925-003,LAB-000154466,PAT-0012024,ADM-00051584,DOC-00100,2026-09-26 07:08:08,Liver Function Test,Biochemistry,Abnormal,,Abnormal,1143.99,True
BATCH-20260925-003,LAB-000154467,PAT-0012024,ADM-00051584,DOC-00100,2026-09-28 03:48:57,Complete Blood Count,Hematology,Normal,,Normal,654.64,False
BATCH-20260925-003,LAB-000154468,PAT-0019202,ADM-00051585,DOC-00004,2026-10-04 08:20:04,Kidney Function Test,Biochemistry,Normal,,Normal,1134.22,False
BATCH-20260925-003,LAB-000154469,PAT-0012033,ADM-00051586,DOC-00031,2026-09-29 16:41:22,Liver Function Test,Biochemistry,Normal,,Normal,1257.71,False
BATCH-20260925-003,LAB-000154470,PAT-0000589,ADM-00051587,DOC-00036,2026-10-02 23:43:02,Kidney Function Test,Biochemistry,Normal,,Normal,1068.76,False
BATCH-20260925-003,LAB-000154471,PAT-0000589,ADM-00051587,DOC-00036,2026-09-26 05:37:44,Liver Function Test,Biochemistry,Normal,,Normal,1304.49,False
BATCH-20260925-003,LAB-000154472,PAT-0000589,ADM-00051587,DOC-00036,2026-10-01 11:28:03,Liver Function Test,Biochemistry,Abnormal,,Abnormal,1345.42,True
BATCH-20260925-003,LAB-000154473,PAT-0000589,ADM-00051587,DOC-00036,2026-09-30 18:02:09,Urine Routine,Pathology,Normal,,Normal,322.15,False
BATCH-20260925-003,LAB-000154474,PAT-0008443,ADM-00051588,DOC-00112,2026-09-25 09:19:02,Thyroid Profile,Endocrinology,Normal,,Normal,911.77,False
BATCH-20260925-003,LAB-000154475,PAT-0008443,ADM-00051588,DOC-00112,2026-09-28 01:36:33,Urine Routine,Pathology,Normal,,Normal,377.79,False
BATCH-20260925-003,LAB-000154476,PAT-0008443,ADM-00051588,DOC-00112,2026-09-26 09:21:37,Troponin,Cardiac,Normal,,Normal,1528.94,False
BATCH-20260925-003,LAB-000154477,PAT-0020014,ADM-00051589,DOC-00054,2026-09-27 07:50:10,Complete Blood Count,Hematology,Normal,,Normal,665.11,False
BATCH-20260925-003,LAB-000154478,PAT-0004957,ADM-00051590,DOC-00145,2026-09-26 09:42:33,Troponin,Cardiac,Normal,,Normal,1500.91,False
BATCH-20260925-003,LAB-000154479,PAT-0018653,ADM-00051591,DOC-00065,2026-09-25 16:17:07,Liver Function Test,Biochemistry,Normal,,Normal,1135.95,False
BATCH-20260925-003,LAB-000154480,PAT-0018653,ADM-00051591,DOC-00065,2026-09-26 06:12:09,Lipid Profile,Biochemistry,Normal,,Normal,1049.79,False
BATCH-20260925-003,LAB-000154481,PAT-0018653,ADM-00051591,DOC-00065,2026-09-25 21:44:02,Blood Glucose,Biochemistry,Normal,,Normal,335.49,False
BATCH-20260925-003,LAB-000154482,PAT-0018653,ADM-00051591,DOC-00065,2026-09-26 07:27:34,Troponin,Cardiac,Normal,,Normal,1280.26,False
BATCH-20260925-003,LAB-000154483,PAT-0019992,ADM-00051592,DOC-00059,2026-09-28 19:27:00,Kidney Function Test,Biochemistry,Normal,,Normal,1128.9,False
BATCH-20260925-003,LAB-000154484,PAT-0005757,ADM-00051593,DOC-00107,2026-09-26 08:53:56,Liver Function Test,Biochemistry,Normal,,Normal,1307.41,False
