patient_key,patient_id,first_name,last_name,gender,date_of_birth,maximum_observed_age,lifetime_admissions,readmission_admissions,emergency_admissions,icu_admissions,maximum_length_of_stay,average_length_of_stay,lifetime_recorded_outstanding,maximum_risk_score,high_risk_admissions,medium_risk_admissions,low_risk_admissions,latest_admission_timestamp,maximum_risk_band,latest_admission_id,latest_doctor_id,latest_doctor_name,latest_department_id,latest_department_name,latest_diagnosis_code,latest_diagnosis_name,latest_chronic_condition,latest_risk_score,latest_risk_band,latest_risk_reasons
12333,PAT-0012333,Teerth,Tella,Female,1932-09-13,93,4,2,2,2,12,7.25,118397.76,100,2,2,0,2026-06-30 15:17:32,High,ADM-00004174,DOC-00133,Dr. Vritti Cheema,DEP002,Cardiology,DX007,Coronary Artery Disease,Hypertension,100,High,Readmission; Age > 70; Chronic condition; ICU admission; LOS > 10 days; Outstanding balance; Emergency admission
85,PAT-0000085,Balhaar,Sridhar,Male,1954-01-13,72,3,2,2,1,12,8.0,15746.21,100,1,1,1,2026-09-26 01:44:57,High,ADM-00051285,DOC-00005,Dr. Veer Merchant,DEP006,General Medicine,DX009,Gastroenteritis,Type 2 Diabetes,100,High,Readmission; Age > 70; Chronic condition; ICU admission; LOS > 10 days; Outstanding balance; Emergency admission
1026,PAT-0001026,Wakeeta,Dubey,Female,1931-12-01,92,2,1,1,1,11,7.0,76086.26,100,1,1,0,2024-03-09 08:56:45,High,ADM-00040195,DOC-00102,Dr. Yahvi Jain,DEP001,Emergency,DX005,Bone Fracture,Asthma,100,High,Readmission; Age > 70; Chronic condition; ICU admission; LOS > 10 days; Outstanding balance; Emergency admission
3957,PAT-0003957,Adya,Seth,Female,1951-01-07,75,2,1,2,1,11,6.5,242792.55,100,1,1,0,2026-01-19 17:41:44,High,ADM-00003261,DOC-00019,Dr. Bishakha Patel,DEP003,Neurology,DX006,Migraine,Hypertension,100,High,Readmission; Age > 70; Chronic condition; ICU admission; LOS > 10 days; Outstanding balance; Emergency admission
13737,PAT-0013737,Aarini,Hegde,Male,1940-06-03,86,1,1,1,1,11,11.0,102869.7,100,1,0,0,2026-06-22 23:59:17,High,ADM-00030467,DOC-00047,Dr. Zaid Vohra,DEP007,Oncology,DX010,Anemia,Type 2 Diabetes,100,High,Readmission; Age > 70; Chronic condition; ICU admission; LOS > 10 days; Outstanding balance; Emergency admission
3903,PAT-0003903,Oni,Bajwa,Male,1940-05-09,84,4,1,2,2,14,8.5,33877.52,100,2,2,0,2024-10-24 05:12:53,High,ADM-00031200,DOC-00110,Dr. David Narula,DEP010,Dermatology,DX004,Asthma,Hypertension,65,High,Age > 70; Chronic condition; ICU admission; Outstanding balance; Emergency admission
17690,PAT-0017690,Chandani,Golla,Female,1943-04-06,79,2,1,1,2,14,10.5,55824.07,100,1,1,0,2023-03-25 16:30:40,High,ADM-00022127,DOC-00117,Dr. Vrishti Bedi,DEP007,Oncology,DX010,Anemia,Coronary Artery Disease,55,Medium,Age > 70; Chronic condition; ICU admission; Outstanding balance
15691,PAT-0015691,Balhaar,Nanda,Male,1940-03-20,85,2,1,2,1,13,10.0,85580.35,100,1,1,0,2025-04-20 19:56:29,High,ADM-00004785,DOC-00100,Dr. Umang Basu,DEP010,Dermatology,DX004,Asthma,Coronary Artery Disease,45,Medium,Age > 70; Chronic condition; Outstanding balance; Emergency admission
17324,PAT-0017324,Gautami,Parikh,Female,1947-09-22,78,6,2,3,3,14,8.5,55978.34,100,4,2,0,2026-08-22 10:10:56,High,ADM-00038953,DOC-00037,Dr. Priya Malhotra,DEP010,Dermatology,DX004,Asthma,Coronary Artery Disease,40,Medium,Age > 70; Chronic condition; Emergency admission
7372,PAT-0007372,Chandran,Gera,Female,1931-04-09,94,6,2,2,2,14,6.0,107067.38,100,2,4,0,2025-05-27 14:50:59,High,ADM-00030882,DOC-00118,Dr. Aadhya Prashad,DEP009,ENT,DX003,Pneumonia,Asthma,35,Medium,Age > 70; Chronic condition; Outstanding balance
5048,PAT-0005048,Gaurika,Dutt,Female,1946-08-11,79,5,2,3,3,13,6.6,188378.87,100,2,3,0,2026-07-26 04:32:00,High,ADM-00034813,DOC-00043,Dr. Zehaan Guha,DEP005,Pediatrics,DX003,Pneumonia,Chronic Kidney Disease,35,Medium,Age > 70; Chronic condition; Outstanding balance
14722,PAT-0014722,Maya,Ranganathan,Female,1949-09-14,77,3,1,1,1,13,6.0,358101.35,100,1,2,0,2026-09-24 00:20:50,High,ADM-00050658,DOC-00097,Dr. Nisha Dhillon,DEP008,Gynecology,DX010,Anemia,Hypertension,30,Medium,Age > 70; Chronic condition
21242,PAT-0021242,Onkar,Panchal,Male,1951-07-23,75,6,2,2,4,14,7.0,57263.22,95,2,4,0,2026-09-25 04:36:54,High,ADM-00051021,DOC-00104,Dr. Damini Venkatesh,DEP005,Pediatrics,DX004,Asthma,Migraine,95,High,Readmission; Age > 70; Chronic condition; ICU admission; LOS > 10 days; Emergency admission
2346,PAT-0002346,Andrew,Datta,Male,1932-04-07,94,3,2,1,2,11,9.0,7291.5,95,2,1,0,2026-05-23 09:08:15,High,ADM-00025242,DOC-00048,Dr. Amaira Seshadri,DEP004,Orthopedics,DX005,Bone Fracture,Type 2 Diabetes,95,High,Readmission; Age > 70; Chronic condition; ICU admission; LOS > 10 days; Emergency admission
15935,PAT-0015935,Widisha,Bedi,Male,1943-03-29,82,3,2,2,1,13,7.0,0.0,95,2,1,0,2025-07-20 18:53:08,High,ADM-00025435,DOC-00124,Dr. Krishna Modi,DEP007,Oncology,DX010,Anemia,Type 2 Diabetes,95,High,Readmission; Age > 70; Chronic condition; ICU admission; LOS > 10 days; Emergency admission
12126,PAT-0012126,Jagat,Mangal,Female,1948-12-22,75,2,1,1,1,14,10.5,0.0,95,1,1,0,2024-08-27 14:51:21,High,ADM-00040464,DOC-00057,Dr. Bahadurjit Sane,DEP009,ENT,DX003,Pneumonia,Coronary Artery Disease,95,High,Readmission; Age > 70; Chronic condition; ICU admission; LOS > 10 days; Emergency admission
14093,PAT-0014093,Zinal,Zachariah,Female,1939-02-26,86,2,1,1,2,15,13.0,0.0,95,2,0,0,2026-02-22 21:53:28,High,ADM-00041619,DOC-00131,Dr. Yahvi Raja,DEP007,Oncology,DX010,Anemia,Type 2 Diabetes,95,High,Readmission; Age > 70; Chronic condition; ICU admission; LOS > 10 days; Emergency admission
16379,PAT-0016379,Kiaan,Saran,Female,1934-10-28,90,2,1,1,1,14,7.5,0.0,95,1,1,0,2025-05-15 14:33:25,High,ADM-00034268,DOC-00071,Dr. Om Bajaj,DEP007,Oncology,DX010,Anemia,Migraine,95,High,Readmission; Age > 70; Chronic condition; ICU admission; LOS > 10 days; Emergency admission
18661,PAT-0018661,Ucchal,Khatri,Male,1948-07-30,74,2,1,1,1,11,6.0,8982.47,95,1,1,0,2023-07-25 09:21:13,High,ADM-00041727,DOC-00124,Dr. Krishna Modi,DEP007,Oncology,DX010,Anemia,Asthma,95,High,Readmission; Age > 70; Chronic condition; ICU admission; LOS > 10 days; Emergency admission
4363,PAT-0004363,Daniel,Agarwal,Male,1944-02-25,81,1,1,1,1,14,14.0,0.0,95,1,0,0,2025-10-23 10:27:34,High,ADM-00033978,DOC-00068,Dr. Aarnav Barman,DEP009,ENT,DX003,Pneumonia,Asthma,95,High,Readmission; Age > 70; Chronic condition; ICU admission; LOS > 10 days; Emergency admission
6765,PAT-0006765,Watika,Dani,Male,1939-08-06,86,1,1,1,1,12,12.0,0.0,95,1,0,0,2026-01-02 00:37:46,High,ADM-00012553,DOC-00072,Dr. Inaya Warrior,DEP007,Oncology,DX010,Anemia,Type 2 Diabetes,95,High,Readmission; Age > 70; Chronic condition; ICU admission; LOS > 10 days; Emergency admission
7103,PAT-0007103,Vanya,Lata,Male,1944-06-15,80,1,1,1,1,13,13.0,0.0,95,1,0,0,2024-07-29 18:53:35,High,ADM-00049901,DOC-00013,Dr. Charan Murty,DEP003,Neurology,DX006,Migraine,Chronic Kidney Disease,95,High,Readmission; Age > 70; Chronic condition; ICU admission; LOS > 10 days; Emergency admission
7228,PAT-0007228,Rachana,Wadhwa,Male,1933-05-12,92,1,1,1,1,12,12.0,0.0,95,1,0,0,2025-12-27 18:50:50,High,ADM-00012253,DOC-00129,Dr. Sneha Mahal,DEP008,Gynecology,DX010,Anemia,Chronic Kidney Disease,95,High,Readmission; Age > 70; Chronic condition; ICU admission; LOS > 10 days; Emergency admission
9061,PAT-0009061,Hiral,Mahajan,Female,1947-07-01,78,1,1,1,1,14,14.0,0.0,95,1,0,0,2026-01-11 21:59:54,High,ADM-00043874,DOC-00107,Dr. Kavya Chaudhry,DEP001,Emergency,DX005,Bone Fracture,Asthma,95,High,Readmission; Age > 70; Chronic condition; ICU admission; LOS > 10 days; Emergency admission
24025,PAT-0024025,Warjas,Dasgupta,Female,1932-07-18,91,1,1,1,1,11,11.0,0.0,95,1,0,0,2024-07-01 07:00:52,High,ADM-00036345,DOC-00013,Dr. Charan Murty,DEP003,Neurology,DX006,Migraine,Hypertension,95,High,Readmission; Age > 70; Chronic condition; ICU admission; LOS > 10 days; Emergency admission
10164,PAT-0010164,Damyanti,Wali,Male,1932-02-25,92,4,2,2,2,14,6.25,25788.28,95,2,2,0,2024-12-31 08:51:09,High,ADM-00002070,DOC-00127,Dr. Fitan Ratti,DEP004,Orthopedics,DX005,Bone Fracture,Asthma,90,High,Readmission; Age > 70; Chronic condition; ICU admission; Outstanding balance; Emergency admission
23810,PAT-0023810,Januja,Raj,Male,1933-07-13,91,2,2,1,2,15,10.5,0.0,95,2,0,0,2025-04-29 00:28:35,High,ADM-00011879,DOC-00031,Dr. Nathan Iyengar,DEP004,Orthopedics,DX005,Bone Fracture,Asthma,75,High,Readmission; Age > 70; Chronic condition; ICU admission
1035,PAT-0001035,Chaaya,Krishnan,Male,1932-10-05,91,4,1,3,2,15,8.0,115135.94,95,2,2,0,2023-12-01 03:14:40,High,ADM-00007309,DOC-00119,Dr. Reva Sidhu,DEP003,Neurology,DX006,Migraine,Coronary Artery Disease,65,High,Age > 70; Chronic condition; ICU admission; Outstanding balance; Emergency admission
11637,PAT-0011637,Chaman,Bains,Male,1942-01-06,82,3,2,2,1,11,7.67,5055.07,95,2,1,0,2024-12-14 14:50:44,High,ADM-00027742,DOC-00140,Dr. Anya Bassi,DEP010,Dermatology,DX004,Asthma,Type 2 Diabetes,65,High,Readmission; Age > 70; Chronic condition; Emergency admission
6034,PAT-0006034,Ishita,Bains,Male,1947-02-11,79,3,1,1,2,14,10.0,8593.42,95,2,1,0,2026-04-02 03:01:58,High,ADM-00010287,DOC-00068,Dr. Aarnav Barman,DEP009,ENT,DX003,Pneumonia,Migraine,60,High,Age > 70; Chronic condition; ICU admission; LOS > 10 days
4126,PAT-0004126,Charita,Dyal,Female,1937-07-21,88,2,2,1,1,13,9.0,9305.59,95,2,0,0,2026-02-15 03:52:03,High,ADM-00047972,DOC-00134,Dr. Chatura Dey,DEP005,Pediatrics,DX010,Anemia,Asthma,60,High,Readmission; Age > 70; Chronic condition; Outstanding balance
11350,PAT-0011350,Zilmil,Tandon,Female,1942-06-01,83,3,2,1,1,14,6.33,0.0,95,1,2,0,2025-12-21 05:55:07,High,ADM-00021076,DOC-00004,Dr. Yauvani Devan,DEP005,Pediatrics,DX003,Pneumonia,Asthma,55,Medium,Readmission; Age > 70; Chronic condition
5650,PAT-0005650,Aryan,Sami,Male,1941-12-30,84,6,1,3,1,11,5.17,6889.02,95,1,5,0,2026-07-01 00:01:46,High,ADM-00043119,DOC-00134,Dr. Chatura Dey,DEP005,Pediatrics,DX004,Asthma,Chronic Kidney Disease,40,Medium,Age > 70; Chronic condition; Emergency admission
11902,PAT-0011902,Zinal,Banik,Female,1947-02-27,78,4,1,2,2,13,7.5,0.0,95,2,2,0,2026-02-06 05:37:38,High,ADM-00036053,DOC-00034,Dr. Teerth Dewan,DEP009,ENT,DX003,Pneumonia,Coronary Artery Disease,40,Medium,Age > 70; Chronic condition; Emergency admission
12762,PAT-0012762,Kamya,D’Alia,Male,1950-02-19,74,2,1,2,1,13,8.5,0.0,95,1,1,0,2024-07-27 06:56:18,High,ADM-00047477,DOC-00024,Dr. Fariq Sangha,DEP001,Emergency,DX005,Bone Fracture,Chronic Kidney Disease,40,Medium,Age > 70; Chronic condition; Emergency admission
7849,PAT-0007849,Lakshit,Narain,Male,1933-12-06,92,4,1,2,2,13,8.0,3391.76,95,2,2,0,2026-09-05 00:36:27,High,ADM-00016200,DOC-00140,Dr. Anya Bassi,DEP010,Dermatology,DX004,Asthma,Chronic Kidney Disease,35,Medium,Age > 70; Chronic condition; Outstanding balance
4660,PAT-0004660,Yasti,Solanki,Female,1932-04-17,93,4,1,2,1,12,6.75,6172.51,95,1,3,0,2025-08-24 12:05:18,High,ADM-00047245,DOC-00068,Dr. Aarnav Barman,DEP009,ENT,DX003,Pneumonia,Coronary Artery Disease,30,Medium,Age > 70; Chronic condition
6966,PAT-0006966,Pranit,Lalla,Male,1953-05-16,73,4,1,2,1,14,5.75,32851.67,95,1,3,0,2026-09-24 15:26:53,High,ADM-00050795,DOC-00064,Dr. Amol Gera,DEP008,Gynecology,DX010,Anemia,Migraine,30,Medium,Age > 70; Chronic condition
14811,PAT-0014811,Megha,Merchant,Female,1952-07-21,72,4,1,1,2,12,5.75,26279.21,95,1,3,0,2024-09-03 09:40:16,High,ADM-00007907,DOC-00094,Dr. Hemang Thaman,DEP004,Orthopedics,DX005,Bone Fracture,Type 2 Diabetes,30,Medium,Age > 70; Chronic condition
1396,PAT-0001396,Upma,Dugal,Female,1941-12-07,83,3,2,1,1,13,5.67,0.0,95,1,2,0,2025-10-08 21:54:44,High,ADM-00006353,DOC-00122,Dr. Nakul Pathak,DEP005,Pediatrics,DX004,Asthma,Chronic Kidney Disease,30,Medium,Age > 70; Chronic condition
7046,PAT-0007046,Karan,Mitter,Female,1950-07-16,76,5,2,1,1,8,3.8,105461.7,90,1,4,0,2026-07-31 17:39:55,High,ADM-00014424,DOC-00057,Dr. Bahadurjit Sane,DEP009,ENT,DX003,Pneumonia,Coronary Artery Disease,90,High,Readmission; Age > 70; Chronic condition; ICU admission; Outstanding balance; Emergency admission
9623,PAT-0009623,Jonathan,Srivastava,Female,1950-09-04,73,4,1,1,1,7,5.0,67817.03,90,1,3,0,2023-11-19 17:09:53,High,ADM-00040436,DOC-00088,Dr. Girindra Varty,DEP009,ENT,DX003,Pneumonia,Asthma,90,High,Readmission; Age > 70; Chronic condition; ICU admission; Outstanding balance; Emergency admission
13743,PAT-0013743,Brijesh,Andra,Male,1948-01-05,77,4,2,3,3,10,8.0,96301.99,90,3,1,0,2025-07-26 23:05:48,High,ADM-00031704,DOC-00143,Dr. Ranbir Sarma,DEP003,Neurology,DX006,Migraine,Type 2 Diabetes,90,High,Readmission; Age > 70; Chronic condition; ICU admission; Outstanding balance; Emergency admission
17325,PAT-0017325,Saksham,Brahmbhatt,Male,1944-12-12,81,4,2,2,2,9,5.5,8427.12,90,2,2,0,2026-09-25 12:54:37,High,ADM-00050952,DOC-00147,Dr. Samarth Nayar,DEP004,Orthopedics,DX005,Bone Fracture,Hypertension,90,High,Readmission; Age > 70; Chronic condition; ICU admission; Outstanding balance; Emergency admission
18367,PAT-0018367,Dalbir,Toor,Male,1938-09-04,87,4,1,2,1,14,6.0,33080.8,90,1,3,0,2026-06-28 12:52:34,High,ADM-00010871,DOC-00147,Dr. Samarth Nayar,DEP004,Orthopedics,DX005,Bone Fracture,Coronary Artery Disease,90,High,Readmission; Age > 70; Chronic condition; ICU admission; LOS > 10 days; Outstanding balance
15009,PAT-0015009,Advik,Chandra,Female,1934-08-25,89,3,2,2,2,5,4.67,9037.76,90,2,1,0,2024-01-19 07:38:37,High,ADM-00013779,DOC-00113,Dr. Nandini Anand,DEP003,Neurology,DX006,Migraine,Coronary Artery Disease,90,High,Readmission; Age > 70; Chronic condition; ICU admission; Outstanding balance; Emergency admission
15853,PAT-0015853,Daniel,Tata,Female,1931-05-11,95,3,1,1,1,9,5.0,48245.64,90,1,2,0,2026-06-06 11:22:34,High,ADM-00038876,DOC-00082,Dr. Dhriti Devi,DEP006,General Medicine,DX001,Hypertension,Coronary Artery Disease,90,High,Readmission; Age > 70; Chronic condition; ICU admission; Outstanding balance; Emergency admission
17833,PAT-0017833,Hritik,Mukhopadhyay,Male,1947-12-05,75,3,2,1,1,9,6.67,22265.37,90,2,1,0,2023-06-27 11:02:56,High,ADM-00020493,DOC-00137,Dr. Rajata Arora,DEP005,Pediatrics,DX010,Anemia,Chronic Kidney Disease,90,High,Readmission; Age > 70; Chronic condition; ICU admission; Outstanding balance; Emergency admission
18796,PAT-0018796,Reyansh,Srivastava,Female,1934-02-21,91,3,2,2,3,8,5.67,12736.63,90,3,0,0,2025-10-29 07:25:15,High,ADM-00023173,DOC-00010,Dr. Laban Kala,DEP009,ENT,DX003,Pneumonia,Chronic Kidney Disease,90,High,Readmission; Age > 70; Chronic condition; ICU admission; Outstanding balance; Emergency admission
21068,PAT-0021068,Harish,Pant,Female,1933-10-27,92,3,2,0,1,11,6.33,98769.24,90,1,2,0,2026-08-26 22:00:31,High,ADM-00032236,DOC-00119,Dr. Reva Sidhu,DEP003,Neurology,DX006,Migraine,Chronic Kidney Disease,90,High,Readmission; Age > 70; Chronic condition; ICU admission; LOS > 10 days; Outstanding balance
23433,PAT-0023433,Balendra,Kota,Male,1938-11-18,87,3,2,1,1,9,5.33,59880.85,90,1,2,0,2026-06-03 06:38:07,High,ADM-00004120,DOC-00095,Dr. Hema Rana,DEP009,ENT,DX003,Pneumonia,Asthma,90,High,Readmission; Age > 70; Chronic condition; ICU admission; Outstanding balance; Emergency admission
5277,PAT-0005277,Matthew,Lata,Male,1937-11-03,88,2,1,2,1,9,8.0,26208.68,90,1,1,0,2025-12-24 07:07:13,High,ADM-00014340,DOC-00025,Dr. Daksh Madan,DEP001,Emergency,DX005,Bone Fracture,Asthma,90,High,Readmission; Age > 70; Chronic condition; ICU admission; Outstanding balance; Emergency admission
9721,PAT-0009721,Azaan,Peri,Female,1946-09-29,78,2,1,2,1,6,4.5,30304.8,90,1,1,0,2025-01-14 08:14:31,High,ADM-00004739,DOC-00134,Dr. Chatura Dey,DEP005,Pediatrics,DX003,Pneumonia,Chronic Kidney Disease,90,High,Readmission; Age > 70; Chronic condition; ICU admission; Outstanding balance; Emergency admission
18070,PAT-0018070,Yadavi,Sahni,Male,1938-10-13,86,2,1,2,2,10,9.0,11824.28,90,2,0,0,2025-01-06 14:59:11,High,ADM-00025498,DOC-00064,Dr. Amol Gera,DEP008,Gynecology,DX010,Anemia,Asthma,90,High,Readmission; Age > 70; Chronic condition; ICU admission; Outstanding balance; Emergency admission
21955,PAT-0021955,Ayaan,Singh,Female,1938-10-03,84,2,1,1,1,6,3.5,45674.18,90,1,1,0,2023-08-30 00:36:42,High,ADM-00034885,DOC-00108,Dr. Devansh Devan,DEP005,Pediatrics,DX004,Asthma,Type 2 Diabetes,90,High,Readmission; Age > 70; Chronic condition; ICU admission; Outstanding balance; Emergency admission
24319,PAT-0024319,Forum,Dua,Male,1932-05-08,92,2,1,1,1,9,6.5,26325.79,90,1,1,0,2025-01-13 08:09:22,High,ADM-00007204,DOC-00042,Dr. Harrison Dora,DEP002,Cardiology,DX007,Coronary Artery Disease,Coronary Artery Disease,90,High,Readmission; Age > 70; Chronic condition; ICU admission; Outstanding balance; Emergency admission
889,PAT-0000889,Vansha,Bhandari,Female,1943-11-13,80,1,1,1,1,9,9.0,11914.87,90,1,0,0,2024-05-30 07:52:27,High,ADM-00036240,DOC-00119,Dr. Reva Sidhu,DEP003,Neurology,DX006,Migraine,Chronic Kidney Disease,90,High,Readmission; Age > 70; Chronic condition; ICU admission; Outstanding balance; Emergency admission
22789,PAT-0022789,Omaja,Sem,Other,1931-12-11,92,1,1,0,1,12,12.0,81824.94,90,1,0,0,2024-05-13 01:25:14,High,ADM-00006777,DOC-00003,Dr. Krish Jhaveri,DEP010,Dermatology,DX004,Asthma,Type 2 Diabetes,90,High,Readmission; Age > 70; Chronic condition; ICU admission; LOS > 10 days; Outstanding balance
23503,PAT-0023503,Warinder,Deep,Other,1936-03-10,89,1,1,1,1,5,5.0,16032.61,90,1,0,0,2025-10-18 04:50:13,High,ADM-00046860,DOC-00076,Dr. Kamala Barad,DEP003,Neurology,DX006,Migraine,Chronic Kidney Disease,90,High,Readmission; Age > 70; Chronic condition; ICU admission; Outstanding balance; Emergency admission
2130,PAT-0002130,Ridhi,Ram,Female,1938-06-13,87,2,1,2,2,11,9.0,428852.32,90,2,0,0,2025-09-14 16:55:00,High,ADM-00029094,DOC-00147,Dr. Samarth Nayar,DEP004,Orthopedics,DX005,Bone Fracture,Coronary Artery Disease,75,High,Age > 70; Chronic condition; ICU admission; LOS > 10 days; Outstanding balance; Emergency admission
14157,PAT-0014157,Jagdish,Sunder,Female,1941-12-25,83,4,1,2,2,11,5.75,50918.1,90,2,2,0,2025-09-12 08:23:32,High,ADM-00010515,DOC-00050,Dr. Nathaniel Shan,DEP006,General Medicine,DX009,Gastroenteritis,Hypertension,65,High,Age > 70; Chronic condition; ICU admission; Outstanding balance; Emergency admission
23119,PAT-0023119,Saanvi,Nagi,Male,1943-08-12,82,3,2,2,2,9,7.0,162399.69,90,2,1,0,2026-04-13 05:29:58,High,ADM-00022006,DOC-00041,Dr. Inaya Raman,DEP003,Neurology,DX006,Migraine,Coronary Artery Disease,65,High,Age > 70; Chronic condition; ICU admission; Outstanding balance; Emergency admission
17052,PAT-0017052,Lohit,Shroff,Male,1945-04-18,79,3,1,1,2,11,6.67,26351.43,90,2,1,0,2024-05-17 15:14:46,High,ADM-00002342,DOC-00019,Dr. Bishakha Patel,DEP003,Neurology,DX006,Migraine,Type 2 Diabetes,60,High,Age > 70; Chronic condition; ICU admission; Emergency admission
12928,PAT-0012928,Kabir,Batta,Female,1945-10-17,79,4,3,2,1,8,4.75,108959.16,90,2,2,0,2025-02-18 13:51:43,High,ADM-00020837,DOC-00141,Dr. Janya Chawla,DEP007,Oncology,DX010,Anemia,Migraine,55,Medium,Readmission; Age > 70; Chronic condition
21087,PAT-0021087,Libni,Thaker,Male,1932-02-16,94,3,2,1,1,7,5.0,26147.49,90,1,2,0,2026-05-06 06:21:18,High,ADM-00041175,DOC-00106,Dr. Parth Muni,DEP009,ENT,DX003,Pneumonia,Hypertension,55,Medium,Readmission; Age > 70; Chronic condition
24031,PAT-0024031,Wriddhish,Guha,Male,1938-06-16,85,4,2,1,1,13,5.75,73985.1,90,1,3,0,2023-08-23 02:18:26,High,ADM-00004238,DOC-00076,Dr. Kamala Barad,DEP003,Neurology,DX006,Migraine,Asthma,40,Medium,Age > 70; Chronic condition; Emergency admission
10532,PAT-0010532,Tanveer,Gala,Female,1951-12-30,73,5,1,2,2,9,4.8,30470.34,90,2,3,0,2025-04-16 06:49:51,High,ADM-00002540,DOC-00027,Dr. David Deshmukh,DEP007,Oncology,DX010,Anemia,Chronic Kidney Disease,35,Medium,Age > 70; Chronic condition; Outstanding balance
5504,PAT-0005504,Kashish,Soni,Female,1940-03-09,85,4,1,1,1,9,6.25,55162.75,90,1,3,0,2025-12-13 19:31:51,High,ADM-00017835,DOC-00111,Dr. David Tak,DEP009,ENT,DX003,Pneumonia,Hypertension,35,Medium,Age > 70; Chronic condition; Outstanding balance
17947,PAT-0017947,Mohammed,Solanki,Female,1938-03-30,86,4,1,1,1,5,3.25,45703.42,90,1,3,0,2025-01-29 08:10:30,High,ADM-00022529,DOC-00116,Dr. Michael Pandya,DEP007,Oncology,DX010,Anemia,Hypertension,35,Medium,Age > 70; Chronic condition; Outstanding balance
18014,PAT-0018014,Jairaj,Char,Female,1936-06-16,90,4,1,1,1,8,5.0,43360.83,90,1,3,0,2026-06-20 21:00:08,High,ADM-00015348,DOC-00016,Dr. Pushti Bhasin,DEP009,ENT,DX003,Pneumonia,Asthma,35,Medium,Age > 70; Chronic condition; Outstanding balance
6000,PAT-0006000,Dayamai,Kota,Female,1952-01-30,73,6,2,2,1,9,4.17,14028.54,90,1,5,0,2025-10-02 13:53:40,High,ADM-00016224,DOC-00042,Dr. Harrison Dora,DEP002,Cardiology,DX007,Coronary Artery Disease,Asthma,30,Medium,Age > 70; Chronic condition
9479,PAT-0009479,Rajeshri,Kapadia,Male,1949-01-01,77,5,1,0,1,13,6.6,53764.13,90,1,4,0,2026-08-07 17:59:34,High,ADM-00033664,DOC-00049,Dr. Anjali Patla,DEP004,Orthopedics,DX005,Bone Fracture,Type 2 Diabetes,30,Medium,Age > 70; Chronic condition
14172,PAT-0014172,Tarak,Chaudry,Male,1938-09-09,86,5,1,2,2,11,5.8,129616.49,90,2,3,0,2025-08-03 03:07:01,High,ADM-00044952,DOC-00105,Dr. Ekapad Pal,DEP002,Cardiology,DX007,Coronary Artery Disease,Chronic Kidney Disease,30,Medium,Age > 70; Chronic condition
17713,PAT-0017713,Oscar,Naik,Female,1934-09-11,91,5,2,2,2,11,5.0,60770.42,90,2,3,0,2026-04-18 20:59:35,High,ADM-00049657,DOC-00005,Dr. Veer Merchant,DEP006,General Medicine,DX003,Pneumonia,Migraine,30,Medium,Age > 70; Chronic condition
3084,PAT-0003084,Zashil,Narasimhan,Female,1953-01-11,73,4,1,1,1,5,4.25,166839.75,90,1,3,0,2026-09-26 02:00:52,High,ADM-00051093,DOC-00123,Dr. Tanveer Pant,DEP009,ENT,DX003,Pneumonia,Coronary Artery Disease,30,Medium,Age > 70; Chronic condition
24559,PAT-0024559,Yasti,Bahl,Male,1933-01-04,93,4,1,2,2,10,6.5,25256.17,90,2,2,0,2026-07-15 14:08:18,High,ADM-00038393,DOC-00067,Dr. Ijaya Zachariah,DEP008,Gynecology,DX010,Anemia,Asthma,30,Medium,Age > 70; Chronic condition
285,PAT-0000285,Wahab,Sura,Other,1944-03-09,80,3,1,1,1,10,6.0,28638.63,90,1,2,0,2024-05-08 08:30:24,High,ADM-00039931,DOC-00001,Dr. Viraj Subramanian,DEP002,Cardiology,DX007,Coronary Artery Disease,Asthma,30,Medium,Age > 70; Chronic condition
11282,PAT-0011282,Arin,Tank,Other,1932-09-06,93,3,1,0,1,12,5.0,126387.45,90,1,2,0,2026-09-03 06:50:49,High,ADM-00004873,DOC-00004,Dr. Yauvani Devan,DEP005,Pediatrics,DX010,Anemia,Migraine,30,Medium,Age > 70; Chronic condition
23270,PAT-0023270,Vamakshi,Goda,Male,1939-12-05,85,3,2,1,1,10,4.67,30424.88,90,1,2,0,2025-09-22 13:05:08,High,ADM-00044538,DOC-00045,Dr. Bhavini Maharaj,DEP003,Neurology,DX006,Migraine,Migraine,30,Medium,Age > 70; Chronic condition
20580,PAT-0020580,Dakshesh,Tara,Male,1939-09-24,86,8,2,3,2,8,4.0,140371.84,85,2,6,0,2026-09-07 09:57:57,High,ADM-00042462,DOC-00043,Dr. Zehaan Guha,DEP005,Pediatrics,DX003,Pneumonia,Type 2 Diabetes,85,High,Readmission; Age > 70; Chronic condition; ICU admission; Emergency admission
14018,PAT-0014018,Warhi,Chahal,Male,1941-04-11,85,5,2,1,1,11,4.2,33048.17,85,1,4,0,2026-06-25 04:21:30,High,ADM-00028034,DOC-00080,Dr. Kabir Wadhwa,DEP001,Emergency,DX005,Bone Fracture,Asthma,85,High,Readmission; Age > 70; Chronic condition; ICU admission; LOS > 10 days
14518,PAT-0014518,Nathaniel,Mangal,Female,1936-07-18,89,5,2,0,3,12,8.2,40121.65,85,2,3,0,2026-07-13 12:24:58,High,ADM-00037616,DOC-00006,Dr. Arin Tailor,DEP001,Emergency,DX009,Gastroenteritis,Hypertension,85,High,Readmission; Age > 70; Chronic condition; ICU admission; LOS > 10 days
21603,PAT-0021603,Urvi,Sura,Male,1947-11-05,78,5,1,2,1,11,5.8,2806.78,85,1,4,0,2026-03-24 06:06:48,High,ADM-00047154,DOC-00114,Dr. Om Mangat,DEP007,Oncology,DX010,Anemia,Hypertension,85,High,Readmission; Age > 70; Chronic condition; ICU admission; LOS > 10 days
21866,PAT-0021866,Jagat,Sarna,Male,1937-11-27,87,5,2,1,1,9,3.6,49065.81,85,2,3,0,2025-02-04 03:22:14,High,ADM-00001589,DOC-00011,Dr. Hemal Muni,DEP006,General Medicine,DX009,Gastroenteritis,Coronary Artery Disease,85,High,Readmission; Age > 70; Chronic condition; ICU admission; Emergency admission
5874,PAT-0005874,Ishita,Biswas,Male,1945-01-05,81,4,1,2,2,10,5.0,0.0,85,2,2,0,2026-06-28 05:48:17,High,ADM-00041406,DOC-00092,Dr. Baghyawati Shroff,DEP004,Orthopedics,DX005,Bone Fracture,Migraine,85,High,Readmission; Age > 70; Chronic condition; ICU admission; Emergency admission
799,PAT-0000799,Ekbal,Gopal,Male,1950-04-02,74,3,1,0,1,14,7.0,11465.51,85,1,2,0,2024-11-27 22:04:45,High,ADM-00019917,DOC-00079,Dr. Warinder Sarin,DEP008,Gynecology,DX010,Anemia,Asthma,85,High,Readmission; Age > 70; Chronic condition; ICU admission; LOS > 10 days
9351,PAT-0009351,Vrishti,Murty,Female,1941-09-06,83,3,1,2,2,11,6.67,22526.24,85,1,1,1,2025-08-30 16:21:47,High,ADM-00001568,DOC-00063,Dr. Vinaya Amble,DEP004,Orthopedics,DX005,Bone Fracture,,85,High,Readmission; Age > 70; ICU admission; LOS > 10 days; Outstanding balance; Emergency admission
14020,PAT-0014020,Zayyan,Behl,Female,1931-01-28,94,3,3,1,1,9,6.67,13137.24,85,2,1,0,2025-12-03 09:33:50,High,ADM-00028817,DOC-00005,Dr. Veer Merchant,DEP006,General Medicine,DX010,Anemia,Hypertension,85,High,Readmission; Age > 70; Chronic condition; ICU admission; Emergency admission
15436,PAT-0015436,Sanaya,Loyal,Female,1939-04-28,87,3,2,1,1,13,6.0,14587.58,85,2,1,0,2026-08-11 01:15:22,High,ADM-00014837,DOC-00069,Dr. David Khosla,DEP004,Orthopedics,DX005,Bone Fracture,Asthma,85,High,Readmission; Age > 70; Chronic condition; ICU admission; LOS > 10 days
16592,PAT-0016592,Tripti,Sankar,Male,1947-04-17,78,3,1,1,1,5,4.33,12561.02,85,1,2,0,2025-11-13 03:30:05,High,ADM-00030416,DOC-00118,Dr. Aadhya Prashad,DEP009,ENT,DX003,Pneumonia,Type 2 Diabetes,85,High,Readmission; Age > 70; Chronic condition; ICU admission; Emergency admission
17657,PAT-0017657,Praneel,Sha,Female,1960-04-10,65,3,1,2,1,12,6.0,58003.88,85,1,0,2,2026-03-31 08:33:15,High,ADM-00012876,DOC-00148,Dr. Yashodhara Sani,DEP002,Cardiology,DX001,Hypertension,Type 2 Diabetes,85,High,Readmission; Chronic condition; ICU admission; LOS > 10 days; Outstanding balance; Emergency admission
18079,PAT-0018079,Dalbir,Vasa,Male,1942-06-22,83,3,1,2,1,13,7.67,0.0,85,1,2,0,2025-08-28 02:43:07,High,ADM-00031297,DOC-00110,Dr. David Narula,DEP010,Dermatology,DX004,Asthma,Type 2 Diabetes,85,High,Readmission; Age > 70; Chronic condition; ICU admission; LOS > 10 days
20803,PAT-0020803,Chaman,Kanda,Male,1951-02-18,75,3,2,2,2,12,8.0,11436.04,85,2,1,0,2026-08-10 03:34:35,High,ADM-00039469,DOC-00031,Dr. Nathan Iyengar,DEP004,Orthopedics,DX005,Bone Fracture,Migraine,85,High,Readmission; Age > 70; Chronic condition; ICU admission; Emergency admission
21502,PAT-0021502,Omya,Som,Male,1948-02-03,78,3,1,2,1,6,5.0,23803.84,85,1,2,0,2026-05-25 23:44:45,High,ADM-00027270,DOC-00039,Dr. Jalsa Choudhry,DEP002,Cardiology,DX001,Hypertension,Hypertension,85,High,Readmission; Age > 70; Chronic condition; ICU admission; Emergency admission
23692,PAT-0023692,Zaid,Raju,Male,1943-12-05,80,3,1,2,2,12,7.33,0.0,85,2,1,0,2024-07-19 09:13:14,High,ADM-00039333,DOC-00061,Dr. Michael Rastogi,DEP010,Dermatology,DX004,Asthma,Chronic Kidney Disease,85,High,Readmission; Age > 70; Chronic condition; ICU admission; Emergency admission
2002,PAT-0002002,Inaya,Saha,Male,1937-01-24,88,2,1,1,1,14,10.5,75599.74,85,1,0,1,2025-04-14 13:11:45,High,ADM-00035697,DOC-00075,Dr. Theodore Kannan,DEP007,Oncology,DX010,Anemia,,85,High,Readmission; Age > 70; ICU admission; LOS > 10 days; Outstanding balance; Emergency admission
3579,PAT-0003579,Mitesh,Kuruvilla,Female,1950-07-20,74,2,1,1,1,10,6.5,0.0,85,1,1,0,2024-11-15 03:14:12,High,ADM-00021846,DOC-00087,Dr. Zilmil Gade,DEP007,Oncology,DX010,Anemia,Migraine,85,High,Readmission; Age > 70; Chronic condition; ICU admission; Emergency admission
3688,PAT-0003688,Frado,Tiwari,Male,1941-11-20,82,2,1,1,1,8,5.5,16259.48,85,1,1,0,2024-01-09 14:58:22,High,ADM-00002167,DOC-00026,Dr. Jagrati Borde,DEP003,Neurology,DX006,Migraine,Coronary Artery Disease,85,High,Readmission; Age > 70; Chronic condition; ICU admission; Emergency admission
4116,PAT-0004116,Falan,Ratta,Female,1942-12-16,83,2,1,2,1,7,5.5,0.0,85,1,1,0,2026-07-22 19:04:31,High,ADM-00006488,DOC-00110,Dr. David Narula,DEP010,Dermatology,DX004,Asthma,Hypertension,85,High,Readmission; Age > 70; Chronic condition; ICU admission; Emergency admission
4918,PAT-0004918,Yatin,Tank,Male,1935-12-17,90,2,1,1,1,6,4.0,14249.59,85,1,1,0,2026-02-01 08:50:35,High,ADM-00023675,DOC-00054,Dr. Abhimanyu Buch,DEP001,Emergency,DX003,Pneumonia,Type 2 Diabetes,85,High,Readmission; Age > 70; Chronic condition; ICU admission; Emergency admission
6279,PAT-0006279,Vritti,Wadhwa,Female,1954-02-07,72,2,2,1,2,11,11.0,106739.64,85,2,0,0,2026-09-03 00:36:33,High,ADM-00028554,DOC-00108,Dr. Devansh Devan,DEP005,Pediatrics,DX010,Anemia,,85,High,Readmission; Age > 70; ICU admission; LOS > 10 days; Outstanding balance; Emergency admission
6692,PAT-0006692,Irya,Merchant,Male,1933-05-31,91,2,1,1,2,9,7.0,0.0,85,1,1,0,2025-04-11 01:54:32,High,ADM-00009097,DOC-00049,Dr. Anjali Patla,DEP004,Orthopedics,DX005,Bone Fracture,Chronic Kidney Disease,85,High,Readmission; Age > 70; Chronic condition; ICU admission; Emergency admission
7870,PAT-0007870,Pranav,Iyengar,Male,1950-04-27,75,2,1,1,1,7,4.5,0.0,85,1,1,0,2025-04-29 10:29:03,High,ADM-00013588,DOC-00078,Dr. Yatan Balay,DEP006,General Medicine,DX009,Gastroenteritis,Chronic Kidney Disease,85,High,Readmission; Age > 70; Chronic condition; ICU admission; Emergency admission
12449,PAT-0012449,Sarthak,Dani,Female,1962-03-19,63,2,1,1,2,11,8.5,28157.56,85,1,1,0,2025-05-22 08:26:25,High,ADM-00006822,DOC-00025,Dr. Daksh Madan,DEP001,Emergency,DX009,Gastroenteritis,Asthma,85,High,Readmission; Chronic condition; ICU admission; LOS > 10 days; Outstanding balance; Emergency admission
13464,PAT-0013464,Jeet,Dalal,Female,1955-01-13,70,2,1,1,1,11,8.0,29122.95,85,1,0,1,2025-02-02 16:04:40,High,ADM-00000812,DOC-00038,Dr. Charan Golla,DEP006,General Medicine,DX002,Type 2 Diabetes,Asthma,85,High,Readmission; Chronic condition; ICU admission; LOS > 10 days; Outstanding balance; Emergency admission
13508,PAT-0013508,Suhani,Rajagopal,Male,1938-12-08,87,2,1,0,1,13,7.0,0.0,85,1,1,0,2026-06-07 14:59:43,High,ADM-00001509,DOC-00096,Dr. Balvan Bala,DEP002,Cardiology,DX007,Coronary Artery Disease,Coronary Artery Disease,85,High,Readmission; Age > 70; Chronic condition; ICU admission; LOS > 10 days
13746,PAT-0013746,Chandresh,Amble,Female,1950-10-14,75,2,1,2,1,8,5.5,0.0,85,1,1,0,2026-08-31 20:03:19,High,ADM-00039441,DOC-00126,Dr. Yachana Vyas,DEP009,ENT,DX003,Pneumonia,Migraine,85,High,Readmission; Age > 70; Chronic condition; ICU admission; Emergency admission
15159,PAT-0015159,Indira,Raja,Male,1946-03-30,78,2,1,1,2,9,8.5,0.0,85,1,1,0,2025-01-25 14:46:42,High,ADM-00024734,DOC-00138,Dr. Urishilla Panchal,DEP003,Neurology,DX006,Migraine,Coronary Artery Disease,85,High,Readmission; Age > 70; Chronic condition; ICU admission; Emergency admission
15207,PAT-0015207,Anjali,Bahl,Male,1948-04-14,75,2,1,1,1,8,7.5,0.0,85,1,1,0,2024-04-08 10:13:37,High,ADM-00023192,DOC-00120,Dr. Alexander Gulati,DEP010,Dermatology,DX004,Asthma,Migraine,85,High,Readmission; Age > 70; Chronic condition; ICU admission; Emergency admission
15727,PAT-0015727,Urmi,Sampath,Male,1942-03-19,83,2,1,1,1,6,4.0,8654.05,85,1,1,0,2025-08-28 17:01:58,High,ADM-00012068,DOC-00094,Dr. Hemang Thaman,DEP004,Orthopedics,DX005,Bone Fracture,Asthma,85,High,Readmission; Age > 70; Chronic condition; ICU admission; Emergency admission
21309,PAT-0021309,Mugdha,Chadha,Female,1951-11-09,72,2,1,0,1,13,7.5,0.0,85,1,1,0,2024-01-27 23:55:23,High,ADM-00032783,DOC-00007,Dr. Lajita Bora,DEP010,Dermatology,DX004,Asthma,Migraine,85,High,Readmission; Age > 70; Chronic condition; ICU admission; LOS > 10 days
23062,PAT-0023062,Neelima,Shroff,Female,1942-07-20,82,2,1,1,1,7,5.5,0.0,85,1,1,0,2025-02-25 18:30:43,High,ADM-00006948,DOC-00042,Dr. Harrison Dora,DEP002,Cardiology,DX007,Coronary Artery Disease,Coronary Artery Disease,85,High,Readmission; Age > 70; Chronic condition; ICU admission; Emergency admission
23641,PAT-0023641,Jagat,Mallick,Female,1947-03-11,78,2,2,0,1,14,10.5,0.0,85,1,1,0,2025-03-16 18:41:10,High,ADM-00040056,DOC-00067,Dr. Ijaya Zachariah,DEP008,Gynecology,DX010,Anemia,Migraine,85,High,Readmission; Age > 70; Chronic condition; ICU admission; LOS > 10 days
23747,PAT-0023747,Sarthak,Tank,Female,1940-07-24,84,2,1,1,1,10,7.5,0.0,85,1,1,0,2025-06-23 17:51:31,High,ADM-00040092,DOC-00149,Dr. Viraj Nair,DEP006,General Medicine,DX003,Pneumonia,Migraine,85,High,Readmission; Age > 70; Chronic condition; ICU admission; Emergency admission
24757,PAT-0024757,Tanish,Andra,Male,1956-06-14,68,2,1,1,1,13,7.5,27239.28,85,1,0,1,2024-10-18 06:38:31,High,ADM-00012864,DOC-00132,Dr. Shravya Ramanathan,DEP008,Gynecology,DX010,Anemia,Hypertension,85,High,Readmission; Chronic condition; ICU admission; LOS > 10 days; Outstanding balance; Emergency admission
4767,PAT-0004767,Ojas,Viswanathan,Female,1949-04-08,76,1,1,0,1,15,15.0,0.0,85,1,0,0,2025-04-21 22:40:26,High,ADM-00044508,DOC-00061,Dr. Michael Rastogi,DEP010,Dermatology,DX004,Asthma,Coronary Artery Disease,85,High,Readmission; Age > 70; Chronic condition; ICU admission; LOS > 10 days
12856,PAT-0012856,Jyoti,Rama,Female,1939-01-07,87,1,1,1,1,5,5.0,0.0,85,1,0,0,2026-07-02 19:48:07,High,ADM-00026157,DOC-00037,Dr. Priya Malhotra,DEP010,Dermatology,DX004,Asthma,Chronic Kidney Disease,85,High,Readmission; Age > 70; Chronic condition; ICU admission; Emergency admission
14456,PAT-0014456,Upasna,Thakkar,Female,1948-08-13,77,1,1,0,1,15,15.0,0.0,85,1,0,0,2026-03-06 22:30:26,High,ADM-00024118,DOC-00132,Dr. Shravya Ramanathan,DEP008,Gynecology,DX010,Anemia,Hypertension,85,High,Readmission; Age > 70; Chronic condition; ICU admission; LOS > 10 days
15667,PAT-0015667,Abdul,Mander,Female,1939-10-24,86,1,1,0,1,11,11.0,0.0,85,1,0,0,2026-05-08 15:13:18,High,ADM-00043394,DOC-00094,Dr. Hemang Thaman,DEP004,Orthopedics,DX005,Bone Fracture,Migraine,85,High,Readmission; Age > 70; Chronic condition; ICU admission; LOS > 10 days
16322,PAT-0016322,Radhika,Vyas,Male,1946-10-07,79,1,1,1,1,13,13.0,11676.35,85,1,0,0,2026-09-24 20:09:48,High,ADM-00050651,DOC-00042,Dr. Harrison Dora,DEP002,Cardiology,DX007,Coronary Artery Disease,,85,High,Readmission; Age > 70; ICU admission; LOS > 10 days; Outstanding balance; Emergency admission
16329,PAT-0016329,Madhavi,Khanna,Male,1933-10-22,89,1,1,1,1,5,5.0,0.0,85,1,0,0,2023-10-01 08:32:11,High,ADM-00027914,DOC-00030,Dr. Yamini Rau,DEP009,ENT,DX003,Pneumonia,Type 2 Diabetes,85,High,Readmission; Age > 70; Chronic condition; ICU admission; Emergency admission
16423,PAT-0016423,Yochana,Pall,Female,1945-10-14,77,1,1,1,1,10,10.0,0.0,85,1,0,0,2023-09-04 04:33:27,High,ADM-00007591,DOC-00100,Dr. Umang Basu,DEP010,Dermatology,DX004,Asthma,Hypertension,85,High,Readmission; Age > 70; Chronic condition; ICU admission; Emergency admission
17882,PAT-0017882,Rachit,Bakshi,Male,1934-10-11,90,1,1,0,1,11,11.0,0.0,85,1,0,0,2024-12-28 11:33:26,High,ADM-00040659,DOC-00079,Dr. Warinder Sarin,DEP008,Gynecology,DX010,Anemia,Chronic Kidney Disease,85,High,Readmission; Age > 70; Chronic condition; ICU admission; LOS > 10 days
18015,PAT-0018015,Ikshita,Dugar,Female,1955-04-13,71,1,1,1,1,10,10.0,0.0,85,1,0,0,2026-07-31 15:22:16,High,ADM-00030914,DOC-00127,Dr. Fitan Ratti,DEP004,Orthopedics,DX005,Bone Fracture,Chronic Kidney Disease,85,High,Readmission; Age > 70; Chronic condition; ICU admission; Emergency admission
18457,PAT-0018457,Baljiwan,Dutta,Female,1932-06-25,91,1,1,1,1,8,8.0,0.0,85,1,0,0,2024-04-05 13:54:56,High,ADM-00004613,DOC-00018,Dr. Dalaja Pant,DEP009,ENT,DX003,Pneumonia,Chronic Kidney Disease,85,High,Readmission; Age > 70; Chronic condition; ICU admission; Emergency admission
19469,PAT-0019469,Quincy,Bava,Female,1947-12-08,78,1,1,0,1,11,11.0,0.0,85,1,0,0,2026-07-26 22:52:33,High,ADM-00048759,DOC-00125,Dr. Robert Murthy,DEP010,Dermatology,DX004,Asthma,Hypertension,85,High,Readmission; Age > 70; Chronic condition; ICU admission; LOS > 10 days
19832,PAT-0019832,Jairaj,Bobal,Male,1951-03-03,73,1,1,1,1,8,8.0,0.0,85,1,0,0,2024-11-12 03:32:32,High,ADM-00007399,DOC-00028,Dr. Samesh Arora,DEP006,General Medicine,DX009,Gastroenteritis,Hypertension,85,High,Readmission; Age > 70; Chronic condition; ICU admission; Emergency admission
2541,PAT-0002541,Raagini,Khurana,Female,1949-10-25,75,2,2,0,2,14,12.0,0.0,85,2,0,0,2025-06-09 07:53:01,High,ADM-00013366,DOC-00065,Dr. Nitara Choudhury,DEP004,Orthopedics,DX005,Bone Fracture,Coronary Artery Disease,75,High,Readmission; Age > 70; Chronic condition; ICU admission
9513,PAT-0009513,Urvi,Sankaran,Male,1975-12-30,49,3,2,1,3,13,12.0,16539.41,85,2,1,0,2025-11-09 01:13:16,High,ADM-00024094,DOC-00068,Dr. Aarnav Barman,DEP009,ENT,DX003,Pneumonia,Coronary Artery Disease,70,High,Readmission; Chronic condition; ICU admission; LOS > 10 days
13916,PAT-0013916,Gunbir,Kala,Female,1932-02-19,94,3,1,1,2,13,9.67,0.0,85,2,1,0,2026-06-06 08:54:38,High,ADM-00018582,DOC-00070,Dr. Jason Mukherjee,DEP005,Pediatrics,DX010,Anemia,Chronic Kidney Disease,70,High,Age > 70; Chronic condition; ICU admission; LOS > 10 days; Emergency admission
14148,PAT-0014148,Michael,Tandon,Male,1935-12-04,89,2,2,1,1,13,8.5,14554.52,85,2,0,0,2025-10-21 09:24:37,High,ADM-00032833,DOC-00057,Dr. Bahadurjit Sane,DEP009,ENT,DX003,Pneumonia,Hypertension,70,High,Readmission; Age > 70; Chronic condition; Outstanding balance; Emergency admission
19456,PAT-0019456,Fitan,Wali,Male,1950-09-30,75,5,3,1,1,13,5.8,3203.51,85,2,3,0,2026-04-28 13:13:41,High,ADM-00042433,DOC-00078,Dr. Yatan Balay,DEP006,General Medicine,DX010,Anemia,Type 2 Diabetes,65,High,Readmission; Age > 70; Chronic condition; Emergency admission
7636,PAT-0007636,Chaitaly,Bose,Male,1950-09-21,75,3,2,1,2,13,6.67,69586.6,85,2,1,0,2026-01-29 02:34:27,High,ADM-00041714,DOC-00094,Dr. Hemang Thaman,DEP004,Orthopedics,DX005,Bone Fracture,Migraine,65,High,Age > 70; Chronic condition; ICU admission; Outstanding balance; Emergency admission
20015,PAT-0020015,Dipta,Chana,Female,1934-12-11,91,5,1,2,3,13,9.0,20439.97,85,3,2,0,2026-01-13 04:24:49,High,ADM-00023556,DOC-00034,Dr. Teerth Dewan,DEP009,ENT,DX003,Pneumonia,Hypertension,60,High,Age > 70; Chronic condition; ICU admission; LOS > 10 days
6283,PAT-0006283,Michael,Hegde,Female,1947-05-02,79,6,3,0,1,11,5.17,6683.3,85,2,4,0,2026-09-04 19:42:27,High,ADM-00047779,DOC-00133,Dr. Vritti Cheema,DEP002,Cardiology,DX007,Coronary Artery Disease,Chronic Kidney Disease,55,Medium,Readmission; Age > 70; Chronic condition
14448,PAT-0014448,Frado,Mallick,Female,1949-12-08,76,6,2,1,1,9,6.0,2030.23,85,1,5,0,2026-07-29 21:53:13,High,ADM-00003184,DOC-00093,Dr. Zaitra Mahajan,DEP008,Gynecology,DX010,Anemia,Migraine,55,Medium,Readmission; Age > 70; Chronic condition
5599,PAT-0005599,Balvan,Krish,Male,1935-10-19,90,4,2,1,1,4,2.25,0.0,85,1,3,0,2026-06-12 05:13:01,High,ADM-00009266,DOC-00061,Dr. Michael Rastogi,DEP010,Dermatology,DX004,Asthma,Asthma,55,Medium,Readmission; Age > 70; Chronic condition
11575,PAT-0011575,Arin,Malhotra,Female,1945-03-17,81,4,1,0,3,12,8.25,33162.4,85,1,3,0,2026-05-16 17:27:23,High,ADM-00005580,DOC-00109,Dr. Jagat Divan,DEP003,Neurology,DX006,Migraine,Coronary Artery Disease,55,Medium,Age > 70; Chronic condition; ICU admission; Outstanding balance
22228,PAT-0022228,Naveen,Swaminathan,Female,1933-02-09,93,3,2,1,1,9,5.67,0.0,85,1,2,0,2026-05-08 23:27:31,High,ADM-00015825,DOC-00007,Dr. Lajita Bora,DEP010,Dermatology,DX004,Asthma,Migraine,55,Medium,Readmission; Age > 70; Chronic condition
3835,PAT-0003835,Ria,Parekh,Female,1931-07-31,93,6,1,2,3,10,6.67,0.0,85,1,5,0,2025-07-09 00:13:52,High,ADM-00015445,DOC-00009,Dr. Vrinda Kale,DEP006,General Medicine,DX010,Anemia,Asthma,50,Medium,Age > 70; Chronic condition; ICU admission
9954,PAT-0009954,Vyanjana,Dani,Male,1950-10-18,75,3,1,1,2,8,5.0,0.0,85,1,2,0,2026-09-25 01:49:47,High,ADM-00050195,DOC-00142,Dr. Yug Bali,DEP005,Pediatrics,DX003,Pneumonia,Chronic Kidney Disease,50,Medium,Age > 70; Chronic condition; ICU admission
10728,PAT-0010728,Krisha,Sur,Female,1996-11-23,29,3,1,3,2,13,7.0,150430.39,85,1,1,1,2026-07-10 19:11:31,High,ADM-00033850,DOC-00079,Dr. Warinder Sarin,DEP008,Gynecology,DX010,Anemia,Migraine,50,Medium,Chronic condition; ICU admission; Outstanding balance; Emergency admission
14259,PAT-0014259,Akshay,Dara,Male,1939-06-14,86,3,1,2,3,11,10.0,0.0,85,2,1,0,2025-08-10 14:32:29,High,ADM-00047112,DOC-00105,Dr. Ekapad Pal,DEP002,Cardiology,DX007,Coronary Artery Disease,Hypertension,50,Medium,Age > 70; Chronic condition; ICU admission
24267,PAT-0024267,Victor,Oommen,Male,1931-11-28,94,3,2,2,2,10,7.33,0.0,85,2,1,0,2025-12-03 01:50:54,High,ADM-00033117,DOC-00093,Dr. Zaitra Mahajan,DEP008,Gynecology,DX010,Anemia,Migraine,50,Medium,Age > 70; Chronic condition; ICU admission
12348,PAT-0012348,Diya,Garg,Female,1951-02-05,74,2,1,1,2,10,8.5,0.0,85,1,1,0,2025-03-23 13:55:18,High,ADM-00035333,DOC-00143,Dr. Ranbir Sarma,DEP003,Neurology,DX006,Migraine,Coronary Artery Disease,50,Medium,Age > 70; Chronic condition; ICU admission
11650,PAT-0011650,Dalaja,Malhotra,Male,1938-07-20,88,8,1,4,2,12,5.38,5296.24,85,2,6,0,2026-08-21 06:11:00,High,ADM-00029352,DOC-00036,Dr. Nachiket Pandit,DEP002,Cardiology,DX001,Hypertension,Migraine,40,Medium,Age > 70; Chronic condition; Emergency admission
16826,PAT-0016826,Pranav,Toor,Female,1931-07-12,95,6,1,3,1,10,4.67,0.0,85,1,5,0,2026-09-17 02:40:33,High,ADM-00037250,DOC-00062,Dr. Raghav Sampath,DEP003,Neurology,DX006,Migraine,Type 2 Diabetes,40,Medium,Age > 70; Chronic condition; Emergency admission
2092,PAT-0002092,Lakshit,Sethi,Female,1933-03-31,92,5,1,2,1,11,6.8,24336.89,85,1,4,0,2025-10-27 13:52:44,High,ADM-00021126,DOC-00075,Dr. Theodore Kannan,DEP007,Oncology,DX010,Anemia,Hypertension,40,Medium,Age > 70; Chronic condition; Emergency admission
3761,PAT-0003761,Anmol,Thaker,Female,1948-01-25,77,4,1,1,1,11,6.0,10077.38,85,1,3,0,2025-12-09 01:08:24,High,ADM-00037342,DOC-00076,Dr. Kamala Barad,DEP003,Neurology,DX006,Migraine,Asthma,40,Medium,Age > 70; Chronic condition; Emergency admission
5358,PAT-0005358,Divya,Pingle,Male,1961-02-03,65,4,2,2,2,13,7.0,23187.76,85,1,2,1,2026-03-26 09:36:40,High,ADM-00001966,DOC-00025,Dr. Daksh Madan,DEP001,Emergency,DX009,Gastroenteritis,Hypertension,40,Medium,Readmission; Chronic condition
15166,PAT-0015166,Anay,Agate,Female,1933-11-23,91,4,2,2,1,9,5.5,0.0,85,1,3,0,2025-05-23 08:55:08,High,ADM-00024625,DOC-00090,Dr. Lohit Upadhyay,DEP007,Oncology,DX010,Anemia,Chronic Kidney Disease,40,Medium,Age > 70; Chronic condition; Emergency admission
7769,PAT-0007769,Varsha,Kata,Male,1938-09-02,86,3,1,2,1,8,7.0,0.0,85,1,2,0,2025-06-01 05:52:28,High,ADM-00047233,DOC-00129,Dr. Sneha Mahal,DEP008,Gynecology,DX010,Anemia,Hypertension,40,Medium,Age > 70; Chronic condition; Emergency admission
10747,PAT-0010747,Ucchal,Mistry,Male,1937-11-17,87,3,1,3,2,11,6.0,0.0,85,2,1,0,2025-06-25 04:30:45,High,ADM-00040598,DOC-00019,Dr. Bishakha Patel,DEP003,Neurology,DX006,Migraine,Coronary Artery Disease,40,Medium,Age > 70; Chronic condition; Emergency admission
4771,PAT-0004771,Hemal,Dasgupta,Male,1936-03-04,87,2,1,2,1,6,4.0,0.0,85,1,1,0,2023-05-29 00:46:39,High,ADM-00013974,DOC-00101,Dr. Janya Biswas,DEP005,Pediatrics,DX004,Asthma,Chronic Kidney Disease,40,Medium,Age > 70; Chronic condition; Emergency admission
16894,PAT-0016894,Henry,Chopra,Female,1939-02-25,85,2,1,1,1,15,9.0,0.0,85,1,1,0,2024-09-23 07:52:50,High,ADM-00002796,DOC-00001,Dr. Viraj Subramanian,DEP002,Cardiology,DX001,Hypertension,Hypertension,40,Medium,Age > 70; Chronic condition; Emergency admission
16965,PAT-0016965,Patrick,Banerjee,Female,1946-03-18,80,2,1,2,1,8,5.0,0.0,85,1,1,0,2026-05-05 03:25:26,High,ADM-00018569,DOC-00095,Dr. Hema Rana,DEP009,ENT,DX003,Pneumonia,Asthma,40,Medium,Age > 70; Chronic condition; Emergency admission
20267,PAT-0020267,Daniel,Jain,Female,1949-01-29,76,2,1,2,1,8,6.0,0.0,85,1,1,0,2025-03-03 06:08:51,High,ADM-00021108,DOC-00078,Dr. Yatan Balay,DEP006,General Medicine,DX009,Gastroenteritis,Asthma,40,Medium,Age > 70; Chronic condition; Emergency admission
22249,PAT-0022249,George,Thaman,Male,1950-05-22,75,6,2,1,2,12,6.5,50021.04,85,2,4,0,2026-03-23 14:33:13,High,ADM-00034055,DOC-00107,Dr. Kavya Chaudhry,DEP001,Emergency,DX003,Pneumonia,Type 2 Diabetes,35,Medium,Age > 70; Chronic condition; Outstanding balance
15128,PAT-0015128,Oscar,Edwin,Male,1948-08-06,77,5,2,2,1,7,4.4,14299.57,85,2,3,0,2026-04-05 04:06:08,High,ADM-00020282,DOC-00059,Dr. Indrajit Cheema,DEP005,Pediatrics,DX003,Pneumonia,Hypertension,35,Medium,Age > 70; Chronic condition; Outstanding balance
130,PAT-0000130,Bina,Misra,Male,1938-02-24,87,4,1,1,2,6,4.75,3610.71,85,1,3,0,2026-02-17 08:02:35,High,ADM-00012926,DOC-00149,Dr. Viraj Nair,DEP006,General Medicine,DX001,Hypertension,Migraine,35,Medium,Age > 70; Chronic condition; Outstanding balance
7210,PAT-0007210,Aishani,Saini,Female,1951-03-11,74,4,1,2,1,7,4.0,117273.45,85,1,3,0,2025-05-23 06:42:52,High,ADM-00044661,DOC-00092,Dr. Baghyawati Shroff,DEP004,Orthopedics,DX005,Bone Fracture,Chronic Kidney Disease,35,Medium,Age > 70; Chronic condition; Outstanding balance
12057,PAT-0012057,Omaja,Kanda,Male,1947-01-24,79,4,1,0,1,12,5.0,8549.15,85,1,3,0,2026-07-26 16:18:21,High,ADM-00031676,DOC-00135,Dr. Charles Bajaj,DEP007,Oncology,DX010,Anemia,Migraine,35,Medium,Age > 70; Chronic condition; Outstanding balance
13451,PAT-0013451,Saumya,Rajan,Male,1941-04-29,85,4,2,2,1,6,3.25,2782.03,85,1,3,0,2026-09-25 06:19:34,High,ADM-00051016,DOC-00148,Dr. Yashodhara Sani,DEP002,Cardiology,DX007,Coronary Artery Disease,Migraine,35,Medium,Age > 70; Chronic condition; Outstanding balance
14970,PAT-0014970,Owen,Bhasin,Male,1947-10-11,78,4,2,1,1,8,6.0,71261.4,85,1,3,0,2026-08-10 04:28:15,High,ADM-00048363,DOC-00037,Dr. Priya Malhotra,DEP010,Dermatology,DX004,Asthma,Asthma,35,Medium,Age > 70; Chronic condition; Outstanding balance
335,PAT-0000335,Indrajit,Yadav,Male,1941-12-26,84,3,2,1,1,13,7.33,27136.2,85,2,1,0,2026-01-13 17:32:15,High,ADM-00044632,DOC-00112,Dr. Manan Saran,DEP010,Dermatology,DX004,Asthma,Hypertension,35,Medium,Age > 70; Chronic condition; Outstanding balance
14295,PAT-0014295,Amruta,Sarma,Male,1949-08-14,74,3,2,1,1,7,4.0,11733.28,85,1,2,0,2024-05-01 21:39:11,High,ADM-00031859,DOC-00124,Dr. Krishna Modi,DEP007,Oncology,DX010,Anemia,Coronary Artery Disease,35,Medium,Age > 70; Chronic condition; Outstanding balance
22056,PAT-0022056,Bhavani,Sampath,Female,1940-07-05,85,3,1,1,1,7,5.67,28821.27,85,1,2,0,2025-07-22 21:02:39,High,ADM-00016399,DOC-00127,Dr. Fitan Ratti,DEP004,Orthopedics,DX005,Bone Fracture,Type 2 Diabetes,35,Medium,Age > 70; Chronic condition; Outstanding balance
23257,PAT-0023257,Brijesh,Bera,Male,1945-09-21,80,3,1,1,1,11,6.0,5682.24,85,1,2,0,2025-12-31 15:26:27,High,ADM-00021145,DOC-00144,Dr. Gabriel Sachdev,DEP003,Neurology,DX006,Migraine,Coronary Artery Disease,35,Medium,Age > 70; Chronic condition; Outstanding balance
23751,PAT-0023751,Megha,Luthra,Female,1953-08-03,73,3,1,2,1,7,4.33,34047.55,85,1,2,0,2026-09-06 19:34:35,High,ADM-00015225,DOC-00054,Dr. Abhimanyu Buch,DEP001,Emergency,DX009,Gastroenteritis,Asthma,35,Medium,Age > 70; Chronic condition; Outstanding balance
1529,PAT-0001529,Wyatt,Kothari,Female,1944-11-15,80,2,1,0,1,12,8.0,16313.01,85,1,1,0,2024-12-27 07:51:34,High,ADM-00011492,DOC-00121,Dr. Falguni Kumar,DEP004,Orthopedics,DX005,Bone Fracture,Hypertension,35,Medium,Age > 70; Chronic condition; Outstanding balance
20142,PAT-0020142,Girik,Sura,Female,1941-10-06,84,2,1,0,1,13,9.0,28111.37,85,1,1,0,2026-06-18 10:15:14,High,ADM-00010926,DOC-00130,Dr. Ekantika Virk,DEP003,Neurology,DX006,Migraine,Hypertension,35,Medium,Age > 70; Chronic condition; Outstanding balance
16405,PAT-0016405,Bakhshi,Ahuja,Female,1931-12-07,94,7,1,0,1,12,6.71,0.0,85,1,6,0,2026-04-16 13:36:14,High,ADM-00006991,DOC-00035,Dr. Dayamai Nazareth,DEP009,ENT,DX003,Pneumonia,Hypertension,30,Medium,Age > 70; Chronic condition
4254,PAT-0004254,Charles,Jhaveri,Male,1951-05-21,74,5,1,1,1,12,5.4,10458.36,85,1,4,0,2026-03-13 12:32:23,High,ADM-00027931,DOC-00014,Dr. Chaitanya Buch,DEP004,Orthopedics,DX005,Bone Fracture,Migraine,30,Medium,Age > 70; Chronic condition
12240,PAT-0012240,Bimala,Kade,Male,1944-06-07,82,4,1,1,2,12,7.25,0.0,85,2,2,0,2026-07-22 04:45:37,High,ADM-00011255,DOC-00042,Dr. Harrison Dora,DEP002,Cardiology,DX007,Coronary Artery Disease,Hypertension,30,Medium,Age > 70; Chronic condition
14168,PAT-0014168,Charan,Vaidya,Male,1934-12-16,91,4,1,2,2,10,7.0,0.0,85,2,2,0,2026-09-26 16:15:37,High,ADM-00051141,DOC-00127,Dr. Fitan Ratti,DEP004,Orthopedics,DX005,Bone Fracture,Migraine,30,Medium,Age > 70; Chronic condition
14221,PAT-0014221,Darsh,Shroff,Male,1935-08-28,90,4,3,2,1,9,5.0,0.0,85,2,2,0,2026-07-03 08:31:14,High,ADM-00003613,DOC-00037,Dr. Priya Malhotra,DEP010,Dermatology,DX004,Asthma,Asthma,30,Medium,Age > 70; Chronic condition
17619,PAT-0017619,Edhitha,Sant,Male,1946-01-03,78,4,1,0,1,13,6.0,20077.05,85,1,3,0,2024-10-03 06:07:13,High,ADM-00019697,DOC-00015,Dr. Wridesh Sheth,DEP003,Neurology,DX006,Migraine,Type 2 Diabetes,30,Medium,Age > 70; Chronic condition
19707,PAT-0019707,Jalsa,Kata,Female,1931-07-22,94,4,1,2,1,3,2.0,0.0,85,1,3,0,2025-11-08 20:17:51,High,ADM-00015069,DOC-00125,Dr. Robert Murthy,DEP010,Dermatology,DX004,Asthma,Asthma,30,Medium,Age > 70; Chronic condition
20661,PAT-0020661,Ijaya,Rajagopalan,Male,1934-10-12,91,4,1,1,1,7,4.75,9639.16,85,1,3,0,2026-07-22 23:40:05,High,ADM-00020584,DOC-00088,Dr. Girindra Varty,DEP009,ENT,DX003,Pneumonia,Asthma,30,Medium,Age > 70; Chronic condition
21046,PAT-0021046,Anjali,Parekh,Female,1939-11-28,85,4,2,0,1,11,4.5,22901.01,85,2,2,0,2025-09-06 05:00:55,High,ADM-00048459,DOC-00040,Dr. Triya Sem,DEP009,ENT,DX003,Pneumonia,Asthma,30,Medium,Age > 70; Chronic condition
22418,PAT-0022418,Dipta,Kari,Female,1946-07-09,79,4,3,2,1,7,5.25,0.0,85,2,2,0,2025-08-30 04:43:40,High,ADM-00031294,DOC-00064,Dr. Amol Gera,DEP008,Gynecology,DX010,Anemia,Hypertension,30,Medium,Age > 70; Chronic condition
233,PAT-0000233,Bachittar,Dyal,Male,1942-08-11,84,3,1,2,1,10,5.33,6331.47,85,1,2,0,2026-09-25 22:28:43,High,ADM-00050210,DOC-00050,Dr. Nathaniel Shan,DEP006,General Medicine,DX002,Type 2 Diabetes,Coronary Artery Disease,30,Medium,Age > 70; Chronic condition
3862,PAT-0003862,Lakshmi,Sandhu,Female,1939-08-20,87,3,1,0,1,13,5.67,0.0,85,1,2,0,2026-09-25 23:15:21,High,ADM-00050400,DOC-00087,Dr. Zilmil Gade,DEP007,Oncology,DX010,Anemia,Coronary Artery Disease,30,Medium,Age > 70; Chronic condition
7015,PAT-0007015,Gaurangi,Rattan,Female,1948-10-11,76,3,1,1,1,12,8.0,4682.72,85,1,2,0,2025-05-01 09:41:07,High,ADM-00049682,DOC-00136,Dr. Elijah Rege,DEP010,Dermatology,DX004,Asthma,Hypertension,30,Medium,Age > 70; Chronic condition
9765,PAT-0009765,Bhavna,Palan,Female,1947-10-20,76,3,1,1,1,14,7.67,17567.36,85,1,2,0,2024-06-20 12:38:42,High,ADM-00041753,DOC-00070,Dr. Jason Mukherjee,DEP005,Pediatrics,DX004,Asthma,Type 2 Diabetes,30,Medium,Age > 70; Chronic condition
16996,PAT-0016996,Ekanta,Sharaf,Male,1941-10-19,83,3,1,2,1,11,6.0,92944.63,85,1,1,1,2024-12-31 17:59:44,High,ADM-00049707,DOC-00080,Dr. Kabir Wadhwa,DEP001,Emergency,DX009,Gastroenteritis,,30,Medium,Age > 70; Outstanding balance; Emergency admission
22030,PAT-0022030,Anamika,Andra,Male,1931-11-04,93,3,1,2,1,10,7.0,0.0,85,1,2,0,2025-08-06 00:11:02,High,ADM-00010506,DOC-00034,Dr. Teerth Dewan,DEP009,ENT,DX003,Pneumonia,Migraine,30,Medium,Age > 70; Chronic condition
6520,PAT-0006520,Tarak,Toor,Male,1933-01-18,92,2,1,0,1,12,9.0,0.0,85,1,1,0,2025-12-15 02:44:37,High,ADM-00046594,DOC-00087,Dr. Zilmil Gade,DEP007,Oncology,DX010,Anemia,Asthma,30,Medium,Age > 70; Chronic condition
9918,PAT-0009918,Jagvi,Nath,Male,1946-10-15,76,2,1,1,1,9,6.5,0.0,85,1,1,0,2023-09-26 12:05:13,High,ADM-00040488,DOC-00136,Dr. Elijah Rege,DEP010,Dermatology,DX004,Asthma,Hypertension,30,Medium,Age > 70; Chronic condition
11130,PAT-0011130,Azaan,Lalla,Male,1936-03-03,89,2,1,1,1,9,6.5,0.0,85,1,1,0,2025-11-11 10:07:45,High,ADM-00040856,DOC-00058,Dr. Jackson Jhaveri,DEP002,Cardiology,DX001,Hypertension,Migraine,30,Medium,Age > 70; Chronic condition
20946,PAT-0020946,Yug,Dara,Male,1947-11-20,77,2,1,1,1,8,5.5,0.0,85,1,1,0,2025-02-16 23:58:23,High,ADM-00018669,DOC-00069,Dr. David Khosla,DEP004,Orthopedics,DX005,Bone Fracture,Migraine,30,Medium,Age > 70; Chronic condition
8461,PAT-0008461,Warhi,Palla,Male,1989-02-13,34,2,1,2,1,13,8.0,93254.34,85,1,0,1,2024-01-05 18:07:17,High,ADM-00027156,DOC-00124,Dr. Krishna Modi,DEP007,Oncology,DX010,Anemia,Asthma,25,Low,Chronic condition; Emergency admission
4353,PAT-0004353,Urishilla,Varty,Male,2005-08-07,20,3,2,1,1,11,5.67,321392.85,85,1,1,1,2025-09-15 18:25:24,High,ADM-00000181,DOC-00029,Dr. Unnati Mall,DEP005,Pediatrics,DX003,Pneumonia,Type 2 Diabetes,20,Low,Chronic condition; Outstanding balance
8468,PAT-0008468,Vidhi,Rattan,Female,1931-09-26,93,5,3,4,2,11,5.8,166696.72,85,2,2,1,2025-03-22 05:17:04,High,ADM-00028282,DOC-00122,Dr. Nakul Pathak,DEP005,Pediatrics,DX010,Anemia,,15,Low,Age > 70
23072,PAT-0023072,Bishakha,Mahajan,Male,1955-12-30,70,5,3,2,1,12,6.0,99499.98,85,1,2,2,2026-02-18 18:39:00,High,ADM-00043426,DOC-00139,Dr. Tamanna Chander,DEP008,Gynecology,DX010,Anemia,Chronic Kidney Disease,15,Low,Chronic condition
14112,PAT-0014112,Anya,Bhalla,Female,2012-03-05,14,4,2,1,1,15,5.25,122271.51,85,1,1,2,2026-04-12 20:03:12,High,ADM-00023293,DOC-00147,Dr. Samarth Nayar,DEP004,Orthopedics,DX005,Bone Fracture,Asthma,15,Low,Chronic condition
7343,PAT-0007343,Alexander,Om,Female,2018-04-11,7,3,2,1,1,11,6.67,98531.08,85,1,1,1,2026-02-25 15:31:23,High,ADM-00014894,DOC-00139,Dr. Tamanna Chander,DEP008,Gynecology,DX010,Anemia,Hypertension,15,Low,Chronic condition
15958,PAT-0015958,Geetika,Suresh,Female,1980-11-02,44,3,1,1,1,12,4.67,25999.5,85,1,0,2,2025-05-18 14:01:48,High,ADM-00026448,DOC-00115,Dr. Ayushman Roy,DEP002,Cardiology,DX001,Hypertension,Coronary Artery Disease,15,Low,Chronic condition
23773,PAT-0023773,Diya,Batta,Male,1937-09-25,87,2,1,1,1,13,8.0,65480.39,85,1,0,1,2025-08-08 20:39:10,High,ADM-00033339,DOC-00076,Dr. Kamala Barad,DEP003,Neurology,DX006,Migraine,,15,Low,Age > 70
16858,PAT-0016858,Karan,Aurora,Female,1958-08-14,67,9,2,2,2,14,5.67,15286.96,80,1,2,6,2026-02-23 18:47:54,High,ADM-00003724,DOC-00130,Dr. Ekantika Virk,DEP003,Neurology,DX006,Migraine,Migraine,80,High,Readmission; Chronic condition; ICU admission; LOS > 10 days; Emergency admission
12258,PAT-0012258,Raksha,Palla,Female,1959-12-05,66,7,3,4,3,12,6.0,72818.91,80,2,3,2,2026-08-19 09:00:06,High,ADM-00039131,DOC-00047,Dr. Zaid Vohra,DEP007,Oncology,DX010,Anemia,Coronary Artery Disease,80,High,Readmission; Chronic condition; ICU admission; LOS > 10 days; Emergency admission
1055,PAT-0001055,Suhani,Shetty,Female,1947-10-10,78,6,2,1,2,8,4.83,30004.05,80,1,5,0,2026-08-16 18:33:22,High,ADM-00006710,DOC-00127,Dr. Fitan Ratti,DEP004,Orthopedics,DX005,Bone Fracture,Type 2 Diabetes,80,High,Readmission; Age > 70; Chronic condition; ICU admission; Outstanding balance
8766,PAT-0008766,Tara,Magar,Female,2013-01-22,13,6,2,1,1,13,6.17,38018.15,80,1,1,4,2026-09-26 17:23:25,High,ADM-00051176,DOC-00071,Dr. Om Bajaj,DEP007,Oncology,DX010,Anemia,Coronary Artery Disease,80,High,Readmission; Chronic condition; ICU admission; LOS > 10 days; Emergency admission
20234,PAT-0020234,Widisha,Gandhi,Female,1976-12-08,49,6,1,1,1,12,5.5,19578.43,80,1,0,5,2026-02-12 08:11:29,High,ADM-00019133,DOC-00070,Dr. Jason Mukherjee,DEP005,Pediatrics,DX010,Anemia,Type 2 Diabetes,80,High,Readmission; Chronic condition; ICU admission; LOS > 10 days; Emergency admission
10973,PAT-0010973,Wyatt,Prakash,Male,1944-11-05,79,5,1,2,1,13,6.0,0.0,80,1,0,4,2024-08-29 02:06:09,High,ADM-00025993,DOC-00142,Dr. Yug Bali,DEP005,Pediatrics,DX010,Anemia,,80,High,Readmission; Age > 70; ICU admission; LOS > 10 days; Emergency admission
20164,PAT-0020164,Rachana,Nigam,Female,1995-03-27,31,5,1,3,1,12,4.8,58452.98,80,1,1,3,2026-07-17 07:16:06,High,ADM-00037316,DOC-00146,Dr. Bhanumati Minhas,DEP008,Gynecology,DX010,Anemia,Migraine,80,High,Readmission; Chronic condition; ICU admission; LOS > 10 days; Emergency admission
4086,PAT-0004086,Arjun,Sinha,Female,1999-08-25,27,4,2,1,2,11,7.5,6040.53,80,1,2,1,2026-09-08 05:19:58,High,ADM-00023020,DOC-00051,Dr. Ekta Pai,DEP008,Gynecology,DX010,Anemia,Coronary Artery Disease,80,High,Readmission; Chronic condition; ICU admission; LOS > 10 days; Emergency admission
14421,PAT-0014421,Upkaar,Dutt,Female,1964-01-05,62,4,2,4,2,13,7.25,0.0,80,2,0,2,2026-08-14 03:41:58,High,ADM-00015883,DOC-00114,Dr. Om Mangat,DEP007,Oncology,DX010,Anemia,Chronic Kidney Disease,80,High,Readmission; Chronic condition; ICU admission; LOS > 10 days; Emergency admission
1678,PAT-0001678,Unni,Sharaf,Male,1938-01-16,88,3,2,1,1,9,5.0,50703.15,80,2,1,0,2026-08-10 14:59:19,High,ADM-00001180,DOC-00017,Dr. Chaitanya Singh,DEP007,Oncology,DX010,Anemia,Type 2 Diabetes,80,High,Readmission; Age > 70; Chronic condition; ICU admission; Outstanding balance
5483,PAT-0005483,Amara,Amble,Other,1931-06-22,94,3,1,1,1,8,5.0,82594.42,80,1,2,0,2026-02-18 01:03:15,High,ADM-00042558,DOC-00133,Dr. Vritti Cheema,DEP002,Cardiology,DX007,Coronary Artery Disease,Type 2 Diabetes,80,High,Readmission; Age > 70; Chronic condition; ICU admission; Outstanding balance
5954,PAT-0005954,Advika,Suresh,Female,1968-08-21,57,3,1,3,1,11,8.0,0.0,80,1,0,2,2025-09-16 03:49:44,High,ADM-00020132,DOC-00112,Dr. Manan Saran,DEP010,Dermatology,DX004,Asthma,Chronic Kidney Disease,80,High,Readmission; Chronic condition; ICU admission; LOS > 10 days; Emergency admission
8532,PAT-0008532,Dayita,Nagy,Female,1935-03-27,91,3,3,1,1,6,5.0,39639.71,80,2,1,0,2026-09-17 09:39:34,High,ADM-00036673,DOC-00017,Dr. Chaitanya Singh,DEP007,Oncology,DX010,Anemia,Coronary Artery Disease,80,High,Readmission; Age > 70; Chronic condition; ICU admission; Outstanding balance
8722,PAT-0008722,Siya,Dar,Male,1948-05-14,76,3,1,1,1,8,5.0,16444.89,80,1,2,0,2024-05-15 17:26:34,High,ADM-00030956,DOC-00056,Dr. Amaira Pal,DEP004,Orthopedics,DX005,Bone Fracture,Type 2 Diabetes,80,High,Readmission; Age > 70; Chronic condition; ICU admission; Outstanding balance
11893,PAT-0011893,Darpan,Dayal,Male,1934-09-17,91,3,1,2,2,6,5.67,8529.82,80,2,1,0,2025-10-08 16:17:52,High,ADM-00012815,DOC-00025,Dr. Daksh Madan,DEP001,Emergency,DX009,Gastroenteritis,Asthma,80,High,Readmission; Age > 70; Chronic condition; ICU admission; Outstanding balance
2246,PAT-0002246,Nachiket,Madan,Female,2018-11-22,6,2,1,2,1,13,10.0,0.0,80,1,0,1,2025-07-31 09:11:46,High,ADM-00042600,DOC-00074,Dr. Zilmil Aggarwal,DEP007,Oncology,DX010,Anemia,Type 2 Diabetes,80,High,Readmission; Chronic condition; ICU admission; LOS > 10 days; Emergency admission
4566,PAT-0004566,Patrick,Chana,Male,1941-12-14,82,2,1,0,1,8,6.0,157412.85,80,1,1,0,2024-04-04 15:29:25,High,ADM-00014081,DOC-00104,Dr. Damini Venkatesh,DEP005,Pediatrics,DX004,Asthma,Coronary Artery Disease,80,High,Readmission; Age > 70; Chronic condition; ICU admission; Outstanding balance
5438,PAT-0005438,Daniel,Yadav,Male,1938-12-14,87,2,1,2,2,13,12.0,0.0,80,1,1,0,2026-04-15 17:33:29,High,ADM-00003314,DOC-00147,Dr. Samarth Nayar,DEP004,Orthopedics,DX005,Bone Fracture,,80,High,Readmission; Age > 70; ICU admission; LOS > 10 days; Emergency admission
7767,PAT-0007767,Sneha,Dada,Male,1954-01-23,70,2,1,2,1,14,10.5,0.0,80,1,0,1,2024-01-23 16:28:07,High,ADM-00030069,DOC-00039,Dr. Jalsa Choudhry,DEP002,Cardiology,DX001,Hypertension,Chronic Kidney Disease,80,High,Readmission; Chronic condition; ICU admission; LOS > 10 days; Emergency admission
17556,PAT-0017556,Rohan,Prabhu,Male,1947-04-11,77,2,1,0,1,5,4.0,4157.43,80,1,1,0,2025-04-01 19:58:43,High,ADM-00014110,DOC-00064,Dr. Amol Gera,DEP008,Gynecology,DX010,Anemia,Chronic Kidney Disease,80,High,Readmission; Age > 70; Chronic condition; ICU admission; Outstanding balance
24936,PAT-0024936,Bishakha,Ramesh,Male,1982-05-26,43,2,1,2,1,15,8.0,0.0,80,1,0,1,2025-05-26 01:22:55,High,ADM-00043189,DOC-00134,Dr. Chatura Dey,DEP005,Pediatrics,DX004,Asthma,Coronary Artery Disease,80,High,Readmission; Chronic condition; ICU admission; LOS > 10 days; Emergency admission
5828,PAT-0005828,Jatin,Krishnamurthy,Male,1937-03-30,86,1,1,1,1,13,13.0,0.0,80,1,0,0,2023-11-20 17:35:32,High,ADM-00047210,DOC-00042,Dr. Harrison Dora,DEP002,Cardiology,DX001,Hypertension,,80,High,Readmission; Age > 70; ICU admission; LOS > 10 days; Emergency admission
7881,PAT-0007881,Deepa,Gera,Female,1957-05-16,66,1,1,1,1,14,14.0,0.0,80,1,0,0,2023-10-29 00:08:32,High,ADM-00019332,DOC-00061,Dr. Michael Rastogi,DEP010,Dermatology,DX004,Asthma,Asthma,80,High,Readmission; Chronic condition; ICU admission; LOS > 10 days; Emergency admission
9991,PAT-0009991,Dalbir,Thakkar,Male,1981-06-12,43,1,1,1,1,12,12.0,0.0,80,1,0,0,2024-11-10 20:33:52,High,ADM-00028197,DOC-00016,Dr. Pushti Bhasin,DEP009,ENT,DX003,Pneumonia,Migraine,80,High,Readmission; Chronic condition; ICU admission; LOS > 10 days; Emergency admission
10248,PAT-0010248,Ikshita,Rege,Male,1932-02-07,91,1,1,1,1,11,11.0,0.0,80,1,0,0,2023-10-20 02:08:12,High,ADM-00027674,DOC-00003,Dr. Krish Jhaveri,DEP010,Dermatology,DX004,Asthma,,80,High,Readmission; Age > 70; ICU admission; LOS > 10 days; Emergency admission
11543,PAT-0011543,Unnati,Bhardwaj,Female,2022-02-02,2,1,1,1,1,14,14.0,0.0,80,1,0,0,2025-01-05 11:46:21,High,ADM-00049775,DOC-00036,Dr. Nachiket Pandit,DEP002,Cardiology,DX007,Coronary Artery Disease,Hypertension,80,High,Readmission; Chronic condition; ICU admission; LOS > 10 days; Emergency admission
11619,PAT-0011619,Arya,Baria,Female,1949-02-17,75,1,1,0,1,8,8.0,188448.75,80,1,0,0,2024-03-03 11:48:21,High,ADM-00033389,DOC-00067,Dr. Ijaya Zachariah,DEP008,Gynecology,DX010,Anemia,Hypertension,80,High,Readmission; Age > 70; Chronic condition; ICU admission; Outstanding balance
17220,PAT-0017220,Pranit,Bhavsar,Female,1986-01-10,40,1,1,1,1,11,11.0,0.0,80,1,0,0,2026-07-13 14:42:32,High,ADM-00012641,DOC-00107,Dr. Kavya Chaudhry,DEP001,Emergency,DX003,Pneumonia,Migraine,80,High,Readmission; Chronic condition; ICU admission; LOS > 10 days; Emergency admission
18141,PAT-0018141,Sai,Sheth,Female,1933-05-08,92,1,1,0,1,7,7.0,164347.05,80,1,0,0,2026-03-29 16:52:56,High,ADM-00024453,DOC-00054,Dr. Abhimanyu Buch,DEP001,Emergency,DX003,Pneumonia,Migraine,80,High,Readmission; Age > 70; Chronic condition; ICU admission; Outstanding balance
20225,PAT-0020225,Unnati,Nagi,Female,1945-10-01,80,1,1,0,1,10,10.0,48637.06,80,1,0,0,2026-03-22 06:00:33,High,ADM-00033671,DOC-00103,Dr. Jasmit Krishnan,DEP002,Cardiology,DX001,Hypertension,Type 2 Diabetes,80,High,Readmission; Age > 70; Chronic condition; ICU admission; Outstanding balance
23605,PAT-0023605,Timothy,Kumar,Female,1962-06-29,61,1,1,1,1,14,14.0,0.0,80,1,0,0,2023-12-15 03:37:23,High,ADM-00027316,DOC-00019,Dr. Bishakha Patel,DEP003,Neurology,DX006,Migraine,Coronary Artery Disease,80,High,Readmission; Chronic condition; ICU admission; LOS > 10 days; Emergency admission
23979,PAT-0023979,Bhavya,Dave,Male,1995-03-31,31,1,1,1,1,11,11.0,0.0,80,1,0,0,2026-05-26 15:59:11,High,ADM-00018419,DOC-00093,Dr. Zaitra Mahajan,DEP008,Gynecology,DX010,Anemia,Migraine,80,High,Readmission; Chronic condition; ICU admission; LOS > 10 days; Emergency admission
10008,PAT-0010008,Hema,Bahl,Female,2002-07-08,22,3,2,2,2,11,6.33,0.0,80,2,0,1,2024-10-28 17:02:05,High,ADM-00031378,DOC-00043,Dr. Zehaan Guha,DEP005,Pediatrics,DX004,Asthma,Migraine,60,High,Readmission; Chronic condition; ICU admission
17958,PAT-0017958,Qasim,Pradhan,Female,1932-10-10,91,5,3,0,1,9,4.8,25124.65,80,1,4,0,2024-03-18 04:56:08,High,ADM-00008997,DOC-00102,Dr. Yahvi Jain,DEP001,Emergency,DX009,Gastroenteritis,Migraine,55,Medium,Readmission; Age > 70; Chronic condition
20270,PAT-0020270,Watika,Nadkarni,Female,1938-05-10,87,5,2,1,1,7,4.6,38399.1,80,1,4,0,2025-10-11 10:07:32,High,ADM-00000902,DOC-00125,Dr. Robert Murthy,DEP010,Dermatology,DX004,Asthma,Type 2 Diabetes,55,Medium,Readmission; Age > 70; Chronic condition
2220,PAT-0002220,Omya,Raj,Female,1938-08-31,86,3,2,1,1,10,6.67,52253.77,80,1,2,0,2025-07-27 11:11:38,High,ADM-00020352,DOC-00046,Dr. Umang Konda,DEP002,Cardiology,DX007,Coronary Artery Disease,Hypertension,55,Medium,Readmission; Age > 70; Chronic condition
42,PAT-0000042,Siya,Prashad,Male,1946-02-13,79,2,2,0,1,4,3.5,14308.83,80,1,1,0,2025-03-27 01:06:26,High,ADM-00020190,DOC-00086,Dr. Rehaan Lanka,DEP001,Emergency,DX005,Bone Fracture,Coronary Artery Disease,55,Medium,Readmission; Age > 70; Chronic condition
6154,PAT-0006154,Hritik,Mistry,Female,1973-10-12,52,2,2,2,1,11,9.0,0.0,80,1,1,0,2025-12-03 08:25:37,High,ADM-00034665,DOC-00063,Dr. Vinaya Amble,DEP004,Orthopedics,DX005,Bone Fracture,Coronary Artery Disease,50,Medium,Readmission; Chronic condition; Emergency admission
1485,PAT-0001485,Faqid,Sawhney,Female,1939-05-07,87,6,1,3,1,7,3.83,30977.37,80,1,5,0,2026-07-21 15:58:32,High,ADM-00010039,DOC-00018,Dr. Dalaja Pant,DEP009,ENT,DX003,Pneumonia,Asthma,45,Medium,Age > 70; Chronic condition; Outstanding balance; Emergency admission
5323,PAT-0005323,Darika,Roy,Female,1940-09-19,86,6,4,3,1,12,6.67,94982.16,80,1,3,2,2026-09-26 21:47:33,High,ADM-00051208,DOC-00096,Dr. Balvan Bala,DEP002,Cardiology,DX001,Hypertension,,45,Medium,Readmission; Age > 70; Outstanding balance
1841,PAT-0001841,Dhriti,Hora,Female,1998-09-23,26,5,3,3,3,11,7.8,33970.03,80,2,2,1,2025-07-10 11:59:51,High,ADM-00046146,DOC-00050,Dr. Nathaniel Shan,DEP006,General Medicine,DX009,Gastroenteritis,Coronary Artery Disease,45,Medium,Chronic condition; ICU admission; Emergency admission
9541,PAT-0009541,Sarthak,Rajagopalan,Female,1972-08-28,51,4,2,2,3,13,10.75,37064.9,80,2,2,0,2024-07-21 04:10:12,High,ADM-00045621,DOC-00099,Dr. Eiravati Goda,DEP001,Emergency,DX005,Bone Fracture,Coronary Artery Disease,45,Medium,Readmission; Chronic condition; Outstanding balance
146,PAT-0000146,Mitali,Chaudhry,Male,1969-04-08,57,3,2,1,1,13,8.0,25218.92,80,1,1,1,2026-04-30 22:24:45,High,ADM-00044041,DOC-00125,Dr. Robert Murthy,DEP010,Dermatology,DX004,Asthma,Coronary Artery Disease,45,Medium,Readmission; Chronic condition; Outstanding balance
12875,PAT-0012875,Anthony,Gaba,Male,1963-07-30,61,3,1,1,2,14,9.67,0.0,80,1,1,1,2025-05-21 16:11:06,High,ADM-00007189,DOC-00013,Dr. Charan Murty,DEP003,Neurology,DX006,Migraine,Coronary Artery Disease,45,Medium,Chronic condition; ICU admission; LOS > 10 days
17649,PAT-0017649,Ishita,Mannan,Male,1943-11-20,82,6,4,2,1,14,3.5,13914.06,80,1,3,2,2026-09-24 09:15:58,High,ADM-00050611,DOC-00136,Dr. Elijah Rege,DEP010,Dermatology,DX004,Asthma,,40,Medium,Readmission; Age > 70
8134,PAT-0008134,Devika,Din,Male,1978-04-14,48,4,1,1,2,13,5.5,15052.87,80,1,1,2,2026-09-25 03:33:43,High,ADM-00050982,DOC-00092,Dr. Baghyawati Shroff,DEP004,Orthopedics,DX005,Bone Fracture,Hypertension,40,Medium,Chronic condition; ICU admission; Outstanding balance
13832,PAT-0013832,Chaaya,D’Alia,Male,1953-10-06,72,3,1,3,1,11,7.33,0.0,80,1,1,1,2026-09-14 00:04:38,High,ADM-00021551,DOC-00053,Dr. Gauri Rajan,DEP002,Cardiology,DX007,Coronary Artery Disease,Coronary Artery Disease,40,Medium,Age > 70; Chronic condition; Emergency admission
18695,PAT-0018695,Saanvi,Chander,Male,1941-03-29,85,3,1,1,1,9,6.33,20934.31,80,1,2,0,2026-09-18 02:46:37,High,ADM-00031862,DOC-00134,Dr. Chatura Dey,DEP005,Pediatrics,DX010,Anemia,Hypertension,40,Medium,Age > 70; Chronic condition; Emergency admission
23937,PAT-0023937,Raghav,Karan,Male,2005-03-22,21,3,2,2,1,11,6.0,0.0,80,1,1,1,2026-09-24 15:37:03,High,ADM-00050606,DOC-00123,Dr. Tanveer Pant,DEP009,ENT,DX003,Pneumonia,Asthma,40,Medium,Readmission; Chronic condition
3893,PAT-0003893,Krishna,Tripathi,Female,1943-01-31,83,2,1,1,1,7,5.0,46577.11,80,1,1,0,2026-07-25 00:16:07,High,ADM-00008784,DOC-00009,Dr. Vrinda Kale,DEP006,General Medicine,DX003,Pneumonia,Migraine,40,Medium,Age > 70; Chronic condition; Emergency admission
21589,PAT-0021589,Ucchal,Balan,Male,1932-09-01,91,2,2,1,1,11,8.0,0.0,80,1,1,0,2024-01-04 14:01:17,High,ADM-00019510,DOC-00099,Dr. Eiravati Goda,DEP001,Emergency,DX009,Gastroenteritis,,40,Medium,Readmission; Age > 70
7126,PAT-0007126,Urvashi,Baria,Male,1931-10-23,93,3,1,0,1,10,5.0,342889.56,80,1,2,0,2025-07-17 07:52:37,High,ADM-00002567,DOC-00002,Dr. Alexander Mitter,DEP009,ENT,DX003,Pneumonia,Migraine,35,Medium,Age > 70; Chronic condition; Outstanding balance
18479,PAT-0018479,Reva,Nath,Female,1934-03-26,89,3,1,0,2,9,8.33,46945.78,80,1,2,0,2023-12-14 19:34:05,High,ADM-00037010,DOC-00149,Dr. Viraj Nair,DEP006,General Medicine,DX003,Pneumonia,Type 2 Diabetes,35,Medium,Age > 70; Chronic condition; Outstanding balance
22849,PAT-0022849,Irya,Narayanan,Male,1934-06-11,92,2,1,0,1,5,4.0,27734.15,80,1,1,0,2026-09-20 15:35:57,High,ADM-00028979,DOC-00142,Dr. Yug Bali,DEP005,Pediatrics,DX010,Anemia,Chronic Kidney Disease,35,Medium,Age > 70; Chronic condition; Outstanding balance
5081,PAT-0005081,Turvi,Ramachandran,Female,1946-05-07,79,4,1,1,1,7,3.5,28756.84,80,1,3,0,2025-12-12 06:40:18,High,ADM-00033540,DOC-00100,Dr. Umang Basu,DEP010,Dermatology,DX004,Asthma,Type 2 Diabetes,30,Medium,Age > 70; Chronic condition
20361,PAT-0020361,Yug,Kari,Male,1941-05-23,84,4,2,0,1,6,4.25,130419.45,80,1,3,0,2025-12-24 14:20:01,High,ADM-00038484,DOC-00028,Dr. Samesh Arora,DEP006,General Medicine,DX001,Hypertension,Type 2 Diabetes,30,Medium,Age > 70; Chronic condition
3414,PAT-0003414,Warinder,Gaba,Male,1946-07-22,80,3,1,0,1,7,6.0,46261.78,80,1,2,0,2026-08-20 06:30:58,High,ADM-00026457,DOC-00035,Dr. Dayamai Nazareth,DEP009,ENT,DX003,Pneumonia,Type 2 Diabetes,30,Medium,Age > 70; Chronic condition
9270,PAT-0009270,Nathan,Mutti,Male,1938-03-09,86,3,2,0,1,9,5.67,74877.8,80,2,1,0,2024-12-02 23:08:16,High,ADM-00014141,DOC-00117,Dr. Vrishti Bedi,DEP007,Oncology,DX010,Anemia,Asthma,30,Medium,Age > 70; Chronic condition
12733,PAT-0012733,Laksh,Bhagat,Female,1973-08-06,51,3,1,2,1,11,6.67,9353.27,80,1,1,1,2025-01-05 07:32:06,High,ADM-00030170,DOC-00061,Dr. Michael Rastogi,DEP010,Dermatology,DX004,Asthma,Hypertension,30,Medium,Chronic condition; Outstanding balance; Emergency admission
22002,PAT-0022002,Yash,Talwar,Female,1942-09-05,82,3,1,1,1,8,4.0,73271.1,80,1,2,0,2025-02-28 21:15:02,High,ADM-00008290,DOC-00129,Dr. Sneha Mahal,DEP008,Gynecology,DX010,Anemia,Asthma,30,Medium,Age > 70; Chronic condition
2673,PAT-0002673,Samar,Shanker,Female,1943-11-14,82,2,1,0,1,10,7.0,25671.99,80,1,1,0,2026-03-15 08:45:44,High,ADM-00035223,DOC-00091,Dr. Dev Sangha,DEP006,General Medicine,DX003,Pneumonia,Migraine,30,Medium,Age > 70; Chronic condition
9259,PAT-0009259,Zinal,Goda,Male,1933-01-06,93,2,1,0,1,8,5.0,41027.44,80,1,1,0,2026-07-29 19:22:08,High,ADM-00046241,DOC-00123,Dr. Tanveer Pant,DEP009,ENT,DX003,Pneumonia,Chronic Kidney Disease,30,Medium,Age > 70; Chronic condition
3379,PAT-0003379,Aarini,Dugar,Female,1981-09-25,43,5,2,2,1,11,6.4,100789.52,80,1,1,3,2025-06-14 09:43:37,High,ADM-00023843,DOC-00082,Dr. Dhriti Devi,DEP006,General Medicine,DX010,Anemia,Asthma,25,Low,Chronic condition; Emergency admission
19164,PAT-0019164,Lohit,Trivedi,Female,1982-02-08,44,5,2,3,2,11,5.4,0.0,80,1,2,2,2026-08-28 23:39:56,High,ADM-00006279,DOC-00019,Dr. Bishakha Patel,DEP003,Neurology,DX006,Migraine,Type 2 Diabetes,25,Low,Chronic condition; Emergency admission
20692,PAT-0020692,Amara,Butala,Male,1950-07-22,75,5,2,2,2,12,7.4,8679.53,80,1,2,2,2026-04-08 03:41:48,High,ADM-00015137,DOC-00086,Dr. Rehaan Lanka,DEP001,Emergency,DX009,Gastroenteritis,,25,Low,Age > 70; Emergency admission
6869,PAT-0006869,Warda,Chaudhary,Female,1984-09-09,40,3,1,3,1,12,7.67,7843.76,80,1,1,1,2025-05-29 21:02:24,High,ADM-00001365,DOC-00088,Dr. Girindra Varty,DEP009,ENT,DX003,Pneumonia,Migraine,25,Low,Chronic condition; Emergency admission
6201,PAT-0006201,Bahadurjit,Garg,Female,2021-05-02,5,7,1,2,2,12,5.29,42555.45,80,1,1,5,2026-05-22 06:49:43,High,ADM-00015927,DOC-00120,Dr. Alexander Gulati,DEP010,Dermatology,DX004,Asthma,Type 2 Diabetes,20,Low,Chronic condition; Outstanding balance
7806,PAT-0007806,Jack,Golla,Male,1983-12-29,42,5,2,2,3,14,8.4,103985.06,80,2,1,2,2026-07-28 10:50:58,High,ADM-00034426,DOC-00014,Dr. Chaitanya Buch,DEP004,Orthopedics,DX005,Bone Fracture,Chronic Kidney Disease,20,Low,Chronic condition; Outstanding balance
14462,PAT-0014462,Aarna,Murthy,Male,1954-08-26,70,5,2,1,1,11,5.0,4533.67,80,1,1,3,2025-05-18 13:13:40,High,ADM-00000556,DOC-00066,Dr. Sanya Arya,DEP009,ENT,DX003,Pneumonia,Chronic Kidney Disease,20,Low,Chronic condition; Outstanding balance
23838,PAT-0023838,Naveen,Bhattacharyya,Female,1952-01-16,74,5,2,1,1,11,6.0,37664.83,80,1,1,3,2026-03-25 03:48:05,High,ADM-00021222,DOC-00135,Dr. Charles Bajaj,DEP007,Oncology,DX010,Anemia,,20,Low,Age > 70; Outstanding balance
4553,PAT-0004553,Mugdha,Goyal,Male,1967-06-21,59,4,1,2,1,13,6.75,2533.59,80,1,0,3,2026-08-18 09:18:59,High,ADM-00040713,DOC-00065,Dr. Nitara Choudhury,DEP004,Orthopedics,DX005,Bone Fracture,Migraine,20,Low,Chronic condition; Outstanding balance
9999,PAT-0009999,Divya,Agate,Female,1945-09-13,81,4,1,2,1,11,4.5,5551.6,80,1,0,3,2026-09-25 03:07:17,High,ADM-00050227,DOC-00095,Dr. Hema Rana,DEP009,ENT,DX003,Pneumonia,,20,Low,Age > 70; Outstanding balance
23712,PAT-0023712,Aryan,Ravel,Male,2018-10-10,5,4,1,2,1,11,4.75,12223.34,80,1,1,2,2024-08-12 12:13:09,High,ADM-00023332,DOC-00006,Dr. Arin Tailor,DEP001,Emergency,DX003,Pneumonia,Asthma,20,Low,Chronic condition; Outstanding balance
7093,PAT-0007093,Jagvi,Choudhary,Male,1957-11-02,68,3,1,1,1,12,6.0,16100.91,80,1,0,2,2026-09-06 06:49:34,High,ADM-00001812,DOC-00078,Dr. Yatan Balay,DEP006,General Medicine,DX003,Pneumonia,Coronary Artery Disease,20,Low,Chronic condition; Outstanding balance
19146,PAT-0019146,Yamini,Sehgal,Female,1971-12-20,53,2,1,1,1,15,11.0,9498.71,80,1,0,1,2025-01-18 05:13:26,High,ADM-00019493,DOC-00016,Dr. Pushti Bhasin,DEP009,ENT,DX003,Pneumonia,Coronary Artery Disease,20,Low,Chronic condition; Outstanding balance
20904,PAT-0020904,Upkaar,Oommen,Female,1957-12-15,67,2,1,1,1,14,10.5,7973.63,80,1,0,1,2025-04-23 14:48:48,High,ADM-00010128,DOC-00050,Dr. Nathaniel Shan,DEP006,General Medicine,DX010,Anemia,Hypertension,20,Low,Chronic condition; Outstanding balance
3022,PAT-0003022,Adweta,Lanka,Male,1980-08-14,45,8,1,2,2,11,5.25,8364.04,80,1,1,6,2026-06-17 16:41:32,High,ADM-00044424,DOC-00146,Dr. Bhanumati Minhas,DEP008,Gynecology,DX010,Anemia,Asthma,15,Low,Chronic condition
8018,PAT-0008018,Baljiwan,Rajagopalan,Male,2010-10-19,15,5,3,2,1,14,5.0,0.0,80,1,2,2,2026-04-05 01:53:40,High,ADM-00039594,DOC-00052,Dr. Vaishnavi Balay,DEP004,Orthopedics,DX005,Bone Fracture,Asthma,15,Low,Chronic condition
10819,PAT-0010819,Yatan,Nath,Male,1957-06-18,69,5,1,2,2,12,5.0,3518.43,80,1,2,2,2026-09-24 13:01:46,High,ADM-00050466,DOC-00072,Dr. Inaya Warrior,DEP007,Oncology,DX010,Anemia,Hypertension,15,Low,Chronic condition
13973,PAT-0013973,Kabir,Narula,Male,2004-03-30,22,5,3,1,1,14,6.0,4070.07,80,1,2,2,2026-08-28 17:14:38,High,ADM-00027463,DOC-00053,Dr. Gauri Rajan,DEP002,Cardiology,DX001,Hypertension,Asthma,15,Low,Chronic condition
1711,PAT-0001711,Meera,Tata,Male,1956-05-27,68,4,1,1,1,12,6.75,0.0,80,1,0,3,2024-09-01 16:13:43,High,ADM-00015620,DOC-00079,Dr. Warinder Sarin,DEP008,Gynecology,DX010,Anemia,Migraine,15,Low,Chronic condition
7719,PAT-0007719,Upkaar,Khanna,Male,2005-04-15,19,4,1,2,2,12,7.5,0.0,80,1,1,2,2025-02-14 01:57:15,High,ADM-00013321,DOC-00017,Dr. Chaitanya Singh,DEP007,Oncology,DX010,Anemia,Hypertension,15,Low,Chronic condition
20665,PAT-0020665,Chavvi,Kannan,Female,1956-04-19,70,4,1,1,1,11,6.25,0.0,80,1,0,3,2026-08-24 14:16:49,High,ADM-00040771,DOC-00055,Dr. Chaitanya Banerjee,DEP007,Oncology,DX010,Anemia,Chronic Kidney Disease,15,Low,Chronic condition
22628,PAT-0022628,Udyati,Vig,Male,1981-02-12,45,4,2,1,1,12,7.25,0.0,80,1,1,2,2026-08-03 02:22:56,High,ADM-00027468,DOC-00124,Dr. Krishna Modi,DEP007,Oncology,DX010,Anemia,Coronary Artery Disease,15,Low,Chronic condition
20903,PAT-0020903,Aishani,Parikh,Male,1938-06-29,87,3,1,1,1,14,6.0,14198.34,80,1,0,2,2025-12-03 04:41:31,High,ADM-00009445,DOC-00050,Dr. Nathaniel Shan,DEP006,General Medicine,DX010,Anemia,,15,Low,Age > 70
696,PAT-0000696,Yash,Salvi,Female,1954-02-27,72,5,2,1,1,12,5.6,35944.12,75,1,3,1,2026-04-02 01:45:37,High,ADM-00035883,DOC-00079,Dr. Warinder Sarin,DEP008,Gynecology,DX010,Anemia,Chronic Kidney Disease,75,High,Age > 70; Chronic condition; ICU admission; LOS > 10 days; Outstanding balance; Emergency admission
17620,PAT-0017620,Charvi,Saraf,Male,1956-03-14,70,5,1,2,2,7,5.4,25456.84,75,1,1,3,2026-09-26 07:33:22,High,ADM-00051282,DOC-00053,Dr. Gauri Rajan,DEP002,Cardiology,DX007,Coronary Artery Disease,Hypertension,75,High,Readmission; Chronic condition; ICU admission; Outstanding balance; Emergency admission
18241,PAT-0018241,Udant,Srivastava,Female,1933-12-01,91,5,0,2,1,11,4.6,38810.33,75,1,4,0,2025-10-03 19:30:26,High,ADM-00025753,DOC-00052,Dr. Vaishnavi Balay,DEP004,Orthopedics,DX005,Bone Fracture,Coronary Artery Disease,75,High,Age > 70; Chronic condition; ICU admission; LOS > 10 days; Outstanding balance; Emergency admission
18863,PAT-0018863,Agastya,Tailor,Male,1937-09-16,89,5,1,1,2,13,6.8,29802.51,75,2,3,0,2026-09-25 07:28:25,High,ADM-00050302,DOC-00133,Dr. Vritti Cheema,DEP002,Cardiology,DX007,Coronary Artery Disease,Asthma,75,High,Readmission; Age > 70; Chronic condition; ICU admission
9155,PAT-0009155,Arunima,Dutt,Male,1952-11-16,73,4,2,0,1,10,7.25,76802.25,75,1,2,1,2025-12-26 19:48:34,High,ADM-00012020,DOC-00077,Dr. Anirudh Chaudhuri,DEP003,Neurology,DX006,Migraine,Hypertension,75,High,Readmission; Age > 70; Chronic condition; ICU admission
9512,PAT-0009512,Eesha,Sankaran,Female,1953-04-11,71,4,3,1,2,9,5.25,0.0,75,2,1,1,2025-01-08 13:21:45,High,ADM-00002990,DOC-00048,Dr. Amaira Seshadri,DEP004,Orthopedics,DX005,Bone Fracture,Type 2 Diabetes,75,High,Readmission; Age > 70; Chronic condition; ICU admission
10436,PAT-0010436,Falan,Kadakia,Female,1972-12-25,53,4,2,1,1,9,6.25,107796.01,75,1,1,2,2026-05-10 22:31:12,High,ADM-00049205,DOC-00134,Dr. Chatura Dey,DEP005,Pediatrics,DX004,Asthma,Coronary Artery Disease,75,High,Readmission; Chronic condition; ICU admission; Outstanding balance; Emergency admission
13639,PAT-0013639,Tanish,Mukherjee,Female,1970-10-10,54,4,2,2,1,9,4.5,28108.08,75,1,1,2,2025-08-30 11:45:34,High,ADM-00036140,DOC-00080,Dr. Kabir Wadhwa,DEP001,Emergency,DX005,Bone Fracture,Chronic Kidney Disease,75,High,Readmission; Chronic condition; ICU admission; Outstanding balance; Emergency admission
15516,PAT-0015516,Damini,Parekh,Male,1932-01-09,94,4,2,1,1,6,4.75,8818.17,75,1,3,0,2026-04-05 10:59:00,High,ADM-00043342,DOC-00044,Dr. Chaitaly Reddy,DEP001,Emergency,DX009,Gastroenteritis,Coronary Artery Disease,75,High,Readmission; Age > 70; Chronic condition; ICU admission
15602,PAT-0015602,Rachit,Sharaf,Male,1980-06-04,46,4,2,2,2,15,8.75,29270.34,75,1,2,1,2026-09-24 05:19:11,High,ADM-00050803,DOC-00127,Dr. Fitan Ratti,DEP004,Orthopedics,DX005,Bone Fracture,Asthma,75,High,Readmission; Chronic condition; ICU admission; Outstanding balance; Emergency admission
17738,PAT-0017738,Lavanya,Chakrabarti,Female,1946-03-19,80,4,1,2,1,11,4.5,46613.03,75,2,2,0,2026-09-11 15:34:48,High,ADM-00004982,DOC-00031,Dr. Nathan Iyengar,DEP004,Orthopedics,DX005,Bone Fracture,Coronary Artery Disease,75,High,Age > 70; Chronic condition; ICU admission; LOS > 10 days; Outstanding balance; Emergency admission
19333,PAT-0019333,Ayaan,Datta,Male,1941-10-02,84,4,0,1,2,13,7.5,40844.94,75,2,2,0,2026-05-19 20:57:10,High,ADM-00044249,DOC-00110,Dr. David Narula,DEP010,Dermatology,DX004,Asthma,Asthma,75,High,Age > 70; Chronic condition; ICU admission; LOS > 10 days; Outstanding balance; Emergency admission
21262,PAT-0021262,Jackson,Nayar,Male,1938-02-01,88,4,1,1,2,10,6.5,77558.78,75,1,3,0,2026-08-05 07:30:44,High,ADM-00009278,DOC-00122,Dr. Nakul Pathak,DEP005,Pediatrics,DX010,Anemia,Hypertension,75,High,Readmission; Age > 70; Chronic condition; ICU admission
22178,PAT-0022178,Rajeshri,Memon,Female,1959-04-13,66,4,3,3,2,9,6.0,39420.37,75,2,1,1,2026-03-17 07:55:09,High,ADM-00038986,DOC-00113,Dr. Nandini Anand,DEP003,Neurology,DX006,Migraine,Asthma,75,High,Readmission; Chronic condition; ICU admission; Outstanding balance; Emergency admission
23126,PAT-0023126,Abhiram,Sahni,Female,1952-06-24,73,4,1,1,2,10,5.5,8740.98,75,1,3,0,2025-11-03 12:37:00,High,ADM-00039041,DOC-00017,Dr. Chaitanya Singh,DEP007,Oncology,DX010,Anemia,Hypertension,75,High,Readmission; Age > 70; Chronic condition; ICU admission
5346,PAT-0005346,Devika,Tank,Other,1950-02-28,75,3,3,0,1,7,5.33,6020.94,75,2,1,0,2025-09-01 04:52:04,High,ADM-00002423,DOC-00132,Dr. Shravya Ramanathan,DEP008,Gynecology,DX010,Anemia,Type 2 Diabetes,75,High,Readmission; Age > 70; Chronic condition; ICU admission
7379,PAT-0007379,Rohan,Jaggi,Male,1948-04-25,76,3,1,1,1,5,3.33,13013.68,75,1,0,2,2024-11-20 17:16:29,High,ADM-00018963,DOC-00098,Dr. Chatresh Batta,DEP006,General Medicine,DX002,Type 2 Diabetes,,75,High,Readmission; Age > 70; ICU admission; Outstanding balance; Emergency admission
7615,PAT-0007615,Zayyan,Bahl,Male,1990-09-15,35,3,1,1,1,6,4.67,4406.38,75,1,0,2,2025-12-02 19:12:46,High,ADM-00022878,DOC-00070,Dr. Jason Mukherjee,DEP005,Pediatrics,DX003,Pneumonia,Migraine,75,High,Readmission; Chronic condition; ICU admission; Outstanding balance; Emergency admission
8936,PAT-0008936,Mohini,Jhaveri,Male,1947-08-01,77,3,1,1,1,10,5.33,0.0,75,1,2,0,2024-10-11 20:32:40,High,ADM-00004192,DOC-00019,Dr. Bishakha Patel,DEP003,Neurology,DX006,Migraine,Asthma,75,High,Readmission; Age > 70; Chronic condition; ICU admission
13815,PAT-0013815,Alka,Salvi,Male,1948-05-29,77,3,1,0,2,8,7.67,137786.7,75,1,2,0,2026-01-24 23:54:53,High,ADM-00011848,DOC-00043,Dr. Zehaan Guha,DEP005,Pediatrics,DX003,Pneumonia,Hypertension,75,High,Readmission; Age > 70; Chronic condition; ICU admission
15460,PAT-0015460,Nandini,Kunda,Female,1932-08-15,92,3,1,1,2,8,6.0,0.0,75,2,1,0,2025-06-06 10:30:11,High,ADM-00006273,DOC-00091,Dr. Dev Sangha,DEP006,General Medicine,DX003,Pneumonia,Type 2 Diabetes,75,High,Readmission; Age > 70; Chronic condition; ICU admission
16464,PAT-0016464,Anthony,Saxena,Female,1949-03-26,76,3,0,2,1,12,5.67,28853.65,75,1,2,0,2025-12-03 04:31:49,High,ADM-00034162,DOC-00129,Dr. Sneha Mahal,DEP008,Gynecology,DX010,Anemia,Type 2 Diabetes,75,High,Age > 70; Chronic condition; ICU admission; LOS > 10 days; Outstanding balance; Emergency admission
18598,PAT-0018598,Tristan,Aggarwal,Male,1935-04-19,90,3,1,1,1,10,6.33,64923.95,75,1,0,2,2025-10-09 04:32:15,High,ADM-00018774,DOC-00138,Dr. Urishilla Panchal,DEP003,Neurology,DX006,Migraine,,75,High,Readmission; Age > 70; ICU admission; Outstanding balance; Emergency admission
19143,PAT-0019143,Girindra,Sura,Male,1932-03-27,94,3,0,1,2,13,6.67,26537.15,75,1,2,0,2026-04-21 22:42:24,High,ADM-00039196,DOC-00101,Dr. Janya Biswas,DEP005,Pediatrics,DX010,Anemia,Coronary Artery Disease,75,High,Age > 70; Chronic condition; ICU admission; LOS > 10 days; Outstanding balance; Emergency admission
20676,PAT-0020676,Anmol,Pathak,Male,1946-10-02,76,3,2,0,1,8,5.0,2918.1,75,1,2,0,2023-07-14 20:15:47,High,ADM-00007122,DOC-00108,Dr. Devansh Devan,DEP005,Pediatrics,DX004,Asthma,Asthma,75,High,Readmission; Age > 70; Chronic condition; ICU admission
22302,PAT-0022302,Mugdha,Wadhwa,Female,1944-04-11,81,3,0,2,1,13,5.33,29939.54,75,1,2,0,2025-06-04 11:49:14,High,ADM-00007156,DOC-00117,Dr. Vrishti Bedi,DEP007,Oncology,DX010,Anemia,Chronic Kidney Disease,75,High,Age > 70; Chronic condition; ICU admission; LOS > 10 days; Outstanding balance; Emergency admission
2511,PAT-0002511,Idika,Chaudhari,Female,1949-03-12,75,2,0,1,1,13,9.0,81511.24,75,1,1,0,2024-08-17 18:41:10,High,ADM-00008182,DOC-00118,Dr. Aadhya Prashad,DEP009,ENT,DX003,Pneumonia,Type 2 Diabetes,75,High,Age > 70; Chronic condition; ICU admission; LOS > 10 days; Outstanding balance; Emergency admission
2864,PAT-0002864,Banjeet,Rao,Female,1948-02-28,76,2,1,2,1,6,6.0,13030.26,75,1,0,1,2024-07-17 06:05:33,High,ADM-00045359,DOC-00014,Dr. Chaitanya Buch,DEP004,Orthopedics,DX005,Bone Fracture,,75,High,Readmission; Age > 70; ICU admission; Outstanding balance; Emergency admission
2880,PAT-0002880,Indali,Sachar,Male,1932-06-26,93,2,0,2,2,12,9.5,187553.88,75,2,0,0,2025-08-18 15:21:17,High,ADM-00018701,DOC-00030,Dr. Yamini Rau,DEP009,ENT,DX003,Pneumonia,Asthma,75,High,Age > 70; Chronic condition; ICU admission; LOS > 10 days; Outstanding balance; Emergency admission
3859,PAT-0003859,Kritika,Singhal,Female,1986-11-12,39,2,1,0,1,11,6.0,86773.67,75,1,0,1,2026-02-10 02:11:12,High,ADM-00011650,DOC-00062,Dr. Raghav Sampath,DEP003,Neurology,DX006,Migraine,Hypertension,75,High,Readmission; Chronic condition; ICU admission; LOS > 10 days; Outstanding balance
4205,PAT-0004205,Gaurang,Badal,Female,1948-10-01,77,2,0,1,2,12,11.5,51627.25,75,2,0,0,2026-08-27 00:56:41,High,ADM-00048537,DOC-00135,Dr. Charles Bajaj,DEP007,Oncology,DX010,Anemia,Asthma,75,High,Age > 70; Chronic condition; ICU admission; LOS > 10 days; Outstanding balance; Emergency admission
6916,PAT-0006916,Guneet,Dada,Male,1992-11-02,32,2,1,0,1,11,6.0,55961.31,75,1,0,1,2025-10-30 05:54:10,High,ADM-00005803,DOC-00095,Dr. Hema Rana,DEP009,ENT,DX003,Pneumonia,Asthma,75,High,Readmission; Chronic condition; ICU admission; LOS > 10 days; Outstanding balance
9491,PAT-0009491,Harshil,Narayanan,Male,1988-12-16,36,2,1,1,2,11,10.5,51616.38,75,1,1,0,2025-06-22 07:35:29,High,ADM-00005371,DOC-00142,Dr. Yug Bali,DEP005,Pediatrics,DX010,Anemia,Coronary Artery Disease,75,High,Readmission; Chronic condition; ICU admission; LOS > 10 days; Outstanding balance
9862,PAT-0009862,Charvi,Shenoy,Male,1931-12-24,94,2,1,1,2,14,10.5,0.0,75,2,0,0,2026-06-21 23:17:22,High,ADM-00019086,DOC-00106,Dr. Parth Muni,DEP009,ENT,DX003,Pneumonia,Hypertension,75,High,Readmission; Age > 70; Chronic condition; ICU admission
10019,PAT-0010019,Liam,Joshi,Female,1936-02-21,89,2,1,0,1,5,5.0,0.0,75,1,1,0,2026-01-25 18:30:32,High,ADM-00045999,DOC-00091,Dr. Dev Sangha,DEP006,General Medicine,DX010,Anemia,Coronary Artery Disease,75,High,Readmission; Age > 70; Chronic condition; ICU admission
10969,PAT-0010969,Kalpit,Kumer,Female,1939-03-18,86,2,1,0,1,15,11.0,34414.43,75,1,0,1,2025-05-24 05:21:50,High,ADM-00028326,DOC-00054,Dr. Abhimanyu Buch,DEP001,Emergency,DX005,Bone Fracture,,75,High,Readmission; Age > 70; ICU admission; LOS > 10 days; Outstanding balance
11922,PAT-0011922,Luke,Dutta,Male,1939-11-23,86,2,1,0,1,10,6.0,14724.22,75,1,1,0,2026-01-28 20:49:28,High,ADM-00006286,DOC-00025,Dr. Daksh Madan,DEP001,Emergency,DX009,Gastroenteritis,Type 2 Diabetes,75,High,Readmission; Age > 70; Chronic condition; ICU admission
12158,PAT-0012158,Zaitra,Rana,Male,1954-06-25,70,2,1,1,1,8,6.0,9382.5,75,1,0,1,2024-11-05 19:17:43,High,ADM-00035527,DOC-00107,Dr. Kavya Chaudhry,DEP001,Emergency,DX003,Pneumonia,Hypertension,75,High,Readmission; Chronic condition; ICU admission; Outstanding balance; Emergency admission
12247,PAT-0012247,Damyanti,Kari,Other,1969-11-14,56,2,1,1,2,11,10.0,82557.71,75,1,1,0,2025-12-15 21:03:47,High,ADM-00013287,DOC-00005,Dr. Veer Merchant,DEP006,General Medicine,DX009,Gastroenteritis,Asthma,75,High,Readmission; Chronic condition; ICU admission; Outstanding balance; Emergency admission
13502,PAT-0013502,Lipika,Mahajan,Female,1981-11-25,42,2,1,0,1,14,10.0,34329.15,75,1,0,1,2024-04-15 08:42:52,High,ADM-00037525,DOC-00137,Dr. Rajata Arora,DEP005,Pediatrics,DX010,Anemia,Migraine,75,High,Readmission; Chronic condition; ICU admission; LOS > 10 days; Outstanding balance
16172,PAT-0016172,Ayaan,Mital,Female,1978-11-21,47,2,1,1,1,7,7.0,31135.29,75,1,0,1,2026-06-12 16:16:41,High,ADM-00001808,DOC-00015,Dr. Wridesh Sheth,DEP003,Neurology,DX006,Migraine,Chronic Kidney Disease,75,High,Readmission; Chronic condition; ICU admission; Outstanding balance; Emergency admission
16208,PAT-0016208,Amruta,Nazareth,Female,1952-03-21,73,2,0,1,1,11,9.0,116724.3,75,1,1,0,2025-08-21 15:07:49,High,ADM-00030241,DOC-00068,Dr. Aarnav Barman,DEP009,ENT,DX003,Pneumonia,Chronic Kidney Disease,75,High,Age > 70; Chronic condition; ICU admission; LOS > 10 days; Outstanding balance; Emergency admission
16341,PAT-0016341,Jack,Lanka,Female,1986-06-26,38,2,1,1,1,8,5.0,19455.73,75,1,0,1,2025-04-25 05:15:06,High,ADM-00046990,DOC-00102,Dr. Yahvi Jain,DEP001,Emergency,DX005,Bone Fracture,Migraine,75,High,Readmission; Chronic condition; ICU admission; Outstanding balance; Emergency admission
17982,PAT-0017982,Faraj,Bal,Male,1936-05-12,87,2,0,1,1,12,8.5,97964.64,75,1,1,0,2023-08-14 11:03:41,High,ADM-00049519,DOC-00079,Dr. Warinder Sarin,DEP008,Gynecology,DX010,Anemia,Hypertension,75,High,Age > 70; Chronic condition; ICU admission; LOS > 10 days; Outstanding balance; Emergency admission
18065,PAT-0018065,Hiral,Goswami,Male,1942-06-22,84,2,1,1,1,14,9.0,24630.23,75,1,1,0,2026-07-26 12:28:39,High,ADM-00012663,DOC-00120,Dr. Alexander Gulati,DEP010,Dermatology,DX004,Asthma,Asthma,75,High,Age > 70; Chronic condition; ICU admission; LOS > 10 days; Outstanding balance; Emergency admission
18818,PAT-0018818,Hemani,Srinivasan,Male,1951-06-14,74,2,1,1,1,8,5.0,0.0,75,1,1,0,2026-05-25 16:02:02,High,ADM-00035799,DOC-00048,Dr. Amaira Seshadri,DEP004,Orthopedics,DX005,Bone Fracture,Chronic Kidney Disease,75,High,Readmission; Age > 70; Chronic condition; ICU admission
19627,PAT-0019627,Vincent,Bahl,Male,1955-10-04,69,2,1,1,1,3,3.0,35462.18,75,1,0,1,2025-02-04 13:28:40,High,ADM-00024164,DOC-00111,Dr. David Tak,DEP009,ENT,DX003,Pneumonia,Asthma,75,High,Readmission; Chronic condition; ICU admission; Outstanding balance; Emergency admission
20145,PAT-0020145,Krisha,Rajagopalan,Female,1945-10-31,80,2,0,1,1,11,9.0,117797.93,75,1,1,0,2025-12-15 11:19:31,High,ADM-00024225,DOC-00121,Dr. Falguni Kumar,DEP004,Orthopedics,DX005,Bone Fracture,Migraine,75,High,Age > 70; Chronic condition; ICU admission; LOS > 10 days; Outstanding balance; Emergency admission
20294,PAT-0020294,Manya,Bedi,Male,1933-01-26,93,2,1,0,1,9,8.0,148789.2,75,1,1,0,2026-05-05 20:18:56,High,ADM-00029642,DOC-00110,Dr. David Narula,DEP010,Dermatology,DX004,Asthma,Migraine,75,High,Readmission; Age > 70; Chronic condition; ICU admission
21176,PAT-0021176,Advika,Garg,Female,1957-03-24,68,2,1,1,1,10,7.0,41256.74,75,1,0,1,2025-04-25 16:30:23,High,ADM-00031104,DOC-00016,Dr. Pushti Bhasin,DEP009,ENT,DX003,Pneumonia,Asthma,75,High,Readmission; Chronic condition; ICU admission; Outstanding balance; Emergency admission
21456,PAT-0021456,Balhaar,Chawla,Female,1931-09-24,94,2,0,1,1,12,9.0,18730.24,75,1,1,0,2026-08-13 16:54:28,High,ADM-00033280,DOC-00027,Dr. David Deshmukh,DEP007,Oncology,DX010,Anemia,Chronic Kidney Disease,75,High,Age > 70; Chronic condition; ICU admission; LOS > 10 days; Outstanding balance; Emergency admission
21570,PAT-0021570,Upma,Mandal,Female,1977-09-22,48,2,1,1,1,10,7.0,22958.47,75,1,0,1,2026-01-01 15:50:36,High,ADM-00030411,DOC-00088,Dr. Girindra Varty,DEP009,ENT,DX003,Pneumonia,Coronary Artery Disease,75,High,Readmission; Chronic condition; ICU admission; Outstanding balance; Emergency admission
23334,PAT-0023334,Urvashi,Raval,Male,1935-12-30,89,2,1,0,1,9,5.0,0.0,75,1,1,0,2025-10-03 15:09:44,High,ADM-00025090,DOC-00137,Dr. Rajata Arora,DEP005,Pediatrics,DX004,Asthma,Hypertension,75,High,Readmission; Age > 70; Chronic condition; ICU admission
751,PAT-0000751,Dayita,Apte,Male,1936-01-15,90,1,1,1,1,10,10.0,58692.38,75,1,0,0,2026-08-21 23:54:46,High,ADM-00036085,DOC-00150,Dr. Kamala Bhargava,DEP002,Cardiology,DX007,Coronary Artery Disease,,75,High,Readmission; Age > 70; ICU admission; Outstanding balance; Emergency admission
1006,PAT-0001006,Ayush,Lall,Female,1943-12-13,81,1,1,0,1,10,10.0,0.0,75,1,0,0,2025-02-24 14:02:24,High,ADM-00013009,DOC-00014,Dr. Chaitanya Buch,DEP004,Orthopedics,DX005,Bone Fracture,Asthma,75,High,Readmission; Age > 70; Chronic condition; ICU admission
1058,PAT-0001058,Samaksh,Naidu,Male,1935-01-31,90,1,1,0,1,10,10.0,0.0,75,1,0,0,2025-10-03 21:53:57,High,ADM-00035140,DOC-00054,Dr. Abhimanyu Buch,DEP001,Emergency,DX003,Pneumonia,Type 2 Diabetes,75,High,Readmission; Age > 70; Chronic condition; ICU admission
1572,PAT-0001572,Yashoda,Kurian,Male,1939-03-09,87,1,1,0,1,8,8.0,0.0,75,1,0,0,2026-08-09 05:38:37,High,ADM-00045035,DOC-00141,Dr. Janya Chawla,DEP007,Oncology,DX010,Anemia,Migraine,75,High,Readmission; Age > 70; Chronic condition; ICU admission
2596,PAT-0002596,Benjamin,Dave,Male,2016-02-12,8,1,1,0,1,12,12.0,249158.7,75,1,0,0,2024-09-11 17:43:57,High,ADM-00038553,DOC-00115,Dr. Ayushman Roy,DEP002,Cardiology,DX007,Coronary Artery Disease,Type 2 Diabetes,75,High,Readmission; Chronic condition; ICU admission; LOS > 10 days; Outstanding balance
3410,PAT-0003410,Jyoti,Krishnan,Female,1944-08-05,81,1,0,1,1,11,11.0,121578.98,75,1,0,0,2026-06-18 07:03:02,High,ADM-00012964,DOC-00129,Dr. Sneha Mahal,DEP008,Gynecology,DX010,Anemia,Chronic Kidney Disease,75,High,Age > 70; Chronic condition; ICU admission; LOS > 10 days; Outstanding balance; Emergency admission
4450,PAT-0004450,Laban,Bal,Female,1932-01-08,92,1,1,0,1,6,6.0,0.0,75,1,0,0,2024-04-11 20:46:33,High,ADM-00020156,DOC-00037,Dr. Priya Malhotra,DEP010,Dermatology,DX004,Asthma,Coronary Artery Disease,75,High,Readmission; Age > 70; Chronic condition; ICU admission
6637,PAT-0006637,Alka,Sengupta,Male,1967-01-23,58,1,1,1,1,10,10.0,96926.08,75,1,0,0,2025-02-24 01:10:38,High,ADM-00020907,DOC-00008,Dr. Qadim Suresh,DEP002,Cardiology,DX001,Hypertension,Hypertension,75,High,Readmission; Chronic condition; ICU admission; Outstanding balance; Emergency admission
7102,PAT-0007102,Madhav,Rai,Female,1953-12-20,72,1,1,0,1,4,4.0,0.0,75,1,0,0,2026-03-04 18:56:30,High,ADM-00040891,DOC-00142,Dr. Yug Bali,DEP005,Pediatrics,DX003,Pneumonia,Asthma,75,High,Readmission; Age > 70; Chronic condition; ICU admission
8005,PAT-0008005,Charles,Srivastava,Female,1947-09-13,78,1,1,0,1,6,6.0,0.0,75,1,0,0,2026-06-12 10:52:29,High,ADM-00002260,DOC-00071,Dr. Om Bajaj,DEP007,Oncology,DX010,Anemia,Migraine,75,High,Readmission; Age > 70; Chronic condition; ICU admission
14736,PAT-0014736,Gaurav,Palla,Female,1937-05-08,86,1,1,0,1,6,6.0,0.0,75,1,0,0,2024-01-15 19:35:49,High,ADM-00027955,DOC-00134,Dr. Chatura Dey,DEP005,Pediatrics,DX010,Anemia,Hypertension,75,High,Readmission; Age > 70; Chronic condition; ICU admission
15255,PAT-0015255,Arya,Om,Female,1981-01-30,43,1,1,1,1,8,8.0,94626.0,75,1,0,0,2024-09-12 22:38:10,High,ADM-00019888,DOC-00072,Dr. Inaya Warrior,DEP007,Oncology,DX010,Anemia,Hypertension,75,High,Readmission; Chronic condition; ICU admission; Outstanding balance; Emergency admission
15830,PAT-0015830,Vasudha,Virk,Female,1940-08-14,83,1,1,0,1,9,9.0,0.0,75,1,0,0,2024-05-17 05:25:37,High,ADM-00041181,DOC-00065,Dr. Nitara Choudhury,DEP004,Orthopedics,DX005,Bone Fracture,Migraine,75,High,Readmission; Age > 70; Chronic condition; ICU admission
16426,PAT-0016426,Alexander,Prabhakar,Male,1958-04-19,65,1,1,1,1,6,6.0,58994.38,75,1,0,0,2023-08-21 03:55:22,High,ADM-00022577,DOC-00137,Dr. Rajata Arora,DEP005,Pediatrics,DX004,Asthma,Asthma,75,High,Readmission; Chronic condition; ICU admission; Outstanding balance; Emergency admission
16485,PAT-0016485,Ojasvi,Sane,Female,1944-10-20,81,1,1,0,1,10,10.0,0.0,75,1,0,0,2026-06-06 07:18:03,High,ADM-00045581,DOC-00013,Dr. Charan Murty,DEP003,Neurology,DX006,Migraine,Hypertension,75,High,Readmission; Age > 70; Chronic condition; ICU admission
16670,PAT-0016670,Sai,Karan,Male,1939-05-25,87,1,1,1,1,8,8.0,54656.83,75,1,0,0,2026-08-02 22:35:36,High,ADM-00006559,DOC-00144,Dr. Gabriel Sachdev,DEP003,Neurology,DX006,Migraine,,75,High,Readmission; Age > 70; ICU admission; Outstanding balance; Emergency admission
18080,PAT-0018080,Advaith,Bansal,Female,1941-07-31,83,1,1,0,1,8,8.0,0.0,75,1,0,0,2024-12-29 15:33:43,High,ADM-00023763,DOC-00134,Dr. Chatura Dey,DEP005,Pediatrics,DX010,Anemia,Asthma,75,High,Readmission; Age > 70; Chronic condition; ICU admission
19478,PAT-0019478,Chanchal,Tiwari,Female,2008-10-18,14,1,1,1,1,3,3.0,9389.15,75,1,0,0,2023-01-12 17:23:13,High,ADM-00045296,DOC-00111,Dr. David Tak,DEP009,ENT,DX003,Pneumonia,Migraine,75,High,Readmission; Chronic condition; ICU admission; Outstanding balance; Emergency admission
21876,PAT-0021876,Edhitha,Vasa,Female,1934-05-31,92,1,1,0,1,8,8.0,0.0,75,1,0,0,2026-06-26 11:46:11,High,ADM-00028470,DOC-00070,Dr. Jason Mukherjee,DEP005,Pediatrics,DX003,Pneumonia,Coronary Artery Disease,75,High,Readmission; Age > 70; Chronic condition; ICU admission
23661,PAT-0023661,Ekbal,Reddy,Female,1948-12-14,75,1,1,0,1,9,9.0,0.0,75,1,0,0,2024-08-01 03:36:55,High,ADM-00012503,DOC-00010,Dr. Laban Kala,DEP009,ENT,DX003,Pneumonia,Chronic Kidney Disease,75,High,Readmission; Age > 70; Chronic condition; ICU admission
23722,PAT-0023722,Madhav,Anne,Female,1949-10-30,76,1,1,1,1,5,5.0,9833.29,75,1,0,0,2026-07-05 04:36:52,High,ADM-00014354,DOC-00026,Dr. Jagrati Borde,DEP003,Neurology,DX006,Migraine,,75,High,Readmission; Age > 70; ICU admission; Outstanding balance; Emergency admission
24588,PAT-0024588,Udant,Andra,Male,1955-09-19,67,1,1,1,1,5,5.0,49621.27,75,1,0,0,2023-01-16 00:23:34,High,ADM-00049489,DOC-00129,Dr. Sneha Mahal,DEP008,Gynecology,DX010,Anemia,Asthma,75,High,Readmission; Chronic condition; ICU admission; Outstanding balance; Emergency admission
25042,PAT-0025109,Tara,Ram,Female,1931-06-21,95,1,1,0,1,8,8.0,0.0,75,1,0,0,2026-09-26 18:13:21,High,ADM-00051299,DOC-00016,Dr. Pushti Bhasin,DEP009,ENT,DX003,Pneumonia,Chronic Kidney Disease,75,High,Readmission; Age > 70; Chronic condition; ICU admission
16180,PAT-0016180,Chakradhar,Nagarajan,Female,1950-10-15,75,5,1,3,2,15,7.8,169790.94,75,3,2,0,2025-11-24 18:48:38,High,ADM-00021265,DOC-00105,Dr. Ekapad Pal,DEP002,Cardiology,DX001,Hypertension,Type 2 Diabetes,65,High,Age > 70; Chronic condition; ICU admission; Outstanding balance; Emergency admission
21196,PAT-0021196,Ishita,Sathe,Male,1931-10-14,91,2,0,1,2,11,11.0,223640.26,75,2,0,0,2023-10-02 16:56:48,High,ADM-00047186,DOC-00079,Dr. Warinder Sarin,DEP008,Gynecology,DX010,Anemia,Migraine,65,High,Age > 70; Chronic condition; ICU admission; LOS > 10 days; Outstanding balance
20517,PAT-0020517,Aarush,Trivedi,Male,1950-09-28,75,4,1,1,2,11,6.75,76475.21,75,3,1,0,2025-12-06 01:28:11,High,ADM-00021586,DOC-00022,Dr. Kritika Khurana,DEP009,ENT,DX003,Pneumonia,Asthma,60,High,Age > 70; Chronic condition; ICU admission; LOS > 10 days
3589,PAT-0003589,Abhiram,Deshpande,Male,1941-10-03,84,3,0,3,2,14,8.67,28312.31,75,2,1,0,2026-07-05 15:35:58,High,ADM-00011611,DOC-00129,Dr. Sneha Mahal,DEP008,Gynecology,DX010,Anemia,Chronic Kidney Disease,60,High,Age > 70; Chronic condition; ICU admission; Emergency admission
23623,PAT-0023623,Kevin,Goda,Female,1944-12-08,81,6,2,0,1,10,4.83,17645.78,75,1,5,0,2026-08-11 08:12:02,High,ADM-00026551,DOC-00042,Dr. Harrison Dora,DEP002,Cardiology,DX007,Coronary Artery Disease,Type 2 Diabetes,55,Medium,Readmission; Age > 70; Chronic condition
4223,PAT-0004223,Sathvik,Suresh,Female,1944-08-04,81,5,1,1,1,14,5.8,193318.12,75,1,4,0,2026-06-16 06:35:36,High,ADM-00003668,DOC-00019,Dr. Bishakha Patel,DEP003,Neurology,DX006,Migraine,Asthma,55,Medium,Readmission; Age > 70; Chronic condition
13303,PAT-0013303,Radhika,Cherian,Male,1934-10-08,91,5,3,1,3,10,6.4,0.0,75,2,3,0,2026-06-17 04:00:44,High,ADM-00001888,DOC-00047,Dr. Zaid Vohra,DEP007,Oncology,DX010,Anemia,Hypertension,55,Medium,Readmission; Age > 70; Chronic condition
18844,PAT-0018844,Frado,Gade,Female,1942-11-20,83,5,1,2,1,13,4.8,33566.42,75,1,4,0,2026-08-12 00:36:10,High,ADM-00046190,DOC-00085,Dr. Mekhala Mangat,DEP006,General Medicine,DX001,Hypertension,Chronic Kidney Disease,55,Medium,Readmission; Age > 70; Chronic condition
6512,PAT-0006512,Luke,Om,Male,1950-10-25,72,4,2,1,1,10,4.75,14530.51,75,1,3,0,2023-10-22 20:52:30,High,ADM-00019411,DOC-00150,Dr. Kamala Bhargava,DEP002,Cardiology,DX001,Hypertension,Type 2 Diabetes,55,Medium,Readmission; Age > 70; Chronic condition
18879,PAT-0018879,Zilmil,Chander,Female,1934-01-29,92,4,2,2,1,13,6.75,79329.33,75,2,2,0,2026-05-06 12:51:20,High,ADM-00039121,DOC-00092,Dr. Baghyawati Shroff,DEP004,Orthopedics,DX005,Bone Fracture,Type 2 Diabetes,55,Medium,Readmission; Age > 70; Chronic condition
19236,PAT-0019236,Oeshi,Contractor,Female,1936-05-28,90,3,3,0,2,8,4.67,0.0,75,2,1,0,2026-06-09 17:10:51,High,ADM-00033262,DOC-00075,Dr. Theodore Kannan,DEP007,Oncology,DX010,Anemia,Chronic Kidney Disease,55,Medium,Readmission; Age > 70; Chronic condition
20327,PAT-0020327,Faras,Vig,Male,1942-08-19,83,3,1,2,2,14,7.33,18425.17,75,1,1,1,2026-03-19 05:45:50,High,ADM-00010161,DOC-00049,Dr. Anjali Patla,DEP004,Orthopedics,DX005,Bone Fracture,,55,Medium,Age > 70; ICU admission; LOS > 10 days; Emergency admission
21331,PAT-0021331,Kashish,Karnik,Female,1951-10-05,74,2,1,1,1,11,7.0,79878.05,75,1,1,0,2025-11-21 12:41:07,High,ADM-00016757,DOC-00070,Dr. Jason Mukherjee,DEP005,Pediatrics,DX004,Asthma,Asthma,55,Medium,Readmission; Age > 70; Chronic condition
24955,PAT-0024955,Chandani,Dhaliwal,Female,1945-10-21,80,2,2,0,1,9,5.0,0.0,75,1,1,0,2026-06-25 15:59:45,High,ADM-00020993,DOC-00061,Dr. Michael Rastogi,DEP010,Dermatology,DX004,Asthma,Asthma,55,Medium,Readmission; Age > 70; Chronic condition
18599,PAT-0018599,Barkha,Gade,Male,1948-05-11,77,6,1,0,3,12,5.83,12768.3,75,2,4,0,2026-01-12 01:34:17,High,ADM-00001901,DOC-00016,Dr. Pushti Bhasin,DEP009,ENT,DX003,Pneumonia,Migraine,50,Medium,Age > 70; Chronic condition; ICU admission
8180,PAT-0008180,Anusha,Balay,Female,1967-07-17,57,4,2,3,1,7,3.25,18650.47,75,1,2,1,2025-07-07 15:53:50,High,ADM-00030659,DOC-00086,Dr. Rehaan Lanka,DEP001,Emergency,DX005,Bone Fracture,Hypertension,50,Medium,Readmission; Chronic condition; Emergency admission
22376,PAT-0022376,Karan,Bajwa,Female,1953-07-23,72,3,1,0,2,10,8.33,0.0,75,1,1,1,2026-02-22 22:42:26,High,ADM-00030832,DOC-00114,Dr. Om Mangat,DEP007,Oncology,DX010,Anemia,Coronary Artery Disease,50,Medium,Age > 70; Chronic condition; ICU admission
3252,PAT-0003252,Yauvani,Rajagopalan,Male,1946-04-04,78,2,0,1,2,11,10.0,56441.44,75,1,1,0,2024-12-04 23:43:18,High,ADM-00030658,DOC-00085,Dr. Mekhala Mangat,DEP006,General Medicine,DX010,Anemia,Type 2 Diabetes,50,Medium,Age > 70; Chronic condition; ICU admission
6602,PAT-0006602,Aachal,Badal,Female,1936-04-16,88,2,1,0,2,7,7.0,0.0,75,1,1,0,2024-05-29 12:54:19,High,ADM-00016207,DOC-00068,Dr. Aarnav Barman,DEP009,ENT,DX003,Pneumonia,Hypertension,50,Medium,Age > 70; Chronic condition; ICU admission
21854,PAT-0021854,Lakshit,Sabharwal,Female,1994-01-25,32,2,2,2,1,9,7.0,195075.3,75,1,1,0,2026-05-09 20:50:03,High,ADM-00039122,DOC-00126,Dr. Yachana Vyas,DEP009,ENT,DX003,Pneumonia,Chronic Kidney Disease,50,Medium,Readmission; Chronic condition; Emergency admission
4199,PAT-0004199,Gaurangi,Rau,Male,1936-11-13,89,6,3,3,1,7,4.67,60007.76,75,2,4,0,2026-02-17 06:33:16,High,ADM-00024361,DOC-00064,Dr. Amol Gera,DEP008,Gynecology,DX010,Anemia,Migraine,45,Medium,Age > 70; Chronic condition; Outstanding balance; Emergency admission
125,PAT-0000125,Manbir,Samra,Female,1937-10-30,88,5,3,3,2,9,5.6,71396.3,75,3,2,0,2026-09-19 11:39:56,High,ADM-00015965,DOC-00012,Dr. Abha Mandal,DEP004,Orthopedics,DX005,Bone Fracture,Coronary Artery Disease,45,Medium,Age > 70; Chronic condition; Outstanding balance; Emergency admission
8513,PAT-0008513,Nachiket,Konda,Female,1932-12-08,93,4,1,1,1,8,5.25,29104.42,75,1,3,0,2026-02-09 16:20:33,High,ADM-00044207,DOC-00051,Dr. Ekta Pai,DEP008,Gynecology,DX010,Anemia,Type 2 Diabetes,45,Medium,Age > 70; Chronic condition; Outstanding balance; Emergency admission
20859,PAT-0020859,Warjas,Shah,Male,1941-03-08,85,4,2,2,1,5,4.0,6344.5,75,1,3,0,2026-07-30 00:51:13,High,ADM-00047065,DOC-00083,Dr. Krishna Palla,DEP001,Emergency,DX005,Bone Fracture,Migraine,45,Medium,Age > 70; Chronic condition; Outstanding balance; Emergency admission
967,PAT-0000967,Indrajit,Nagarajan,Male,1944-04-17,81,3,1,1,1,6,5.0,7771.64,75,1,2,0,2025-06-27 02:53:42,High,ADM-00004445,DOC-00082,Dr. Dhriti Devi,DEP006,General Medicine,DX003,Pneumonia,Chronic Kidney Disease,45,Medium,Age > 70; Chronic condition; Outstanding balance; Emergency admission
4715,PAT-0004715,Isha,Dar,Male,1956-08-12,69,3,2,1,2,14,9.0,27227.72,75,1,2,0,2026-02-20 17:15:21,High,ADM-00005543,DOC-00041,Dr. Inaya Raman,DEP003,Neurology,DX006,Migraine,Asthma,45,Medium,Chronic condition; ICU admission; LOS > 10 days
6206,PAT-0006206,Anmol,Kadakia,Male,1946-01-08,80,3,1,2,2,8,4.33,32889.07,75,1,1,1,2026-09-25 15:10:15,High,ADM-00050905,DOC-00003,Dr. Krish Jhaveri,DEP010,Dermatology,DX004,Asthma,,45,Medium,Age > 70; ICU admission; Emergency admission
12614,PAT-0012614,Atharv,Gara,Female,2018-10-03,7,3,2,3,2,10,7.33,16837.09,75,1,2,0,2026-03-24 02:21:57,High,ADM-00046780,DOC-00134,Dr. Chatura Dey,DEP005,Pediatrics,DX010,Anemia,Migraine,45,Medium,Chronic condition; ICU admission; Emergency admission
13093,PAT-0013093,Timothy,Dani,Female,1952-08-01,73,3,1,1,1,7,3.0,1954.09,75,1,2,0,2026-02-11 04:12:16,High,ADM-00023198,DOC-00067,Dr. Ijaya Zachariah,DEP008,Gynecology,DX010,Anemia,Asthma,45,Medium,Age > 70; Chronic condition; Outstanding balance; Emergency admission
20057,PAT-0020057,Yadavi,Pandit,Male,1952-05-19,73,3,2,0,1,13,6.0,288872.53,75,1,1,1,2025-12-30 23:23:25,High,ADM-00004268,DOC-00033,Dr. Azad Batra,DEP009,ENT,DX003,Pneumonia,,45,Medium,Readmission; Age > 70; Outstanding balance
1525,PAT-0001525,Janani,Kothari,Male,1952-06-11,73,2,2,1,1,3,2.0,21697.49,75,1,1,0,2025-12-11 08:37:29,High,ADM-00023515,DOC-00006,Dr. Arin Tailor,DEP001,Emergency,DX009,Gastroenteritis,,45,Medium,Readmission; Age > 70; Outstanding balance
19324,PAT-0019324,Niharika,Tailor,Female,1947-02-23,79,2,2,1,1,9,5.5,22876.25,75,1,1,0,2026-04-15 06:27:18,High,ADM-00041290,DOC-00042,Dr. Harrison Dora,DEP002,Cardiology,DX007,Coronary Artery Disease,,45,Medium,Readmission; Age > 70; Outstanding balance
16369,PAT-0016369,Vedhika,Sandal,Male,1973-11-25,52,6,3,1,1,12,6.0,18291.71,75,1,2,3,2026-07-25 13:52:11,High,ADM-00041534,DOC-00068,Dr. Aarnav Barman,DEP009,ENT,DX003,Pneumonia,Hypertension,40,Medium,Readmission; Chronic condition
5508,PAT-0005508,Nimrat,Srivastava,Female,1949-04-30,76,5,2,1,2,7,3.2,0.0,75,1,4,0,2026-03-06 03:16:31,High,ADM-00039142,DOC-00113,Dr. Nandini Anand,DEP003,Neurology,DX006,Migraine,Asthma,40,Medium,Age > 70; Chronic condition; Emergency admission
12683,PAT-0012683,Abeer,Lanka,Female,1936-03-01,89,5,1,4,1,11,3.2,20386.87,75,2,3,0,2025-07-01 06:19:23,High,ADM-00033639,DOC-00130,Dr. Ekantika Virk,DEP003,Neurology,DX006,Migraine,Migraine,40,Medium,Age > 70; Chronic condition; Emergency admission
12911,PAT-0012911,Riya,Suri,Male,1937-03-22,88,5,0,3,1,13,7.0,98000.17,75,1,4,0,2026-03-01 16:56:48,High,ADM-00019079,DOC-00129,Dr. Sneha Mahal,DEP008,Gynecology,DX010,Anemia,Coronary Artery Disease,40,Medium,Age > 70; Chronic condition; Emergency admission
9771,PAT-0009771,Jagat,Gandhi,Male,1952-06-29,73,4,1,2,1,8,5.5,2774.6,75,1,2,1,2025-09-15 14:12:29,High,ADM-00004940,DOC-00080,Dr. Kabir Wadhwa,DEP001,Emergency,DX005,Bone Fracture,Asthma,40,Medium,Age > 70; Chronic condition; Emergency admission
18765,PAT-0018765,Zinal,Kari,Female,2003-07-01,22,4,2,2,1,9,4.5,48075.99,75,1,1,2,2026-05-21 13:16:11,High,ADM-00021844,DOC-00105,Dr. Ekapad Pal,DEP002,Cardiology,DX001,Hypertension,Coronary Artery Disease,40,Medium,Readmission; Chronic condition
20495,PAT-0020495,Darsh,Deshpande,Female,1942-11-26,83,4,0,3,1,12,5.0,129420.93,75,1,3,0,2026-08-21 12:11:22,High,ADM-00034310,DOC-00014,Dr. Chaitanya Buch,DEP004,Orthopedics,DX005,Bone Fracture,Asthma,40,Medium,Age > 70; Chronic condition; Emergency admission
9902,PAT-0009902,Aarav,Dayal,Female,1959-02-05,66,3,2,0,1,13,6.67,78323.65,75,1,1,1,2025-03-25 05:23:17,High,ADM-00022672,DOC-00005,Dr. Veer Merchant,DEP006,General Medicine,DX001,Hypertension,Hypertension,40,Medium,Readmission; Chronic condition
9943,PAT-0009943,Isaac,Subramaniam,Male,1949-03-26,76,3,1,1,1,6,4.67,53259.52,75,1,2,0,2026-01-06 18:14:40,High,ADM-00022046,DOC-00026,Dr. Jagrati Borde,DEP003,Neurology,DX006,Migraine,Asthma,40,Medium,Age > 70; Chronic condition; Emergency admission
11910,PAT-0011910,Wriddhish,Mital,Male,1943-03-11,82,3,1,1,1,8,5.33,6106.01,75,1,2,0,2025-03-30 04:07:14,High,ADM-00049522,DOC-00052,Dr. Vaishnavi Balay,DEP004,Orthopedics,DX005,Bone Fracture,Coronary Artery Disease,40,Medium,Age > 70; Chronic condition; Emergency admission
15730,PAT-0015730,Pavani,Luthra,Female,1937-05-08,89,3,2,0,2,11,7.0,31542.8,75,1,2,0,2026-09-14 04:56:55,High,ADM-00025274,DOC-00137,Dr. Rajata Arora,DEP005,Pediatrics,DX003,Pneumonia,,40,Medium,Readmission; Age > 70
16924,PAT-0016924,Diya,Singhal,Female,1953-10-22,72,3,1,1,1,7,7.0,0.0,75,1,2,0,2026-08-03 15:53:22,High,ADM-00001471,DOC-00128,Dr. Bahadurjit Bose,DEP003,Neurology,DX006,Migraine,Hypertension,40,Medium,Age > 70; Chronic condition; Emergency admission
4643,PAT-0004643,Anika,Boase,Female,1949-01-12,76,2,1,1,1,5,3.0,0.0,75,1,1,0,2025-03-28 02:10:05,High,ADM-00019956,DOC-00091,Dr. Dev Sangha,DEP006,General Medicine,DX002,Type 2 Diabetes,Asthma,40,Medium,Age > 70; Chronic condition; Emergency admission
11576,PAT-0011576,Teerth,Agrawal,Female,1940-12-25,83,2,2,1,1,7,7.0,13642.9,75,1,1,0,2024-03-17 20:06:51,High,ADM-00024294,DOC-00074,Dr. Zilmil Aggarwal,DEP007,Oncology,DX010,Anemia,,40,Medium,Readmission; Age > 70
14851,PAT-0014851,Alexander,Guha,Female,1940-04-26,84,2,2,0,1,11,7.5,15544.45,75,1,1,0,2024-05-29 17:25:54,High,ADM-00013101,DOC-00075,Dr. Theodore Kannan,DEP007,Oncology,DX010,Anemia,,40,Medium,Readmission; Age > 70
21291,PAT-0021291,Onkar,Chanda,Male,1974-02-12,52,2,2,0,1,11,6.0,26028.02,75,1,1,0,2026-06-13 01:05:49,High,ADM-00011259,DOC-00127,Dr. Fitan Ratti,DEP004,Orthopedics,DX005,Bone Fracture,Migraine,40,Medium,Readmission; Chronic condition
23106,PAT-0023106,Om,Chand,Male,1932-02-03,94,2,1,1,1,9,6.5,0.0,75,1,1,0,2026-08-02 00:12:15,High,ADM-00043825,DOC-00017,Dr. Chaitanya Singh,DEP007,Oncology,DX010,Anemia,Hypertension,40,Medium,Age > 70; Chronic condition; Emergency admission
2518,PAT-0002518,Udarsh,Sekhon,Male,1942-09-28,83,6,1,2,3,6,2.67,57615.73,75,1,2,3,2026-09-24 07:22:44,High,ADM-00050617,DOC-00027,Dr. David Deshmukh,DEP007,Oncology,DX010,Anemia,,35,Medium,Age > 70; ICU admission
6517,PAT-0006517,Sanya,Magar,Male,1941-10-01,84,6,1,0,1,7,4.5,57538.27,75,1,5,0,2026-04-05 05:19:47,High,ADM-00021877,DOC-00105,Dr. Ekapad Pal,DEP002,Cardiology,DX007,Coronary Artery Disease,Type 2 Diabetes,35,Medium,Age > 70; Chronic condition; Outstanding balance
10022,PAT-0010022,Hemang,Khanna,Male,1949-10-31,75,5,2,1,1,6,3.2,31382.09,75,2,3,0,2025-03-27 11:56:24,High,ADM-00008957,DOC-00085,Dr. Mekhala Mangat,DEP006,General Medicine,DX009,Gastroenteritis,Hypertension,35,Medium,Age > 70; Chronic condition; Outstanding balance
24142,PAT-0024142,Dipta,Dugar,Male,1940-12-11,84,5,1,1,1,10,4.4,23725.31,75,1,4,0,2025-10-18 16:09:06,High,ADM-00043741,DOC-00031,Dr. Nathan Iyengar,DEP004,Orthopedics,DX005,Bone Fracture,Coronary Artery Disease,35,Medium,Age > 70; Chronic condition; Outstanding balance
18592,PAT-0018592,Anika,Chada,Male,1936-03-11,88,4,2,1,1,5,3.25,42173.8,75,2,2,0,2024-12-18 02:55:24,High,ADM-00005534,DOC-00005,Dr. Veer Merchant,DEP006,General Medicine,DX009,Gastroenteritis,Chronic Kidney Disease,35,Medium,Age > 70; Chronic condition; Outstanding balance
1638,PAT-0001638,Zilmil,Vora,Other,1934-06-16,91,3,1,1,1,10,4.33,992.54,75,1,2,0,2026-01-11 17:40:50,High,ADM-00036004,DOC-00113,Dr. Nandini Anand,DEP003,Neurology,DX006,Migraine,Coronary Artery Disease,35,Medium,Age > 70; Chronic condition; Outstanding balance
13448,PAT-0013448,Bhavna,Jain,Female,1941-10-18,84,3,0,1,1,11,3.67,42881.35,75,1,2,0,2026-09-24 22:02:59,High,ADM-00050520,DOC-00083,Dr. Krishna Palla,DEP001,Emergency,DX009,Gastroenteritis,Chronic Kidney Disease,35,Medium,Age > 70; Chronic condition; Outstanding balance
22118,PAT-0022118,Lipika,Raval,Female,1932-09-30,92,2,1,0,1,9,8.0,14730.69,75,1,1,0,2025-05-17 19:55:56,High,ADM-00015083,DOC-00113,Dr. Nandini Anand,DEP003,Neurology,DX006,Migraine,Asthma,35,Medium,Age > 70; Chronic condition; Outstanding balance
2563,PAT-0002563,Ekantika,Balakrishnan,Male,1944-01-04,81,6,1,4,1,12,5.83,241027.5,75,2,4,0,2025-07-06 02:35:30,High,ADM-00001330,DOC-00003,Dr. Krish Jhaveri,DEP010,Dermatology,DX004,Asthma,Type 2 Diabetes,30,Medium,Age > 70; Chronic condition
10946,PAT-0010946,Upma,Sibal,Female,1934-12-17,91,6,2,0,1,10,3.67,13265.41,75,1,5,0,2026-09-24 07:57:10,High,ADM-00050569,DOC-00116,Dr. Michael Pandya,DEP007,Oncology,DX010,Anemia,Hypertension,30,Medium,Age > 70; Chronic condition
4658,PAT-0004658,Rishi,Chokshi,Female,1953-12-08,72,5,2,1,2,15,8.8,104659.27,75,2,2,1,2026-02-21 22:35:29,High,ADM-00020050,DOC-00043,Dr. Zehaan Guha,DEP005,Pediatrics,DX004,Asthma,Asthma,30,Medium,Age > 70; Chronic condition
7413,PAT-0007413,Frederick,Ram,Male,1932-02-06,94,5,2,0,1,7,4.8,29565.73,75,2,3,0,2026-09-16 22:46:57,High,ADM-00030425,DOC-00038,Dr. Charan Golla,DEP006,General Medicine,DX002,Type 2 Diabetes,Asthma,30,Medium,Age > 70; Chronic condition
10207,PAT-0010207,Manan,Basak,Male,1952-04-20,74,5,1,0,1,5,2.6,6977.26,75,1,4,0,2026-06-04 07:36:23,High,ADM-00036988,DOC-00014,Dr. Chaitanya Buch,DEP004,Orthopedics,DX005,Bone Fracture,Type 2 Diabetes,30,Medium,Age > 70; Chronic condition
16577,PAT-0016577,Tanmayi,Shenoy,Male,1936-08-19,88,5,0,2,1,13,7.0,32291.76,75,1,4,0,2025-05-11 04:13:24,High,ADM-00035780,DOC-00110,Dr. David Narula,DEP010,Dermatology,DX004,Asthma,Coronary Artery Disease,30,Medium,Age > 70; Chronic condition
17184,PAT-0017184,Varenya,Mukhopadhyay,Female,1941-09-14,84,5,2,1,2,8,4.8,97847.93,75,2,3,0,2026-03-25 04:43:04,High,ADM-00006647,DOC-00116,Dr. Michael Pandya,DEP007,Oncology,DX010,Anemia,Chronic Kidney Disease,30,Medium,Age > 70; Chronic condition
7773,PAT-0007773,Odika,Sathe,Male,1950-05-03,75,4,0,1,1,14,7.0,113325.56,75,1,3,0,2026-03-01 07:41:30,High,ADM-00034332,DOC-00077,Dr. Anirudh Chaudhuri,DEP003,Neurology,DX006,Migraine,Hypertension,30,Medium,Age > 70; Chronic condition
13674,PAT-0013674,Ojasvi,Dasgupta,Male,1937-03-17,89,4,1,1,1,5,4.25,33213.07,75,1,3,0,2026-05-16 15:51:38,High,ADM-00036702,DOC-00011,Dr. Hemal Muni,DEP006,General Medicine,DX009,Gastroenteritis,Migraine,30,Medium,Age > 70; Chronic condition
15312,PAT-0015312,Karan,Nanda,Male,1933-03-11,92,4,1,0,2,8,6.25,0.0,75,1,3,0,2025-09-04 17:02:25,High,ADM-00014403,DOC-00083,Dr. Krishna Palla,DEP001,Emergency,DX003,Pneumonia,Chronic Kidney Disease,30,Medium,Age > 70; Chronic condition
22313,PAT-0022313,Vasana,Radhakrishnan,Male,1939-01-21,87,4,2,1,1,7,5.25,0.0,75,2,2,0,2026-09-16 03:23:29,High,ADM-00021806,DOC-00059,Dr. Indrajit Cheema,DEP005,Pediatrics,DX004,Asthma,Coronary Artery Disease,30,Medium,Age > 70; Chronic condition
22610,PAT-0022610,Prisha,Sanghvi,Female,1950-01-03,74,4,2,0,1,7,3.25,0.0,75,1,3,0,2025-01-02 05:12:10,High,ADM-00021269,DOC-00077,Dr. Anirudh Chaudhuri,DEP003,Neurology,DX006,Migraine,Coronary Artery Disease,30,Medium,Age > 70; Chronic condition
22656,PAT-0022656,Jagrati,Nagy,Female,1943-10-25,82,4,1,0,1,9,4.25,0.0,75,1,3,0,2026-09-26 14:41:05,High,ADM-00051112,DOC-00132,Dr. Shravya Ramanathan,DEP008,Gynecology,DX010,Anemia,Hypertension,30,Medium,Age > 70; Chronic condition
10476,PAT-0010476,Timothy,Sandal,Female,1952-08-11,74,3,2,0,1,10,4.0,0.0,75,1,2,0,2026-09-25 09:23:27,High,ADM-00050202,DOC-00113,Dr. Nandini Anand,DEP003,Neurology,DX006,Migraine,Coronary Artery Disease,30,Medium,Age > 70; Chronic condition
10868,PAT-0010868,Wridesh,Bala,Female,1946-07-01,80,3,1,1,1,10,6.33,0.0,75,1,2,0,2026-08-02 00:13:07,High,ADM-00032987,DOC-00094,Dr. Hemang Thaman,DEP004,Orthopedics,DX005,Bone Fracture,Chronic Kidney Disease,30,Medium,Age > 70; Chronic condition
12553,PAT-0012553,Tarak,Loke,Female,2017-05-20,9,3,1,3,1,10,4.0,45753.76,75,1,1,1,2026-09-25 08:20:33,High,ADM-00050205,DOC-00061,Dr. Michael Rastogi,DEP010,Dermatology,DX004,Asthma,Asthma,30,Medium,Chronic condition; Outstanding balance; Emergency admission
13309,PAT-0013309,Balveer,Kurian,Female,1935-01-20,91,3,1,0,1,9,7.0,9702.18,75,1,2,0,2026-06-23 20:38:31,High,ADM-00013876,DOC-00017,Dr. Chaitanya Singh,DEP007,Oncology,DX010,Anemia,Coronary Artery Disease,30,Medium,Age > 70; Chronic condition
14110,PAT-0014110,Dev,Sani,Male,1947-01-04,78,3,1,0,1,7,3.67,1238.9,75,1,2,0,2025-09-30 05:39:45,High,ADM-00047623,DOC-00055,Dr. Chaitanya Banerjee,DEP007,Oncology,DX010,Anemia,Chronic Kidney Disease,30,Medium,Age > 70; Chronic condition
18795,PAT-0018795,Karan,Narula,Female,1939-04-04,86,3,1,0,1,8,4.33,97779.15,75,1,2,0,2025-11-04 04:08:21,High,ADM-00046876,DOC-00038,Dr. Charan Golla,DEP006,General Medicine,DX003,Pneumonia,Coronary Artery Disease,30,Medium,Age > 70; Chronic condition
3333,PAT-0003333,Lekha,Nanda,Female,1949-06-26,77,2,1,0,1,8,7.5,0.0,75,1,1,0,2026-08-23 21:08:34,High,ADM-00040425,DOC-00098,Dr. Chatresh Batta,DEP006,General Medicine,DX001,Hypertension,Coronary Artery Disease,30,Medium,Age > 70; Chronic condition
4886,PAT-0004886,Ati,Parmar,Male,1932-08-18,92,2,0,1,1,12,7.0,69060.86,75,1,1,0,2024-09-20 22:35:02,High,ADM-00049239,DOC-00034,Dr. Teerth Dewan,DEP009,ENT,DX003,Pneumonia,Migraine,30,Medium,Age > 70; Chronic condition
9621,PAT-0009621,Pushti,Grover,Female,1943-12-05,79,2,1,0,1,6,5.0,0.0,75,1,1,0,2023-05-11 10:17:43,High,ADM-00027693,DOC-00022,Dr. Kritika Khurana,DEP009,ENT,DX003,Pneumonia,Migraine,30,Medium,Age > 70; Chronic condition
13157,PAT-0013157,Varenya,Sharaf,Female,1936-12-16,88,2,1,0,1,6,6.0,0.0,75,1,1,0,2025-02-13 02:51:18,High,ADM-00047885,DOC-00068,Dr. Aarnav Barman,DEP009,ENT,DX003,Pneumonia,Chronic Kidney Disease,30,Medium,Age > 70; Chronic condition
21875,PAT-0021875,Rachita,Narula,Male,1943-07-23,79,2,1,0,1,7,4.0,0.0,75,1,1,0,2023-07-04 19:42:18,High,ADM-00018688,DOC-00054,Dr. Abhimanyu Buch,DEP001,Emergency,DX009,Gastroenteritis,Hypertension,30,Medium,Age > 70; Chronic condition
22956,PAT-0022956,Pooja,Babu,Male,1943-04-25,83,2,1,0,1,10,8.5,0.0,75,1,1,0,2026-04-25 19:24:45,High,ADM-00037706,DOC-00117,Dr. Vrishti Bedi,DEP007,Oncology,DX010,Anemia,Chronic Kidney Disease,30,Medium,Age > 70; Chronic condition
6486,PAT-0006486,Maya,Ramanathan,Female,1977-03-01,49,8,1,5,2,8,4.63,28315.27,75,1,2,5,2026-09-09 17:46:28,High,ADM-00005487,DOC-00094,Dr. Hemang Thaman,DEP004,Orthopedics,DX005,Bone Fracture,Asthma,25,Low,Chronic condition; Emergency admission
7725,PAT-0007725,Keya,Bajaj,Female,1958-10-12,66,4,1,3,1,10,5.25,11719.93,75,1,0,3,2025-06-15 11:40:20,High,ADM-00046088,DOC-00001,Dr. Viraj Subramanian,DEP002,Cardiology,DX001,Hypertension,Hypertension,25,Low,Chronic condition; Emergency admission
10579,PAT-0010579,Qarin,Date,Female,1975-11-09,50,4,3,3,1,9,5.0,120764.53,75,1,2,1,2026-07-18 22:12:57,High,ADM-00002707,DOC-00049,Dr. Anjali Patla,DEP004,Orthopedics,DX005,Bone Fracture,Migraine,25,Low,Chronic condition; Emergency admission
3251,PAT-0003251,Meera,Gopal,Male,2008-09-12,15,3,1,2,1,13,5.67,141891.83,75,1,1,1,2024-08-30 07:17:34,High,ADM-00015419,DOC-00133,Dr. Vritti Cheema,DEP002,Cardiology,DX001,Hypertension,Hypertension,25,Low,Chronic condition; Emergency admission
267,PAT-0000267,Harshil,De,Male,2014-12-27,10,2,1,1,1,14,9.5,168299.77,75,1,0,1,2025-03-26 09:08:39,High,ADM-00018112,DOC-00125,Dr. Robert Murthy,DEP010,Dermatology,DX004,Asthma,Asthma,25,Low,Chronic condition; Emergency admission
8095,PAT-0008095,Prisha,Mangal,Female,1975-02-11,51,5,1,1,1,11,6.4,381028.92,75,1,1,3,2026-08-07 01:25:29,High,ADM-00021778,DOC-00106,Dr. Parth Muni,DEP009,ENT,DX003,Pneumonia,Chronic Kidney Disease,20,Low,Chronic condition; Outstanding balance
18183,PAT-0018183,Thomas,Gour,Male,1982-09-28,43,5,2,1,1,14,6.6,118367.5,75,1,1,3,2026-07-28 16:11:13,High,ADM-00043547,DOC-00072,Dr. Inaya Warrior,DEP007,Oncology,DX010,Anemia,Asthma,20,Low,Chronic condition; Outstanding balance
1683,PAT-0001683,Teerth,Dey,Female,1956-12-31,67,3,1,1,1,5,5.0,99586.55,75,1,0,2,2024-04-03 06:20:11,High,ADM-00006327,DOC-00009,Dr. Vrinda Kale,DEP006,General Medicine,DX010,Anemia,Asthma,20,Low,Chronic condition; Outstanding balance
16254,PAT-0016254,Maya,Bala,Male,2014-09-15,10,3,1,1,1,13,7.67,72634.16,75,1,0,2,2025-03-01 18:26:21,High,ADM-00014856,DOC-00046,Dr. Umang Konda,DEP002,Cardiology,DX007,Coronary Artery Disease,Asthma,20,Low,Chronic condition; Outstanding balance
20587,PAT-0020587,Nidhi,Joshi,Male,1939-10-07,86,3,1,2,1,10,6.0,25917.79,75,1,1,1,2026-07-08 18:41:39,High,ADM-00003577,DOC-00020,Dr. Chatresh Viswanathan,DEP006,General Medicine,DX003,Pneumonia,,20,Low,Age > 70; Outstanding balance
24369,PAT-0024369,Mitali,Rau,Male,1962-06-07,62,3,1,0,1,12,8.33,30072.74,75,1,0,2,2024-10-01 15:03:29,High,ADM-00009692,DOC-00145,Dr. Girindra Sachar,DEP009,ENT,DX003,Pneumonia,Migraine,20,Low,Chronic condition; Outstanding balance
6881,PAT-0006881,Dalbir,Kannan,Female,1961-04-03,64,2,1,1,1,9,5.5,21105.91,75,1,0,1,2025-08-25 14:26:27,High,ADM-00009521,DOC-00093,Dr. Zaitra Mahajan,DEP008,Gynecology,DX010,Anemia,Hypertension,20,Low,Chronic condition; Outstanding balance
16605,PAT-0016605,Dalbir,Bahri,Female,1948-12-16,74,2,1,1,1,6,5.5,55193.62,75,1,0,1,2023-09-24 07:50:52,High,ADM-00040841,DOC-00097,Dr. Nisha Dhillon,DEP008,Gynecology,DX010,Anemia,,20,Low,Age > 70; Outstanding balance
23002,PAT-0023002,Tristan,Gala,Male,1981-03-20,43,2,1,1,1,9,7.0,15952.33,75,1,0,1,2025-03-08 03:45:08,High,ADM-00000125,DOC-00123,Dr. Tanveer Pant,DEP009,ENT,DX003,Pneumonia,Hypertension,20,Low,Chronic condition; Outstanding balance
3793,PAT-0003793,Tanvi,Deshpande,Male,2017-09-27,7,4,1,1,3,13,8.5,90683.49,75,2,1,1,2025-08-16 02:30:10,High,ADM-00007818,DOC-00090,Dr. Lohit Upadhyay,DEP007,Oncology,DX010,Anemia,Asthma,15,Low,Chronic condition
6722,PAT-0006722,Maanav,Mittal,Male,1943-10-17,82,4,1,0,1,11,5.75,12989.08,75,1,0,3,2026-01-07 21:48:03,High,ADM-00017232,DOC-00097,Dr. Nisha Dhillon,DEP008,Gynecology,DX010,Anemia,,15,Low,Age > 70
7529,PAT-0007529,Udarsh,Mammen,Female,2008-01-21,18,4,1,2,1,10,5.5,13621.29,75,1,0,3,2026-01-22 23:52:02,High,ADM-00006390,DOC-00098,Dr. Chatresh Batta,DEP006,General Medicine,DX009,Gastroenteritis,Coronary Artery Disease,15,Low,Chronic condition
11484,PAT-0011484,Osha,Brar,Female,1947-04-10,79,4,1,1,2,12,6.25,60804.76,75,1,1,2,2026-05-05 22:07:13,High,ADM-00034066,DOC-00099,Dr. Eiravati Goda,DEP001,Emergency,DX009,Gastroenteritis,,15,Low,Age > 70
18583,PAT-0018583,Darsh,Bhargava,Male,1977-12-04,47,4,2,1,1,9,5.0,45627.84,75,1,1,2,2025-01-31 10:29:48,High,ADM-00015108,DOC-00005,Dr. Veer Merchant,DEP006,General Medicine,DX009,Gastroenteritis,Type 2 Diabetes,15,Low,Chronic condition
24853,PAT-0024853,Anjali,Doctor,Male,1955-12-14,68,4,2,2,2,5,2.75,26228.41,75,2,1,1,2024-10-17 22:10:30,High,ADM-00012123,DOC-00099,Dr. Eiravati Goda,DEP001,Emergency,DX005,Bone Fracture,Hypertension,15,Low,Chronic condition
6436,PAT-0006436,Lucky,Mukhopadhyay,Male,2013-06-01,12,3,2,0,1,11,6.67,52844.14,75,1,1,1,2025-12-31 15:53:06,High,ADM-00039777,DOC-00085,Dr. Mekhala Mangat,DEP006,General Medicine,DX003,Pneumonia,Asthma,15,Low,Chronic condition
8583,PAT-0008583,Zehaan,Rama,Male,1932-10-16,93,3,1,1,1,6,4.33,8995.42,75,1,0,2,2025-12-21 05:42:16,High,ADM-00015634,DOC-00074,Dr. Zilmil Aggarwal,DEP007,Oncology,DX010,Anemia,,15,Low,Age > 70
12321,PAT-0012321,Imaran,Mody,Male,1939-09-21,86,3,1,1,1,6,3.0,77081.29,75,1,0,2,2025-12-01 20:21:53,High,ADM-00020597,DOC-00045,Dr. Bhavini Maharaj,DEP003,Neurology,DX006,Migraine,,15,Low,Age > 70
13010,PAT-0013010,Divya,Ratti,Male,1978-12-23,47,3,2,1,1,10,5.67,281000.25,75,1,1,1,2026-01-18 05:56:48,High,ADM-00025137,DOC-00097,Dr. Nisha Dhillon,DEP008,Gynecology,DX010,Anemia,Migraine,15,Low,Chronic condition
16089,PAT-0016089,Yasti,Bandi,Male,1965-08-11,60,3,1,0,1,11,5.0,110662.11,75,1,0,2,2025-10-31 14:09:58,High,ADM-00046383,DOC-00014,Dr. Chaitanya Buch,DEP004,Orthopedics,DX005,Bone Fracture,Hypertension,15,Low,Chronic condition
22449,PAT-0022449,Shivansh,Oommen,Male,2022-07-04,3,3,1,1,1,7,5.33,19246.17,75,1,0,2,2026-04-26 23:11:49,High,ADM-00017299,DOC-00097,Dr. Nisha Dhillon,DEP008,Gynecology,DX010,Anemia,Migraine,15,Low,Chronic condition
4102,PAT-0004102,Yamini,Wadhwa,Female,1940-10-08,85,2,1,1,1,7,5.0,13437.35,75,1,0,1,2026-04-01 03:35:22,High,ADM-00003796,DOC-00126,Dr. Yachana Vyas,DEP009,ENT,DX003,Pneumonia,,15,Low,Age > 70
7670,PAT-0007670,Janani,Mander,Female,1984-11-21,41,2,1,0,1,14,10.5,263044.95,75,1,0,1,2026-02-10 04:06:42,High,ADM-00037124,DOC-00086,Dr. Rehaan Lanka,DEP001,Emergency,DX009,Gastroenteritis,Coronary Artery Disease,15,Low,Chronic condition
16944,PAT-0016944,Dhriti,Narain,Male,1970-03-18,54,2,1,0,1,13,8.5,12419.31,75,1,0,1,2024-12-29 10:54:48,High,ADM-00026481,DOC-00095,Dr. Hema Rana,DEP009,ENT,DX003,Pneumonia,Chronic Kidney Disease,15,Low,Chronic condition
20105,PAT-0020105,Yashasvi,Nigam,Male,1934-04-16,92,2,1,0,1,15,9.5,88199.26,75,1,0,1,2026-04-25 17:11:50,High,ADM-00031581,DOC-00091,Dr. Dev Sangha,DEP006,General Medicine,DX001,Hypertension,,15,Low,Age > 70
21048,PAT-0021048,Aarini,Dutt,Male,1993-04-04,32,2,1,1,1,9,5.5,10133.04,75,1,0,1,2025-05-14 01:43:51,High,ADM-00008205,DOC-00018,Dr. Dalaja Pant,DEP009,ENT,DX003,Pneumonia,Chronic Kidney Disease,15,Low,Chronic condition
5267,PAT-0005267,Abdul,Saxena,Male,2000-03-29,25,8,1,2,2,13,5.0,77636.54,70,1,0,7,2025-10-15 04:40:31,High,ADM-00025073,DOC-00113,Dr. Nandini Anand,DEP003,Neurology,DX006,Migraine,,70,High,Readmission; ICU admission; LOS > 10 days; Outstanding balance; Emergency admission
1918,PAT-0001918,Manan,Sarraf,Female,1966-04-30,59,6,2,1,1,12,4.0,67053.0,70,1,0,5,2025-11-04 00:42:06,High,ADM-00000161,DOC-00004,Dr. Yauvani Devan,DEP005,Pediatrics,DX003,Pneumonia,,70,High,Readmission; ICU admission; LOS > 10 days; Outstanding balance; Emergency admission
9000,PAT-0009000,Mugdha,Naik,Female,1987-04-05,39,6,2,2,2,11,6.33,0.0,70,1,2,3,2026-07-16 00:25:56,High,ADM-00029041,DOC-00123,Dr. Tanveer Pant,DEP009,ENT,DX003,Pneumonia,Chronic Kidney Disease,70,High,Readmission; Chronic condition; ICU admission; LOS > 10 days
18680,PAT-0018680,Veer,Bhardwaj,Female,2006-12-11,19,6,3,2,1,15,5.33,89076.96,70,1,0,5,2026-08-22 19:18:45,High,ADM-00026089,DOC-00023,Dr. Elijah Nori,DEP006,General Medicine,DX002,Type 2 Diabetes,,70,High,Readmission; ICU admission; LOS > 10 days; Outstanding balance; Emergency admission
3081,PAT-0003081,Simon,Sarraf,Male,1935-02-18,91,5,2,1,1,12,6.0,9998.26,70,1,2,2,2026-06-13 19:36:38,High,ADM-00011140,DOC-00038,Dr. Charan Golla,DEP006,General Medicine,DX002,Type 2 Diabetes,,70,High,Readmission; Age > 70; ICU admission; LOS > 10 days
4565,PAT-0004565,Yachana,Tripathi,Female,1933-05-11,92,5,2,2,1,4,2.8,587.52,70,1,1,3,2025-05-29 09:28:14,High,ADM-00018595,DOC-00084,Dr. Warhi Raja,DEP004,Orthopedics,DX005,Bone Fracture,,70,High,Readmission; Age > 70; ICU admission; Emergency admission
5538,PAT-0005538,Triya,Sarkar,Male,1977-04-08,49,5,1,1,2,11,6.6,15528.56,70,1,1,3,2026-08-28 17:45:23,High,ADM-00034475,DOC-00003,Dr. Krish Jhaveri,DEP010,Dermatology,DX004,Asthma,Migraine,70,High,Readmission; Chronic condition; ICU admission; LOS > 10 days
6118,PAT-0006118,Adya,Borah,Male,1994-04-23,32,5,2,2,2,14,7.4,30154.71,70,1,0,4,2026-05-14 02:37:55,High,ADM-00010676,DOC-00050,Dr. Nathaniel Shan,DEP006,General Medicine,DX010,Anemia,,70,High,Readmission; ICU admission; LOS > 10 days; Outstanding balance; Emergency admission
9978,PAT-0009978,Vedika,Halder,Female,1944-02-26,81,5,2,1,1,8,3.6,0.0,70,1,1,3,2025-12-27 14:04:14,High,ADM-00016913,DOC-00020,Dr. Chatresh Viswanathan,DEP006,General Medicine,DX009,Gastroenteritis,,70,High,Readmission; Age > 70; ICU admission; Emergency admission
15238,PAT-0015238,Lopa,Srinivasan,Male,1946-10-21,78,5,0,3,1,12,4.8,4044.18,70,1,4,0,2025-07-18 22:02:09,High,ADM-00024862,DOC-00024,Dr. Fariq Sangha,DEP001,Emergency,DX003,Pneumonia,Coronary Artery Disease,70,High,Age > 70; Chronic condition; ICU admission; LOS > 10 days; Emergency admission
15905,PAT-0015905,Ikshita,Hari,Male,1969-07-27,56,5,3,2,2,12,5.8,0.0,70,2,1,2,2026-02-23 23:02:01,High,ADM-00044630,DOC-00032,Dr. Anamika Johal,DEP003,Neurology,DX006,Migraine,Coronary Artery Disease,70,High,Readmission; Chronic condition; ICU admission; LOS > 10 days
23827,PAT-0023827,Vedant,Ray,Male,1992-03-15,34,5,2,1,2,8,6.6,0.0,70,1,2,2,2026-04-30 12:47:31,High,ADM-00010569,DOC-00078,Dr. Yatan Balay,DEP006,General Medicine,DX002,Type 2 Diabetes,Migraine,70,High,Readmission; Chronic condition; ICU admission; Emergency admission
543,PAT-0000543,Amara,Jhaveri,Male,1931-08-25,94,4,1,1,1,7,4.0,14998.04,70,1,0,3,2026-08-11 17:46:08,High,ADM-00010211,DOC-00131,Dr. Yahvi Raja,DEP007,Oncology,DX010,Anemia,,70,High,Readmission; Age > 70; ICU admission; Emergency admission
4232,PAT-0004232,Raghav,Kala,Male,1966-12-21,57,4,1,2,1,13,6.75,23802.34,70,1,0,3,2024-11-26 16:51:27,High,ADM-00038355,DOC-00147,Dr. Samarth Nayar,DEP004,Orthopedics,DX005,Bone Fracture,,70,High,Readmission; ICU admission; LOS > 10 days; Outstanding balance; Emergency admission
4821,PAT-0004821,Vinaya,Dutt,Female,1955-02-04,71,4,2,4,1,9,3.0,3188.52,70,2,1,1,2026-09-25 01:41:21,High,ADM-00050822,DOC-00059,Dr. Indrajit Cheema,DEP005,Pediatrics,DX004,Asthma,Migraine,70,High,Readmission; Age > 70; Chronic condition; Outstanding balance; Emergency admission
6388,PAT-0006388,Jagvi,Mammen,Female,1942-01-27,84,4,1,1,1,8,4.75,5524.42,70,1,3,0,2026-04-15 17:40:30,High,ADM-00043848,DOC-00144,Dr. Gabriel Sachdev,DEP003,Neurology,DX006,Migraine,Migraine,70,High,Readmission; Age > 70; Chronic condition; Outstanding balance; Emergency admission
8763,PAT-0008763,Champak,Shenoy,Female,1935-09-13,89,4,0,1,1,11,5.0,0.0,70,1,3,0,2025-02-16 08:35:01,High,ADM-00019816,DOC-00038,Dr. Charan Golla,DEP006,General Medicine,DX002,Type 2 Diabetes,Migraine,70,High,Age > 70; Chronic condition; ICU admission; LOS > 10 days; Emergency admission
10066,PAT-0010066,Nisha,Saraf,Female,2007-10-05,17,4,1,1,2,11,7.25,0.0,70,1,1,2,2025-07-26 04:54:33,High,ADM-00013179,DOC-00012,Dr. Abha Mandal,DEP004,Orthopedics,DX005,Bone Fracture,Chronic Kidney Disease,70,High,Readmission; Chronic condition; ICU admission; LOS > 10 days
10333,PAT-0010333,Nisha,D’Alia,Female,1941-08-07,84,4,1,2,3,7,5.5,0.0,70,1,2,1,2025-10-20 14:16:09,High,ADM-00022527,DOC-00070,Dr. Jason Mukherjee,DEP005,Pediatrics,DX003,Pneumonia,,70,High,Readmission; Age > 70; ICU admission; Emergency admission
11205,PAT-0011205,Sudiksha,Garg,Female,1996-05-01,30,4,1,1,1,8,5.25,17240.98,70,1,0,3,2026-09-26 21:27:26,High,ADM-00051292,DOC-00030,Dr. Yamini Rau,DEP009,ENT,DX003,Pneumonia,Type 2 Diabetes,70,High,Readmission; Chronic condition; ICU admission; Emergency admission
14880,PAT-0014880,Prisha,Goyal,Male,1973-06-28,53,4,1,3,1,7,4.75,0.0,70,1,0,3,2026-07-21 05:47:44,High,ADM-00030398,DOC-00139,Dr. Tamanna Chander,DEP008,Gynecology,DX010,Anemia,Hypertension,70,High,Readmission; Chronic condition; ICU admission; Emergency admission
17505,PAT-0017505,Eiravati,Grover,Male,1949-07-31,76,4,1,1,0,6,4.5,18618.7,70,1,3,0,2025-12-08 07:00:02,High,ADM-00029586,DOC-00100,Dr. Umang Basu,DEP010,Dermatology,DX004,Asthma,Migraine,70,High,Readmission; Age > 70; Chronic condition; Outstanding balance; Emergency admission
18481,PAT-0018481,Rishi,Din,Female,1998-04-28,27,4,2,0,1,14,5.75,49505.4,70,1,1,2,2025-10-30 20:45:13,High,ADM-00013050,DOC-00099,Dr. Eiravati Goda,DEP001,Emergency,DX005,Bone Fracture,Migraine,70,High,Readmission; Chronic condition; ICU admission; LOS > 10 days
18849,PAT-0018849,Vamakshi,Sarin,Male,1949-06-12,75,4,1,1,1,12,6.0,68174.14,70,1,1,2,2025-01-26 22:49:18,High,ADM-00025491,DOC-00114,Dr. Om Mangat,DEP007,Oncology,DX010,Anemia,,70,High,Readmission; Age > 70; ICU admission; LOS > 10 days
20083,PAT-0020083,Zaid,Dani,Female,1948-09-14,77,4,0,1,1,13,5.5,11406.23,70,1,3,0,2026-04-04 05:18:08,High,ADM-00043566,DOC-00054,Dr. Abhimanyu Buch,DEP001,Emergency,DX003,Pneumonia,Coronary Artery Disease,70,High,Age > 70; Chronic condition; ICU admission; LOS > 10 days; Emergency admission
24877,PAT-0024877,Faraj,Chaudhari,Male,1939-03-21,87,4,1,2,3,11,6.75,0.0,70,1,2,1,2026-08-03 21:59:12,High,ADM-00003218,DOC-00149,Dr. Viraj Nair,DEP006,General Medicine,DX002,Type 2 Diabetes,,70,High,Readmission; Age > 70; ICU admission; Emergency admission
254,PAT-0000254,Nakul,Zachariah,Female,1978-03-17,46,3,1,1,1,8,3.67,0.0,70,1,0,2,2024-11-30 05:16:45,High,ADM-00026308,DOC-00137,Dr. Rajata Arora,DEP005,Pediatrics,DX003,Pneumonia,Migraine,70,High,Readmission; Chronic condition; ICU admission; Emergency admission
443,PAT-0000443,Jack,Wali,Female,1990-02-27,36,3,1,1,1,11,5.67,1116.29,70,1,1,1,2026-09-25 12:32:47,High,ADM-00050904,DOC-00086,Dr. Rehaan Lanka,DEP001,Emergency,DX005,Bone Fracture,Coronary Artery Disease,70,High,Readmission; Chronic condition; ICU admission; LOS > 10 days
1915,PAT-0001915,Hardik,Thakkar,Male,1947-04-26,79,3,1,1,1,9,7.33,47700.46,70,1,0,2,2026-06-26 11:36:38,High,ADM-00038232,DOC-00099,Dr. Eiravati Goda,DEP001,Emergency,DX003,Pneumonia,,70,High,Readmission; Age > 70; ICU admission; Emergency admission
2157,PAT-0002157,Dipta,Brahmbhatt,Male,1957-07-02,68,3,3,1,1,9,5.67,0.0,70,1,2,0,2025-10-14 08:30:28,High,ADM-00011458,DOC-00099,Dr. Eiravati Goda,DEP001,Emergency,DX009,Gastroenteritis,Asthma,70,High,Readmission; Chronic condition; ICU admission; Emergency admission
2288,PAT-0002288,Praneel,Edwin,Female,1938-03-24,87,3,1,2,0,7,6.0,20154.71,70,1,2,0,2025-12-04 19:33:02,High,ADM-00032720,DOC-00035,Dr. Dayamai Nazareth,DEP009,ENT,DX003,Pneumonia,Asthma,70,High,Readmission; Age > 70; Chronic condition; Outstanding balance; Emergency admission
3020,PAT-0003020,Indira,Sekhon,Male,1938-03-19,86,3,1,1,1,13,5.67,0.0,70,1,0,2,2024-12-13 09:24:14,High,ADM-00026674,DOC-00023,Dr. Elijah Nori,DEP006,General Medicine,DX002,Type 2 Diabetes,,70,High,Readmission; Age > 70; ICU admission; LOS > 10 days
3311,PAT-0003311,Vihaan,Sur,Female,1940-10-27,84,3,1,2,2,10,6.0,2475.9,70,1,1,1,2024-11-08 00:15:26,High,ADM-00039788,DOC-00065,Dr. Nitara Choudhury,DEP004,Orthopedics,DX005,Bone Fracture,,70,High,Readmission; Age > 70; ICU admission; Emergency admission
3463,PAT-0003463,Shaurya,Minhas,Female,1943-08-15,82,3,1,1,1,11,7.0,55013.31,70,2,1,0,2025-10-12 08:23:38,High,ADM-00003084,DOC-00065,Dr. Nitara Choudhury,DEP004,Orthopedics,DX005,Bone Fracture,Type 2 Diabetes,70,High,Readmission; Age > 70; Chronic condition; Outstanding balance; Emergency admission
5360,PAT-0005360,Rudra,Rout,Female,2011-02-21,14,3,1,2,2,14,8.33,22884.6,70,1,0,2,2025-06-23 20:08:09,High,ADM-00001488,DOC-00100,Dr. Umang Basu,DEP010,Dermatology,DX004,Asthma,,70,High,Readmission; ICU admission; LOS > 10 days; Outstanding balance; Emergency admission
5866,PAT-0005866,Damyanti,More,Female,1935-09-03,90,3,1,1,0,5,3.67,155636.09,70,1,2,0,2026-08-14 05:47:50,High,ADM-00039059,DOC-00146,Dr. Bhanumati Minhas,DEP008,Gynecology,DX010,Anemia,Hypertension,70,High,Readmission; Age > 70; Chronic condition; Outstanding balance; Emergency admission
6276,PAT-0006276,Anamika,Kuruvilla,Male,1947-03-26,77,3,1,1,0,2,1.67,84070.66,70,1,2,0,2024-05-20 15:05:36,High,ADM-00045136,DOC-00102,Dr. Yahvi Jain,DEP001,Emergency,DX009,Gastroenteritis,Type 2 Diabetes,70,High,Readmission; Age > 70; Chronic condition; Outstanding balance; Emergency admission
7431,PAT-0007431,Jalsa,Deol,Male,2016-02-18,10,3,2,1,1,11,6.0,33149.62,70,1,0,2,2026-04-03 07:51:47,High,ADM-00009060,DOC-00121,Dr. Falguni Kumar,DEP004,Orthopedics,DX005,Bone Fracture,,70,High,Readmission; ICU admission; LOS > 10 days; Outstanding balance; Emergency admission
8860,PAT-0008860,Jeet,Pingle,Male,1977-07-31,46,3,2,0,1,13,6.33,52101.0,70,1,1,1,2024-01-05 23:17:10,High,ADM-00023836,DOC-00057,Dr. Bahadurjit Sane,DEP009,ENT,DX003,Pneumonia,Migraine,70,High,Readmission; Chronic condition; ICU admission; LOS > 10 days
11314,PAT-0011314,Akshay,Butala,Female,1931-09-17,95,3,3,3,0,3,1.0,4869.99,70,3,0,0,2026-09-24 08:08:08,High,ADM-00050685,DOC-00034,Dr. Teerth Dewan,DEP009,ENT,DX003,Pneumonia,Asthma,70,High,Readmission; Age > 70; Chronic condition; Outstanding balance; Emergency admission
12273,PAT-0012273,Raghav,Dube,Female,1948-01-31,78,3,1,1,1,7,5.0,5624.37,70,1,0,2,2026-07-18 02:33:36,High,ADM-00046399,DOC-00013,Dr. Charan Murty,DEP003,Neurology,DX006,Migraine,,70,High,Readmission; Age > 70; ICU admission; Emergency admission
14710,PAT-0014710,Urvashi,Bhatnagar,Female,2012-06-27,13,3,2,2,2,11,7.67,58695.73,70,1,1,1,2026-05-26 18:35:31,High,ADM-00006958,DOC-00046,Dr. Umang Konda,DEP002,Cardiology,DX007,Coronary Artery Disease,,70,High,Readmission; ICU admission; LOS > 10 days; Outstanding balance; Emergency admission
14727,PAT-0014727,Devika,Pandey,Female,1936-07-02,90,3,0,1,1,11,5.0,0.0,70,1,2,0,2026-09-07 04:59:29,High,ADM-00046200,DOC-00150,Dr. Kamala Bhargava,DEP002,Cardiology,DX007,Coronary Artery Disease,Chronic Kidney Disease,70,High,Age > 70; Chronic condition; ICU admission; LOS > 10 days; Emergency admission
14875,PAT-0014875,Mugdha,Mani,Male,1953-10-12,72,3,1,2,1,10,6.0,6693.35,70,1,1,1,2026-04-28 15:38:19,High,ADM-00026948,DOC-00055,Dr. Chaitanya Banerjee,DEP007,Oncology,DX010,Anemia,Migraine,70,High,Readmission; Age > 70; Chronic condition; Outstanding balance; Emergency admission
15194,PAT-0015194,Bachittar,Sangha,Male,1987-07-09,37,3,1,1,1,14,7.33,2615.78,70,1,1,1,2025-05-15 21:31:15,High,ADM-00018771,DOC-00109,Dr. Jagat Divan,DEP003,Neurology,DX006,Migraine,Migraine,70,High,Readmission; Chronic condition; ICU admission; LOS > 10 days
15878,PAT-0015878,Suhani,Modi,Male,1934-09-16,91,3,1,1,2,11,7.0,111408.28,70,1,1,1,2025-11-14 01:11:23,High,ADM-00020242,DOC-00139,Dr. Tamanna Chander,DEP008,Gynecology,DX010,Anemia,,70,High,Readmission; Age > 70; ICU admission; LOS > 10 days
16831,PAT-0016831,Omisha,Mani,Female,1951-03-02,74,3,2,2,0,6,4.67,13944.23,70,1,2,0,2026-03-01 11:42:46,High,ADM-00033758,DOC-00140,Dr. Anya Bassi,DEP010,Dermatology,DX004,Asthma,Coronary Artery Disease,70,High,Readmission; Age > 70; Chronic condition; Outstanding balance; Emergency admission
16997,PAT-0016997,Saumya,Iyer,Other,1953-07-12,72,3,1,0,1,11,5.67,0.0,70,1,0,2,2026-01-25 04:21:13,High,ADM-00049113,DOC-00141,Dr. Janya Chawla,DEP007,Oncology,DX010,Anemia,,70,High,Readmission; Age > 70; ICU admission; LOS > 10 days
18814,PAT-0018814,Anirudh,Tella,Male,2023-08-10,1,3,1,1,1,11,5.67,119173.43,70,1,0,2,2025-04-11 20:24:08,High,ADM-00047114,DOC-00023,Dr. Elijah Nori,DEP006,General Medicine,DX009,Gastroenteritis,,70,High,Readmission; ICU admission; LOS > 10 days; Outstanding balance; Emergency admission
19434,PAT-0019434,Rishi,Thakkar,Male,1979-02-20,45,3,1,1,1,14,7.0,0.0,70,1,0,2,2024-07-06 01:07:54,High,ADM-00039118,DOC-00147,Dr. Samarth Nayar,DEP004,Orthopedics,DX005,Bone Fracture,Type 2 Diabetes,70,High,Readmission; Chronic condition; ICU admission; LOS > 10 days
20042,PAT-0020042,Warda,Kar,Male,1953-01-03,73,3,2,2,0,3,2.0,53009.25,70,1,2,0,2026-02-18 05:37:12,High,ADM-00023718,DOC-00064,Dr. Amol Gera,DEP008,Gynecology,DX010,Anemia,Hypertension,70,High,Readmission; Age > 70; Chronic condition; Outstanding balance; Emergency admission
20529,PAT-0020529,Oni,Hora,Male,1951-05-05,74,3,1,2,0,7,4.33,10115.22,70,1,2,0,2026-03-20 13:28:44,High,ADM-00030381,DOC-00127,Dr. Fitan Ratti,DEP004,Orthopedics,DX005,Bone Fracture,Asthma,70,High,Readmission; Age > 70; Chronic condition; Outstanding balance; Emergency admission
20554,PAT-0020554,Andrew,Walla,Female,1983-12-16,42,3,1,1,1,7,5.67,6799.26,70,1,0,2,2026-06-08 12:39:16,High,ADM-00022196,DOC-00051,Dr. Ekta Pai,DEP008,Gynecology,DX010,Anemia,Chronic Kidney Disease,70,High,Readmission; Chronic condition; ICU admission; Emergency admission
20709,PAT-0020709,Chaaya,Narang,Male,1954-08-31,71,3,2,1,1,15,7.67,28770.67,70,1,1,1,2026-03-30 06:44:05,High,ADM-00023775,DOC-00043,Dr. Zehaan Guha,DEP005,Pediatrics,DX004,Asthma,,70,High,Readmission; Age > 70; ICU admission; LOS > 10 days
20807,PAT-0020807,Hemani,Gulati,Male,1938-11-25,87,3,0,3,1,15,5.0,0.0,70,1,2,0,2026-09-24 10:24:02,High,ADM-00050752,DOC-00148,Dr. Yashodhara Sani,DEP002,Cardiology,DX001,Hypertension,Type 2 Diabetes,70,High,Age > 70; Chronic condition; ICU admission; LOS > 10 days; Emergency admission
21416,PAT-0021416,Ethan,Garg,Female,1933-05-14,92,3,0,2,1,11,7.33,0.0,70,1,2,0,2026-05-07 14:17:38,High,ADM-00033563,DOC-00042,Dr. Harrison Dora,DEP002,Cardiology,DX007,Coronary Artery Disease,Coronary Artery Disease,70,High,Age > 70; Chronic condition; ICU admission; LOS > 10 days; Emergency admission
22877,PAT-0022877,Bimala,Date,Female,1938-10-23,86,3,1,0,1,11,7.33,2767.71,70,1,0,2,2025-07-07 03:30:52,High,ADM-00013999,DOC-00067,Dr. Ijaya Zachariah,DEP008,Gynecology,DX010,Anemia,,70,High,Readmission; Age > 70; ICU admission; LOS > 10 days
23460,PAT-0023460,Oni,Bath,Male,1950-10-01,75,3,2,1,0,7,5.67,13219.42,70,1,2,0,2026-04-20 13:19:58,High,ADM-00007859,DOC-00117,Dr. Vrishti Bedi,DEP007,Oncology,DX010,Anemia,Type 2 Diabetes,70,High,Readmission; Age > 70; Chronic condition; Outstanding balance; Emergency admission
440,PAT-0000440,Madhavi,Sengupta,Female,1936-05-27,89,2,2,1,0,6,3.5,7681.33,70,1,1,0,2025-11-27 07:42:41,High,ADM-00040709,DOC-00098,Dr. Chatresh Batta,DEP006,General Medicine,DX009,Gastroenteritis,Hypertension,70,High,Readmission; Age > 70; Chronic condition; Outstanding balance; Emergency admission
994,PAT-0000994,Pranav,Balay,Female,1947-01-24,79,2,2,1,0,2,1.5,9989.84,70,1,1,0,2026-04-10 20:41:28,High,ADM-00031011,DOC-00054,Dr. Abhimanyu Buch,DEP001,Emergency,DX005,Bone Fracture,Chronic Kidney Disease,70,High,Readmission; Age > 70; Chronic condition; Outstanding balance; Emergency admission
995,PAT-0000995,Indira,Rana,Male,2011-07-09,15,2,1,1,1,9,5.0,9774.04,70,1,0,1,2026-07-21 15:43:09,High,ADM-00043616,DOC-00036,Dr. Nachiket Pandit,DEP002,Cardiology,DX007,Coronary Artery Disease,Hypertension,70,High,Readmission; Chronic condition; ICU admission; Emergency admission
1000,PAT-0001000,Riya,Zacharia,Female,1938-09-10,86,2,0,2,1,14,8.0,0.0,70,1,1,0,2025-04-18 04:43:13,High,ADM-00038785,DOC-00015,Dr. Wridesh Sheth,DEP003,Neurology,DX006,Migraine,Hypertension,70,High,Age > 70; Chronic condition; ICU admission; LOS > 10 days; Emergency admission
1063,PAT-0001063,Caleb,Rattan,Male,2002-10-14,23,2,1,1,2,11,10.5,0.0,70,1,1,0,2025-11-01 07:43:14,High,ADM-00005679,DOC-00142,Dr. Yug Bali,DEP005,Pediatrics,DX004,Asthma,Migraine,70,High,Readmission; Chronic condition; ICU admission; Emergency admission
1592,PAT-0001592,Saanvi,Krishnan,Female,1934-07-05,91,2,1,2,1,5,5.0,0.0,70,1,0,1,2025-08-05 21:21:08,High,ADM-00007547,DOC-00021,Dr. Umang Vaidya,DEP002,Cardiology,DX001,Hypertension,,70,High,Readmission; Age > 70; ICU admission; Emergency admission
1619,PAT-0001619,Barkha,Basu,Female,2019-09-02,5,2,1,1,2,12,9.5,0.0,70,1,1,0,2024-10-13 19:18:14,High,ADM-00005853,DOC-00070,Dr. Jason Mukherjee,DEP005,Pediatrics,DX010,Anemia,Hypertension,70,High,Readmission; Chronic condition; ICU admission; LOS > 10 days
1677,PAT-0001677,Janaki,Natt,Male,1985-09-26,39,2,1,1,1,7,6.0,0.0,70,1,0,1,2025-06-28 00:40:16,High,ADM-00003478,DOC-00113,Dr. Nandini Anand,DEP003,Neurology,DX006,Migraine,Asthma,70,High,Readmission; Chronic condition; ICU admission; Emergency admission
1743,PAT-0001743,Aryan,Soni,Male,1944-01-04,80,2,1,2,1,12,9.5,0.0,70,2,0,0,2024-12-17 03:49:49,High,ADM-00008916,DOC-00108,Dr. Devansh Devan,DEP005,Pediatrics,DX004,Asthma,Type 2 Diabetes,70,High,Age > 70; Chronic condition; ICU admission; LOS > 10 days; Emergency admission
2871,PAT-0002871,Bhavika,Koshy,Male,1935-05-06,89,2,1,1,0,6,5.0,9781.92,70,1,1,0,2025-05-05 06:08:31,High,ADM-00029168,DOC-00145,Dr. Girindra Sachar,DEP009,ENT,DX003,Pneumonia,Type 2 Diabetes,70,High,Readmission; Age > 70; Chronic condition; Outstanding balance; Emergency admission
3067,PAT-0003067,Veda,Bhargava,Male,1936-04-11,89,2,1,1,1,12,9.0,0.0,70,1,1,0,2026-01-19 01:08:16,High,ADM-00039210,DOC-00093,Dr. Zaitra Mahajan,DEP008,Gynecology,DX010,Anemia,Chronic Kidney Disease,70,High,Age > 70; Chronic condition; ICU admission; LOS > 10 days; Emergency admission
3085,PAT-0003085,Yashvi,Ray,Female,1938-02-08,88,2,0,1,1,12,8.0,0.0,70,1,1,0,2026-08-26 10:46:00,High,ADM-00045589,DOC-00089,Dr. Faras Gade,DEP002,Cardiology,DX007,Coronary Artery Disease,Asthma,70,High,Age > 70; Chronic condition; ICU admission; LOS > 10 days; Emergency admission
3929,PAT-0003929,Mahika,Puri,Female,1935-12-09,90,2,2,1,0,2,1.5,2639.78,70,1,1,0,2026-04-25 08:12:12,High,ADM-00014287,DOC-00031,Dr. Nathan Iyengar,DEP004,Orthopedics,DX005,Bone Fracture,Type 2 Diabetes,70,High,Readmission; Age > 70; Chronic condition; Outstanding balance; Emergency admission
6358,PAT-0006358,Qadim,Shere,Female,2023-01-12,1,2,1,2,1,11,6.0,27758.53,70,1,0,1,2024-12-24 03:55:39,High,ADM-00026934,DOC-00038,Dr. Charan Golla,DEP006,General Medicine,DX001,Hypertension,,70,High,Readmission; ICU admission; LOS > 10 days; Outstanding balance; Emergency admission
6369,PAT-0006369,Unni,Kala,Male,1955-03-10,70,2,1,1,1,14,9.5,40926.11,70,1,0,1,2025-06-15 05:43:50,High,ADM-00031471,DOC-00040,Dr. Triya Sem,DEP009,ENT,DX003,Pneumonia,,70,High,Readmission; ICU admission; LOS > 10 days; Outstanding balance; Emergency admission
9130,PAT-0009130,Anirudh,Samra,Female,2003-10-02,21,2,1,1,1,8,5.0,0.0,70,1,0,1,2024-11-19 03:46:05,High,ADM-00000285,DOC-00083,Dr. Krishna Palla,DEP001,Emergency,DX009,Gastroenteritis,Chronic Kidney Disease,70,High,Readmission; Chronic condition; ICU admission; Emergency admission
10489,PAT-0010489,Champak,Sood,Male,1940-07-05,85,2,1,2,1,9,7.0,0.0,70,1,0,1,2025-09-21 07:40:07,High,ADM-00030050,DOC-00098,Dr. Chatresh Batta,DEP006,General Medicine,DX010,Anemia,,70,High,Readmission; Age > 70; ICU admission; Emergency admission
10760,PAT-0010760,Yagnesh,Keer,Male,1950-07-06,75,2,1,0,1,11,7.5,19614.42,70,1,0,1,2026-01-20 23:42:20,High,ADM-00019549,DOC-00040,Dr. Triya Sem,DEP009,ENT,DX003,Pneumonia,,70,High,Readmission; Age > 70; ICU admission; LOS > 10 days
10921,PAT-0010921,Jyoti,Varughese,Female,2024-09-16,-1,2,1,1,1,13,9.0,15413.15,70,1,0,1,2023-06-27 23:38:00,High,ADM-00013884,DOC-00130,Dr. Ekantika Virk,DEP003,Neurology,DX006,Migraine,,70,High,Readmission; ICU admission; LOS > 10 days; Outstanding balance; Emergency admission
11486,PAT-0011486,Darika,Andra,Male,1956-05-04,68,2,1,1,1,8,6.5,0.0,70,1,0,1,2024-08-11 10:39:57,High,ADM-00038446,DOC-00094,Dr. Hemang Thaman,DEP004,Orthopedics,DX005,Bone Fracture,Coronary Artery Disease,70,High,Readmission; Chronic condition; ICU admission; Emergency admission
11959,PAT-0011959,Warda,Bobal,Female,1950-05-14,73,2,2,2,0,4,3.5,63866.44,70,2,0,0,2023-09-04 17:37:06,High,ADM-00009396,DOC-00080,Dr. Kabir Wadhwa,DEP001,Emergency,DX003,Pneumonia,Asthma,70,High,Readmission; Age > 70; Chronic condition; Outstanding balance; Emergency admission
13937,PAT-0013937,Veda,Saraf,Female,1967-08-15,56,2,1,1,1,9,7.5,0.0,70,1,0,1,2024-04-27 21:19:31,High,ADM-00046544,DOC-00016,Dr. Pushti Bhasin,DEP009,ENT,DX003,Pneumonia,Chronic Kidney Disease,70,High,Readmission; Chronic condition; ICU admission; Emergency admission
14088,PAT-0014088,Advaith,Mand,Female,2023-08-28,2,2,1,1,1,9,7.5,0.0,70,1,0,1,2026-01-29 06:17:24,High,ADM-00034971,DOC-00013,Dr. Charan Murty,DEP003,Neurology,DX006,Migraine,Chronic Kidney Disease,70,High,Readmission; Chronic condition; ICU admission; Emergency admission
14413,PAT-0014413,Gayathri,Seshadri,Female,1972-05-24,52,2,1,0,1,13,9.5,0.0,70,1,0,1,2024-11-18 00:30:42,High,ADM-00000545,DOC-00094,Dr. Hemang Thaman,DEP004,Orthopedics,DX005,Bone Fracture,Type 2 Diabetes,70,High,Readmission; Chronic condition; ICU admission; LOS > 10 days
14723,PAT-0014723,Ethan,Thaker,Female,1937-01-05,87,2,1,2,1,7,7.0,0.0,70,1,0,1,2024-03-28 00:13:30,High,ADM-00043110,DOC-00110,Dr. David Narula,DEP010,Dermatology,DX004,Asthma,,70,High,Readmission; Age > 70; ICU admission; Emergency admission
14726,PAT-0014726,Vasatika,Rattan,Male,1947-03-29,78,2,1,2,2,10,8.5,0.0,70,1,1,0,2025-06-01 18:43:39,High,ADM-00015568,DOC-00055,Dr. Chaitanya Banerjee,DEP007,Oncology,DX010,Anemia,,70,High,Readmission; Age > 70; ICU admission; Emergency admission
17400,PAT-0017400,Yashoda,Jayaraman,Female,1942-03-05,83,2,1,1,0,5,3.5,21962.21,70,1,1,0,2025-11-12 19:02:19,High,ADM-00006170,DOC-00053,Dr. Gauri Rajan,DEP002,Cardiology,DX001,Hypertension,Asthma,70,High,Readmission; Age > 70; Chronic condition; Outstanding balance; Emergency admission
17664,PAT-0017664,Yashodhara,Baria,Male,1974-09-17,51,2,1,2,1,12,9.0,100283.14,70,1,0,1,2026-04-02 21:29:13,High,ADM-00015096,DOC-00043,Dr. Zehaan Guha,DEP005,Pediatrics,DX004,Asthma,,70,High,Readmission; ICU admission; LOS > 10 days; Outstanding balance; Emergency admission
17747,PAT-0017747,Rajeshri,Barad,Male,1993-08-13,31,2,1,1,1,11,6.0,225818.25,70,1,0,1,2025-04-09 23:51:35,High,ADM-00030614,DOC-00108,Dr. Devansh Devan,DEP005,Pediatrics,DX010,Anemia,,70,High,Readmission; ICU admission; LOS > 10 days; Outstanding balance; Emergency admission
18551,PAT-0018551,Rachita,Lata,Female,1960-02-25,64,2,1,1,1,11,8.5,0.0,70,1,0,1,2024-11-20 02:15:28,High,ADM-00042613,DOC-00135,Dr. Charles Bajaj,DEP007,Oncology,DX010,Anemia,Chronic Kidney Disease,70,High,Readmission; Chronic condition; ICU admission; LOS > 10 days
18572,PAT-0018572,Mason,Chakraborty,Male,2001-04-11,23,2,1,1,1,14,10.0,41173.72,70,1,0,1,2024-10-31 17:23:54,High,ADM-00010755,DOC-00048,Dr. Amaira Seshadri,DEP004,Orthopedics,DX005,Bone Fracture,,70,High,Readmission; ICU admission; LOS > 10 days; Outstanding balance; Emergency admission
18603,PAT-0018603,Chavvi,Gour,Male,1960-10-09,65,2,1,1,1,9,7.0,0.0,70,1,0,1,2026-07-09 20:29:14,High,ADM-00020621,DOC-00126,Dr. Yachana Vyas,DEP009,ENT,DX003,Pneumonia,Type 2 Diabetes,70,High,Readmission; Chronic condition; ICU admission; Emergency admission
18699,PAT-0018699,Adya,Khosla,Male,1951-12-05,73,2,0,2,2,12,10.5,0.0,70,2,0,0,2025-08-21 10:49:31,High,ADM-00032033,DOC-00108,Dr. Devansh Devan,DEP005,Pediatrics,DX004,Asthma,Hypertension,70,High,Age > 70; Chronic condition; ICU admission; LOS > 10 days; Emergency admission
18860,PAT-0018860,Nakul,Devan,Female,1948-05-28,76,2,0,2,1,11,8.5,0.0,70,1,1,0,2024-06-18 12:22:24,High,ADM-00041929,DOC-00140,Dr. Anya Bassi,DEP010,Dermatology,DX004,Asthma,Coronary Artery Disease,70,High,Age > 70; Chronic condition; ICU admission; LOS > 10 days; Emergency admission
20017,PAT-0020017,Chavvi,Soni,Female,1939-01-28,87,2,0,1,1,15,8.0,0.0,70,1,1,0,2026-08-15 11:29:22,High,ADM-00035539,DOC-00079,Dr. Warinder Sarin,DEP008,Gynecology,DX010,Anemia,Hypertension,70,High,Age > 70; Chronic condition; ICU admission; LOS > 10 days; Emergency admission
20484,PAT-0020484,Sara,Chaudhary,Female,1947-12-31,78,2,0,1,1,12,7.0,0.0,70,1,1,0,2026-02-15 15:37:49,High,ADM-00001727,DOC-00120,Dr. Alexander Gulati,DEP010,Dermatology,DX004,Asthma,Asthma,70,High,Age > 70; Chronic condition; ICU admission; LOS > 10 days; Emergency admission
21281,PAT-0021281,Faris,Dada,Male,1962-02-28,62,2,2,1,1,7,5.5,0.0,70,1,1,0,2025-01-13 20:18:17,High,ADM-00018408,DOC-00058,Dr. Jackson Jhaveri,DEP002,Cardiology,DX007,Coronary Artery Disease,Asthma,70,High,Readmission; Chronic condition; ICU admission; Emergency admission
22007,PAT-0022007,Bhavika,Kunda,Male,1952-09-04,71,2,1,1,1,12,7.0,25516.31,70,1,1,0,2023-12-31 03:10:05,High,ADM-00042791,DOC-00137,Dr. Rajata Arora,DEP005,Pediatrics,DX010,Anemia,Migraine,70,High,Age > 70; Chronic condition; ICU admission; LOS > 10 days; Emergency admission
22535,PAT-0022535,Faraj,Sangha,Male,1982-08-08,41,2,1,1,1,12,7.5,29647.58,70,1,0,1,2024-07-03 09:16:43,High,ADM-00029332,DOC-00138,Dr. Urishilla Panchal,DEP003,Neurology,DX006,Migraine,,70,High,Readmission; ICU admission; LOS > 10 days; Outstanding balance; Emergency admission
23086,PAT-0023086,Reva,Banik,Female,1949-11-05,75,2,1,0,1,13,9.5,0.0,70,1,0,1,2024-12-18 01:44:38,High,ADM-00014774,DOC-00009,Dr. Vrinda Kale,DEP006,General Medicine,DX001,Hypertension,,70,High,Readmission; Age > 70; ICU admission; LOS > 10 days
23153,PAT-0023153,Nikita,Sundaram,Female,1932-08-04,93,2,0,1,1,14,8.5,0.0,70,1,1,0,2026-01-21 12:51:51,High,ADM-00020266,DOC-00024,Dr. Fariq Sangha,DEP001,Emergency,DX009,Gastroenteritis,Type 2 Diabetes,70,High,Age > 70; Chronic condition; ICU admission; LOS > 10 days; Emergency admission
23181,PAT-0023181,Ladli,Balasubramanian,Female,1945-09-01,79,2,1,0,1,13,9.5,20642.21,70,1,0,1,2025-03-12 14:45:38,High,ADM-00042413,DOC-00026,Dr. Jagrati Borde,DEP003,Neurology,DX006,Migraine,,70,High,Readmission; Age > 70; ICU admission; LOS > 10 days
24717,PAT-0024717,Chanchal,Ben,Male,1952-05-27,73,2,1,1,1,14,9.5,104151.6,70,2,0,0,2025-10-05 11:18:13,High,ADM-00023735,DOC-00127,Dr. Fitan Ratti,DEP004,Orthopedics,DX005,Bone Fracture,Asthma,70,High,Age > 70; Chronic condition; ICU admission; LOS > 10 days; Emergency admission
24848,PAT-0024848,Samaksh,Mody,Female,1985-09-18,40,2,1,0,1,11,7.0,58157.4,70,1,0,1,2026-06-11 17:36:13,High,ADM-00040754,DOC-00051,Dr. Ekta Pai,DEP008,Gynecology,DX010,Anemia,Hypertension,70,High,Readmission; Chronic condition; ICU admission; LOS > 10 days
291,PAT-0000291,Ojas,Sampath,Male,1951-02-28,73,1,1,1,0,4,4.0,12003.29,70,1,0,0,2024-03-06 19:47:46,High,ADM-00038242,DOC-00100,Dr. Umang Basu,DEP010,Dermatology,DX004,Asthma,Type 2 Diabetes,70,High,Readmission; Age > 70; Chronic condition; Outstanding balance; Emergency admission
341,PAT-0000341,Chakrika,Sinha,Female,1940-04-16,86,1,0,1,1,12,12.0,0.0,70,1,0,0,2026-08-11 22:08:02,High,ADM-00024009,DOC-00005,Dr. Veer Merchant,DEP006,General Medicine,DX001,Hypertension,Migraine,70,High,Age > 70; Chronic condition; ICU admission; LOS > 10 days; Emergency admission
1193,PAT-0001193,Ronith,Loyal,Male,1984-07-01,41,1,1,0,1,11,11.0,0.0,70,1,0,0,2026-04-12 14:38:33,High,ADM-00027648,DOC-00086,Dr. Rehaan Lanka,DEP001,Emergency,DX003,Pneumonia,Coronary Artery Disease,70,High,Readmission; Chronic condition; ICU admission; LOS > 10 days
2758,PAT-0002758,Charvi,Shere,Male,1949-05-09,75,1,1,1,1,9,9.0,0.0,70,1,0,0,2024-10-28 15:00:15,High,ADM-00035017,DOC-00107,Dr. Kavya Chaudhry,DEP001,Emergency,DX005,Bone Fracture,,70,High,Readmission; Age > 70; ICU admission; Emergency admission
3131,PAT-0003131,Ishaan,Kaur,Male,1961-08-01,61,1,1,1,1,9,9.0,0.0,70,1,0,0,2023-01-31 08:52:13,High,ADM-00012698,DOC-00139,Dr. Tamanna Chander,DEP008,Gynecology,DX010,Anemia,Migraine,70,High,Readmission; Chronic condition; ICU admission; Emergency admission
4601,PAT-0004601,Darika,Chawla,Female,1969-06-26,56,1,1,1,1,5,5.0,0.0,70,1,0,0,2026-01-19 14:45:03,High,ADM-00007236,DOC-00083,Dr. Krishna Palla,DEP001,Emergency,DX009,Gastroenteritis,Chronic Kidney Disease,70,High,Readmission; Chronic condition; ICU admission; Emergency admission
5632,PAT-0005632,Kamya,Deo,Female,1961-05-19,64,1,1,1,1,4,4.0,0.0,70,1,0,0,2025-09-17 17:11:58,High,ADM-00031260,DOC-00085,Dr. Mekhala Mangat,DEP006,General Medicine,DX010,Anemia,Type 2 Diabetes,70,High,Readmission; Chronic condition; ICU admission; Emergency admission
6735,PAT-0006735,Jai,Bajwa,Female,1990-04-29,33,1,1,1,1,4,4.0,0.0,70,1,0,0,2023-06-27 18:05:00,High,ADM-00027623,DOC-00042,Dr. Harrison Dora,DEP002,Cardiology,DX007,Coronary Artery Disease,Asthma,70,High,Readmission; Chronic condition; ICU admission; Emergency admission
6859,PAT-0006859,Falguni,Dugar,Female,2017-01-16,9,1,1,1,1,15,15.0,12020.77,70,1,0,0,2026-02-20 16:17:52,High,ADM-00033780,DOC-00030,Dr. Yamini Rau,DEP009,ENT,DX003,Pneumonia,,70,High,Readmission; ICU admission; LOS > 10 days; Outstanding balance; Emergency admission
6864,PAT-0006864,Pranit,Bajwa,Female,1949-04-06,74,1,1,1,1,9,9.0,0.0,70,1,0,0,2024-02-07 19:32:57,High,ADM-00005074,DOC-00146,Dr. Bhanumati Minhas,DEP008,Gynecology,DX010,Anemia,,70,High,Readmission; Age > 70; ICU admission; Emergency admission
7700,PAT-0007700,Darpan,Khosla,Male,1937-07-05,86,1,1,1,0,5,5.0,55847.2,70,1,0,0,2024-03-28 08:54:19,High,ADM-00031131,DOC-00128,Dr. Bahadurjit Bose,DEP003,Neurology,DX006,Migraine,Hypertension,70,High,Readmission; Age > 70; Chronic condition; Outstanding balance; Emergency admission
7938,PAT-0007938,Nilima,Kaul,Male,1949-01-16,77,1,1,1,0,6,6.0,9705.7,70,1,0,0,2026-01-30 03:58:44,High,ADM-00038211,DOC-00061,Dr. Michael Rastogi,DEP010,Dermatology,DX004,Asthma,Migraine,70,High,Readmission; Age > 70; Chronic condition; Outstanding balance; Emergency admission
8378,PAT-0008378,Anvi,Hayer,Male,1940-04-25,85,1,1,1,1,10,10.0,0.0,70,1,0,0,2025-11-28 06:55:02,High,ADM-00034172,DOC-00029,Dr. Unnati Mall,DEP005,Pediatrics,DX003,Pneumonia,,70,High,Readmission; Age > 70; ICU admission; Emergency admission
8603,PAT-0008603,Daniel,Karpe,Female,1935-07-30,87,1,0,1,1,13,13.0,0.0,70,1,0,0,2023-04-20 11:30:06,High,ADM-00039299,DOC-00136,Dr. Elijah Rege,DEP010,Dermatology,DX004,Asthma,Asthma,70,High,Age > 70; Chronic condition; ICU admission; LOS > 10 days; Emergency admission
9200,PAT-0009200,Ekapad,Dar,Male,1943-02-23,82,1,1,1,0,7,7.0,9423.54,70,1,0,0,2026-02-10 19:03:06,High,ADM-00046906,DOC-00054,Dr. Abhimanyu Buch,DEP001,Emergency,DX003,Pneumonia,Type 2 Diabetes,70,High,Readmission; Age > 70; Chronic condition; Outstanding balance; Emergency admission
9395,PAT-0009395,Farhan,Pau,Male,1952-01-03,72,1,0,1,1,13,13.0,0.0,70,1,0,0,2024-01-10 19:28:44,High,ADM-00016495,DOC-00104,Dr. Damini Venkatesh,DEP005,Pediatrics,DX010,Anemia,Hypertension,70,High,Age > 70; Chronic condition; ICU admission; LOS > 10 days; Emergency admission
10051,PAT-0010051,Farhan,Nagy,Male,1947-05-06,76,1,0,1,1,12,12.0,0.0,70,1,0,0,2024-03-16 01:37:51,High,ADM-00039035,DOC-00125,Dr. Robert Murthy,DEP010,Dermatology,DX004,Asthma,Migraine,70,High,Age > 70; Chronic condition; ICU admission; LOS > 10 days; Emergency admission
10414,PAT-0010414,Alka,Mand,Male,1954-07-18,70,1,1,0,1,11,11.0,0.0,70,1,0,0,2024-12-25 01:35:18,High,ADM-00021585,DOC-00136,Dr. Elijah Rege,DEP010,Dermatology,DX004,Asthma,Chronic Kidney Disease,70,High,Readmission; Chronic condition; ICU admission; LOS > 10 days
10572,PAT-0010572,Devika,Sandal,Male,1954-05-05,69,1,1,1,1,8,8.0,0.0,70,1,0,0,2023-07-12 18:08:27,High,ADM-00008633,DOC-00128,Dr. Bahadurjit Bose,DEP003,Neurology,DX006,Migraine,Hypertension,70,High,Readmission; Chronic condition; ICU admission; Emergency admission
10781,PAT-0010781,Ekaja,Narula,Female,1948-02-14,75,1,0,1,1,12,12.0,0.0,70,1,0,0,2023-08-31 01:42:26,High,ADM-00002984,DOC-00150,Dr. Kamala Bhargava,DEP002,Cardiology,DX001,Hypertension,Chronic Kidney Disease,70,High,Age > 70; Chronic condition; ICU admission; LOS > 10 days; Emergency admission
10942,PAT-0010942,Saanvi,Palla,Male,1936-07-11,89,1,1,0,1,12,12.0,0.0,70,1,0,0,2026-03-25 01:42:47,High,ADM-00038464,DOC-00118,Dr. Aadhya Prashad,DEP009,ENT,DX003,Pneumonia,,70,High,Readmission; Age > 70; ICU admission; LOS > 10 days
11839,PAT-0011839,Zilmil,Kurian,Female,1945-03-18,78,1,1,1,0,6,6.0,8937.54,70,1,0,0,2023-08-07 23:09:54,High,ADM-00042022,DOC-00052,Dr. Vaishnavi Balay,DEP004,Orthopedics,DX005,Bone Fracture,Chronic Kidney Disease,70,High,Readmission; Age > 70; Chronic condition; Outstanding balance; Emergency admission
11859,PAT-0011859,Abha,Nigam,Male,1982-07-26,40,1,1,0,1,11,11.0,0.0,70,1,0,0,2023-03-23 17:30:42,High,ADM-00001234,DOC-00119,Dr. Reva Sidhu,DEP003,Neurology,DX006,Migraine,Type 2 Diabetes,70,High,Readmission; Chronic condition; ICU admission; LOS > 10 days
12957,PAT-0012957,Indira,Dhillon,Male,1959-12-07,63,1,1,1,1,8,8.0,0.0,70,1,0,0,2023-01-24 01:01:42,High,ADM-00032109,DOC-00010,Dr. Laban Kala,DEP009,ENT,DX003,Pneumonia,Coronary Artery Disease,70,High,Readmission; Chronic condition; ICU admission; Emergency admission
13195,PAT-0013195,Chatura,Baral,Male,1931-11-27,92,1,1,0,1,11,11.0,0.0,70,1,0,0,2024-05-06 11:36:35,High,ADM-00016276,DOC-00098,Dr. Chatresh Batta,DEP006,General Medicine,DX003,Pneumonia,,70,High,Readmission; Age > 70; ICU admission; LOS > 10 days
13994,PAT-0013994,Aarini,Bahri,Female,1988-05-21,35,1,1,1,1,11,11.0,25657.03,70,1,0,0,2024-02-15 21:49:22,High,ADM-00008538,DOC-00067,Dr. Ijaya Zachariah,DEP008,Gynecology,DX010,Anemia,,70,High,Readmission; ICU admission; LOS > 10 days; Outstanding balance; Emergency admission
14005,PAT-0014005,Faqid,Prashad,Male,2018-02-12,6,1,1,1,1,13,13.0,26971.68,70,1,0,0,2024-04-30 17:29:42,High,ADM-00013579,DOC-00146,Dr. Bhanumati Minhas,DEP008,Gynecology,DX010,Anemia,,70,High,Readmission; ICU admission; LOS > 10 days; Outstanding balance; Emergency admission
14219,PAT-0014219,Ekta,Kota,Female,1935-08-10,90,1,1,1,0,7,7.0,9521.66,70,1,0,0,2026-04-22 05:38:40,High,ADM-00014498,DOC-00042,Dr. Harrison Dora,DEP002,Cardiology,DX007,Coronary Artery Disease,Type 2 Diabetes,70,High,Readmission; Age > 70; Chronic condition; Outstanding balance; Emergency admission
14653,PAT-0014653,Fitan,Dey,Male,1961-04-03,63,1,1,1,1,11,11.0,47411.94,70,1,0,0,2025-03-01 09:01:34,High,ADM-00024584,DOC-00090,Dr. Lohit Upadhyay,DEP007,Oncology,DX010,Anemia,,70,High,Readmission; ICU admission; LOS > 10 days; Outstanding balance; Emergency admission
15086,PAT-0015086,Baljiwan,Goel,Male,1942-05-12,84,1,0,1,1,13,13.0,0.0,70,1,0,0,2026-07-13 03:56:17,High,ADM-00016142,DOC-00015,Dr. Wridesh Sheth,DEP003,Neurology,DX006,Migraine,Coronary Artery Disease,70,High,Age > 70; Chronic condition; ICU admission; LOS > 10 days; Emergency admission
15463,PAT-0015463,Reva,Mittal,Male,1970-09-17,52,1,1,1,1,12,12.0,56299.52,70,1,0,0,2023-01-27 05:58:37,High,ADM-00004518,DOC-00009,Dr. Vrinda Kale,DEP006,General Medicine,DX009,Gastroenteritis,,70,High,Readmission; ICU admission; LOS > 10 days; Outstanding balance; Emergency admission
15512,PAT-0015512,Eta,Sodhi,Male,1976-04-27,46,1,1,0,1,12,12.0,0.0,70,1,0,0,2023-02-08 13:53:20,High,ADM-00028972,DOC-00026,Dr. Jagrati Borde,DEP003,Neurology,DX006,Migraine,Type 2 Diabetes,70,High,Readmission; Chronic condition; ICU admission; LOS > 10 days
16306,PAT-0016306,Eshana,Bhat,Male,1978-09-05,44,1,1,1,1,10,10.0,0.0,70,1,0,0,2023-04-07 21:30:26,High,ADM-00028678,DOC-00028,Dr. Samesh Arora,DEP006,General Medicine,DX002,Type 2 Diabetes,Type 2 Diabetes,70,High,Readmission; Chronic condition; ICU admission; Emergency admission
16567,PAT-0016567,Siddharth,Grover,Male,1936-01-27,90,1,1,1,0,4,4.0,10469.51,70,1,0,0,2026-04-24 08:31:23,High,ADM-00049285,DOC-00048,Dr. Amaira Seshadri,DEP004,Orthopedics,DX005,Bone Fracture,Asthma,70,High,Readmission; Age > 70; Chronic condition; Outstanding balance; Emergency admission
16984,PAT-0016984,Kabir,Loke,Male,1950-05-23,73,1,1,1,1,7,7.0,0.0,70,1,0,0,2023-06-12 02:02:02,High,ADM-00048686,DOC-00019,Dr. Bishakha Patel,DEP003,Neurology,DX006,Migraine,,70,High,Readmission; Age > 70; ICU admission; Emergency admission
17503,PAT-0017503,Chaitaly,Menon,Female,1936-12-31,88,1,1,1,0,1,1.0,5818.65,70,1,0,0,2025-05-24 10:25:37,High,ADM-00045299,DOC-00008,Dr. Qadim Suresh,DEP002,Cardiology,DX001,Hypertension,Asthma,70,High,Readmission; Age > 70; Chronic condition; Outstanding balance; Emergency admission
18654,PAT-0018654,Yachana,Nanda,Female,1937-05-17,88,1,1,1,0,1,1.0,2958.2,70,1,0,0,2026-01-31 15:18:12,High,ADM-00010332,DOC-00144,Dr. Gabriel Sachdev,DEP003,Neurology,DX006,Migraine,Asthma,70,High,Readmission; Age > 70; Chronic condition; Outstanding balance; Emergency admission
18821,PAT-0018821,Sara,Gade,Male,1957-08-31,68,1,1,0,1,14,14.0,0.0,70,1,0,0,2025-11-13 23:48:45,High,ADM-00008653,DOC-00063,Dr. Vinaya Amble,DEP004,Orthopedics,DX005,Bone Fracture,Coronary Artery Disease,70,High,Readmission; Chronic condition; ICU admission; LOS > 10 days
18827,PAT-0018827,Isaiah,Patla,Female,1943-10-30,80,1,1,1,1,4,4.0,0.0,70,1,0,0,2024-04-12 22:08:40,High,ADM-00004036,DOC-00133,Dr. Vritti Cheema,DEP002,Cardiology,DX007,Coronary Artery Disease,,70,High,Readmission; Age > 70; ICU admission; Emergency admission
18924,PAT-0018924,Nicholas,Upadhyay,Male,2014-09-25,10,1,1,1,1,8,8.0,0.0,70,1,0,0,2025-06-16 11:31:53,High,ADM-00003797,DOC-00046,Dr. Umang Konda,DEP002,Cardiology,DX001,Hypertension,Chronic Kidney Disease,70,High,Readmission; Chronic condition; ICU admission; Emergency admission
19185,PAT-0019185,Vidhi,Bobal,Male,1947-12-05,77,1,1,1,1,7,7.0,0.0,70,1,0,0,2025-02-04 10:53:07,High,ADM-00005302,DOC-00146,Dr. Bhanumati Minhas,DEP008,Gynecology,DX010,Anemia,,70,High,Readmission; Age > 70; ICU admission; Emergency admission
19629,PAT-0019629,Charvi,Ramesh,Female,1935-08-17,90,1,1,1,1,3,3.0,0.0,70,1,0,0,2026-08-07 15:47:40,High,ADM-00031999,DOC-00001,Dr. Viraj Subramanian,DEP002,Cardiology,DX007,Coronary Artery Disease,,70,High,Readmission; Age > 70; ICU admission; Emergency admission
19749,PAT-0019749,Anamika,Kari,Female,1936-10-27,86,1,1,0,1,12,12.0,0.0,70,1,0,0,2023-07-18 04:15:02,High,ADM-00048150,DOC-00019,Dr. Bishakha Patel,DEP003,Neurology,DX006,Migraine,,70,High,Readmission; Age > 70; ICU admission; LOS > 10 days
19981,PAT-0019981,Udant,Luthra,Male,1969-05-08,55,1,1,0,1,14,14.0,0.0,70,1,0,0,2024-10-26 12:26:11,High,ADM-00028995,DOC-00101,Dr. Janya Biswas,DEP005,Pediatrics,DX003,Pneumonia,Asthma,70,High,Readmission; Chronic condition; ICU admission; LOS > 10 days
20874,PAT-0020874,Yagnesh,Divan,Female,1938-02-13,85,1,0,1,1,12,12.0,0.0,70,1,0,0,2023-03-02 06:34:32,High,ADM-00024044,DOC-00087,Dr. Zilmil Gade,DEP007,Oncology,DX010,Anemia,Type 2 Diabetes,70,High,Age > 70; Chronic condition; ICU admission; LOS > 10 days; Emergency admission
21070,PAT-0021070,Aarav,Dasgupta,Male,1947-04-16,76,1,1,1,0,5,5.0,26763.7,70,1,0,0,2023-12-10 15:45:36,High,ADM-00026824,DOC-00112,Dr. Manan Saran,DEP010,Dermatology,DX004,Asthma,Hypertension,70,High,Readmission; Age > 70; Chronic condition; Outstanding balance; Emergency admission
21506,PAT-0021506,Peter,Khare,Male,2005-11-22,20,1,1,1,1,7,7.0,0.0,70,1,0,0,2026-03-31 21:48:44,High,ADM-00037054,DOC-00090,Dr. Lohit Upadhyay,DEP007,Oncology,DX010,Anemia,Type 2 Diabetes,70,High,Readmission; Chronic condition; ICU admission; Emergency admission
21578,PAT-0021578,Caleb,Sant,Male,1989-07-13,34,1,1,0,1,12,12.0,0.0,70,1,0,0,2024-03-20 11:50:48,High,ADM-00030848,DOC-00056,Dr. Amaira Pal,DEP004,Orthopedics,DX005,Bone Fracture,Chronic Kidney Disease,70,High,Readmission; Chronic condition; ICU admission; LOS > 10 days
22246,PAT-0022246,Ojasvi,Murthy,Female,2003-01-20,22,1,1,1,1,11,11.0,51644.08,70,1,0,0,2025-11-22 20:06:09,High,ADM-00046279,DOC-00039,Dr. Jalsa Choudhry,DEP002,Cardiology,DX007,Coronary Artery Disease,,70,High,Readmission; ICU admission; LOS > 10 days; Outstanding balance; Emergency admission
22522,PAT-0022522,Shivani,Sahota,Female,1981-05-28,45,1,1,1,1,10,10.0,0.0,70,1,0,0,2026-07-03 23:45:36,High,ADM-00030446,DOC-00148,Dr. Yashodhara Sani,DEP002,Cardiology,DX007,Coronary Artery Disease,Chronic Kidney Disease,70,High,Readmission; Chronic condition; ICU admission; Emergency admission
22599,PAT-0022599,Parth,Dua,Female,1939-08-21,86,1,1,1,0,5,5.0,7054.95,70,1,0,0,2025-12-26 21:12:39,High,ADM-00034174,DOC-00043,Dr. Zehaan Guha,DEP005,Pediatrics,DX010,Anemia,Migraine,70,High,Readmission; Age > 70; Chronic condition; Outstanding balance; Emergency admission
22778,PAT-0022778,Luke,Dugar,Male,1935-01-13,88,1,1,1,0,3,3.0,21865.72,70,1,0,0,2023-05-02 01:40:57,High,ADM-00044542,DOC-00068,Dr. Aarnav Barman,DEP009,ENT,DX003,Pneumonia,Asthma,70,High,Readmission; Age > 70; Chronic condition; Outstanding balance; Emergency admission
22999,PAT-0022999,Tanish,Saxena,Male,1933-02-12,90,1,1,1,0,1,1.0,10725.81,70,1,0,0,2023-06-22 02:29:29,High,ADM-00041777,DOC-00129,Dr. Sneha Mahal,DEP008,Gynecology,DX010,Anemia,Coronary Artery Disease,70,High,Readmission; Age > 70; Chronic condition; Outstanding balance; Emergency admission
23252,PAT-0023252,Owen,Prabhu,Female,1930-11-30,92,1,1,1,1,9,9.0,0.0,70,1,0,0,2023-11-01 06:45:23,High,ADM-00022973,DOC-00068,Dr. Aarnav Barman,DEP009,ENT,DX003,Pneumonia,,70,High,Readmission; Age > 70; ICU admission; Emergency admission
23599,PAT-0023599,Fariq,Choudhry,Male,1936-07-07,87,1,0,1,1,14,14.0,0.0,70,1,0,0,2023-12-16 15:28:07,High,ADM-00010265,DOC-00122,Dr. Nakul Pathak,DEP005,Pediatrics,DX003,Pneumonia,Coronary Artery Disease,70,High,Age > 70; Chronic condition; ICU admission; LOS > 10 days; Emergency admission
24011,PAT-0024011,Advik,Kari,Male,1947-02-24,79,1,1,1,0,3,3.0,6574.14,70,1,0,0,2026-09-12 03:55:06,High,ADM-00011171,DOC-00129,Dr. Sneha Mahal,DEP008,Gynecology,DX010,Anemia,Migraine,70,High,Readmission; Age > 70; Chronic condition; Outstanding balance; Emergency admission
24441,PAT-0024441,Ishwar,Shah,Female,1952-06-18,73,1,0,1,1,11,11.0,0.0,70,1,0,0,2026-01-05 12:35:59,High,ADM-00038080,DOC-00061,Dr. Michael Rastogi,DEP010,Dermatology,DX004,Asthma,Chronic Kidney Disease,70,High,Age > 70; Chronic condition; ICU admission; LOS > 10 days; Emergency admission
24750,PAT-0024750,Vrinda,Chacko,Female,1941-04-05,82,1,1,1,1,4,4.0,0.0,70,1,0,0,2023-04-22 07:22:47,High,ADM-00029582,DOC-00010,Dr. Laban Kala,DEP009,ENT,DX003,Pneumonia,,70,High,Readmission; Age > 70; ICU admission; Emergency admission
13038,PAT-0013038,Ishani,Dass,Male,1946-07-05,79,7,0,2,3,15,6.86,107610.77,70,3,4,0,2026-03-20 23:03:51,High,ADM-00008026,DOC-00139,Dr. Tamanna Chander,DEP008,Gynecology,DX010,Anemia,Asthma,65,High,Age > 70; Chronic condition; ICU admission; LOS > 10 days; Outstanding balance
923,PAT-0000923,Mason,Hayre,Female,1953-03-15,73,5,2,2,0,7,5.6,20019.44,70,2,3,0,2026-09-15 06:47:20,High,ADM-00048284,DOC-00147,Dr. Samarth Nayar,DEP004,Orthopedics,DX005,Bone Fracture,Coronary Artery Disease,65,High,Readmission; Age > 70; Chronic condition; Emergency admission
17975,PAT-0017975,Frado,Lad,Female,1952-05-05,74,4,1,3,2,7,4.5,22582.14,70,3,1,0,2026-08-22 15:22:50,High,ADM-00043631,DOC-00130,Dr. Ekantika Virk,DEP003,Neurology,DX006,Migraine,Migraine,65,High,Age > 70; Chronic condition; ICU admission; Outstanding balance; Emergency admission
20498,PAT-0020498,Janya,Bora,Female,1949-08-29,76,4,1,4,3,13,8.0,8810.47,70,4,0,0,2026-01-07 04:48:02,High,ADM-00044587,DOC-00027,Dr. David Deshmukh,DEP007,Oncology,DX010,Anemia,Coronary Artery Disease,65,High,Age > 70; Chronic condition; ICU admission; Outstanding balance; Emergency admission
3882,PAT-0003882,Oeshi,Kala,Male,1940-02-16,86,2,1,2,1,12,6.5,0.0,70,2,0,0,2026-08-22 19:20:20,High,ADM-00047591,DOC-00028,Dr. Samesh Arora,DEP006,General Medicine,DX010,Anemia,Hypertension,65,High,Readmission; Age > 70; Chronic condition; Emergency admission
18793,PAT-0018793,Upkaar,Ganesan,Female,1944-05-16,82,2,1,2,1,7,6.5,12516.36,70,2,0,0,2026-07-29 15:18:30,High,ADM-00043249,DOC-00085,Dr. Mekhala Mangat,DEP006,General Medicine,DX010,Anemia,Coronary Artery Disease,65,High,Age > 70; Chronic condition; ICU admission; Outstanding balance; Emergency admission
24385,PAT-0024385,Chaaya,Dhar,Male,1934-11-23,91,8,2,3,1,10,3.75,31577.98,70,2,6,0,2026-06-15 20:50:23,High,ADM-00009157,DOC-00052,Dr. Vaishnavi Balay,DEP004,Orthopedics,DX005,Bone Fracture,Migraine,60,High,Readmission; Age > 70; Chronic condition; Outstanding balance
15040,PAT-0015040,Kalpit,Cherian,Male,1972-04-23,54,6,3,3,2,11,4.67,38173.66,70,2,3,1,2026-09-05 20:28:21,High,ADM-00022243,DOC-00096,Dr. Balvan Bala,DEP002,Cardiology,DX001,Hypertension,Type 2 Diabetes,60,High,Chronic condition; ICU admission; LOS > 10 days; Outstanding balance; Emergency admission
20869,PAT-0020869,Turvi,Gole,Male,1966-10-16,59,5,2,3,3,9,5.4,207534.6,70,2,1,2,2026-09-25 21:40:07,High,ADM-00051051,DOC-00007,Dr. Lajita Bora,DEP010,Dermatology,DX004,Asthma,Asthma,60,High,Readmission; Chronic condition; ICU admission
24458,PAT-0024458,Baljiwan,Sarma,Male,2008-01-16,18,5,3,0,3,11,6.2,0.0,70,3,0,2,2026-08-19 02:41:54,High,ADM-00026922,DOC-00087,Dr. Zilmil Gade,DEP007,Oncology,DX010,Anemia,Migraine,60,High,Readmission; Chronic condition; ICU admission
18396,PAT-0018396,Chaitaly,Pandya,Female,1967-10-14,58,4,3,0,2,13,8.25,0.0,70,2,1,1,2026-09-07 02:42:45,High,ADM-00004651,DOC-00097,Dr. Nisha Dhillon,DEP008,Gynecology,DX010,Anemia,Type 2 Diabetes,60,High,Readmission; Chronic condition; ICU admission
5296,PAT-0005296,Luke,Salvi,Male,1966-03-12,60,3,2,1,2,9,6.67,0.0,70,2,0,1,2026-07-12 20:01:55,High,ADM-00007725,DOC-00137,Dr. Rajata Arora,DEP005,Pediatrics,DX010,Anemia,Hypertension,60,High,Readmission; Chronic condition; ICU admission
7467,PAT-0007467,Shaurya,Sharaf,Female,1967-03-27,59,2,2,0,2,12,8.5,0.0,70,2,0,0,2026-04-29 08:11:48,High,ADM-00046625,DOC-00146,Dr. Bhanumati Minhas,DEP008,Gynecology,DX010,Anemia,Type 2 Diabetes,60,High,Readmission; Chronic condition; ICU admission
13450,PAT-0013450,Dipta,Comar,Male,1938-01-20,88,2,1,2,1,10,7.5,5939.14,70,2,0,0,2026-08-03 15:04:55,High,ADM-00017503,DOC-00032,Dr. Anamika Johal,DEP003,Neurology,DX006,Migraine,Type 2 Diabetes,60,High,Age > 70; Chronic condition; ICU admission; Emergency admission
6346,PAT-0006346,Gautam,Pandya,Male,1981-11-06,44,5,2,3,2,6,4.2,21060.38,70,1,2,2,2026-07-24 07:27:11,High,ADM-00049052,DOC-00087,Dr. Zilmil Gade,DEP007,Oncology,DX010,Anemia,Coronary Artery Disease,55,Medium,Readmission; Chronic condition; Outstanding balance; Emergency admission
7864,PAT-0007864,Saumya,Doctor,Male,1946-07-22,78,5,2,3,1,9,4.2,16180.5,70,1,4,0,2025-03-29 07:29:03,High,ADM-00039023,DOC-00133,Dr. Vritti Cheema,DEP002,Cardiology,DX001,Hypertension,Hypertension,55,Medium,Readmission; Age > 70; Chronic condition
4262,PAT-0004262,Varenya,Kakar,Female,1953-10-13,71,4,2,1,1,9,4.0,4933.32,70,1,1,2,2024-10-30 05:39:02,High,ADM-00039040,DOC-00073,Dr. Warjas Singhal,DEP001,Emergency,DX005,Bone Fracture,Hypertension,55,Medium,Readmission; Age > 70; Chronic condition
7707,PAT-0007707,Zinal,Patil,Male,1934-05-13,91,4,1,2,1,11,5.5,2257.71,70,1,3,0,2025-12-01 06:37:39,High,ADM-00021144,DOC-00036,Dr. Nachiket Pandit,DEP002,Cardiology,DX007,Coronary Artery Disease,Migraine,55,Medium,Readmission; Age > 70; Chronic condition
10548,PAT-0010548,Tarak,Patla,Female,2012-07-23,14,4,2,2,1,13,6.0,10721.15,70,1,2,1,2026-09-08 23:44:10,High,ADM-00005760,DOC-00038,Dr. Charan Golla,DEP006,General Medicine,DX010,Anemia,Migraine,55,Medium,Readmission; Chronic condition; Outstanding balance; Emergency admission
14105,PAT-0014105,Teerth,Balakrishnan,Female,1941-12-17,84,3,1,3,2,13,8.67,0.0,70,1,1,1,2026-04-01 03:24:36,High,ADM-00017756,DOC-00137,Dr. Rajata Arora,DEP005,Pediatrics,DX010,Anemia,,55,Medium,Age > 70; ICU admission; LOS > 10 days; Emergency admission
14123,PAT-0014123,Fiyaz,Kalla,Male,1953-06-09,72,3,1,1,1,11,6.0,0.0,70,1,1,1,2026-01-25 04:07:22,High,ADM-00045602,DOC-00018,Dr. Dalaja Pant,DEP009,ENT,DX003,Pneumonia,Asthma,55,Medium,Readmission; Age > 70; Chronic condition
14949,PAT-0014949,Urishilla,Pillay,Female,1940-01-19,86,3,0,2,2,14,8.0,30084.53,70,1,2,0,2026-07-09 01:30:04,High,ADM-00029608,DOC-00150,Dr. Kamala Bhargava,DEP002,Cardiology,DX001,Hypertension,Chronic Kidney Disease,55,Medium,Age > 70; Chronic condition; ICU admission; Outstanding balance
15106,PAT-0015106,Omya,Varty,Female,1950-07-28,75,3,1,1,1,15,8.67,0.0,70,1,2,0,2026-06-21 09:32:23,High,ADM-00047653,DOC-00146,Dr. Bhanumati Minhas,DEP008,Gynecology,DX010,Anemia,Hypertension,55,Medium,Readmission; Age > 70; Chronic condition
16971,PAT-0016971,Tristan,Dixit,Female,2000-08-11,25,3,1,2,2,13,8.0,2900.96,70,1,1,1,2026-06-07 20:54:31,High,ADM-00041853,DOC-00143,Dr. Ranbir Sarma,DEP003,Neurology,DX006,Migraine,Chronic Kidney Disease,55,Medium,Chronic condition; ICU admission; LOS > 10 days; Emergency admission
17896,PAT-0017896,Devansh,Biswas,Male,1936-08-09,88,3,2,1,1,8,6.0,12745.78,70,1,2,0,2025-06-24 08:57:17,High,ADM-00026302,DOC-00130,Dr. Ekantika Virk,DEP003,Neurology,DX006,Migraine,Hypertension,55,Medium,Readmission; Age > 70; Chronic condition
20060,PAT-0020060,Yatin,Wason,Female,2012-11-17,13,2,1,1,2,11,11.0,0.0,70,1,1,0,2025-12-10 08:35:42,High,ADM-00011316,DOC-00033,Dr. Azad Batra,DEP009,ENT,DX003,Pneumonia,Migraine,55,Medium,Chronic condition; ICU admission; LOS > 10 days; Emergency admission
5754,PAT-0005754,Michael,Murty,Male,2023-09-26,1,5,1,0,2,11,6.4,29987.72,70,1,1,3,2025-07-27 09:20:15,High,ADM-00028799,DOC-00046,Dr. Umang Konda,DEP002,Cardiology,DX007,Coronary Artery Disease,Migraine,50,Medium,Chronic condition; ICU admission; LOS > 10 days; Outstanding balance
13488,PAT-0013488,Mohammed,Keer,Male,1938-05-18,87,5,2,3,2,8,5.0,8643.21,70,2,3,0,2026-04-05 06:52:56,High,ADM-00042826,DOC-00037,Dr. Priya Malhotra,DEP010,Dermatology,DX004,Asthma,Type 2 Diabetes,50,Medium,Age > 70; Chronic condition; ICU admission
3853,PAT-0003853,Vyanjana,Barman,Female,1938-10-29,87,4,2,1,1,7,5.75,136487.5,70,2,2,0,2025-12-23 22:07:29,High,ADM-00004369,DOC-00027,Dr. David Deshmukh,DEP007,Oncology,DX010,Anemia,Migraine,50,Medium,Age > 70; Chronic condition; ICU admission
4742,PAT-0004742,Hiral,Ray,Female,1937-04-23,88,4,2,1,1,9,3.25,7351.63,70,1,3,0,2026-04-21 11:23:24,High,ADM-00014429,DOC-00114,Dr. Om Mangat,DEP007,Oncology,DX010,Anemia,Coronary Artery Disease,50,Medium,Age > 70; Chronic condition; ICU admission
4214,PAT-0004214,Azaan,Malhotra,Male,1958-10-25,67,2,2,2,1,6,5.0,0.0,70,1,1,0,2026-01-08 01:03:13,High,ADM-00033587,DOC-00014,Dr. Chaitanya Buch,DEP004,Orthopedics,DX005,Bone Fracture,Type 2 Diabetes,50,Medium,Readmission; Chronic condition; Emergency admission
18704,PAT-0018704,Tristan,Bumb,Male,1983-11-16,42,2,2,2,1,8,5.0,0.0,70,1,1,0,2025-12-17 19:53:25,High,ADM-00001019,DOC-00064,Dr. Amol Gera,DEP008,Gynecology,DX010,Anemia,Chronic Kidney Disease,50,Medium,Readmission; Chronic condition; Emergency admission
5526,PAT-0005526,Champak,Manda,Male,1997-06-10,29,8,3,5,3,9,4.38,23445.51,70,2,4,2,2026-06-16 03:13:16,High,ADM-00021511,DOC-00009,Dr. Vrinda Kale,DEP006,General Medicine,DX009,Gastroenteritis,Asthma,45,Medium,Chronic condition; ICU admission; Emergency admission
14079,PAT-0014079,Pranit,Sangha,Male,1959-09-10,66,6,2,1,4,11,7.0,0.0,70,2,2,2,2026-01-08 14:24:47,High,ADM-00018519,DOC-00031,Dr. Nathan Iyengar,DEP004,Orthopedics,DX005,Bone Fracture,Hypertension,45,Medium,Chronic condition; ICU admission; LOS > 10 days
15296,PAT-0015296,Geetika,Puri,Female,1974-06-12,50,6,3,2,3,12,7.67,35035.08,70,1,2,3,2025-03-27 00:17:47,High,ADM-00043782,DOC-00122,Dr. Nakul Pathak,DEP005,Pediatrics,DX004,Asthma,,45,Medium,Readmission; ICU admission
24008,PAT-0024008,Quincy,Dixit,Male,1930-11-22,95,6,2,4,3,9,4.33,9238.8,70,2,1,3,2026-09-25 12:40:54,High,ADM-00050891,DOC-00009,Dr. Vrinda Kale,DEP006,General Medicine,DX009,Gastroenteritis,,45,Medium,Age > 70; ICU admission; Emergency admission
7929,PAT-0007929,Qarin,Bawa,Male,1959-08-09,66,5,2,2,2,11,6.4,57926.37,70,1,3,1,2026-02-01 09:53:55,High,ADM-00034083,DOC-00037,Dr. Priya Malhotra,DEP010,Dermatology,DX004,Asthma,Hypertension,45,Medium,Chronic condition; ICU admission; LOS > 10 days
12930,PAT-0012930,Ekani,Chokshi,Female,1946-02-10,80,5,0,2,2,11,8.0,39883.72,70,2,3,0,2026-09-25 23:25:53,High,ADM-00050998,DOC-00032,Dr. Anamika Johal,DEP003,Neurology,DX006,Migraine,Chronic Kidney Disease,45,Medium,Age > 70; Chronic condition; Outstanding balance; Emergency admission
3400,PAT-0003400,Ranbir,Tata,Male,1939-09-30,86,4,1,3,0,7,4.5,148844.63,70,1,3,0,2026-05-02 12:22:06,High,ADM-00027480,DOC-00145,Dr. Girindra Sachar,DEP009,ENT,DX003,Pneumonia,Asthma,45,Medium,Age > 70; Chronic condition; Outstanding balance; Emergency admission
15054,PAT-0015054,Kritika,Amble,Female,2021-11-25,3,4,2,0,2,11,5.25,22211.67,70,1,2,1,2025-10-27 01:43:18,High,ADM-00023476,DOC-00134,Dr. Chatura Dey,DEP005,Pediatrics,DX004,Asthma,Coronary Artery Disease,45,Medium,Readmission; Chronic condition; Outstanding balance
23069,PAT-0023069,Sudiksha,Uppal,Female,1938-11-19,87,4,2,2,2,10,7.75,5834.46,70,1,2,1,2026-02-22 16:21:44,High,ADM-00029301,DOC-00100,Dr. Umang Basu,DEP010,Dermatology,DX004,Asthma,,45,Medium,Age > 70; ICU admission; Emergency admission
24468,PAT-0024468,Umang,Dave,Female,1944-06-11,81,4,0,2,1,11,6.5,9033.21,70,1,3,0,2026-04-14 15:23:12,High,ADM-00004415,DOC-00125,Dr. Robert Murthy,DEP010,Dermatology,DX004,Asthma,Type 2 Diabetes,45,Medium,Age > 70; Chronic condition; Outstanding balance; Emergency admission
7079,PAT-0007079,Edhitha,Devan,Male,1968-08-05,56,3,2,1,1,11,7.33,7985.44,70,1,1,1,2025-05-30 04:59:55,High,ADM-00027870,DOC-00122,Dr. Nakul Pathak,DEP005,Pediatrics,DX003,Pneumonia,Hypertension,45,Medium,Readmission; Chronic condition; Outstanding balance
10326,PAT-0010326,Azad,Master,Male,1935-05-01,90,3,0,2,1,12,7.33,34452.61,70,1,2,0,2026-04-29 09:53:30,High,ADM-00035651,DOC-00083,Dr. Krishna Palla,DEP001,Emergency,DX003,Pneumonia,Coronary Artery Disease,45,Medium,Age > 70; Chronic condition; Outstanding balance; Emergency admission
11380,PAT-0011380,Ucchal,Parmer,Male,1940-12-24,84,3,2,2,0,6,5.0,19569.68,70,1,2,0,2025-12-17 04:14:32,High,ADM-00000982,DOC-00056,Dr. Amaira Pal,DEP004,Orthopedics,DX005,Bone Fracture,Chronic Kidney Disease,45,Medium,Age > 70; Chronic condition; Outstanding balance; Emergency admission
15994,PAT-0015994,Brinda,Nagy,Female,1931-05-27,94,3,0,2,1,14,8.0,15338.27,70,1,2,0,2026-03-10 01:44:16,High,ADM-00004727,DOC-00089,Dr. Faras Gade,DEP002,Cardiology,DX007,Coronary Artery Disease,Hypertension,45,Medium,Age > 70; Chronic condition; Outstanding balance; Emergency admission
10023,PAT-0010023,Azaan,Narayan,Male,1952-03-09,74,2,1,1,1,11,8.5,9262.08,70,1,1,0,2026-06-28 01:06:52,High,ADM-00029974,DOC-00105,Dr. Ekapad Pal,DEP002,Cardiology,DX007,Coronary Artery Disease,Chronic Kidney Disease,45,Medium,Age > 70; Chronic condition; Outstanding balance; Emergency admission
24348,PAT-0024348,Vedant,Bera,Female,1954-07-01,70,2,2,0,1,11,6.0,10905.78,70,1,1,0,2024-08-10 22:09:20,High,ADM-00022997,DOC-00070,Dr. Jason Mukherjee,DEP005,Pediatrics,DX010,Anemia,Migraine,45,Medium,Readmission; Chronic condition; Outstanding balance
23059,PAT-0023059,Hema,Dalal,Male,1958-01-12,68,8,3,1,2,13,5.5,11730.27,70,1,3,4,2026-09-19 01:39:40,High,ADM-00035270,DOC-00082,Dr. Dhriti Devi,DEP006,General Medicine,DX009,Gastroenteritis,Migraine,40,Medium,Readmission; Chronic condition
22840,PAT-0022840,Sudiksha,Kata,Female,1950-04-16,75,7,1,3,2,15,5.86,72374.81,70,2,5,0,2025-09-25 00:47:34,High,ADM-00025047,DOC-00132,Dr. Shravya Ramanathan,DEP008,Gynecology,DX010,Anemia,Coronary Artery Disease,40,Medium,Age > 70; Chronic condition; Emergency admission
2993,PAT-0002993,Ubika,Datta,Male,1931-10-21,94,5,1,2,1,11,4.4,15965.37,70,1,4,0,2026-09-26 15:23:35,High,ADM-00051245,DOC-00116,Dr. Michael Pandya,DEP007,Oncology,DX010,Anemia,Hypertension,40,Medium,Age > 70; Chronic condition; Emergency admission
15142,PAT-0015142,Anvi,Sangha,Female,1937-01-21,89,5,1,3,1,15,5.4,0.0,70,1,4,0,2026-09-20 15:16:09,High,ADM-00000235,DOC-00005,Dr. Veer Merchant,DEP006,General Medicine,DX001,Hypertension,Chronic Kidney Disease,40,Medium,Age > 70; Chronic condition; Emergency admission
17558,PAT-0017558,Akshay,Mukhopadhyay,Female,1944-11-04,79,5,1,2,3,10,6.2,55754.0,70,1,3,1,2024-09-27 15:22:02,High,ADM-00043045,DOC-00114,Dr. Om Mangat,DEP007,Oncology,DX010,Anemia,,40,Medium,Age > 70; ICU admission; Outstanding balance
20305,PAT-0020305,Chavvi,Chandran,Male,1990-04-27,34,5,3,1,1,7,4.0,6193.48,70,1,2,2,2024-11-12 15:34:15,High,ADM-00022928,DOC-00034,Dr. Teerth Dewan,DEP009,ENT,DX003,Pneumonia,Chronic Kidney Disease,40,Medium,Readmission; Chronic condition
20628,PAT-0020628,Imaran,Shenoy,Female,1943-04-22,82,5,0,2,1,14,6.6,7086.35,70,1,4,0,2026-01-27 15:34:33,High,ADM-00049206,DOC-00108,Dr. Devansh Devan,DEP005,Pediatrics,DX010,Anemia,Hypertension,40,Medium,Age > 70; Chronic condition; Emergency admission
3739,PAT-0003739,Ojasvi,Balay,Male,1950-01-05,75,4,2,3,0,7,3.75,2780.26,70,2,2,0,2025-10-06 16:14:14,High,ADM-00003243,DOC-00016,Dr. Pushti Bhasin,DEP009,ENT,DX003,Pneumonia,Chronic Kidney Disease,40,Medium,Age > 70; Chronic condition; Emergency admission
4921,PAT-0004921,Isaac,Taneja,Male,1966-02-23,60,4,2,0,1,11,6.75,1882.63,70,1,1,2,2026-06-09 12:06:55,High,ADM-00021135,DOC-00047,Dr. Zaid Vohra,DEP007,Oncology,DX010,Anemia,Hypertension,40,Medium,Readmission; Chronic condition
8220,PAT-0008220,Idika,Kuruvilla,Male,1946-07-12,78,4,1,2,1,14,7.0,16861.43,70,2,2,0,2025-02-13 21:30:56,High,ADM-00049389,DOC-00049,Dr. Anjali Patla,DEP004,Orthopedics,DX005,Bone Fracture,Chronic Kidney Disease,40,Medium,Age > 70; Chronic condition; Emergency admission
11686,PAT-0011686,Sudiksha,Chana,Male,1953-07-08,73,4,2,1,1,14,8.0,0.0,70,1,3,0,2026-08-23 13:47:21,High,ADM-00000661,DOC-00001,Dr. Viraj Subramanian,DEP002,Cardiology,DX001,Hypertension,Hypertension,40,Medium,Age > 70; Chronic condition; Emergency admission
19218,PAT-0019218,Eta,Pillai,Male,1937-07-03,88,4,1,3,0,7,3.75,6698.5,70,1,3,0,2025-12-12 01:26:44,High,ADM-00006649,DOC-00068,Dr. Aarnav Barman,DEP009,ENT,DX003,Pneumonia,Hypertension,40,Medium,Age > 70; Chronic condition; Emergency admission
22986,PAT-0022986,Abhiram,Dhillon,Male,1936-05-29,87,4,2,2,1,9,6.0,0.0,70,1,1,2,2024-05-10 09:44:32,High,ADM-00012263,DOC-00086,Dr. Rehaan Lanka,DEP001,Emergency,DX003,Pneumonia,,40,Medium,Readmission; Age > 70
734,PAT-0000734,Dalaja,Misra,Male,1933-01-10,92,3,1,2,1,9,6.33,129016.65,70,1,2,0,2025-04-07 19:31:28,High,ADM-00037760,DOC-00120,Dr. Alexander Gulati,DEP010,Dermatology,DX004,Asthma,Chronic Kidney Disease,40,Medium,Age > 70; Chronic condition; Emergency admission
1667,PAT-0001667,Amruta,Nigam,Male,1993-08-19,32,3,2,1,1,10,6.33,7295.95,70,1,1,1,2026-06-24 06:34:10,High,ADM-00044228,DOC-00103,Dr. Jasmit Krishnan,DEP002,Cardiology,DX001,Hypertension,Migraine,40,Medium,Readmission; Chronic condition
3642,PAT-0003642,Onveer,Gill,Male,1935-04-04,91,3,1,1,2,8,3.33,9264.15,70,1,1,1,2026-09-25 20:29:44,High,ADM-00050251,DOC-00144,Dr. Gabriel Sachdev,DEP003,Neurology,DX006,Migraine,,40,Medium,Age > 70; ICU admission; Outstanding balance
20208,PAT-0020208,Atharv,Nayar,Male,1970-12-04,55,3,2,1,1,9,6.33,0.0,70,1,1,1,2026-05-05 06:06:18,High,ADM-00015396,DOC-00131,Dr. Yahvi Raja,DEP007,Oncology,DX010,Anemia,Migraine,40,Medium,Readmission; Chronic condition
21661,PAT-0021661,Sachi,Palan,Female,1934-06-27,92,3,2,2,2,8,6.0,0.0,70,1,2,0,2026-09-26 01:54:58,High,ADM-00051130,DOC-00029,Dr. Unnati Mall,DEP005,Pediatrics,DX004,Asthma,,40,Medium,Readmission; Age > 70
22108,PAT-0022108,Farhan,Kaur,Male,2016-04-07,8,3,3,1,1,7,4.67,0.0,70,1,2,0,2024-12-12 18:33:37,High,ADM-00019769,DOC-00094,Dr. Hemang Thaman,DEP004,Orthopedics,DX005,Bone Fracture,Type 2 Diabetes,40,Medium,Readmission; Chronic condition
2218,PAT-0002218,Tanish,Bawa,Male,1941-03-21,84,2,1,2,0,6,6.0,9785.24,70,1,1,0,2025-10-09 20:24:44,High,ADM-00037857,DOC-00059,Dr. Indrajit Cheema,DEP005,Pediatrics,DX003,Pneumonia,Chronic Kidney Disease,40,Medium,Age > 70; Chronic condition; Emergency admission
5181,PAT-0005181,Vasudha,Doshi,Female,1940-02-07,84,2,0,2,1,13,7.0,0.0,70,1,1,0,2024-12-03 15:54:12,High,ADM-00013149,DOC-00043,Dr. Zehaan Guha,DEP005,Pediatrics,DX004,Asthma,Type 2 Diabetes,40,Medium,Age > 70; Chronic condition; Emergency admission
10422,PAT-0010422,Janani,Srivastava,Male,1932-10-23,92,2,1,2,0,6,3.5,21888.3,70,1,1,0,2025-06-11 15:40:07,High,ADM-00002803,DOC-00148,Dr. Yashodhara Sani,DEP002,Cardiology,DX007,Coronary Artery Disease,Coronary Artery Disease,40,Medium,Age > 70; Chronic condition; Emergency admission
16266,PAT-0016266,Bhanumati,Kibe,Female,1948-09-09,76,2,0,2,1,11,8.0,0.0,70,1,1,0,2025-05-01 08:39:16,High,ADM-00036279,DOC-00140,Dr. Anya Bassi,DEP010,Dermatology,DX004,Asthma,Hypertension,40,Medium,Age > 70; Chronic condition; Emergency admission
19455,PAT-0019455,Anamika,Mangat,Male,1942-02-05,82,2,2,1,1,5,4.5,0.0,70,1,1,0,2024-02-25 16:43:03,High,ADM-00016128,DOC-00043,Dr. Zehaan Guha,DEP005,Pediatrics,DX004,Asthma,,40,Medium,Readmission; Age > 70
20345,PAT-0020345,Dhruv,Soman,Male,1946-12-29,77,2,2,0,1,14,8.5,0.0,70,1,1,0,2024-01-30 18:54:41,High,ADM-00045792,DOC-00050,Dr. Nathaniel Shan,DEP006,General Medicine,DX009,Gastroenteritis,,40,Medium,Readmission; Age > 70
24406,PAT-0024406,Dipta,Toor,Female,1958-09-11,66,2,2,1,1,6,4.5,0.0,70,1,1,0,2025-06-21 05:08:34,High,ADM-00005158,DOC-00133,Dr. Vritti Cheema,DEP002,Cardiology,DX001,Hypertension,Asthma,40,Medium,Readmission; Chronic condition
7574,PAT-0007574,Dominic,Bhardwaj,Male,1940-01-17,86,6,0,3,2,15,7.33,18291.63,70,2,4,0,2026-06-12 12:24:18,High,ADM-00045105,DOC-00114,Dr. Om Mangat,DEP007,Oncology,DX010,Anemia,Coronary Artery Disease,35,Medium,Age > 70; Chronic condition; Outstanding balance
1315,PAT-0001315,Vansha,Bora,Female,1938-01-05,87,5,0,1,1,11,5.6,15733.02,70,1,4,0,2025-05-09 11:01:24,High,ADM-00020712,DOC-00108,Dr. Devansh Devan,DEP005,Pediatrics,DX010,Anemia,Coronary Artery Disease,35,Medium,Age > 70; Chronic condition; Outstanding balance
4197,PAT-0004197,Ranveer,Rai,Female,1931-05-23,94,5,0,2,1,12,6.4,6946.67,70,1,4,0,2025-05-31 05:14:53,High,ADM-00031286,DOC-00084,Dr. Warhi Raja,DEP004,Orthopedics,DX005,Bone Fracture,Migraine,35,Medium,Age > 70; Chronic condition; Outstanding balance
7370,PAT-0007370,Aditya,Kulkarni,Male,1951-12-28,74,5,2,3,2,11,6.0,14847.77,70,4,1,0,2026-09-25 12:38:15,High,ADM-00050367,DOC-00025,Dr. Daksh Madan,DEP001,Emergency,DX009,Gastroenteritis,Coronary Artery Disease,35,Medium,Age > 70; Chronic condition; Outstanding balance
20157,PAT-0020157,Vivaan,Mittal,Female,1947-06-28,79,5,0,2,2,11,4.6,10977.92,70,1,4,0,2026-09-25 06:51:38,High,ADM-00050870,DOC-00047,Dr. Zaid Vohra,DEP007,Oncology,DX010,Anemia,Hypertension,35,Medium,Age > 70; Chronic condition; Outstanding balance
1290,PAT-0001290,Ishita,Dubey,Female,1954-01-20,72,4,0,1,1,11,5.75,7119.57,70,1,2,1,2026-09-06 18:56:51,High,ADM-00047487,DOC-00134,Dr. Chatura Dey,DEP005,Pediatrics,DX010,Anemia,Migraine,35,Medium,Age > 70; Chronic condition; Outstanding balance
8948,PAT-0008948,Ira,Kapur,Female,1933-01-30,93,4,2,1,0,7,3.0,62207.91,70,2,2,0,2026-09-02 10:42:38,High,ADM-00025404,DOC-00132,Dr. Shravya Ramanathan,DEP008,Gynecology,DX010,Anemia,Asthma,35,Medium,Age > 70; Chronic condition; Outstanding balance
13426,PAT-0013426,Charita,Mukhopadhyay,Male,1941-03-02,85,4,1,2,0,6,4.25,46705.04,70,1,3,0,2026-07-24 15:08:22,High,ADM-00032894,DOC-00029,Dr. Unnati Mall,DEP005,Pediatrics,DX010,Anemia,Asthma,35,Medium,Age > 70; Chronic condition; Outstanding balance
14515,PAT-0014515,Ridhi,Gill,Female,1955-09-16,69,4,2,1,2,11,6.25,0.0,70,1,2,1,2025-06-20 18:07:55,High,ADM-00020083,DOC-00083,Dr. Krishna Palla,DEP001,Emergency,DX005,Bone Fracture,Chronic Kidney Disease,35,Medium,Chronic condition; ICU admission
23519,PAT-0023519,Dhriti,Kara,Male,1950-10-13,75,4,1,2,1,9,6.25,25719.15,70,2,2,0,2026-06-06 10:55:44,High,ADM-00035373,DOC-00136,Dr. Elijah Rege,DEP010,Dermatology,DX004,Asthma,Coronary Artery Disease,35,Medium,Age > 70; Chronic condition; Outstanding balance
24556,PAT-0024556,Maya,Konda,Female,1940-02-09,86,4,0,1,1,11,4.75,14430.75,70,1,3,0,2026-08-24 02:47:03,High,ADM-00023283,DOC-00114,Dr. Om Mangat,DEP007,Oncology,DX010,Anemia,Migraine,35,Medium,Age > 70; Chronic condition; Outstanding balance
24696,PAT-0024696,Joshua,Deol,Female,1932-04-03,93,4,0,1,1,14,6.5,5368.52,70,1,3,0,2025-07-18 16:12:48,High,ADM-00010119,DOC-00099,Dr. Eiravati Goda,DEP001,Emergency,DX009,Gastroenteritis,Asthma,35,Medium,Age > 70; Chronic condition; Outstanding balance
857,PAT-0000857,Tristan,Brahmbhatt,Female,1935-10-26,90,3,0,1,1,11,5.0,21637.23,70,1,2,0,2026-02-12 05:22:45,High,ADM-00023478,DOC-00029,Dr. Unnati Mall,DEP005,Pediatrics,DX003,Pneumonia,Migraine,35,Medium,Age > 70; Chronic condition; Outstanding balance
1539,PAT-0001539,Maya,Nagi,Female,1950-01-16,76,3,1,1,0,5,4.0,9627.06,70,1,2,0,2026-03-02 13:05:13,High,ADM-00006114,DOC-00145,Dr. Girindra Sachar,DEP009,ENT,DX003,Pneumonia,Hypertension,35,Medium,Age > 70; Chronic condition; Outstanding balance
3639,PAT-0003639,Ekaraj,Gara,Male,1953-07-06,73,3,1,0,1,12,6.0,1399.76,70,1,2,0,2026-09-16 13:57:46,High,ADM-00042044,DOC-00083,Dr. Krishna Palla,DEP001,Emergency,DX003,Pneumonia,Coronary Artery Disease,35,Medium,Age > 70; Chronic condition; Outstanding balance
5248,PAT-0005248,Vinaya,Soni,Female,1942-12-16,83,3,1,2,1,12,7.67,9741.18,70,2,1,0,2026-03-13 04:16:43,High,ADM-00007531,DOC-00037,Dr. Priya Malhotra,DEP010,Dermatology,DX004,Asthma,Coronary Artery Disease,35,Medium,Age > 70; Chronic condition; Outstanding balance
1086,PAT-0001086,Leela,Peri,Female,1935-04-29,90,2,0,1,1,14,10.0,12715.16,70,1,1,0,2025-10-19 02:34:24,High,ADM-00010126,DOC-00131,Dr. Yahvi Raja,DEP007,Oncology,DX010,Anemia,Migraine,35,Medium,Age > 70; Chronic condition; Outstanding balance
2070,PAT-0002070,Kamya,Gala,Male,1950-07-13,75,2,1,1,0,1,1.0,4928.65,70,1,1,0,2026-07-10 13:08:54,High,ADM-00036932,DOC-00112,Dr. Manan Saran,DEP010,Dermatology,DX004,Asthma,Migraine,35,Medium,Age > 70; Chronic condition; Outstanding balance
9252,PAT-0009252,Nitesh,Dara,Female,1949-11-28,74,2,0,1,1,11,7.0,5253.41,70,1,1,0,2024-11-06 07:36:52,High,ADM-00046278,DOC-00150,Dr. Kamala Bhargava,DEP002,Cardiology,DX001,Hypertension,Migraine,35,Medium,Age > 70; Chronic condition; Outstanding balance
11399,PAT-0011399,Indrajit,Raman,Female,1932-05-04,92,2,1,1,0,2,2.0,2660.08,70,1,1,0,2024-10-04 23:30:06,High,ADM-00022008,DOC-00121,Dr. Falguni Kumar,DEP004,Orthopedics,DX005,Bone Fracture,Chronic Kidney Disease,35,Medium,Age > 70; Chronic condition; Outstanding balance
15765,PAT-0015765,Abeer,Bhargava,Female,1945-04-22,79,2,1,0,2,11,8.0,0.0,70,1,1,0,2025-03-07 15:37:08,High,ADM-00043141,DOC-00112,Dr. Manan Saran,DEP010,Dermatology,DX004,Asthma,,35,Medium,Age > 70; ICU admission
21919,PAT-0021919,Aarini,Arora,Female,1949-04-04,74,2,0,1,1,12,9.0,18720.25,70,1,1,0,2023-05-01 21:45:08,High,ADM-00047883,DOC-00120,Dr. Alexander Gulati,DEP010,Dermatology,DX004,Asthma,Migraine,35,Medium,Age > 70; Chronic condition; Outstanding balance
1700,PAT-0001700,Andrew,Tata,Female,1937-06-14,89,7,3,4,1,15,5.0,10895.69,70,3,4,0,2026-09-04 17:28:10,High,ADM-00045135,DOC-00141,Dr. Janya Chawla,DEP007,Oncology,DX010,Anemia,Hypertension,30,Medium,Age > 70; Chronic condition
10366,PAT-0010366,Gautam,Wali,Female,1945-04-14,80,7,3,2,0,7,5.29,54167.17,70,2,5,0,2026-04-03 14:32:27,High,ADM-00029756,DOC-00136,Dr. Elijah Rege,DEP010,Dermatology,DX004,Asthma,Chronic Kidney Disease,30,Medium,Age > 70; Chronic condition
13067,PAT-0013067,Urvi,Mukherjee,Male,1935-05-09,89,7,2,2,2,11,5.43,130335.96,70,3,4,0,2025-02-04 15:54:04,High,ADM-00031451,DOC-00137,Dr. Rajata Arora,DEP005,Pediatrics,DX010,Anemia,Migraine,30,Medium,Age > 70; Chronic condition
23855,PAT-0023855,Udant,Parsa,Female,2006-07-30,19,6,2,4,3,11,6.0,228109.35,70,1,3,2,2026-03-02 19:28:24,High,ADM-00040756,DOC-00013,Dr. Charan Murty,DEP003,Neurology,DX006,Migraine,,30,Medium,ICU admission; Emergency admission
2114,PAT-0002114,Nicholas,Palla,Male,1930-10-17,95,5,2,2,0,6,4.0,17105.65,70,1,4,0,2026-05-11 16:23:23,High,ADM-00028421,DOC-00089,Dr. Faras Gade,DEP002,Cardiology,DX007,Coronary Artery Disease,Migraine,30,Medium,Age > 70; Chronic condition
2501,PAT-0002501,Vihaan,Doshi,Female,1951-05-24,74,5,0,2,1,12,6.0,0.0,70,1,4,0,2025-08-24 12:23:39,High,ADM-00001526,DOC-00105,Dr. Ekapad Pal,DEP002,Cardiology,DX007,Coronary Artery Disease,Migraine,30,Medium,Age > 70; Chronic condition
5138,PAT-0005138,Maanav,Kulkarni,Male,1998-08-08,27,5,1,2,2,11,6.8,27405.58,70,1,1,3,2025-11-06 08:56:27,High,ADM-00045591,DOC-00110,Dr. David Narula,DEP010,Dermatology,DX004,Asthma,,30,Medium,ICU admission; LOS > 10 days
9326,PAT-0009326,Veda,Sandhu,Male,1931-06-02,95,5,0,2,1,12,5.4,43440.78,70,1,4,0,2026-09-25 20:26:52,High,ADM-00050836,DOC-00106,Dr. Parth Muni,DEP009,ENT,DX003,Pneumonia,Chronic Kidney Disease,30,Medium,Age > 70; Chronic condition
17974,PAT-0017974,Chavvi,Shan,Male,1932-12-10,93,5,0,1,1,11,6.0,0.0,70,1,4,0,2026-04-23 03:48:27,High,ADM-00039925,DOC-00082,Dr. Dhriti Devi,DEP006,General Medicine,DX002,Type 2 Diabetes,Hypertension,30,Medium,Age > 70; Chronic condition
19021,PAT-0019021,Chakrika,Madan,Female,2016-05-05,9,5,4,3,3,14,8.6,35930.91,70,1,4,0,2026-04-10 14:17:42,High,ADM-00025233,DOC-00114,Dr. Om Mangat,DEP007,Oncology,DX010,Anemia,,30,Medium,Readmission; Outstanding balance
3592,PAT-0003592,Maanav,D’Alia,Male,1941-06-30,84,4,0,2,2,14,6.0,28271.77,70,2,2,0,2026-01-11 21:47:16,High,ADM-00030927,DOC-00140,Dr. Anya Bassi,DEP010,Dermatology,DX004,Asthma,Asthma,30,Medium,Age > 70; Chronic condition
6915,PAT-0006915,Rudra,Minhas,Male,1931-01-08,95,4,0,1,1,14,5.0,0.0,70,1,3,0,2026-06-12 00:34:46,High,ADM-00033998,DOC-00057,Dr. Bahadurjit Sane,DEP009,ENT,DX003,Pneumonia,Migraine,30,Medium,Age > 70; Chronic condition
9389,PAT-0009389,Falguni,Sridhar,Female,1943-03-24,82,4,1,2,0,7,4.75,22707.97,70,1,3,0,2026-03-01 04:34:29,High,ADM-00042423,DOC-00149,Dr. Viraj Nair,DEP006,General Medicine,DX010,Anemia,Migraine,30,Medium,Age > 70; Chronic condition
10668,PAT-0010668,Meghana,Bhat,Male,1933-03-05,91,4,1,1,1,13,6.5,140340.76,70,2,2,0,2024-09-27 20:45:01,High,ADM-00040312,DOC-00148,Dr. Yashodhara Sani,DEP002,Cardiology,DX001,Hypertension,Coronary Artery Disease,30,Medium,Age > 70; Chronic condition
10750,PAT-0010750,Vedhika,Srivastava,Female,1951-01-10,75,4,1,1,0,7,4.25,36994.65,70,1,3,0,2026-09-25 05:09:54,High,ADM-00050980,DOC-00051,Dr. Ekta Pai,DEP008,Gynecology,DX010,Anemia,Type 2 Diabetes,30,Medium,Age > 70; Chronic condition
13163,PAT-0013163,Yashica,Nigam,Male,1947-02-12,79,4,1,2,0,5,3.25,16183.65,70,1,3,0,2026-04-13 22:50:30,High,ADM-00014540,DOC-00003,Dr. Krish Jhaveri,DEP010,Dermatology,DX004,Asthma,Hypertension,30,Medium,Age > 70; Chronic condition
15854,PAT-0015854,Anusha,Dhaliwal,Female,1973-12-20,52,4,1,2,1,11,4.5,23760.22,70,1,1,2,2026-03-10 13:24:04,High,ADM-00018127,DOC-00021,Dr. Umang Vaidya,DEP002,Cardiology,DX007,Coronary Artery Disease,Hypertension,30,Medium,Chronic condition; Outstanding balance; Emergency admission
18593,PAT-0018593,Frederick,Kari,Male,1937-01-31,87,4,0,1,1,12,7.25,0.0,70,1,3,0,2024-12-28 19:06:16,High,ADM-00000045,DOC-00119,Dr. Reva Sidhu,DEP003,Neurology,DX006,Migraine,Type 2 Diabetes,30,Medium,Age > 70; Chronic condition
18650,PAT-0018650,Amruta,Khare,Male,1931-11-25,94,4,0,2,1,14,6.25,0.0,70,1,3,0,2026-05-03 19:56:04,High,ADM-00025330,DOC-00064,Dr. Amol Gera,DEP008,Gynecology,DX010,Anemia,Type 2 Diabetes,30,Medium,Age > 70; Chronic condition
18909,PAT-0018909,Yashica,Kaur,Female,1950-07-20,75,4,1,2,0,4,2.5,7758.97,70,1,3,0,2026-03-24 21:42:42,High,ADM-00043783,DOC-00057,Dr. Bahadurjit Sane,DEP009,ENT,DX003,Pneumonia,Coronary Artery Disease,30,Medium,Age > 70; Chronic condition
20250,PAT-0020250,Ethan,Grewal,Male,1938-08-04,87,4,1,2,1,11,5.5,2993.23,70,2,2,0,2026-07-22 00:31:45,High,ADM-00013363,DOC-00099,Dr. Eiravati Goda,DEP001,Emergency,DX009,Gastroenteritis,Migraine,30,Medium,Age > 70; Chronic condition
20331,PAT-0020331,Manbir,Kakar,Female,1946-08-31,80,4,2,2,0,7,3.25,8173.34,70,1,3,0,2026-09-25 09:43:23,High,ADM-00050197,DOC-00084,Dr. Warhi Raja,DEP004,Orthopedics,DX005,Bone Fracture,Asthma,30,Medium,Age > 70; Chronic condition
21365,PAT-0021365,Anita,Baral,Female,1934-07-14,92,4,1,2,0,6,4.25,15180.78,70,1,3,0,2026-07-17 10:54:42,High,ADM-00024910,DOC-00037,Dr. Priya Malhotra,DEP010,Dermatology,DX004,Asthma,Hypertension,30,Medium,Age > 70; Chronic condition
21956,PAT-0021956,Qabil,Mukhopadhyay,Male,1936-08-09,90,4,1,1,0,7,4.0,59875.28,70,1,3,0,2026-08-26 13:00:28,High,ADM-00037193,DOC-00049,Dr. Anjali Patla,DEP004,Orthopedics,DX005,Bone Fracture,Migraine,30,Medium,Age > 70; Chronic condition
2317,PAT-0002317,Netra,Contractor,Female,1937-05-22,87,3,0,1,1,12,7.0,0.0,70,1,2,0,2024-10-12 17:49:13,High,ADM-00036672,DOC-00142,Dr. Yug Bali,DEP005,Pediatrics,DX004,Asthma,Migraine,30,Medium,Age > 70; Chronic condition
5060,PAT-0005060,Turvi,Sundaram,Male,1953-12-16,72,3,0,2,1,14,8.0,0.0,70,1,2,0,2026-02-22 03:55:18,High,ADM-00045284,DOC-00007,Dr. Lajita Bora,DEP010,Dermatology,DX004,Asthma,Type 2 Diabetes,30,Medium,Age > 70; Chronic condition
12287,PAT-0012287,Tripti,Kata,Male,1942-08-09,83,3,1,1,1,13,7.0,0.0,70,1,2,0,2025-12-31 13:23:23,High,ADM-00014020,DOC-00007,Dr. Lajita Bora,DEP010,Dermatology,DX004,Asthma,Hypertension,30,Medium,Age > 70; Chronic condition
16491,PAT-0016491,Saanvi,Saran,Female,1941-11-30,83,3,1,2,0,7,4.0,8309.85,70,1,2,0,2025-09-14 05:54:50,High,ADM-00042621,DOC-00043,Dr. Zehaan Guha,DEP005,Pediatrics,DX003,Pneumonia,Migraine,30,Medium,Age > 70; Chronic condition
17533,PAT-0017533,Hemal,Bala,Female,2013-05-26,12,3,2,1,1,14,6.67,25931.88,70,1,1,1,2025-11-01 02:06:02,High,ADM-00022576,DOC-00101,Dr. Janya Biswas,DEP005,Pediatrics,DX004,Asthma,,30,Medium,Readmission; Outstanding balance
17990,PAT-0017990,Warda,Mander,Female,1945-06-11,78,3,0,1,1,13,7.0,0.0,70,1,2,0,2024-05-28 06:30:00,High,ADM-00035086,DOC-00006,Dr. Arin Tailor,DEP001,Emergency,DX005,Bone Fracture,Asthma,30,Medium,Age > 70; Chronic condition
19833,PAT-0019833,Vedant,Brahmbhatt,Male,1945-03-10,80,3,0,2,2,13,9.0,0.0,70,2,1,0,2025-12-05 14:10:42,High,ADM-00044950,DOC-00108,Dr. Devansh Devan,DEP005,Pediatrics,DX004,Asthma,Chronic Kidney Disease,30,Medium,Age > 70; Chronic condition
22476,PAT-0022476,Elijah,Natt,Female,1950-08-17,75,3,1,2,1,14,6.33,0.0,70,2,1,0,2026-07-15 17:27:12,High,ADM-00009919,DOC-00124,Dr. Krishna Modi,DEP007,Oncology,DX010,Anemia,Type 2 Diabetes,30,Medium,Age > 70; Chronic condition
22925,PAT-0022925,Yagnesh,Vig,Female,1947-03-21,78,3,0,1,1,13,8.33,0.0,70,1,2,0,2025-04-29 16:03:17,High,ADM-00046080,DOC-00078,Dr. Yatan Balay,DEP006,General Medicine,DX002,Type 2 Diabetes,Type 2 Diabetes,30,Medium,Age > 70; Chronic condition
1764,PAT-0001764,Ubika,Dewan,Female,1987-09-21,38,2,1,2,1,8,5.0,6645.54,70,1,1,0,2026-06-29 03:05:54,High,ADM-00039557,DOC-00143,Dr. Ranbir Sarma,DEP003,Neurology,DX006,Migraine,Hypertension,30,Medium,Chronic condition; Outstanding balance; Emergency admission
2670,PAT-0002670,Ati,Vasa,Female,1953-01-15,71,2,1,0,1,12,6.5,0.0,70,1,1,0,2025-01-03 11:37:13,High,ADM-00042804,DOC-00022,Dr. Kritika Khurana,DEP009,ENT,DX003,Pneumonia,Coronary Artery Disease,30,Medium,Age > 70; Chronic condition
11239,PAT-0011239,Maya,Bala,Male,1945-06-30,80,2,0,1,1,13,9.5,0.0,70,1,1,0,2026-06-18 08:19:07,High,ADM-00031642,DOC-00124,Dr. Krishna Modi,DEP007,Oncology,DX010,Anemia,Migraine,30,Medium,Age > 70; Chronic condition
13637,PAT-0013637,Jonathan,Dara,Male,1936-11-22,89,2,0,1,1,12,7.5,0.0,70,1,1,0,2026-03-30 04:18:45,High,ADM-00005218,DOC-00150,Dr. Kamala Bhargava,DEP002,Cardiology,DX001,Hypertension,Chronic Kidney Disease,30,Medium,Age > 70; Chronic condition
17784,PAT-0017784,Utkarsh,Padmanabhan,Female,1997-10-14,28,2,1,2,1,6,5.0,3134.52,70,1,1,0,2025-11-10 10:16:42,High,ADM-00020869,DOC-00047,Dr. Zaid Vohra,DEP007,Oncology,DX010,Anemia,Migraine,30,Medium,Chronic condition; Outstanding balance; Emergency admission
19226,PAT-0019226,Samesh,Maharaj,Female,1937-12-16,87,2,1,1,0,7,4.5,3929.23,70,1,1,0,2025-02-19 12:37:40,High,ADM-00029388,DOC-00084,Dr. Warhi Raja,DEP004,Orthopedics,DX005,Bone Fracture,Migraine,30,Medium,Age > 70; Chronic condition
22037,PAT-0022037,Parth,Apte,Female,1964-10-18,61,2,1,2,1,7,5.0,19737.53,70,1,1,0,2026-04-07 17:30:08,High,ADM-00020206,DOC-00083,Dr. Krishna Palla,DEP001,Emergency,DX009,Gastroenteritis,Asthma,30,Medium,Chronic condition; Outstanding balance; Emergency admission
116,PAT-0000116,Anusha,Kaul,Female,1993-08-15,31,5,2,2,1,5,3.8,18382.2,70,1,1,3,2025-07-28 08:38:31,High,ADM-00011033,DOC-00050,Dr. Nathaniel Shan,DEP006,General Medicine,DX010,Anemia,Type 2 Diabetes,25,Low,Chronic condition; Emergency admission
5621,PAT-0005621,Benjamin,Hayer,Female,2016-09-16,8,4,1,3,1,6,4.75,0.0,70,1,0,3,2025-03-03 21:46:35,High,ADM-00022372,DOC-00101,Dr. Janya Biswas,DEP005,Pediatrics,DX010,Anemia,Asthma,25,Low,Chronic condition; Emergency admission
19083,PAT-0019083,Warhi,Natt,Male,1947-06-29,76,3,2,1,1,11,5.0,0.0,70,1,1,1,2023-12-27 02:00:04,High,ADM-00010037,DOC-00094,Dr. Hemang Thaman,DEP004,Orthopedics,DX005,Bone Fracture,,25,Low,Age > 70; Emergency admission
22317,PAT-0022317,Vincent,Wagle,Male,1937-11-04,88,3,2,2,1,13,5.67,1314.59,70,1,1,1,2026-09-22 17:44:26,High,ADM-00047461,DOC-00148,Dr. Yashodhara Sani,DEP002,Cardiology,DX001,Hypertension,,25,Low,Age > 70; Emergency admission
22467,PAT-0022467,Indali,Mohanty,Male,2020-02-25,5,3,3,1,1,12,8.33,13597.97,70,1,0,2,2025-06-06 02:13:13,High,ADM-00008965,DOC-00037,Dr. Priya Malhotra,DEP010,Dermatology,DX004,Asthma,,25,Low,Readmission
8977,PAT-0008977,Advaith,Chopra,Female,1972-08-22,54,2,1,2,1,9,6.0,0.0,70,1,0,1,2026-09-26 02:14:15,High,ADM-00051293,DOC-00043,Dr. Zehaan Guha,DEP005,Pediatrics,DX003,Pneumonia,Coronary Artery Disease,25,Low,Chronic condition; Emergency admission
9891,PAT-0009891,Balvan,Walia,Male,2010-11-12,14,2,1,2,1,10,6.0,0.0,70,1,0,1,2025-04-16 10:43:47,High,ADM-00000822,DOC-00101,Dr. Janya Biswas,DEP005,Pediatrics,DX003,Pneumonia,Hypertension,25,Low,Chronic condition; Emergency admission
11259,PAT-0011259,Yachana,Kota,Female,1950-12-11,74,2,1,1,1,11,8.5,0.0,70,1,0,1,2025-08-28 03:53:00,High,ADM-00001001,DOC-00117,Dr. Vrishti Bedi,DEP007,Oncology,DX010,Anemia,,25,Low,Age > 70; Emergency admission
20456,PAT-0020456,Deepa,Merchant,Female,2010-05-28,13,2,1,2,1,5,5.0,0.0,70,1,0,1,2023-09-19 18:41:40,High,ADM-00030268,DOC-00091,Dr. Dev Sangha,DEP006,General Medicine,DX002,Type 2 Diabetes,Chronic Kidney Disease,25,Low,Chronic condition; Emergency admission
11395,PAT-0011395,Victor,Ranganathan,Female,1968-02-04,58,4,1,2,1,9,6.75,13349.48,70,1,1,2,2026-08-07 16:31:22,High,ADM-00025191,DOC-00129,Dr. Sneha Mahal,DEP008,Gynecology,DX010,Anemia,Asthma,20,Low,Chronic condition; Outstanding balance
12385,PAT-0012385,Samaksh,Gokhale,Female,2007-03-05,19,4,1,2,3,13,6.5,50498.16,70,1,1,2,2026-09-25 06:24:50,High,ADM-00050209,DOC-00101,Dr. Janya Biswas,DEP005,Pediatrics,DX003,Pneumonia,,20,Low,ICU admission
18416,PAT-0018416,Varsha,Soman,Female,1988-12-26,37,4,2,0,1,11,6.0,1193.94,70,1,1,2,2026-09-18 15:17:34,High,ADM-00045883,DOC-00083,Dr. Krishna Palla,DEP001,Emergency,DX005,Bone Fracture,Migraine,20,Low,Chronic condition; Outstanding balance
19684,PAT-0019684,Odika,Khare,Female,1958-06-22,68,4,2,0,1,13,5.5,1103.3,70,1,1,2,2026-07-25 21:23:54,High,ADM-00039735,DOC-00103,Dr. Jasmit Krishnan,DEP002,Cardiology,DX007,Coronary Artery Disease,Type 2 Diabetes,20,Low,Chronic condition; Outstanding balance
22738,PAT-0022738,Samar,Sachdeva,Female,1969-11-06,54,4,1,2,1,9,6.5,2806.61,70,1,0,3,2024-08-17 13:26:56,High,ADM-00035338,DOC-00064,Dr. Amol Gera,DEP008,Gynecology,DX010,Anemia,Migraine,20,Low,Chronic condition; Outstanding balance
19550,PAT-0019550,Tamanna,Buch,Male,1971-01-24,55,3,1,0,1,11,7.33,9947.76,70,1,0,2,2026-05-16 21:21:43,High,ADM-00002691,DOC-00061,Dr. Michael Rastogi,DEP010,Dermatology,DX004,Asthma,Hypertension,20,Low,Chronic condition; Outstanding balance
2619,PAT-0002619,William,Brahmbhatt,Male,1956-10-29,67,2,1,1,1,7,5.5,10937.95,70,1,0,1,2024-03-23 20:20:49,High,ADM-00032031,DOC-00082,Dr. Dhriti Devi,DEP006,General Medicine,DX010,Anemia,Chronic Kidney Disease,20,Low,Chronic condition; Outstanding balance
2675,PAT-0002675,Advay,De,Male,1967-05-20,56,2,1,1,1,7,7.0,17039.49,70,1,0,1,2024-04-21 03:30:29,High,ADM-00024308,DOC-00111,Dr. David Tak,DEP009,ENT,DX003,Pneumonia,Asthma,20,Low,Chronic condition; Outstanding balance
23440,PAT-0023440,Oliver,Swaminathan,Male,1983-09-12,42,2,1,0,1,13,7.5,6670.08,70,1,0,1,2026-08-22 18:57:17,High,ADM-00033461,DOC-00007,Dr. Lajita Bora,DEP010,Dermatology,DX004,Asthma,Type 2 Diabetes,20,Low,Chronic condition; Outstanding balance
3807,PAT-0003807,Anika,Thakur,Female,1958-12-20,67,7,2,2,1,6,2.86,9828.71,70,1,1,5,2026-02-14 08:57:08,High,ADM-00027182,DOC-00074,Dr. Zilmil Aggarwal,DEP007,Oncology,DX010,Anemia,Coronary Artery Disease,15,Low,Chronic condition
591,PAT-0000591,Siya,Ratta,Female,1998-01-04,27,6,3,2,2,10,4.67,7415.66,70,1,3,2,2025-12-17 02:18:29,High,ADM-00018581,DOC-00108,Dr. Devansh Devan,DEP005,Pediatrics,DX010,Anemia,Type 2 Diabetes,15,Low,Chronic condition
7829,PAT-0007829,Sneha,Panchal,Male,1949-04-29,77,5,2,1,1,9,3.6,0.0,70,1,1,3,2026-06-23 13:56:59,High,ADM-00028736,DOC-00062,Dr. Raghav Sampath,DEP003,Neurology,DX006,Migraine,,15,Low,Age > 70
14510,PAT-0014510,Charita,Sheth,Male,1975-12-22,49,5,1,1,1,12,5.4,16473.19,70,1,1,3,2025-11-04 00:59:30,High,ADM-00047178,DOC-00039,Dr. Jalsa Choudhry,DEP002,Cardiology,DX007,Coronary Artery Disease,Asthma,15,Low,Chronic condition
18286,PAT-0018286,Rachita,Kade,Male,1955-06-24,70,5,2,2,1,8,4.8,2184.83,70,1,1,3,2025-10-10 02:36:08,High,ADM-00012441,DOC-00109,Dr. Jagat Divan,DEP003,Neurology,DX006,Migraine,Type 2 Diabetes,15,Low,Chronic condition
20167,PAT-0020167,Chavvi,Ram,Male,1957-04-28,69,5,1,2,3,11,6.4,43663.96,70,1,2,2,2026-06-26 16:04:52,High,ADM-00021919,DOC-00053,Dr. Gauri Rajan,DEP002,Cardiology,DX007,Coronary Artery Disease,Hypertension,15,Low,Chronic condition
294,PAT-0000294,Chanchal,Mandal,Male,1982-05-10,43,4,2,3,1,13,5.25,107557.54,70,1,0,3,2026-04-13 14:00:45,High,ADM-00019873,DOC-00040,Dr. Triya Sem,DEP009,ENT,DX003,Pneumonia,,15,Low,Outstanding balance; Emergency admission
694,PAT-0000694,Reyansh,Karpe,Female,1980-02-29,46,4,1,3,3,9,5.5,14049.84,70,1,2,1,2026-06-11 18:24:08,High,ADM-00048542,DOC-00067,Dr. Ijaya Zachariah,DEP008,Gynecology,DX010,Anemia,Asthma,15,Low,Chronic condition
2051,PAT-0002051,Omya,Nayar,Female,1945-07-07,80,4,2,1,1,7,4.5,3011.26,70,1,1,2,2025-08-26 14:08:58,High,ADM-00037149,DOC-00091,Dr. Dev Sangha,DEP006,General Medicine,DX001,Hypertension,,15,Low,Age > 70
5942,PAT-0005942,Kala,Bir,Male,1967-11-08,58,4,2,1,1,7,5.5,0.0,70,1,1,2,2026-05-24 16:34:09,High,ADM-00041305,DOC-00090,Dr. Lohit Upadhyay,DEP007,Oncology,DX010,Anemia,Asthma,15,Low,Chronic condition
6759,PAT-0006759,Jeremiah,Anne,Female,1956-06-17,70,4,2,0,1,11,6.5,5028.62,70,1,1,2,2026-09-14 20:53:04,High,ADM-00005202,DOC-00008,Dr. Qadim Suresh,DEP002,Cardiology,DX001,Hypertension,Migraine,15,Low,Chronic condition
7658,PAT-0007658,Jonathan,Chad,Male,1962-04-11,64,4,2,1,1,9,4.75,0.0,70,1,1,2,2026-06-22 13:53:21,High,ADM-00012038,DOC-00013,Dr. Charan Murty,DEP003,Neurology,DX006,Migraine,Migraine,15,Low,Chronic condition
10596,PAT-0010596,Bhavini,Shenoy,Male,1960-01-19,65,4,2,1,2,13,8.25,0.0,70,1,2,1,2025-10-14 04:51:36,High,ADM-00017450,DOC-00075,Dr. Theodore Kannan,DEP007,Oncology,DX010,Anemia,Type 2 Diabetes,15,Low,Chronic condition
14562,PAT-0014562,Tanvi,Handa,Female,1936-12-04,88,4,1,0,2,13,8.25,0.0,70,1,1,2,2025-09-17 22:37:06,High,ADM-00048593,DOC-00108,Dr. Devansh Devan,DEP005,Pediatrics,DX003,Pneumonia,,15,Low,Age > 70
15007,PAT-0015007,Oviya,Bhatti,Male,1950-12-17,75,4,2,1,1,9,4.75,4031.55,70,1,1,2,2026-06-18 05:58:32,High,ADM-00000457,DOC-00010,Dr. Laban Kala,DEP009,ENT,DX003,Pneumonia,,15,Low,Age > 70
16987,PAT-0016987,Bhavya,Dass,Female,1985-07-03,40,4,2,1,1,13,7.0,14595.79,70,1,2,1,2025-10-07 20:22:20,High,ADM-00022278,DOC-00051,Dr. Ekta Pai,DEP008,Gynecology,DX010,Anemia,Migraine,15,Low,Chronic condition
23924,PAT-0023924,Owen,Goyal,Male,1934-04-10,91,4,1,1,1,7,3.75,3094.48,70,1,0,3,2026-03-31 18:43:26,High,ADM-00005888,DOC-00133,Dr. Vritti Cheema,DEP002,Cardiology,DX007,Coronary Artery Disease,,15,Low,Age > 70
4550,PAT-0004550,Kalpit,Rama,Male,1972-12-04,53,3,1,1,1,6,2.67,0.0,70,1,0,2,2026-09-25 10:45:42,High,ADM-00050224,DOC-00097,Dr. Nisha Dhillon,DEP008,Gynecology,DX010,Anemia,Chronic Kidney Disease,15,Low,Chronic condition
5902,PAT-0005902,Edhitha,Basu,Female,1994-12-27,31,3,1,2,2,8,6.67,35769.6,70,1,1,1,2026-02-24 18:11:06,High,ADM-00007610,DOC-00135,Dr. Charles Bajaj,DEP007,Oncology,DX010,Anemia,Chronic Kidney Disease,15,Low,Chronic condition
6387,PAT-0006387,Tara,Mannan,Male,1962-09-20,64,3,2,0,1,12,8.0,0.0,70,1,1,1,2026-09-24 07:20:18,High,ADM-00050755,DOC-00107,Dr. Kavya Chaudhry,DEP001,Emergency,DX005,Bone Fracture,Asthma,15,Low,Chronic condition
8946,PAT-0008946,Daksha,Yohannan,Female,1955-12-22,70,3,1,2,1,10,6.0,0.0,70,1,0,2,2026-03-29 01:05:42,High,ADM-00007798,DOC-00115,Dr. Ayushman Roy,DEP002,Cardiology,DX001,Hypertension,Hypertension,15,Low,Chronic condition
13453,PAT-0013453,Jasmit,More,Female,1946-01-26,80,3,1,1,1,7,6.0,0.0,70,1,0,2,2026-09-26 12:36:02,High,ADM-00051095,DOC-00043,Dr. Zehaan Guha,DEP005,Pediatrics,DX010,Anemia,,15,Low,Age > 70
15904,PAT-0015904,Netra,Warrior,Male,1990-03-30,36,3,1,1,1,8,5.33,0.0,70,1,0,2,2026-07-30 20:42:26,High,ADM-00005196,DOC-00147,Dr. Samarth Nayar,DEP004,Orthopedics,DX005,Bone Fracture,Migraine,15,Low,Chronic condition
18104,PAT-0018104,Falak,Seshadri,Male,1964-11-07,61,3,1,2,1,8,6.0,0.0,70,1,0,2,2025-12-26 10:59:09,High,ADM-00012514,DOC-00031,Dr. Nathan Iyengar,DEP004,Orthopedics,DX005,Bone Fracture,Hypertension,15,Low,Chronic condition
18404,PAT-0018404,Bhavya,Chacko,Female,1993-07-29,33,3,1,0,1,14,5.0,5236.38,70,1,0,2,2026-09-25 18:06:59,High,ADM-00050200,DOC-00135,Dr. Charles Bajaj,DEP007,Oncology,DX010,Anemia,Hypertension,15,Low,Chronic condition
20176,PAT-0020176,Dhruv,Trivedi,Female,1996-12-22,26,3,1,2,1,8,6.33,24539.59,70,1,1,1,2023-07-04 05:23:26,High,ADM-00003841,DOC-00079,Dr. Warinder Sarin,DEP008,Gynecology,DX010,Anemia,Migraine,15,Low,Chronic condition
22563,PAT-0022563,Aishani,Saxena,Female,2006-03-16,20,3,1,1,1,9,5.67,34284.6,70,1,0,2,2026-05-17 12:30:32,High,ADM-00027577,DOC-00139,Dr. Tamanna Chander,DEP008,Gynecology,DX010,Anemia,Asthma,15,Low,Chronic condition
23367,PAT-0023367,Kashvi,Luthra,Female,1978-09-07,46,3,1,1,1,11,6.33,0.0,70,1,0,2,2025-07-19 13:19:08,High,ADM-00025951,DOC-00057,Dr. Bahadurjit Sane,DEP009,ENT,DX003,Pneumonia,Type 2 Diabetes,15,Low,Chronic condition
4098,PAT-0004098,Anvi,Tak,Female,1958-09-30,67,2,1,1,1,7,5.0,0.0,70,1,0,1,2026-02-26 01:42:38,High,ADM-00027734,DOC-00059,Dr. Indrajit Cheema,DEP005,Pediatrics,DX003,Pneumonia,Asthma,15,Low,Chronic condition
4222,PAT-0004222,Pavani,Solanki,Male,1945-02-27,79,2,1,1,1,9,7.5,0.0,70,1,0,1,2024-06-09 07:15:24,High,ADM-00029509,DOC-00054,Dr. Abhimanyu Buch,DEP001,Emergency,DX003,Pneumonia,,15,Low,Age > 70
4737,PAT-0004737,Kamala,Bhatti,Male,1956-05-22,70,2,1,1,1,7,5.5,0.0,70,1,0,1,2026-06-07 13:18:11,High,ADM-00016473,DOC-00137,Dr. Rajata Arora,DEP005,Pediatrics,DX010,Anemia,Type 2 Diabetes,15,Low,Chronic condition
6205,PAT-0006205,Teerth,Trivedi,Female,1965-04-15,60,2,1,1,1,6,6.0,0.0,70,1,0,1,2025-11-23 04:53:01,High,ADM-00048267,DOC-00016,Dr. Pushti Bhasin,DEP009,ENT,DX003,Pneumonia,Hypertension,15,Low,Chronic condition
6502,PAT-0006502,Devika,Bawa,Female,1940-02-15,85,2,1,0,1,13,9.5,0.0,70,1,0,1,2025-02-20 10:55:56,High,ADM-00019759,DOC-00110,Dr. David Narula,DEP010,Dermatology,DX004,Asthma,,15,Low,Age > 70
8658,PAT-0008658,Edhitha,Gour,Female,1957-11-29,68,2,1,1,1,10,6.0,0.0,70,1,0,1,2026-09-26 14:53:37,High,ADM-00051125,DOC-00065,Dr. Nitara Choudhury,DEP004,Orthopedics,DX005,Bone Fracture,Hypertension,15,Low,Chronic condition
9960,PAT-0009960,Ekantika,Mishra,Male,1971-07-10,53,2,1,0,1,11,8.0,0.0,70,1,0,1,2024-08-28 04:17:09,High,ADM-00021194,DOC-00087,Dr. Zilmil Gade,DEP007,Oncology,DX010,Anemia,Coronary Artery Disease,15,Low,Chronic condition
17338,PAT-0017338,Viraj,Maharaj,Other,1945-09-01,80,2,1,0,1,12,9.0,0.0,70,1,0,1,2026-03-23 00:07:18,High,ADM-00031639,DOC-00134,Dr. Chatura Dey,DEP005,Pediatrics,DX003,Pneumonia,,15,Low,Age > 70
18119,PAT-0018119,Aarav,Sunder,Female,2012-07-23,14,2,1,1,1,10,5.5,0.0,70,1,0,1,2026-08-25 23:59:49,High,ADM-00018103,DOC-00069,Dr. David Khosla,DEP004,Orthopedics,DX005,Bone Fracture,Migraine,15,Low,Chronic condition
22555,PAT-0022555,Turvi,Lall,Male,1939-07-24,84,2,1,1,1,8,5.5,0.0,70,1,0,1,2024-06-30 01:35:39,High,ADM-00035918,DOC-00129,Dr. Sneha Mahal,DEP008,Gynecology,DX010,Anemia,,15,Low,Age > 70
5578,PAT-0005578,Vincent,Parsa,Male,1991-07-04,34,5,1,2,2,14,6.6,144025.88,70,1,0,4,2026-01-17 23:40:06,High,ADM-00000342,DOC-00034,Dr. Teerth Dewan,DEP009,ENT,DX003,Pneumonia,,10,Low,Emergency admission
10301,PAT-0010301,Harrison,Sama,Female,1982-11-28,43,5,1,3,1,11,5.8,35065.21,70,1,0,4,2026-09-14 01:57:23,High,ADM-00031898,DOC-00143,Dr. Ranbir Sarma,DEP003,Neurology,DX006,Migraine,,10,Low,Emergency admission
10325,PAT-0010325,Gaurav,Chana,Other,2019-12-08,3,2,1,2,1,11,9.0,17856.35,70,1,0,1,2023-09-09 10:55:32,High,ADM-00042014,DOC-00077,Dr. Anirudh Chaudhuri,DEP003,Neurology,DX006,Migraine,,10,Low,Emergency admission
23442,PAT-0023442,Quincy,Thakur,Male,1985-02-14,41,2,1,2,1,11,6.0,27256.09,70,1,0,1,2026-04-30 19:15:36,High,ADM-00018402,DOC-00003,Dr. Krish Jhaveri,DEP010,Dermatology,DX004,Asthma,,10,Low,Emergency admission
21837,PAT-0021837,Jyoti,Pau,Female,1968-10-25,57,5,2,2,2,14,6.4,64680.64,70,2,0,3,2026-07-14 00:18:54,High,ADM-00043595,DOC-00107,Dr. Kavya Chaudhry,DEP001,Emergency,DX009,Gastroenteritis,,5,Low,Outstanding balance
9720,PAT-0009720,Divya,Choudhary,Male,1968-07-20,57,4,1,2,1,13,6.25,274925.01,70,1,0,3,2025-08-02 05:37:17,High,ADM-00032134,DOC-00086,Dr. Rehaan Lanka,DEP001,Emergency,DX005,Bone Fracture,,5,Low,Outstanding balance
14407,PAT-0014407,Zashil,Goswami,Other,2008-06-20,17,3,1,2,1,12,6.33,47009.66,70,1,0,2,2026-02-24 09:30:06,High,ADM-00019125,DOC-00050,Dr. Nathaniel Shan,DEP006,General Medicine,DX002,Type 2 Diabetes,,5,Low,Outstanding balance
17754,PAT-0017754,Janya,Seshadri,Male,2005-03-03,21,2,1,1,1,13,7.0,228094.33,70,1,0,1,2026-09-04 02:16:30,High,ADM-00014257,DOC-00110,Dr. David Narula,DEP010,Dermatology,DX004,Asthma,,5,Low,Outstanding balance
8345,PAT-0008345,Guneet,Mannan,Male,2022-06-20,3,6,1,1,1,11,5.17,12089.65,70,1,0,5,2026-05-12 11:48:48,High,ADM-00016400,DOC-00024,Dr. Fariq Sangha,DEP001,Emergency,DX005,Bone Fracture,,0,Low,
174,PAT-0000174,Yatin,Dave,Male,1997-07-16,28,5,1,1,2,11,7.0,17602.21,70,1,0,4,2025-11-22 19:43:54,High,ADM-00045441,DOC-00086,Dr. Rehaan Lanka,DEP001,Emergency,DX005,Bone Fracture,,0,Low,
7395,PAT-0007395,Rajata,Bhalla,Male,2012-05-17,14,5,2,2,1,11,6.2,51929.38,70,1,1,3,2026-08-15 05:59:22,High,ADM-00005844,DOC-00009,Dr. Vrinda Kale,DEP006,General Medicine,DX010,Anemia,,0,Low,
13905,PAT-0013905,Abdul,Walia,Male,1963-05-14,62,5,1,1,1,12,6.4,136798.2,70,1,0,4,2026-01-23 03:53:38,High,ADM-00046813,DOC-00143,Dr. Ranbir Sarma,DEP003,Neurology,DX006,Migraine,,0,Low,
13988,PAT-0013988,Mugdha,Bobal,Female,1985-05-20,41,5,1,2,1,11,4.4,26595.51,70,1,0,4,2026-08-13 20:36:58,High,ADM-00046373,DOC-00082,Dr. Dhriti Devi,DEP006,General Medicine,DX003,Pneumonia,,0,Low,
8151,PAT-0008151,Unni,Lal,Female,2012-02-09,14,4,3,2,1,15,8.0,34438.72,70,1,2,1,2026-09-26 08:12:02,High,ADM-00051200,DOC-00013,Dr. Charan Murty,DEP003,Neurology,DX006,Migraine,,0,Low,
24132,PAT-0024132,Harish,Bora,Male,2013-08-29,13,4,1,1,1,12,4.25,74083.1,70,1,0,3,2026-09-24 22:52:39,High,ADM-00050468,DOC-00018,Dr. Dalaja Pant,DEP009,ENT,DX003,Pneumonia,,0,Low,
8696,PAT-0008696,Harinakshi,Ghose,Female,1993-03-05,31,3,1,2,1,11,5.33,77740.95,70,1,0,2,2024-09-07 07:20:46,High,ADM-00040172,DOC-00053,Dr. Gauri Rajan,DEP002,Cardiology,DX007,Coronary Artery Disease,,0,Low,
15756,PAT-0015756,Wazir,Choudhry,Female,1978-07-13,47,3,1,1,1,13,8.0,37184.49,70,1,0,2,2026-01-20 20:34:48,High,ADM-00042379,DOC-00111,Dr. David Tak,DEP009,ENT,DX003,Pneumonia,,0,Low,
16759,PAT-0016759,Ekaja,Lad,Male,1969-11-13,53,3,1,1,1,12,6.33,214664.1,70,1,0,2,2023-10-23 20:08:02,High,ADM-00044004,DOC-00036,Dr. Nachiket Pandit,DEP002,Cardiology,DX007,Coronary Artery Disease,,0,Low,
11797,PAT-0011797,Chandran,Prashad,Female,1933-11-14,92,6,0,1,2,13,5.5,72321.84,65,1,5,0,2026-03-14 07:26:56,High,ADM-00045865,DOC-00077,Dr. Anirudh Chaudhuri,DEP003,Neurology,DX006,Migraine,Asthma,65,High,Age > 70; Chronic condition; ICU admission; LOS > 10 days; Outstanding balance
7241,PAT-0007241,Nakul,Menon,Male,2008-08-25,17,5,2,0,1,5,2.8,20127.44,65,1,1,3,2025-11-21 15:08:14,High,ADM-00007144,DOC-00136,Dr. Elijah Rege,DEP010,Dermatology,DX004,Asthma,Hypertension,65,High,Readmission; Chronic condition; ICU admission; Outstanding balance
14266,PAT-0014266,Gagan,Mahal,Male,1973-06-03,52,5,2,1,3,7,5.4,9235.05,65,2,1,2,2026-02-20 20:08:20,High,ADM-00048411,DOC-00009,Dr. Vrinda Kale,DEP006,General Medicine,DX001,Hypertension,Coronary Artery Disease,65,High,Readmission; Chronic condition; ICU admission; Outstanding balance
15318,PAT-0015318,Balveer,Mane,Male,1939-01-10,85,5,2,1,0,7,4.4,2617.3,65,1,4,0,2024-02-02 13:45:21,High,ADM-00002380,DOC-00112,Dr. Manan Saran,DEP010,Dermatology,DX004,Asthma,Chronic Kidney Disease,65,High,Readmission; Age > 70; Chronic condition; Emergency admission
16003,PAT-0016003,Urishilla,Chaudhry,Male,1950-12-05,75,5,4,2,1,7,6.0,79206.23,65,1,3,1,2026-06-01 19:16:38,High,ADM-00018438,DOC-00062,Dr. Raghav Sampath,DEP003,Neurology,DX006,Migraine,,65,High,Readmission; Age > 70; ICU admission; Outstanding balance
17523,PAT-0017523,Ansh,Suri,Male,1992-04-02,33,5,2,2,1,11,6.6,40026.16,65,1,1,3,2025-09-11 21:30:03,High,ADM-00027703,DOC-00116,Dr. Michael Pandya,DEP007,Oncology,DX010,Anemia,,65,High,Readmission; ICU admission; LOS > 10 days; Emergency admission
144,PAT-0000144,Tanish,Gill,Other,1965-09-20,60,4,1,2,1,12,5.0,0.0,65,1,0,3,2026-06-14 10:37:45,High,ADM-00010924,DOC-00028,Dr. Samesh Arora,DEP006,General Medicine,DX001,Hypertension,,65,High,Readmission; ICU admission; LOS > 10 days; Emergency admission
2626,PAT-0002626,Reva,Yadav,Male,1938-06-18,87,4,3,2,0,7,5.5,0.0,65,2,2,0,2026-02-28 13:53:12,High,ADM-00014126,DOC-00062,Dr. Raghav Sampath,DEP003,Neurology,DX006,Migraine,Hypertension,65,High,Readmission; Age > 70; Chronic condition; Emergency admission
3496,PAT-0003496,Shivani,Sampath,Female,1955-06-20,70,4,1,3,1,12,6.25,0.0,65,1,0,3,2026-04-15 12:49:51,High,ADM-00025650,DOC-00021,Dr. Umang Vaidya,DEP002,Cardiology,DX007,Coronary Artery Disease,,65,High,Readmission; ICU admission; LOS > 10 days; Emergency admission
11028,PAT-0011028,Niharika,Sami,Female,2012-07-28,13,4,1,2,1,12,7.25,0.0,65,1,0,3,2026-01-08 19:06:43,High,ADM-00011970,DOC-00050,Dr. Nathaniel Shan,DEP006,General Medicine,DX003,Pneumonia,,65,High,Readmission; ICU admission; LOS > 10 days; Emergency admission
11537,PAT-0011537,Faris,Chaudry,Female,1935-12-14,90,4,3,3,0,4,2.0,2221.52,65,2,2,0,2026-08-11 22:25:44,High,ADM-00018235,DOC-00083,Dr. Krishna Palla,DEP001,Emergency,DX009,Gastroenteritis,Type 2 Diabetes,65,High,Readmission; Age > 70; Chronic condition; Emergency admission
11828,PAT-0011828,Teerth,Kibe,Female,1945-11-10,80,4,1,3,1,13,7.5,5671.68,65,2,2,0,2025-12-12 21:12:50,High,ADM-00013661,DOC-00088,Dr. Girindra Varty,DEP009,ENT,DX003,Pneumonia,Migraine,65,High,Readmission; Age > 70; Chronic condition; Emergency admission
12163,PAT-0012163,Bakhshi,Rastogi,Female,1974-05-22,51,4,2,1,2,13,8.25,0.0,65,1,1,2,2026-04-06 17:00:05,High,ADM-00047029,DOC-00049,Dr. Anjali Patla,DEP004,Orthopedics,DX005,Bone Fracture,,65,High,Readmission; ICU admission; LOS > 10 days; Emergency admission
13101,PAT-0013101,Balhaar,Choudhary,Male,1950-12-12,75,4,2,2,0,4,2.75,0.0,65,2,2,0,2026-06-08 11:25:15,High,ADM-00046530,DOC-00068,Dr. Aarnav Barman,DEP009,ENT,DX003,Pneumonia,Hypertension,65,High,Readmission; Age > 70; Chronic condition; Emergency admission
13216,PAT-0013216,Oviya,Mody,Female,1960-09-02,64,4,1,0,1,10,5.5,49870.48,65,1,0,3,2025-07-23 02:07:48,High,ADM-00049790,DOC-00073,Dr. Warjas Singhal,DEP001,Emergency,DX009,Gastroenteritis,Chronic Kidney Disease,65,High,Readmission; Chronic condition; ICU admission; Outstanding balance
18147,PAT-0018147,Gopal,Sachar,Female,1935-06-07,90,4,3,1,0,7,4.25,0.0,65,1,3,0,2025-08-10 06:49:11,High,ADM-00021146,DOC-00059,Dr. Indrajit Cheema,DEP005,Pediatrics,DX004,Asthma,Coronary Artery Disease,65,High,Readmission; Age > 70; Chronic condition; Emergency admission
19159,PAT-0019159,Bhavya,Narasimhan,Male,1953-08-05,72,4,1,2,1,7,4.25,19355.81,65,1,1,2,2026-07-14 17:06:04,High,ADM-00019938,DOC-00140,Dr. Anya Bassi,DEP010,Dermatology,DX004,Asthma,Type 2 Diabetes,65,High,Readmission; Age > 70; Chronic condition; Emergency admission
19583,PAT-0019583,Bahadurjit,Bala,Male,1933-11-14,92,4,1,3,1,10,5.25,7830.76,65,2,2,0,2026-09-25 06:54:18,High,ADM-00050879,DOC-00063,Dr. Vinaya Amble,DEP004,Orthopedics,DX005,Bone Fracture,Migraine,65,High,Readmission; Age > 70; Chronic condition; Emergency admission
20652,PAT-0020652,Vivaan,Lad,Female,1953-12-13,71,4,1,2,1,9,5.0,145379.33,65,1,1,2,2025-08-01 12:16:52,High,ADM-00005733,DOC-00072,Dr. Inaya Warrior,DEP007,Oncology,DX010,Anemia,Coronary Artery Disease,65,High,Readmission; Age > 70; Chronic condition; Emergency admission
20668,PAT-0020668,Akshay,Dewan,Female,1932-04-08,94,4,0,2,2,8,6.75,127815.19,65,1,3,0,2026-08-24 14:40:54,High,ADM-00002404,DOC-00008,Dr. Qadim Suresh,DEP002,Cardiology,DX007,Coronary Artery Disease,Asthma,65,High,Age > 70; Chronic condition; ICU admission; Outstanding balance; Emergency admission
20844,PAT-0020844,Jhalak,Comar,Male,1999-06-03,25,4,2,2,1,9,5.5,209321.7,65,1,1,2,2024-07-12 05:30:52,High,ADM-00038597,DOC-00004,Dr. Yauvani Devan,DEP005,Pediatrics,DX003,Pneumonia,Asthma,65,High,Readmission; Chronic condition; ICU admission; Outstanding balance
21140,PAT-0021140,Advik,Kapoor,Male,1937-10-15,88,4,1,1,0,3,2.0,10539.27,65,1,3,0,2026-08-12 10:03:30,High,ADM-00031621,DOC-00044,Dr. Chaitaly Reddy,DEP001,Emergency,DX009,Gastroenteritis,Type 2 Diabetes,65,High,Readmission; Age > 70; Chronic condition; Emergency admission
24401,PAT-0024401,Wriddhish,Varkey,Female,1949-05-18,76,4,2,2,0,5,2.75,0.0,65,2,2,0,2025-09-24 23:46:56,High,ADM-00015924,DOC-00110,Dr. David Narula,DEP010,Dermatology,DX004,Asthma,Type 2 Diabetes,65,High,Readmission; Age > 70; Chronic condition; Emergency admission
454,PAT-0000454,Manya,Datta,Male,1939-07-06,86,3,0,1,2,12,6.67,13908.07,65,2,1,0,2026-05-26 10:49:56,High,ADM-00014836,DOC-00120,Dr. Alexander Gulati,DEP010,Dermatology,DX004,Asthma,Migraine,65,High,Age > 70; Chronic condition; ICU admission; Outstanding balance; Emergency admission
688,PAT-0000688,Alexander,Padmanabhan,Female,1946-05-26,80,3,3,3,0,5,2.33,0.0,65,3,0,0,2026-09-25 13:22:36,High,ADM-00050972,DOC-00049,Dr. Anjali Patla,DEP004,Orthopedics,DX005,Bone Fracture,Asthma,65,High,Readmission; Age > 70; Chronic condition; Emergency admission
974,PAT-0000974,Watika,Sawhney,Male,1941-09-05,84,3,1,2,0,7,6.33,0.0,65,1,2,0,2025-10-08 21:27:33,High,ADM-00018587,DOC-00059,Dr. Indrajit Cheema,DEP005,Pediatrics,DX004,Asthma,Hypertension,65,High,Readmission; Age > 70; Chronic condition; Emergency admission
1059,PAT-0001059,Dalbir,Chaudhry,Male,1948-04-20,77,3,1,3,0,6,3.67,53042.32,65,1,2,0,2025-07-24 21:05:03,High,ADM-00017451,DOC-00009,Dr. Vrinda Kale,DEP006,General Medicine,DX009,Gastroenteritis,Coronary Artery Disease,65,High,Readmission; Age > 70; Chronic condition; Emergency admission
2437,PAT-0002437,Saksham,Venkatesh,Female,1932-08-31,93,3,0,1,1,15,9.0,55447.97,65,1,2,0,2025-11-22 04:13:28,High,ADM-00031403,DOC-00058,Dr. Jackson Jhaveri,DEP002,Cardiology,DX007,Coronary Artery Disease,Asthma,65,High,Age > 70; Chronic condition; ICU admission; LOS > 10 days; Outstanding balance
2911,PAT-0002911,Indrajit,Bhargava,Male,1947-02-05,79,3,1,1,0,7,3.67,0.0,65,1,2,0,2026-06-14 02:06:38,High,ADM-00022386,DOC-00029,Dr. Unnati Mall,DEP005,Pediatrics,DX010,Anemia,Hypertension,65,High,Readmission; Age > 70; Chronic condition; Emergency admission
3780,PAT-0003780,Ekani,Bose,Male,1931-05-08,93,3,0,1,1,12,5.67,114141.52,65,1,2,0,2024-07-05 22:37:49,High,ADM-00013561,DOC-00058,Dr. Jackson Jhaveri,DEP002,Cardiology,DX007,Coronary Artery Disease,Coronary Artery Disease,65,High,Age > 70; Chronic condition; ICU admission; LOS > 10 days; Outstanding balance
3864,PAT-0003864,Utkarsh,Khare,Female,1950-05-11,75,3,0,1,1,7,3.0,44717.15,65,1,2,0,2025-10-10 11:45:04,High,ADM-00028226,DOC-00115,Dr. Ayushman Roy,DEP002,Cardiology,DX001,Hypertension,Hypertension,65,High,Age > 70; Chronic condition; ICU admission; Outstanding balance; Emergency admission
4396,PAT-0004396,Zayan,Parmar,Female,1947-02-22,78,3,0,0,1,11,7.0,79681.35,65,1,2,0,2025-07-02 06:48:58,High,ADM-00029083,DOC-00083,Dr. Krishna Palla,DEP001,Emergency,DX003,Pneumonia,Chronic Kidney Disease,65,High,Age > 70; Chronic condition; ICU admission; LOS > 10 days; Outstanding balance
4423,PAT-0004423,Wyatt,Zachariah,Female,1942-08-02,83,3,0,1,2,9,7.0,14217.74,65,1,2,0,2026-04-25 00:42:58,High,ADM-00030169,DOC-00038,Dr. Charan Golla,DEP006,General Medicine,DX010,Anemia,Type 2 Diabetes,65,High,Age > 70; Chronic condition; ICU admission; Outstanding balance; Emergency admission
4858,PAT-0004858,Aarna,Pillai,Male,1932-12-13,92,3,1,1,0,6,3.0,2699.63,65,1,2,0,2025-06-20 00:28:28,High,ADM-00040833,DOC-00050,Dr. Nathaniel Shan,DEP006,General Medicine,DX009,Gastroenteritis,Coronary Artery Disease,65,High,Readmission; Age > 70; Chronic condition; Emergency admission
5740,PAT-0005740,Raagini,Virk,Female,2024-08-28,1,3,1,1,1,15,7.67,13246.27,65,1,0,2,2026-04-13 11:29:50,High,ADM-00004056,DOC-00107,Dr. Kavya Chaudhry,DEP001,Emergency,DX009,Gastroenteritis,,65,High,Readmission; ICU admission; LOS > 10 days; Emergency admission
6349,PAT-0006349,Balvan,Choudhury,Male,1958-05-17,68,3,1,2,1,11,6.67,0.0,65,1,0,2,2026-09-25 11:37:04,High,ADM-00050958,DOC-00135,Dr. Charles Bajaj,DEP007,Oncology,DX010,Anemia,,65,High,Readmission; ICU admission; LOS > 10 days; Emergency admission
6627,PAT-0006627,Faras,Kohli,Female,1939-12-30,86,3,1,1,0,7,4.0,0.0,65,1,2,0,2026-07-26 09:22:41,High,ADM-00041335,DOC-00132,Dr. Shravya Ramanathan,DEP008,Gynecology,DX010,Anemia,Chronic Kidney Disease,65,High,Readmission; Age > 70; Chronic condition; Emergency admission
6906,PAT-0006906,Rajeshri,Merchant,Male,2012-04-06,12,3,1,1,1,12,6.33,26990.23,65,1,0,2,2024-11-03 13:22:56,High,ADM-00003472,DOC-00130,Dr. Ekantika Virk,DEP003,Neurology,DX006,Migraine,,65,High,Readmission; ICU admission; LOS > 10 days; Emergency admission
8629,PAT-0008629,Chatresh,Khalsa,Male,1953-04-05,71,3,1,1,1,6,4.33,154734.85,65,1,2,0,2025-01-02 07:44:38,High,ADM-00016770,DOC-00034,Dr. Teerth Dewan,DEP009,ENT,DX003,Pneumonia,Coronary Artery Disease,65,High,Age > 70; Chronic condition; ICU admission; Outstanding balance; Emergency admission
9794,PAT-0009794,Chakradev,Patla,Male,1932-05-02,93,3,1,2,1,7,6.33,58966.81,65,1,2,0,2025-11-04 10:39:40,High,ADM-00036277,DOC-00103,Dr. Jasmit Krishnan,DEP002,Cardiology,DX007,Coronary Artery Disease,Coronary Artery Disease,65,High,Age > 70; Chronic condition; ICU admission; Outstanding balance; Emergency admission
9825,PAT-0009825,Nakul,Raj,Male,1944-01-24,80,3,0,1,1,5,3.0,14571.33,65,1,2,0,2024-12-05 11:08:38,High,ADM-00027077,DOC-00007,Dr. Lajita Bora,DEP010,Dermatology,DX004,Asthma,Hypertension,65,High,Age > 70; Chronic condition; ICU admission; Outstanding balance; Emergency admission
11278,PAT-0011278,Wazir,Walia,Female,1941-04-17,85,3,1,1,1,6,3.0,16373.33,65,1,1,1,2026-06-25 18:56:04,High,ADM-00044022,DOC-00136,Dr. Elijah Rege,DEP010,Dermatology,DX004,Asthma,,65,High,Readmission; Age > 70; ICU admission; Outstanding balance
11714,PAT-0011714,Daniel,Rastogi,Male,1960-12-14,64,3,1,0,1,6,5.0,25127.0,65,1,0,2,2025-03-04 16:42:24,High,ADM-00001967,DOC-00073,Dr. Warjas Singhal,DEP001,Emergency,DX003,Pneumonia,Hypertension,65,High,Readmission; Chronic condition; ICU admission; Outstanding balance
12813,PAT-0012813,Jack,Dara,Male,1981-07-31,43,3,1,1,1,12,6.33,0.0,65,1,0,2,2024-08-30 18:38:17,High,ADM-00042873,DOC-00091,Dr. Dev Sangha,DEP006,General Medicine,DX010,Anemia,,65,High,Readmission; ICU admission; LOS > 10 days; Emergency admission
13227,PAT-0013227,Finn,Vala,Female,1999-04-04,27,3,3,0,2,8,7.33,151198.06,65,2,1,0,2026-05-28 19:46:21,High,ADM-00035403,DOC-00098,Dr. Chatresh Batta,DEP006,General Medicine,DX009,Gastroenteritis,Type 2 Diabetes,65,High,Readmission; Chronic condition; ICU admission; Outstanding balance
13671,PAT-0013671,Upma,Bhatia,Female,1946-01-27,77,3,1,0,1,13,8.67,20193.47,65,1,2,0,2023-12-19 14:21:27,High,ADM-00033069,DOC-00105,Dr. Ekapad Pal,DEP002,Cardiology,DX007,Coronary Artery Disease,Type 2 Diabetes,65,High,Age > 70; Chronic condition; ICU admission; LOS > 10 days; Outstanding balance
14223,PAT-0014223,Nachiket,Datta,Female,1952-07-12,73,3,1,1,0,2,1.33,0.0,65,1,2,0,2026-04-07 22:02:04,High,ADM-00046861,DOC-00063,Dr. Vinaya Amble,DEP004,Orthopedics,DX005,Bone Fracture,Coronary Artery Disease,65,High,Readmission; Age > 70; Chronic condition; Emergency admission
14357,PAT-0014357,Ekansh,Nagy,Male,1933-02-27,93,3,0,2,2,10,9.0,105494.02,65,2,1,0,2026-06-21 16:10:15,High,ADM-00033317,DOC-00024,Dr. Fariq Sangha,DEP001,Emergency,DX009,Gastroenteritis,Asthma,65,High,Age > 70; Chronic condition; ICU admission; Outstanding balance; Emergency admission
14576,PAT-0014576,Aadi,Wagle,Male,1949-11-05,76,3,1,2,1,7,5.0,0.0,65,2,1,0,2026-02-06 21:51:30,High,ADM-00022158,DOC-00110,Dr. David Narula,DEP010,Dermatology,DX004,Asthma,Chronic Kidney Disease,65,High,Readmission; Age > 70; Chronic condition; Emergency admission
15787,PAT-0015787,Pallavi,Issac,Male,1942-10-31,83,3,0,1,1,10,6.0,131997.5,65,1,2,0,2026-04-05 22:52:12,High,ADM-00043555,DOC-00019,Dr. Bishakha Patel,DEP003,Neurology,DX006,Migraine,Coronary Artery Disease,65,High,Age > 70; Chronic condition; ICU admission; Outstanding balance; Emergency admission
16210,PAT-0016210,Onkar,Thaman,Male,2011-03-03,13,3,1,2,1,11,6.0,5189.77,65,1,0,2,2024-12-31 06:59:07,High,ADM-00046659,DOC-00012,Dr. Abha Mandal,DEP004,Orthopedics,DX005,Bone Fracture,,65,High,Readmission; ICU admission; LOS > 10 days; Emergency admission
16800,PAT-0016800,Gayathri,Aggarwal,Female,1951-07-25,74,3,1,1,0,1,1.0,88299.28,65,1,2,0,2026-01-20 19:02:01,High,ADM-00047254,DOC-00145,Dr. Girindra Sachar,DEP009,ENT,DX003,Pneumonia,Coronary Artery Disease,65,High,Readmission; Age > 70; Chronic condition; Emergency admission
17543,PAT-0017543,Noah,Rajan,Male,1957-06-27,69,3,1,0,1,4,3.67,63447.41,65,1,0,2,2026-09-19 07:16:40,High,ADM-00044062,DOC-00115,Dr. Ayushman Roy,DEP002,Cardiology,DX007,Coronary Artery Disease,Coronary Artery Disease,65,High,Readmission; Chronic condition; ICU admission; Outstanding balance
17863,PAT-0017863,Avi,Gopal,Male,1939-04-29,86,3,2,1,1,12,6.33,48936.42,65,2,1,0,2026-01-13 14:26:15,High,ADM-00022984,DOC-00014,Dr. Chaitanya Buch,DEP004,Orthopedics,DX005,Bone Fracture,Type 2 Diabetes,65,High,Readmission; Age > 70; Chronic condition; Emergency admission
17907,PAT-0017907,Neha,Shah,Male,2023-10-14,2,3,1,2,1,13,7.0,19750.03,65,1,0,2,2026-06-14 23:31:07,High,ADM-00000044,DOC-00129,Dr. Sneha Mahal,DEP008,Gynecology,DX010,Anemia,,65,High,Readmission; ICU admission; LOS > 10 days; Emergency admission
18635,PAT-0018635,Balhaar,Pall,Male,1933-03-26,92,3,0,0,1,11,6.0,90416.83,65,1,2,0,2025-04-02 00:09:22,High,ADM-00046841,DOC-00147,Dr. Samarth Nayar,DEP004,Orthopedics,DX005,Bone Fracture,Hypertension,65,High,Age > 70; Chronic condition; ICU admission; LOS > 10 days; Outstanding balance
19056,PAT-0019056,Arjun,Jani,Male,1948-03-25,76,3,2,3,0,3,2.33,0.0,65,2,1,0,2024-07-09 05:14:32,High,ADM-00019291,DOC-00031,Dr. Nathan Iyengar,DEP004,Orthopedics,DX005,Bone Fracture,Chronic Kidney Disease,65,High,Readmission; Age > 70; Chronic condition; Emergency admission
19058,PAT-0019058,Ria,Saini,Male,1938-01-31,87,3,1,2,0,7,5.33,7005.14,65,1,2,0,2025-03-19 10:14:23,High,ADM-00011827,DOC-00137,Dr. Rajata Arora,DEP005,Pediatrics,DX003,Pneumonia,Hypertension,65,High,Readmission; Age > 70; Chronic condition; Emergency admission
19100,PAT-0019100,Ekaja,Dara,Female,1982-10-31,41,3,2,2,2,14,8.33,10215.15,65,1,2,0,2024-07-18 08:56:16,High,ADM-00044304,DOC-00103,Dr. Jasmit Krishnan,DEP002,Cardiology,DX001,Hypertension,,65,High,Readmission; ICU admission; LOS > 10 days; Emergency admission
19818,PAT-0019818,Viraj,Gour,Male,1953-04-03,73,3,1,1,1,7,4.33,3782.92,65,1,2,0,2026-09-25 12:08:14,High,ADM-00050249,DOC-00048,Dr. Amaira Seshadri,DEP004,Orthopedics,DX005,Bone Fracture,Coronary Artery Disease,65,High,Age > 70; Chronic condition; ICU admission; Outstanding balance; Emergency admission
19859,PAT-0019859,Adya,Mohan,Female,1935-07-06,89,3,0,2,1,9,5.33,33952.52,65,1,2,0,2024-08-31 18:03:50,High,ADM-00047310,DOC-00133,Dr. Vritti Cheema,DEP002,Cardiology,DX001,Hypertension,Coronary Artery Disease,65,High,Age > 70; Chronic condition; ICU admission; Outstanding balance; Emergency admission
21220,PAT-0021220,Udarsh,Naidu,Male,1960-06-11,66,3,1,1,1,7,5.33,48284.25,65,1,0,2,2026-08-04 02:31:37,High,ADM-00043565,DOC-00119,Dr. Reva Sidhu,DEP003,Neurology,DX006,Migraine,Type 2 Diabetes,65,High,Readmission; Chronic condition; ICU admission; Outstanding balance
21995,PAT-0021995,Dhruv,Balan,Male,1936-04-21,90,3,0,1,1,5,3.67,33080.39,65,1,2,0,2026-06-08 09:39:27,High,ADM-00021002,DOC-00131,Dr. Yahvi Raja,DEP007,Oncology,DX010,Anemia,Asthma,65,High,Age > 70; Chronic condition; ICU admission; Outstanding balance; Emergency admission
23547,PAT-0023547,Amruta,Sampath,Male,1930-12-15,94,3,1,2,1,9,6.0,22113.15,65,2,1,0,2025-09-12 07:53:40,High,ADM-00046073,DOC-00079,Dr. Warinder Sarin,DEP008,Gynecology,DX010,Anemia,Coronary Artery Disease,65,High,Readmission; Age > 70; Chronic condition; Emergency admission
23631,PAT-0023631,Falan,Vohra,Male,1971-06-18,53,3,2,1,1,13,7.67,0.0,65,1,0,2,2024-06-29 05:06:12,High,ADM-00021297,DOC-00051,Dr. Ekta Pai,DEP008,Gynecology,DX010,Anemia,,65,High,Readmission; ICU admission; LOS > 10 days; Emergency admission
24048,PAT-0024048,Harish,Bath,Male,1932-04-11,93,3,1,3,0,7,5.0,5107.73,65,1,2,0,2025-08-23 17:02:39,High,ADM-00017339,DOC-00021,Dr. Umang Vaidya,DEP002,Cardiology,DX001,Hypertension,Chronic Kidney Disease,65,High,Readmission; Age > 70; Chronic condition; Emergency admission
24232,PAT-0024232,Wakeeta,Anand,Male,1933-10-08,91,3,0,1,1,8,4.0,19310.78,65,1,2,0,2025-07-23 01:35:52,High,ADM-00042222,DOC-00030,Dr. Yamini Rau,DEP009,ENT,DX003,Pneumonia,Migraine,65,High,Age > 70; Chronic condition; ICU admission; Outstanding balance; Emergency admission
24550,PAT-0024550,Tanmayi,Memon,Male,1933-02-05,93,3,2,0,1,7,5.67,34662.89,65,1,1,1,2026-08-15 05:44:45,High,ADM-00042704,DOC-00137,Dr. Rajata Arora,DEP005,Pediatrics,DX010,Anemia,,65,High,Readmission; Age > 70; ICU admission; Outstanding balance
24695,PAT-0024695,Pallavi,Dhar,Female,1954-07-03,71,3,1,2,0,7,5.67,0.0,65,1,0,2,2026-05-23 03:49:42,High,ADM-00035192,DOC-00002,Dr. Alexander Mitter,DEP009,ENT,DX003,Pneumonia,Migraine,65,High,Readmission; Age > 70; Chronic condition; Emergency admission
264,PAT-0000264,Bhavya,Venkataraman,Male,1934-09-14,91,2,0,1,1,9,6.0,57294.56,65,1,1,0,2026-06-22 21:28:36,High,ADM-00023371,DOC-00132,Dr. Shravya Ramanathan,DEP008,Gynecology,DX010,Anemia,Hypertension,65,High,Age > 70; Chronic condition; ICU admission; Outstanding balance; Emergency admission
483,PAT-0000483,Dalaja,Chanda,Female,1932-07-29,92,2,1,1,0,7,5.0,20769.12,65,1,1,0,2024-12-25 22:17:16,High,ADM-00032428,DOC-00128,Dr. Bahadurjit Bose,DEP003,Neurology,DX006,Migraine,Asthma,65,High,Readmission; Age > 70; Chronic condition; Emergency admission
827,PAT-0000827,William,Grewal,Female,1941-06-11,85,2,1,1,0,3,2.0,7565.21,65,1,1,0,2026-08-04 18:37:47,High,ADM-00040533,DOC-00067,Dr. Ijaya Zachariah,DEP008,Gynecology,DX010,Anemia,Type 2 Diabetes,65,High,Readmission; Age > 70; Chronic condition; Emergency admission
1706,PAT-0001706,Pooja,Thaman,Male,1950-07-23,75,2,1,1,1,8,7.0,153820.49,65,1,1,0,2026-06-18 19:11:45,High,ADM-00005788,DOC-00149,Dr. Viraj Nair,DEP006,General Medicine,DX001,Hypertension,Type 2 Diabetes,65,High,Age > 70; Chronic condition; ICU admission; Outstanding balance; Emergency admission
2232,PAT-0002232,Wahab,Munshi,Male,1937-12-18,87,2,1,0,1,7,6.0,29388.98,65,1,0,1,2025-11-02 01:02:10,High,ADM-00011941,DOC-00140,Dr. Anya Bassi,DEP010,Dermatology,DX004,Asthma,,65,High,Readmission; Age > 70; ICU admission; Outstanding balance
3229,PAT-0003229,Chatresh,Tata,Male,1953-10-07,71,2,1,1,1,7,6.0,41239.8,65,1,1,0,2025-07-05 08:59:16,High,ADM-00041687,DOC-00079,Dr. Warinder Sarin,DEP008,Gynecology,DX010,Anemia,Migraine,65,High,Readmission; Age > 70; Chronic condition; Emergency admission
3684,PAT-0003684,Harinakshi,Narain,Female,1941-05-30,84,2,1,0,1,11,7.0,28572.16,65,1,1,0,2026-02-26 19:02:05,High,ADM-00029226,DOC-00125,Dr. Robert Murthy,DEP010,Dermatology,DX004,Asthma,Type 2 Diabetes,65,High,Age > 70; Chronic condition; ICU admission; LOS > 10 days; Outstanding balance
4034,PAT-0004034,Jacob,Dubey,Male,1969-10-11,54,2,1,0,1,9,7.5,107588.19,65,1,0,1,2024-01-15 11:42:30,High,ADM-00044140,DOC-00144,Dr. Gabriel Sachdev,DEP003,Neurology,DX006,Migraine,Migraine,65,High,Readmission; Chronic condition; ICU admission; Outstanding balance
5303,PAT-0005303,Zarna,Rajan,Male,1931-05-09,95,2,1,1,0,5,3.5,23537.33,65,1,1,0,2026-09-06 21:28:37,High,ADM-00041987,DOC-00125,Dr. Robert Murthy,DEP010,Dermatology,DX004,Asthma,Coronary Artery Disease,65,High,Readmission; Age > 70; Chronic condition; Emergency admission
5325,PAT-0005325,Vivaan,Banik,Male,1945-02-22,80,2,1,2,0,6,5.0,0.0,65,1,1,0,2026-01-21 19:06:19,High,ADM-00034057,DOC-00047,Dr. Zaid Vohra,DEP007,Oncology,DX010,Anemia,Type 2 Diabetes,65,High,Readmission; Age > 70; Chronic condition; Emergency admission
6139,PAT-0006139,Chanakya,Gala,Female,1951-05-10,74,2,1,1,0,7,4.5,15748.16,65,1,1,0,2026-02-17 09:06:53,High,ADM-00037336,DOC-00006,Dr. Arin Tailor,DEP001,Emergency,DX009,Gastroenteritis,Coronary Artery Disease,65,High,Readmission; Age > 70; Chronic condition; Emergency admission
6282,PAT-0006282,Onkar,Vig,Male,1984-04-08,41,2,1,2,1,11,9.0,59245.36,65,1,0,1,2025-06-12 22:11:11,High,ADM-00013983,DOC-00093,Dr. Zaitra Mahajan,DEP008,Gynecology,DX010,Anemia,,65,High,Readmission; ICU admission; LOS > 10 days; Emergency admission
6304,PAT-0006304,Shivansh,Cheema,Female,1936-03-03,88,2,0,1,1,13,7.5,43565.77,65,1,1,0,2024-10-13 22:32:03,High,ADM-00024702,DOC-00093,Dr. Zaitra Mahajan,DEP008,Gynecology,DX010,Anemia,Type 2 Diabetes,65,High,Age > 70; Chronic condition; ICU admission; LOS > 10 days; Outstanding balance
6378,PAT-0006378,Chandran,Walla,Male,1946-02-24,79,2,1,1,0,2,1.5,0.0,65,1,1,0,2025-07-19 21:20:07,High,ADM-00048287,DOC-00093,Dr. Zaitra Mahajan,DEP008,Gynecology,DX010,Anemia,Migraine,65,High,Readmission; Age > 70; Chronic condition; Emergency admission
7200,PAT-0007200,Gagan,Palan,Female,1938-11-10,85,2,2,1,0,3,2.5,0.0,65,1,1,0,2024-01-04 16:26:19,High,ADM-00014522,DOC-00042,Dr. Harrison Dora,DEP002,Cardiology,DX001,Hypertension,Hypertension,65,High,Readmission; Age > 70; Chronic condition; Emergency admission
7203,PAT-0007203,Gunbir,Keer,Male,1970-01-28,55,2,1,2,1,12,9.0,0.0,65,1,0,1,2025-12-17 21:19:39,High,ADM-00024304,DOC-00097,Dr. Nisha Dhillon,DEP008,Gynecology,DX010,Anemia,,65,High,Readmission; ICU admission; LOS > 10 days; Emergency admission
7342,PAT-0007342,Irya,Soman,Male,1954-08-18,71,2,1,1,0,5,3.0,0.0,65,1,0,1,2026-04-19 08:54:39,High,ADM-00033719,DOC-00097,Dr. Nisha Dhillon,DEP008,Gynecology,DX010,Anemia,Migraine,65,High,Readmission; Age > 70; Chronic condition; Emergency admission
7384,PAT-0007384,Jagdish,Sura,Male,2011-07-11,14,2,1,2,1,13,7.0,0.0,65,1,0,1,2025-08-22 13:00:20,High,ADM-00048211,DOC-00106,Dr. Parth Muni,DEP009,ENT,DX003,Pneumonia,,65,High,Readmission; ICU admission; LOS > 10 days; Emergency admission
7490,PAT-0007490,Lipika,Hari,Male,1946-06-12,79,2,0,2,1,5,4.0,42835.81,65,1,1,0,2026-04-06 00:44:51,High,ADM-00041490,DOC-00021,Dr. Umang Vaidya,DEP002,Cardiology,DX001,Hypertension,Chronic Kidney Disease,65,High,Age > 70; Chronic condition; ICU admission; Outstanding balance; Emergency admission
8009,PAT-0008009,Falak,Kadakia,Female,1946-10-03,79,2,0,2,1,8,5.5,13791.18,65,1,1,0,2026-05-12 06:36:55,High,ADM-00000893,DOC-00042,Dr. Harrison Dora,DEP002,Cardiology,DX001,Hypertension,Chronic Kidney Disease,65,High,Age > 70; Chronic condition; ICU admission; Outstanding balance; Emergency admission
8482,PAT-0008482,Gayathri,Ramesh,Male,1948-03-01,77,2,1,1,0,7,4.5,12953.33,65,1,1,0,2025-05-10 13:05:17,High,ADM-00041471,DOC-00107,Dr. Kavya Chaudhry,DEP001,Emergency,DX003,Pneumonia,Migraine,65,High,Readmission; Age > 70; Chronic condition; Emergency admission
8598,PAT-0008598,Jason,Borra,Female,1954-12-06,71,2,0,1,1,9,5.5,15573.19,65,1,0,1,2026-07-21 14:39:39,High,ADM-00008887,DOC-00144,Dr. Gabriel Sachdev,DEP003,Neurology,DX006,Migraine,Migraine,65,High,Age > 70; Chronic condition; ICU admission; Outstanding balance; Emergency admission
8687,PAT-0008687,Vedika,Mistry,Female,1989-08-09,34,2,1,1,1,15,9.5,0.0,65,1,0,1,2023-12-28 03:30:40,High,ADM-00021723,DOC-00139,Dr. Tamanna Chander,DEP008,Gynecology,DX010,Anemia,,65,High,Readmission; ICU admission; LOS > 10 days; Emergency admission
9126,PAT-0009126,Ridhi,Rajagopal,Male,1952-08-12,73,2,2,1,0,3,2.5,4644.22,65,2,0,0,2026-01-07 03:12:02,High,ADM-00011014,DOC-00052,Dr. Vaishnavi Balay,DEP004,Orthopedics,DX005,Bone Fracture,Coronary Artery Disease,65,High,Readmission; Age > 70; Chronic condition; Emergency admission
9135,PAT-0009135,Falguni,Doshi,Male,1945-06-16,81,2,0,1,1,7,4.0,14149.17,65,1,1,0,2026-08-29 18:40:23,High,ADM-00035193,DOC-00045,Dr. Bhavini Maharaj,DEP003,Neurology,DX006,Migraine,Migraine,65,High,Age > 70; Chronic condition; ICU admission; Outstanding balance; Emergency admission
9516,PAT-0009516,Ekaja,Dave,Female,1953-02-09,71,2,1,1,0,6,6.0,11767.81,65,1,0,1,2024-10-05 15:34:35,High,ADM-00001097,DOC-00015,Dr. Wridesh Sheth,DEP003,Neurology,DX006,Migraine,Asthma,65,High,Readmission; Age > 70; Chronic condition; Emergency admission
9666,PAT-0009666,Bhavini,Parmar,Female,1942-03-30,81,2,1,1,0,4,2.5,6140.77,65,1,1,0,2023-06-04 00:12:07,High,ADM-00024659,DOC-00094,Dr. Hemang Thaman,DEP004,Orthopedics,DX005,Bone Fracture,Hypertension,65,High,Readmission; Age > 70; Chronic condition; Emergency admission
9905,PAT-0009905,Orinder,Shukla,Female,1936-10-01,88,2,1,1,0,7,4.0,0.0,65,1,1,0,2025-05-22 06:05:05,High,ADM-00003174,DOC-00112,Dr. Manan Saran,DEP010,Dermatology,DX004,Asthma,Chronic Kidney Disease,65,High,Readmission; Age > 70; Chronic condition; Emergency admission
9975,PAT-0009975,Gaurika,Kalla,Male,2011-08-16,14,2,1,1,2,11,9.5,0.0,65,1,0,1,2026-05-31 14:42:47,High,ADM-00000610,DOC-00103,Dr. Jasmit Krishnan,DEP002,Cardiology,DX007,Coronary Artery Disease,,65,High,Readmission; ICU admission; LOS > 10 days; Emergency admission
10505,PAT-0010505,Bhavani,Goyal,Female,1940-06-03,85,2,1,2,1,8,5.0,0.0,65,2,0,0,2025-10-17 02:11:25,High,ADM-00029899,DOC-00113,Dr. Nandini Anand,DEP003,Neurology,DX006,Migraine,Coronary Artery Disease,65,High,Readmission; Age > 70; Chronic condition; Emergency admission
10773,PAT-0010773,Rajeshri,Buch,Male,2009-12-03,14,2,1,1,2,12,10.5,18761.88,65,1,0,1,2024-07-19 19:29:37,High,ADM-00009079,DOC-00111,Dr. David Tak,DEP009,ENT,DX003,Pneumonia,,65,High,Readmission; ICU admission; LOS > 10 days; Emergency admission
10801,PAT-0010801,Leena,Chakraborty,Female,1933-06-09,92,2,1,1,0,7,6.0,0.0,65,1,1,0,2026-03-12 09:50:00,High,ADM-00008918,DOC-00122,Dr. Nakul Pathak,DEP005,Pediatrics,DX004,Asthma,Hypertension,65,High,Readmission; Age > 70; Chronic condition; Emergency admission
11527,PAT-0011527,Ria,Bali,Female,1954-06-29,71,2,1,1,0,2,1.5,0.0,65,1,0,1,2026-04-22 12:50:09,High,ADM-00039388,DOC-00016,Dr. Pushti Bhasin,DEP009,ENT,DX003,Pneumonia,Migraine,65,High,Readmission; Age > 70; Chronic condition; Emergency admission
11759,PAT-0011759,Amaira,Dutta,Female,1939-11-08,86,2,1,1,0,2,1.5,0.0,65,1,1,0,2026-09-25 16:27:17,High,ADM-00051081,DOC-00096,Dr. Balvan Bala,DEP002,Cardiology,DX001,Hypertension,Asthma,65,High,Readmission; Age > 70; Chronic condition; Emergency admission
12662,PAT-0012662,Ikshita,Kala,Male,1946-03-28,80,2,2,2,0,7,6.0,0.0,65,2,0,0,2026-04-17 13:12:15,High,ADM-00033869,DOC-00122,Dr. Nakul Pathak,DEP005,Pediatrics,DX004,Asthma,Type 2 Diabetes,65,High,Readmission; Age > 70; Chronic condition; Emergency admission
12920,PAT-0012920,Yashawini,Sem,Male,1942-09-15,83,2,2,1,0,6,3.5,3545.33,65,2,0,0,2026-06-24 05:07:16,High,ADM-00035906,DOC-00087,Dr. Zilmil Gade,DEP007,Oncology,DX010,Anemia,Migraine,65,High,Readmission; Age > 70; Chronic condition; Emergency admission
13463,PAT-0013463,Isaiah,Bath,Male,1953-09-12,71,2,1,2,1,11,6.5,0.0,65,1,1,0,2025-01-01 15:18:07,High,ADM-00047788,DOC-00079,Dr. Warinder Sarin,DEP008,Gynecology,DX010,Anemia,Chronic Kidney Disease,65,High,Readmission; Age > 70; Chronic condition; Emergency admission
13795,PAT-0013795,Maanav,Krishna,Male,1953-05-06,72,2,1,1,0,7,4.5,22636.95,65,1,0,1,2025-06-03 10:35:32,High,ADM-00034377,DOC-00067,Dr. Ijaya Zachariah,DEP008,Gynecology,DX010,Anemia,Chronic Kidney Disease,65,High,Readmission; Age > 70; Chronic condition; Emergency admission
13810,PAT-0013810,Akshay,Verma,Male,1976-12-02,46,2,2,1,1,8,5.0,16635.61,65,1,1,0,2023-10-11 00:25:30,High,ADM-00046221,DOC-00038,Dr. Charan Golla,DEP006,General Medicine,DX009,Gastroenteritis,Coronary Artery Disease,65,High,Readmission; Chronic condition; ICU admission; Outstanding balance
13825,PAT-0013825,Yash,Mahal,Female,1945-11-09,79,2,2,0,1,3,3.0,7892.21,65,1,1,0,2025-01-18 00:02:43,High,ADM-00037506,DOC-00132,Dr. Shravya Ramanathan,DEP008,Gynecology,DX010,Anemia,,65,High,Readmission; Age > 70; ICU admission; Outstanding balance
13999,PAT-0013999,Charvi,Sengupta,Male,1932-03-25,92,2,1,1,0,4,3.5,0.0,65,1,1,0,2025-01-18 02:33:59,High,ADM-00039269,DOC-00048,Dr. Amaira Seshadri,DEP004,Orthopedics,DX005,Bone Fracture,Asthma,65,High,Readmission; Age > 70; Chronic condition; Emergency admission
14406,PAT-0014406,Qabil,Sastry,Female,1932-04-16,92,2,1,1,0,5,4.0,0.0,65,1,1,0,2024-04-22 05:20:17,High,ADM-00035949,DOC-00130,Dr. Ekantika Virk,DEP003,Neurology,DX006,Migraine,Asthma,65,High,Readmission; Age > 70; Chronic condition; Emergency admission
15519,PAT-0015519,Devika,Chada,Male,1930-11-01,95,2,1,1,1,7,6.0,34018.19,65,1,0,1,2025-11-19 04:09:02,High,ADM-00021987,DOC-00044,Dr. Chaitaly Reddy,DEP001,Emergency,DX009,Gastroenteritis,,65,High,Readmission; Age > 70; ICU admission; Outstanding balance
15892,PAT-0015892,Watika,Date,Male,1937-06-20,88,2,2,1,0,6,5.5,0.0,65,1,1,0,2025-11-15 07:46:21,High,ADM-00021254,DOC-00050,Dr. Nathaniel Shan,DEP006,General Medicine,DX002,Type 2 Diabetes,Type 2 Diabetes,65,High,Readmission; Age > 70; Chronic condition; Emergency admission
16179,PAT-0016179,Chasmum,Amble,Male,1952-06-12,72,2,2,1,0,5,3.5,0.0,65,1,1,0,2025-03-16 13:42:32,High,ADM-00024449,DOC-00023,Dr. Elijah Nori,DEP006,General Medicine,DX010,Anemia,Type 2 Diabetes,65,High,Readmission; Age > 70; Chronic condition; Emergency admission
16570,PAT-0016570,Jackson,Guha,Male,1958-12-22,67,2,2,2,1,12,7.0,0.0,65,1,1,0,2026-05-10 03:39:09,High,ADM-00049423,DOC-00039,Dr. Jalsa Choudhry,DEP002,Cardiology,DX007,Coronary Artery Disease,,65,High,Readmission; ICU admission; LOS > 10 days; Emergency admission
16868,PAT-0016868,Gavin,Krishna,Female,1975-10-17,50,2,1,1,1,3,3.0,77392.67,65,1,0,1,2026-03-24 00:54:52,High,ADM-00036792,DOC-00002,Dr. Alexander Mitter,DEP009,ENT,DX003,Pneumonia,Chronic Kidney Disease,65,High,Readmission; Chronic condition; ICU admission; Outstanding balance
17107,PAT-0017107,Isaiah,Srinivasan,Female,1947-05-27,77,2,0,1,1,6,5.0,25332.33,65,1,1,0,2024-11-02 12:02:12,High,ADM-00002624,DOC-00033,Dr. Azad Batra,DEP009,ENT,DX003,Pneumonia,Migraine,65,High,Age > 70; Chronic condition; ICU admission; Outstanding balance; Emergency admission
17407,PAT-0017407,Nihal,Handa,Female,1952-12-28,73,2,0,1,2,10,8.5,10516.05,65,1,1,0,2026-09-26 18:32:03,High,ADM-00051183,DOC-00149,Dr. Viraj Nair,DEP006,General Medicine,DX009,Gastroenteritis,Chronic Kidney Disease,65,High,Age > 70; Chronic condition; ICU admission; Outstanding balance; Emergency admission
17847,PAT-0017847,Pavani,Balasubramanian,Female,1978-04-20,45,2,2,1,2,11,9.5,0.0,65,1,1,0,2023-08-23 09:36:03,High,ADM-00006070,DOC-00100,Dr. Umang Basu,DEP010,Dermatology,DX004,Asthma,,65,High,Readmission; ICU admission; LOS > 10 days; Emergency admission
17895,PAT-0017895,Eshana,Manne,Male,1930-11-14,94,2,0,0,1,12,7.5,55313.59,65,1,1,0,2025-11-10 17:54:17,High,ADM-00001049,DOC-00138,Dr. Urishilla Panchal,DEP003,Neurology,DX006,Migraine,Coronary Artery Disease,65,High,Age > 70; Chronic condition; ICU admission; LOS > 10 days; Outstanding balance
17930,PAT-0017930,Ikshita,Choudhury,Female,1942-04-11,83,2,1,2,0,2,1.5,0.0,65,1,1,0,2025-05-15 16:30:20,High,ADM-00038853,DOC-00104,Dr. Damini Venkatesh,DEP005,Pediatrics,DX004,Asthma,Migraine,65,High,Readmission; Age > 70; Chronic condition; Emergency admission
18216,PAT-0018216,Ishanvi,Seth,Male,1937-01-24,88,2,0,0,1,12,8.5,28595.62,65,1,1,0,2025-08-10 21:09:53,High,ADM-00044529,DOC-00125,Dr. Robert Murthy,DEP010,Dermatology,DX004,Asthma,Hypertension,65,High,Age > 70; Chronic condition; ICU admission; LOS > 10 days; Outstanding balance
19110,PAT-0019110,Radha,Koshy,Male,1937-10-13,88,2,0,0,1,11,6.5,37135.37,65,1,1,0,2026-01-04 17:54:20,High,ADM-00027989,DOC-00055,Dr. Chaitanya Banerjee,DEP007,Oncology,DX010,Anemia,Coronary Artery Disease,65,High,Age > 70; Chronic condition; ICU admission; LOS > 10 days; Outstanding balance
19280,PAT-0019280,Zilmil,Tara,Female,1968-04-20,58,2,2,1,1,12,9.0,0.0,65,1,0,1,2026-08-25 01:03:10,High,ADM-00045672,DOC-00039,Dr. Jalsa Choudhry,DEP002,Cardiology,DX007,Coronary Artery Disease,,65,High,Readmission; ICU admission; LOS > 10 days; Emergency admission
19515,PAT-0019515,Vedika,Bains,Female,1937-02-26,88,2,1,1,0,6,5.5,0.0,65,1,1,0,2025-03-20 09:49:37,High,ADM-00029962,DOC-00137,Dr. Rajata Arora,DEP005,Pediatrics,DX010,Anemia,Migraine,65,High,Readmission; Age > 70; Chronic condition; Emergency admission
19568,PAT-0019568,Kala,Kata,Female,2002-05-25,24,2,1,2,1,12,6.5,4975.66,65,1,0,1,2026-06-30 19:00:05,High,ADM-00041966,DOC-00140,Dr. Anya Bassi,DEP010,Dermatology,DX004,Asthma,,65,High,Readmission; ICU admission; LOS > 10 days; Emergency admission
21673,PAT-0021673,Amruta,Sane,Male,1934-12-24,89,2,1,1,1,7,6.5,197797.79,65,2,0,0,2024-01-10 18:39:26,High,ADM-00005005,DOC-00028,Dr. Samesh Arora,DEP006,General Medicine,DX002,Type 2 Diabetes,Chronic Kidney Disease,65,High,Age > 70; Chronic condition; ICU admission; Outstanding balance; Emergency admission
22760,PAT-0022760,William,Lata,Male,1946-04-28,80,2,0,1,2,9,8.5,44331.07,65,1,1,0,2026-07-04 05:30:01,High,ADM-00031497,DOC-00116,Dr. Michael Pandya,DEP007,Oncology,DX010,Anemia,Asthma,65,High,Age > 70; Chronic condition; ICU admission; Outstanding balance; Emergency admission
23319,PAT-0023319,Meera,Dyal,Male,1951-10-31,74,2,0,1,1,10,6.5,17694.69,65,1,1,0,2025-11-28 15:38:52,High,ADM-00009452,DOC-00036,Dr. Nachiket Pandit,DEP002,Cardiology,DX001,Hypertension,Asthma,65,High,Age > 70; Chronic condition; ICU admission; Outstanding balance; Emergency admission
23886,PAT-0023886,Abhiram,Gupta,Male,1947-09-29,78,2,1,1,0,2,1.5,0.0,65,1,1,0,2026-03-20 07:49:49,High,ADM-00027811,DOC-00008,Dr. Qadim Suresh,DEP002,Cardiology,DX001,Hypertension,Migraine,65,High,Readmission; Age > 70; Chronic condition; Emergency admission
230,PAT-0000230,Jhalak,Soman,Male,1940-12-29,85,1,0,1,1,7,7.0,13690.93,65,1,0,0,2026-01-15 01:55:17,High,ADM-00049687,DOC-00037,Dr. Priya Malhotra,DEP010,Dermatology,DX004,Asthma,Coronary Artery Disease,65,High,Age > 70; Chronic condition; ICU admission; Outstanding balance; Emergency admission
730,PAT-0000730,Eesha,Randhawa,Male,1959-08-07,63,1,1,1,1,13,13.0,0.0,65,1,0,0,2023-06-20 09:36:13,High,ADM-00004102,DOC-00081,Dr. Aashi Sangha,DEP003,Neurology,DX006,Migraine,,65,High,Readmission; ICU admission; LOS > 10 days; Emergency admission
748,PAT-0000748,Ekiya,Vala,Female,1945-06-09,80,1,1,1,0,7,7.0,0.0,65,1,0,0,2025-07-22 01:04:11,High,ADM-00015026,DOC-00114,Dr. Om Mangat,DEP007,Oncology,DX010,Anemia,Hypertension,65,High,Readmission; Age > 70; Chronic condition; Emergency admission
1385,PAT-0001385,Advika,Grover,Male,2020-09-04,3,1,1,0,1,9,9.0,15833.72,65,1,0,0,2023-11-08 22:13:05,High,ADM-00012739,DOC-00044,Dr. Chaitaly Reddy,DEP001,Emergency,DX005,Bone Fracture,Coronary Artery Disease,65,High,Readmission; Chronic condition; ICU admission; Outstanding balance
2332,PAT-0002332,Nachiket,Sandal,Female,1938-11-09,86,1,1,1,0,6,6.0,0.0,65,1,0,0,2025-03-04 13:55:37,High,ADM-00003057,DOC-00035,Dr. Dayamai Nazareth,DEP009,ENT,DX003,Pneumonia,Migraine,65,High,Readmission; Age > 70; Chronic condition; Emergency admission
3013,PAT-0003013,Nimrat,Dyal,Male,1947-12-17,75,1,0,1,1,9,9.0,197801.1,65,1,0,0,2023-01-06 09:08:03,High,ADM-00048934,DOC-00079,Dr. Warinder Sarin,DEP008,Gynecology,DX010,Anemia,Asthma,65,High,Age > 70; Chronic condition; ICU admission; Outstanding balance; Emergency admission
3368,PAT-0003368,Lakshit,Peri,Female,1942-05-05,82,1,0,0,1,14,14.0,56288.15,65,1,0,0,2024-07-13 02:42:14,High,ADM-00013657,DOC-00056,Dr. Amaira Pal,DEP004,Orthopedics,DX005,Bone Fracture,Coronary Artery Disease,65,High,Age > 70; Chronic condition; ICU admission; LOS > 10 days; Outstanding balance
3874,PAT-0003874,Owen,Pillai,Female,1936-09-23,88,1,1,1,0,6,6.0,0.0,65,1,0,0,2024-11-12 05:16:35,High,ADM-00003059,DOC-00057,Dr. Bahadurjit Sane,DEP009,ENT,DX003,Pneumonia,Asthma,65,High,Readmission; Age > 70; Chronic condition; Emergency admission
4469,PAT-0004469,Indira,Tak,Female,1945-05-02,79,1,1,1,0,2,2.0,0.0,65,1,0,0,2024-05-22 10:19:29,High,ADM-00006687,DOC-00047,Dr. Zaid Vohra,DEP007,Oncology,DX010,Anemia,Type 2 Diabetes,65,High,Readmission; Age > 70; Chronic condition; Emergency admission
5376,PAT-0005376,Anamika,Barman,Male,1950-09-05,72,1,1,1,0,5,5.0,0.0,65,1,0,0,2023-07-05 00:37:44,High,ADM-00041415,DOC-00110,Dr. David Narula,DEP010,Dermatology,DX004,Asthma,Coronary Artery Disease,65,High,Readmission; Age > 70; Chronic condition; Emergency admission
5732,PAT-0005732,Rachana,Grewal,Male,1939-01-15,85,1,1,1,0,5,5.0,0.0,65,1,0,0,2024-10-14 02:17:54,High,ADM-00007805,DOC-00066,Dr. Sanya Arya,DEP009,ENT,DX003,Pneumonia,Coronary Artery Disease,65,High,Readmission; Age > 70; Chronic condition; Emergency admission
5815,PAT-0005815,Kamya,Choudhary,Female,1972-04-21,53,1,1,1,1,14,14.0,0.0,65,1,0,0,2025-06-30 11:44:31,High,ADM-00008843,DOC-00007,Dr. Lajita Bora,DEP010,Dermatology,DX004,Asthma,,65,High,Readmission; ICU admission; LOS > 10 days; Emergency admission
7023,PAT-0007023,Gaurika,Seth,Female,1945-11-23,79,1,1,1,0,2,2.0,0.0,65,1,0,0,2025-02-24 06:48:14,High,ADM-00030712,DOC-00073,Dr. Warjas Singhal,DEP001,Emergency,DX005,Bone Fracture,Type 2 Diabetes,65,High,Readmission; Age > 70; Chronic condition; Emergency admission
7138,PAT-0007138,Ucchal,Chaudhry,Female,1948-01-29,75,1,1,1,0,6,6.0,0.0,65,1,0,0,2024-01-09 10:48:59,High,ADM-00008749,DOC-00026,Dr. Jagrati Borde,DEP003,Neurology,DX006,Migraine,Chronic Kidney Disease,65,High,Readmission; Age > 70; Chronic condition; Emergency admission
7198,PAT-0007198,Darpan,Modi,Male,1996-01-31,30,1,1,1,1,15,15.0,0.0,65,1,0,0,2026-02-08 20:29:42,High,ADM-00003663,DOC-00016,Dr. Pushti Bhasin,DEP009,ENT,DX003,Pneumonia,,65,High,Readmission; ICU admission; LOS > 10 days; Emergency admission
7237,PAT-0007237,Ethan,Zachariah,Male,1933-10-19,90,1,1,1,0,6,6.0,0.0,65,1,0,0,2023-10-30 08:08:50,High,ADM-00029485,DOC-00136,Dr. Elijah Rege,DEP010,Dermatology,DX004,Asthma,Chronic Kidney Disease,65,High,Readmission; Age > 70; Chronic condition; Emergency admission
7417,PAT-0007417,Kamya,Natarajan,Female,1985-09-01,39,1,1,1,1,12,12.0,0.0,65,1,0,0,2025-08-04 18:35:51,High,ADM-00037485,DOC-00023,Dr. Elijah Nori,DEP006,General Medicine,DX001,Hypertension,,65,High,Readmission; ICU admission; LOS > 10 days; Emergency admission
7604,PAT-0007604,Liam,Subramaniam,Male,1945-06-18,80,1,0,0,1,15,15.0,15945.01,65,1,0,0,2025-08-07 16:58:28,High,ADM-00020994,DOC-00018,Dr. Dalaja Pant,DEP009,ENT,DX003,Pneumonia,Chronic Kidney Disease,65,High,Age > 70; Chronic condition; ICU admission; LOS > 10 days; Outstanding balance
8000,PAT-0008000,Udant,Jayaraman,Female,1942-01-10,82,1,0,1,1,8,8.0,46330.62,65,1,0,0,2024-06-12 11:01:14,High,ADM-00031119,DOC-00056,Dr. Amaira Pal,DEP004,Orthopedics,DX005,Bone Fracture,Migraine,65,High,Age > 70; Chronic condition; ICU admission; Outstanding balance; Emergency admission
8092,PAT-0008092,Ekani,Shroff,Male,1936-09-07,86,1,1,1,0,1,1.0,0.0,65,1,0,0,2023-08-21 17:32:56,High,ADM-00043791,DOC-00090,Dr. Lohit Upadhyay,DEP007,Oncology,DX010,Anemia,Coronary Artery Disease,65,High,Readmission; Age > 70; Chronic condition; Emergency admission
8642,PAT-0008642,Daksh,Bobal,Female,1949-03-25,76,1,0,0,1,14,14.0,11755.28,65,1,0,0,2025-10-31 07:13:52,High,ADM-00048607,DOC-00005,Dr. Veer Merchant,DEP006,General Medicine,DX003,Pneumonia,Chronic Kidney Disease,65,High,Age > 70; Chronic condition; ICU admission; LOS > 10 days; Outstanding balance
9039,PAT-0009039,Bhavika,Narayanan,Male,1968-09-04,55,1,1,1,1,13,13.0,0.0,65,1,0,0,2023-11-09 22:23:18,High,ADM-00024979,DOC-00046,Dr. Umang Konda,DEP002,Cardiology,DX001,Hypertension,,65,High,Readmission; ICU admission; LOS > 10 days; Emergency admission
9576,PAT-0009576,Alexander,Virk,Male,1936-06-17,86,1,1,0,1,8,8.0,83540.45,65,1,0,0,2023-02-02 15:47:59,High,ADM-00000030,DOC-00070,Dr. Jason Mukherjee,DEP005,Pediatrics,DX003,Pneumonia,,65,High,Readmission; Age > 70; ICU admission; Outstanding balance
9791,PAT-0009791,Neelima,Mishra,Male,2022-12-04,1,1,1,1,1,12,12.0,0.0,65,1,0,0,2024-01-15 15:56:25,High,ADM-00009145,DOC-00099,Dr. Eiravati Goda,DEP001,Emergency,DX009,Gastroenteritis,,65,High,Readmission; ICU admission; LOS > 10 days; Emergency admission
12253,PAT-0012253,Maanas,Shan,Male,1997-11-19,25,1,1,1,1,11,11.0,0.0,65,1,0,0,2023-06-15 23:03:19,High,ADM-00030796,DOC-00007,Dr. Lajita Bora,DEP010,Dermatology,DX004,Asthma,,65,High,Readmission; ICU admission; LOS > 10 days; Emergency admission
12798,PAT-0012798,Krish,Chauhan,Male,1937-08-17,88,1,0,0,1,15,15.0,118083.12,65,1,0,0,2026-04-09 13:04:01,High,ADM-00030025,DOC-00039,Dr. Jalsa Choudhry,DEP002,Cardiology,DX001,Hypertension,Coronary Artery Disease,65,High,Age > 70; Chronic condition; ICU admission; LOS > 10 days; Outstanding balance
12996,PAT-0012996,Yashawini,Kara,Male,1986-10-22,37,1,1,1,1,14,14.0,0.0,65,1,0,0,2024-05-25 12:17:56,High,ADM-00019835,DOC-00049,Dr. Anjali Patla,DEP004,Orthopedics,DX005,Bone Fracture,,65,High,Readmission; ICU admission; LOS > 10 days; Emergency admission
13253,PAT-0013253,Eshana,Wagle,Female,2008-05-22,15,1,1,1,1,11,11.0,0.0,65,1,0,0,2024-01-30 04:50:16,High,ADM-00028115,DOC-00092,Dr. Baghyawati Shroff,DEP004,Orthopedics,DX005,Bone Fracture,,65,High,Readmission; ICU admission; LOS > 10 days; Emergency admission
13549,PAT-0013549,Warinder,Ray,Female,1984-09-14,38,1,1,1,1,12,12.0,0.0,65,1,0,0,2023-08-19 05:53:25,High,ADM-00002498,DOC-00036,Dr. Nachiket Pandit,DEP002,Cardiology,DX007,Coronary Artery Disease,,65,High,Readmission; ICU admission; LOS > 10 days; Emergency admission
13576,PAT-0013576,Manan,Mannan,Female,1932-11-04,92,1,1,1,0,6,6.0,0.0,65,1,0,0,2025-05-11 03:12:16,High,ADM-00017215,DOC-00042,Dr. Harrison Dora,DEP002,Cardiology,DX007,Coronary Artery Disease,Chronic Kidney Disease,65,High,Readmission; Age > 70; Chronic condition; Emergency admission
13626,PAT-0013626,Yashica,Raghavan,Female,1986-03-03,40,1,1,1,1,11,11.0,0.0,65,1,0,0,2026-06-29 08:26:47,High,ADM-00006037,DOC-00044,Dr. Chaitaly Reddy,DEP001,Emergency,DX003,Pneumonia,,65,High,Readmission; ICU admission; LOS > 10 days; Emergency admission
13647,PAT-0013647,Zashil,Raju,Male,2025-01-11,0,1,1,1,1,11,11.0,0.0,65,1,0,0,2025-02-17 10:51:06,High,ADM-00022829,DOC-00082,Dr. Dhriti Devi,DEP006,General Medicine,DX001,Hypertension,,65,High,Readmission; ICU admission; LOS > 10 days; Emergency admission
14412,PAT-0014412,Bahadurjit,Memon,Female,1945-10-11,78,1,0,1,1,6,6.0,6376.86,65,1,0,0,2024-06-22 18:46:00,High,ADM-00011710,DOC-00022,Dr. Kritika Khurana,DEP009,ENT,DX003,Pneumonia,Asthma,65,High,Age > 70; Chronic condition; ICU admission; Outstanding balance; Emergency admission
14479,PAT-0014479,Tripti,Rattan,Male,1942-07-12,81,1,1,1,0,2,2.0,0.0,65,1,0,0,2024-05-30 05:24:01,High,ADM-00028002,DOC-00071,Dr. Om Bajaj,DEP007,Oncology,DX010,Anemia,Type 2 Diabetes,65,High,Readmission; Age > 70; Chronic condition; Emergency admission
14627,PAT-0014627,Ishita,Issac,Female,1948-02-03,75,1,0,1,1,3,3.0,58633.05,65,1,0,0,2023-09-19 12:41:05,High,ADM-00012045,DOC-00054,Dr. Abhimanyu Buch,DEP001,Emergency,DX003,Pneumonia,Type 2 Diabetes,65,High,Age > 70; Chronic condition; ICU admission; Outstanding balance; Emergency admission
15191,PAT-0015191,Darpan,Shroff,Female,1932-01-17,92,1,1,1,0,4,4.0,0.0,65,1,0,0,2024-11-18 05:32:19,High,ADM-00041102,DOC-00042,Dr. Harrison Dora,DEP002,Cardiology,DX007,Coronary Artery Disease,Migraine,65,High,Readmission; Age > 70; Chronic condition; Emergency admission
15412,PAT-0015412,Kashvi,Murty,Female,1948-02-17,77,1,0,1,1,9,9.0,35903.52,65,1,0,0,2025-02-26 22:37:25,High,ADM-00005227,DOC-00140,Dr. Anya Bassi,DEP010,Dermatology,DX004,Asthma,Type 2 Diabetes,65,High,Age > 70; Chronic condition; ICU admission; Outstanding balance; Emergency admission
15814,PAT-0015814,Atharv,Deshmukh,Female,1943-11-04,82,1,0,1,1,10,10.0,61890.94,65,1,0,0,2026-04-09 10:29:49,High,ADM-00023296,DOC-00085,Dr. Mekhala Mangat,DEP006,General Medicine,DX002,Type 2 Diabetes,Chronic Kidney Disease,65,High,Age > 70; Chronic condition; ICU admission; Outstanding balance; Emergency admission
16035,PAT-0016035,Upasna,Vaidya,Female,1937-09-12,85,1,1,1,0,5,5.0,0.0,65,1,0,0,2023-03-19 22:32:51,High,ADM-00008775,DOC-00039,Dr. Jalsa Choudhry,DEP002,Cardiology,DX007,Coronary Artery Disease,Asthma,65,High,Readmission; Age > 70; Chronic condition; Emergency admission
16314,PAT-0016314,Ethan,Ram,Female,1946-06-13,80,1,1,1,0,3,3.0,0.0,65,1,0,0,2026-08-15 04:47:56,High,ADM-00009744,DOC-00027,Dr. David Deshmukh,DEP007,Oncology,DX010,Anemia,Chronic Kidney Disease,65,High,Readmission; Age > 70; Chronic condition; Emergency admission
16857,PAT-0016857,Yashica,Dugar,Male,1979-12-16,43,1,1,1,1,12,12.0,0.0,65,1,0,0,2023-08-22 04:15:41,High,ADM-00002866,DOC-00042,Dr. Harrison Dora,DEP002,Cardiology,DX007,Coronary Artery Disease,,65,High,Readmission; ICU admission; LOS > 10 days; Emergency admission
17153,PAT-0017153,Ekantika,Barad,Female,1951-11-13,71,1,1,1,0,7,7.0,0.0,65,1,0,0,2023-02-07 23:20:23,High,ADM-00028020,DOC-00083,Dr. Krishna Palla,DEP001,Emergency,DX005,Bone Fracture,Migraine,65,High,Readmission; Age > 70; Chronic condition; Emergency admission
17206,PAT-0017206,Abha,Boase,Male,1950-09-22,75,1,1,1,0,6,6.0,0.0,65,1,0,0,2026-08-04 18:18:50,High,ADM-00022986,DOC-00048,Dr. Amaira Seshadri,DEP004,Orthopedics,DX005,Bone Fracture,Coronary Artery Disease,65,High,Readmission; Age > 70; Chronic condition; Emergency admission
17427,PAT-0017427,Tripti,Oommen,Female,1935-01-07,91,1,1,1,0,3,3.0,0.0,65,1,0,0,2026-07-29 15:51:51,High,ADM-00008020,DOC-00005,Dr. Veer Merchant,DEP006,General Medicine,DX001,Hypertension,Type 2 Diabetes,65,High,Readmission; Age > 70; Chronic condition; Emergency admission
17808,PAT-0017808,Pranit,Pant,Male,2023-12-15,2,1,1,1,1,13,13.0,0.0,65,1,0,0,2026-06-25 00:16:32,High,ADM-00043020,DOC-00083,Dr. Krishna Palla,DEP001,Emergency,DX009,Gastroenteritis,,65,High,Readmission; ICU admission; LOS > 10 days; Emergency admission
17985,PAT-0017985,Sanya,Brar,Male,1970-05-18,55,1,1,1,1,14,14.0,0.0,65,1,0,0,2026-04-27 16:55:11,High,ADM-00014592,DOC-00053,Dr. Gauri Rajan,DEP002,Cardiology,DX007,Coronary Artery Disease,,65,High,Readmission; ICU admission; LOS > 10 days; Emergency admission
18285,PAT-0018285,Charles,Edwin,Female,1981-12-09,43,1,1,1,1,11,11.0,0.0,65,1,0,0,2025-02-28 22:30:18,High,ADM-00033619,DOC-00068,Dr. Aarnav Barman,DEP009,ENT,DX003,Pneumonia,,65,High,Readmission; ICU admission; LOS > 10 days; Emergency admission
18949,PAT-0018949,Eesha,Swamy,Male,1951-09-17,74,1,1,0,1,10,10.0,24107.34,65,1,0,0,2025-10-19 04:44:03,High,ADM-00033473,DOC-00137,Dr. Rajata Arora,DEP005,Pediatrics,DX003,Pneumonia,,65,High,Readmission; Age > 70; ICU admission; Outstanding balance
19566,PAT-0019566,Saanvi,Wali,Female,1941-09-22,83,1,1,1,0,6,6.0,0.0,65,1,0,0,2025-06-15 03:01:12,High,ADM-00027618,DOC-00059,Dr. Indrajit Cheema,DEP005,Pediatrics,DX003,Pneumonia,Type 2 Diabetes,65,High,Readmission; Age > 70; Chronic condition; Emergency admission
19705,PAT-0019705,Niharika,Bath,Male,2001-07-27,23,1,1,1,1,14,14.0,0.0,65,1,0,0,2024-10-07 20:13:20,High,ADM-00020317,DOC-00084,Dr. Warhi Raja,DEP004,Orthopedics,DX005,Bone Fracture,,65,High,Readmission; ICU admission; LOS > 10 days; Emergency admission
19764,PAT-0019764,Bhavya,Chauhan,Male,1948-02-29,75,1,0,1,1,7,7.0,70644.68,65,1,0,0,2023-05-06 14:08:51,High,ADM-00031766,DOC-00019,Dr. Bishakha Patel,DEP003,Neurology,DX006,Migraine,Migraine,65,High,Age > 70; Chronic condition; ICU admission; Outstanding balance; Emergency admission
19777,PAT-0019777,Avi,Bhatt,Female,1948-12-11,76,1,1,1,0,4,4.0,0.0,65,1,0,0,2025-12-05 16:17:14,High,ADM-00011396,DOC-00114,Dr. Om Mangat,DEP007,Oncology,DX010,Anemia,Hypertension,65,High,Readmission; Age > 70; Chronic condition; Emergency admission
20485,PAT-0020485,Faqid,Ranganathan,Male,1931-04-16,92,1,1,1,0,5,5.0,0.0,65,1,0,0,2023-04-18 13:24:32,High,ADM-00021714,DOC-00013,Dr. Charan Murty,DEP003,Neurology,DX006,Migraine,Coronary Artery Disease,65,High,Readmission; Age > 70; Chronic condition; Emergency admission
20689,PAT-0020689,Ishanvi,Shetty,Male,1983-10-13,41,1,1,1,1,14,14.0,0.0,65,1,0,0,2025-03-08 04:53:26,High,ADM-00001402,DOC-00093,Dr. Zaitra Mahajan,DEP008,Gynecology,DX010,Anemia,,65,High,Readmission; ICU admission; LOS > 10 days; Emergency admission
20699,PAT-0020699,Max,Radhakrishnan,Female,1942-10-26,82,1,1,1,0,7,7.0,0.0,65,1,0,0,2025-04-30 09:41:33,High,ADM-00017306,DOC-00094,Dr. Hemang Thaman,DEP004,Orthopedics,DX005,Bone Fracture,Coronary Artery Disease,65,High,Readmission; Age > 70; Chronic condition; Emergency admission
21022,PAT-0021022,Nicholas,Dasgupta,Female,1953-11-22,71,1,0,0,1,11,11.0,21218.92,65,1,0,0,2025-01-29 03:12:40,High,ADM-00037634,DOC-00075,Dr. Theodore Kannan,DEP007,Oncology,DX010,Anemia,Chronic Kidney Disease,65,High,Age > 70; Chronic condition; ICU admission; LOS > 10 days; Outstanding balance
21495,PAT-0021495,Dakshesh,Varghese,Male,1964-05-02,61,1,1,1,1,11,11.0,0.0,65,1,0,0,2025-07-20 20:57:56,High,ADM-00029186,DOC-00064,Dr. Amol Gera,DEP008,Gynecology,DX010,Anemia,,65,High,Readmission; ICU admission; LOS > 10 days; Emergency admission
21741,PAT-0021741,Abha,Issac,Male,1948-10-15,77,1,1,1,0,1,1.0,0.0,65,1,0,0,2026-08-13 22:35:26,High,ADM-00001736,DOC-00006,Dr. Arin Tailor,DEP001,Emergency,DX003,Pneumonia,Type 2 Diabetes,65,High,Readmission; Age > 70; Chronic condition; Emergency admission
21767,PAT-0021767,Zehaan,Narang,Male,1946-04-26,78,1,1,1,0,3,3.0,0.0,65,1,0,0,2025-03-07 20:06:27,High,ADM-00008829,DOC-00139,Dr. Tamanna Chander,DEP008,Gynecology,DX010,Anemia,Asthma,65,High,Readmission; Age > 70; Chronic condition; Emergency admission
22755,PAT-0022755,Aishani,Sarkar,Male,1971-06-06,54,1,1,1,1,14,14.0,0.0,65,1,0,0,2025-06-19 07:03:08,High,ADM-00035821,DOC-00048,Dr. Amaira Seshadri,DEP004,Orthopedics,DX005,Bone Fracture,,65,High,Readmission; ICU admission; LOS > 10 days; Emergency admission
22954,PAT-0022954,Krishna,Bassi,Female,1937-11-17,85,1,0,1,1,6,6.0,13730.42,65,1,0,0,2023-04-04 02:02:16,High,ADM-00007936,DOC-00013,Dr. Charan Murty,DEP003,Neurology,DX006,Migraine,Chronic Kidney Disease,65,High,Age > 70; Chronic condition; ICU admission; Outstanding balance; Emergency admission
23081,PAT-0023081,Forum,Dani,Female,1953-09-08,72,1,1,1,0,5,5.0,0.0,65,1,0,0,2026-06-07 19:01:20,High,ADM-00038710,DOC-00115,Dr. Ayushman Roy,DEP002,Cardiology,DX007,Coronary Artery Disease,Coronary Artery Disease,65,High,Readmission; Age > 70; Chronic condition; Emergency admission
23220,PAT-0023220,Anusha,Gupta,Female,1938-02-16,84,1,1,1,0,7,7.0,0.0,65,1,0,0,2023-01-13 02:01:30,High,ADM-00026287,DOC-00007,Dr. Lajita Bora,DEP010,Dermatology,DX004,Asthma,Asthma,65,High,Readmission; Age > 70; Chronic condition; Emergency admission
24138,PAT-0024138,Isha,Lad,Male,2002-11-13,21,1,1,1,1,13,13.0,0.0,65,1,0,0,2024-01-05 01:12:04,High,ADM-00047795,DOC-00092,Dr. Baghyawati Shroff,DEP004,Orthopedics,DX005,Bone Fracture,,65,High,Readmission; ICU admission; LOS > 10 days; Emergency admission
24464,PAT-0024464,Girindra,Ganesh,Male,2020-06-28,5,1,1,1,1,12,12.0,0.0,65,1,0,0,2025-08-02 03:10:04,High,ADM-00020850,DOC-00047,Dr. Zaid Vohra,DEP007,Oncology,DX010,Anemia,,65,High,Readmission; ICU admission; LOS > 10 days; Emergency admission
24571,PAT-0024571,Vrinda,Nanda,Male,1951-02-21,75,1,0,0,1,14,14.0,66065.9,65,1,0,0,2026-09-08 12:10:37,High,ADM-00013163,DOC-00108,Dr. Devansh Devan,DEP005,Pediatrics,DX004,Asthma,Coronary Artery Disease,65,High,Age > 70; Chronic condition; ICU admission; LOS > 10 days; Outstanding balance
24935,PAT-0024935,Damini,Seth,Male,1936-09-18,90,1,1,1,0,7,7.0,0.0,65,1,0,0,2026-09-26 13:59:13,High,ADM-00051119,DOC-00059,Dr. Indrajit Cheema,DEP005,Pediatrics,DX003,Pneumonia,Coronary Artery Disease,65,High,Readmission; Age > 70; Chronic condition; Emergency admission
24944,PAT-0024944,Nihal,Krishna,Female,2013-08-09,10,1,1,0,1,8,8.0,12961.39,65,1,0,0,2023-09-20 14:47:39,High,ADM-00003971,DOC-00136,Dr. Elijah Rege,DEP010,Dermatology,DX004,Asthma,Type 2 Diabetes,65,High,Readmission; Chronic condition; ICU admission; Outstanding balance
24969,PAT-0024969,Rohan,Raja,Male,1931-06-19,93,1,1,1,0,4,4.0,0.0,65,1,0,0,2024-12-09 02:08:16,High,ADM-00029983,DOC-00032,Dr. Anamika Johal,DEP003,Neurology,DX006,Migraine,Chronic Kidney Disease,65,High,Readmission; Age > 70; Chronic condition; Emergency admission
5627,PAT-0005627,Krishna,Pillay,Male,1942-07-03,83,6,2,3,1,8,5.5,10267.02,65,2,4,0,2026-06-30 03:18:01,High,ADM-00048417,DOC-00030,Dr. Yamini Rau,DEP009,ENT,DX003,Pneumonia,Hypertension,60,High,Age > 70; Chronic condition; ICU admission; Emergency admission
12056,PAT-0012056,Radha,Butala,Female,1935-09-29,90,4,3,1,0,6,4.75,22650.34,65,2,2,0,2026-03-01 16:30:10,High,ADM-00038615,DOC-00150,Dr. Kamala Bhargava,DEP002,Cardiology,DX001,Hypertension,Chronic Kidney Disease,60,High,Readmission; Age > 70; Chronic condition; Outstanding balance
13267,PAT-0013267,Akshay,Bhatia,Female,1930-11-04,95,4,1,1,1,9,6.75,28279.14,65,2,2,0,2026-05-25 10:55:39,High,ADM-00034534,DOC-00067,Dr. Ijaya Zachariah,DEP008,Gynecology,DX010,Anemia,Asthma,60,High,Readmission; Age > 70; Chronic condition; Outstanding balance
24601,PAT-0024601,Samaksh,Palan,Female,1939-07-07,85,4,1,2,1,9,4.25,12573.49,65,2,2,0,2025-06-26 18:07:06,High,ADM-00037134,DOC-00098,Dr. Chatresh Batta,DEP006,General Medicine,DX003,Pneumonia,Chronic Kidney Disease,60,High,Age > 70; Chronic condition; ICU admission; Emergency admission
875,PAT-0000875,Gaurangi,Solanki,Male,1937-04-16,89,3,1,0,2,11,9.67,31169.98,65,2,1,0,2026-05-10 09:19:17,High,ADM-00046006,DOC-00071,Dr. Om Bajaj,DEP007,Oncology,DX010,Anemia,Type 2 Diabetes,60,High,Age > 70; Chronic condition; ICU admission; LOS > 10 days
2223,PAT-0002223,Nakul,Maharaj,Male,1931-06-27,95,3,0,2,2,3,1.0,22142.02,65,2,1,0,2026-09-24 14:44:51,High,ADM-00050560,DOC-00121,Dr. Falguni Kumar,DEP004,Orthopedics,DX005,Bone Fracture,Chronic Kidney Disease,60,High,Age > 70; Chronic condition; ICU admission; Emergency admission
4657,PAT-0004657,Kashish,Mandal,Male,1932-11-19,93,3,2,1,0,7,4.33,12036.72,65,2,1,0,2026-09-14 21:25:02,High,ADM-00023035,DOC-00028,Dr. Samesh Arora,DEP006,General Medicine,DX001,Hypertension,Chronic Kidney Disease,60,High,Readmission; Age > 70; Chronic condition; Outstanding balance
6080,PAT-0006080,Nisha,Bedi,Female,1938-01-02,87,3,2,1,1,13,5.67,0.0,65,2,1,0,2025-11-21 00:20:48,High,ADM-00042357,DOC-00048,Dr. Amaira Seshadri,DEP004,Orthopedics,DX005,Bone Fracture,Hypertension,60,High,Age > 70; Chronic condition; ICU admission; LOS > 10 days
18736,PAT-0018736,Nachiket,Mannan,Female,1941-11-04,84,3,0,2,2,9,6.0,39818.36,65,2,1,0,2026-03-03 01:08:56,High,ADM-00045355,DOC-00031,Dr. Nathan Iyengar,DEP004,Orthopedics,DX005,Bone Fracture,Migraine,60,High,Age > 70; Chronic condition; ICU admission; Emergency admission
24244,PAT-0024244,Lakshmi,Sodhi,Male,1946-10-28,79,3,2,1,0,5,2.33,1178.26,65,2,1,0,2025-12-31 19:49:40,High,ADM-00020974,DOC-00077,Dr. Anirudh Chaudhuri,DEP003,Neurology,DX006,Migraine,Migraine,60,High,Readmission; Age > 70; Chronic condition; Outstanding balance
3674,PAT-0003674,Vivaan,Mukherjee,Female,1942-01-15,82,2,2,1,0,7,4.0,78012.9,65,2,0,0,2024-12-28 03:59:24,High,ADM-00027761,DOC-00012,Dr. Abha Mandal,DEP004,Orthopedics,DX005,Bone Fracture,Type 2 Diabetes,60,High,Readmission; Age > 70; Chronic condition; Outstanding balance
18748,PAT-0018748,Warhi,Shroff,Female,1995-12-04,30,2,2,1,2,14,13.0,9694.26,65,2,0,0,2026-02-23 06:16:02,High,ADM-00046571,DOC-00115,Dr. Ayushman Roy,DEP002,Cardiology,DX007,Coronary Artery Disease,,60,High,Readmission; ICU admission; LOS > 10 days; Outstanding balance
22169,PAT-0022169,Devika,Hans,Male,1935-07-04,90,2,2,1,0,5,4.0,20933.85,65,2,0,0,2026-05-04 13:45:02,High,ADM-00018986,DOC-00051,Dr. Ekta Pai,DEP008,Gynecology,DX010,Anemia,Hypertension,60,High,Readmission; Age > 70; Chronic condition; Outstanding balance
23903,PAT-0023903,Simon,Mukhopadhyay,Female,1946-05-23,78,2,0,1,2,12,10.0,9912.77,65,2,0,0,2024-09-28 07:08:55,High,ADM-00017200,DOC-00118,Dr. Aadhya Prashad,DEP009,ENT,DX003,Pneumonia,Chronic Kidney Disease,60,High,Age > 70; Chronic condition; ICU admission; LOS > 10 days
7357,PAT-0007357,Sathvik,Mane,Female,2018-05-30,7,7,5,2,2,15,5.29,9478.12,65,1,2,4,2026-02-09 10:21:01,High,ADM-00028998,DOC-00094,Dr. Hemang Thaman,DEP004,Orthopedics,DX005,Bone Fracture,,55,Medium,Readmission; ICU admission; Emergency admission
4490,PAT-0004490,Yauvani,Choudhry,Female,1947-03-01,79,6,2,2,2,6,3.33,47462.11,65,1,5,0,2026-09-24 22:17:33,High,ADM-00050483,DOC-00130,Dr. Ekantika Virk,DEP003,Neurology,DX006,Migraine,Asthma,55,Medium,Age > 70; Chronic condition; ICU admission; Outstanding balance
8712,PAT-0008712,Sarthak,Chhabra,Male,1943-10-10,82,6,4,1,1,6,3.17,24908.38,65,1,5,0,2026-09-21 02:15:46,High,ADM-00019612,DOC-00047,Dr. Zaid Vohra,DEP007,Oncology,DX010,Anemia,Type 2 Diabetes,55,Medium,Readmission; Age > 70; Chronic condition
2025,PAT-0002025,Jason,Prakash,Female,1954-05-11,72,4,1,1,1,6,3.5,12314.78,65,1,3,0,2026-07-31 22:59:52,High,ADM-00023640,DOC-00026,Dr. Jagrati Borde,DEP003,Neurology,DX006,Migraine,Migraine,55,Medium,Readmission; Age > 70; Chronic condition
19716,PAT-0019716,Urvashi,Nayar,Male,1931-08-10,94,4,1,1,2,11,6.25,48950.39,65,2,2,0,2025-10-10 08:20:06,High,ADM-00047505,DOC-00102,Dr. Yahvi Jain,DEP001,Emergency,DX003,Pneumonia,Hypertension,55,Medium,Readmission; Age > 70; Chronic condition
21800,PAT-0021800,Jairaj,Sood,Male,1950-07-09,76,4,2,2,0,5,2.75,7585.9,65,1,3,0,2026-09-16 09:29:18,High,ADM-00010341,DOC-00131,Dr. Yahvi Raja,DEP007,Oncology,DX010,Anemia,Asthma,55,Medium,Readmission; Age > 70; Chronic condition
841,PAT-0000841,Ishita,Sarkar,Female,1940-01-19,86,3,2,1,0,6,5.67,8679.43,65,1,2,0,2026-03-06 15:08:46,High,ADM-00018483,DOC-00132,Dr. Shravya Ramanathan,DEP008,Gynecology,DX010,Anemia,Type 2 Diabetes,55,Medium,Readmission; Age > 70; Chronic condition
1196,PAT-0001196,Xiti,Ahuja,Male,2007-07-23,18,3,3,3,2,12,7.67,0.0,65,1,2,0,2026-04-18 10:28:41,High,ADM-00012572,DOC-00146,Dr. Bhanumati Minhas,DEP008,Gynecology,DX010,Anemia,,55,Medium,Readmission; ICU admission; Emergency admission
1805,PAT-0001805,Krisha,Dhar,Female,1931-03-12,94,3,2,1,0,5,4.0,0.0,65,1,2,0,2026-02-12 22:27:17,High,ADM-00037651,DOC-00010,Dr. Laban Kala,DEP009,ENT,DX003,Pneumonia,Coronary Artery Disease,55,Medium,Readmission; Age > 70; Chronic condition
2703,PAT-0002703,Chameli,Bir,Male,1939-06-18,86,3,1,1,1,9,4.33,12931.13,65,1,2,0,2026-03-11 04:38:12,High,ADM-00047160,DOC-00047,Dr. Zaid Vohra,DEP007,Oncology,DX010,Anemia,Asthma,55,Medium,Readmission; Age > 70; Chronic condition
15249,PAT-0015249,Ikshita,Sarraf,Female,1933-07-14,92,3,1,1,1,6,4.33,70920.15,65,1,2,0,2026-04-22 07:35:51,High,ADM-00039871,DOC-00149,Dr. Viraj Nair,DEP006,General Medicine,DX002,Type 2 Diabetes,Asthma,55,Medium,Readmission; Age > 70; Chronic condition
16731,PAT-0016731,Dhruv,Anand,Female,1951-04-23,74,3,2,1,0,4,2.67,0.0,65,1,2,0,2025-12-20 05:36:00,High,ADM-00022582,DOC-00149,Dr. Viraj Nair,DEP006,General Medicine,DX010,Anemia,Hypertension,55,Medium,Readmission; Age > 70; Chronic condition
19687,PAT-0019687,Mohini,Ramachandran,Female,1943-05-17,83,3,2,1,0,6,3.33,0.0,65,1,2,0,2026-06-10 23:47:58,High,ADM-00001389,DOC-00101,Dr. Janya Biswas,DEP005,Pediatrics,DX003,Pneumonia,Coronary Artery Disease,55,Medium,Readmission; Age > 70; Chronic condition
21908,PAT-0021908,Nidhi,Bhasin,Male,1950-12-24,74,3,3,1,0,2,2.0,1775.43,65,2,1,0,2025-12-14 05:09:03,High,ADM-00002783,DOC-00078,Dr. Yatan Balay,DEP006,General Medicine,DX003,Pneumonia,Asthma,55,Medium,Readmission; Age > 70; Chronic condition
24655,PAT-0024655,Zayan,Keer,Female,1931-11-10,94,3,2,1,0,5,3.67,0.0,65,1,2,0,2026-08-25 22:50:38,High,ADM-00008400,DOC-00056,Dr. Amaira Pal,DEP004,Orthopedics,DX005,Bone Fracture,Chronic Kidney Disease,55,Medium,Readmission; Age > 70; Chronic condition
1173,PAT-0001173,Leena,Sama,Male,1936-01-03,90,2,1,0,1,11,6.5,24340.86,65,1,1,0,2026-09-19 23:57:05,High,ADM-00025772,DOC-00045,Dr. Bhavini Maharaj,DEP003,Neurology,DX006,Migraine,Coronary Artery Disease,55,Medium,Readmission; Age > 70; Chronic condition
7627,PAT-0007627,Sara,Khurana,Male,1931-03-25,94,2,1,1,1,9,6.0,42727.23,65,1,1,0,2025-11-10 19:46:41,High,ADM-00031168,DOC-00102,Dr. Yahvi Jain,DEP001,Emergency,DX009,Gastroenteritis,Migraine,55,Medium,Readmission; Age > 70; Chronic condition
24494,PAT-0024494,Patrick,Mani,Male,1947-02-28,79,2,2,1,0,6,4.5,0.0,65,1,1,0,2026-06-20 16:21:24,High,ADM-00022417,DOC-00006,Dr. Arin Tailor,DEP001,Emergency,DX009,Gastroenteritis,Coronary Artery Disease,55,Medium,Readmission; Age > 70; Chronic condition
17795,PAT-0017795,Finn,Srivastava,Male,1934-03-18,92,6,2,2,1,6,4.17,11404.55,65,2,4,0,2026-09-25 20:31:21,High,ADM-00050272,DOC-00042,Dr. Harrison Dora,DEP002,Cardiology,DX007,Coronary Artery Disease,Migraine,50,Medium,Age > 70; Chronic condition; ICU admission
21037,PAT-0021037,Ishani,Sathe,Female,1963-07-26,62,6,3,1,4,11,7.83,137930.9,65,1,3,2,2026-03-20 07:53:10,High,ADM-00043094,DOC-00093,Dr. Zaitra Mahajan,DEP008,Gynecology,DX010,Anemia,,50,Medium,Readmission; ICU admission; Outstanding balance
6231,PAT-0006231,Lopa,Trivedi,Female,1938-04-27,88,3,1,2,1,10,5.67,0.0,65,1,2,0,2026-07-29 09:54:06,High,ADM-00034137,DOC-00005,Dr. Veer Merchant,DEP006,General Medicine,DX009,Gastroenteritis,Coronary Artery Disease,50,Medium,Age > 70; Chronic condition; ICU admission
15428,PAT-0015428,Kashvi,Tata,Female,1939-10-04,84,2,2,1,1,9,7.5,131963.48,65,1,1,0,2024-07-26 21:56:17,High,ADM-00025031,DOC-00047,Dr. Zaid Vohra,DEP007,Oncology,DX010,Anemia,,50,Medium,Readmission; Age > 70; Emergency admission
16364,PAT-0016364,Darpan,Toor,Male,2010-06-09,13,2,2,1,1,9,7.5,91923.12,65,1,1,0,2024-02-23 13:30:13,High,ADM-00010839,DOC-00093,Dr. Zaitra Mahajan,DEP008,Gynecology,DX010,Anemia,Hypertension,50,Medium,Readmission; Chronic condition; Emergency admission
7178,PAT-0007178,Ojasvi,Morar,Female,1950-01-22,74,4,1,1,2,11,5.25,5677.18,65,1,1,2,2024-11-09 16:46:25,High,ADM-00002017,DOC-00113,Dr. Nandini Anand,DEP003,Neurology,DX006,Migraine,,45,Medium,Age > 70; ICU admission; LOS > 10 days
10542,PAT-0010542,Andrew,Lanka,Female,1949-09-25,75,4,1,1,1,11,4.5,83505.38,65,2,2,0,2024-12-01 01:36:13,High,ADM-00041663,DOC-00048,Dr. Amaira Seshadri,DEP004,Orthopedics,DX005,Bone Fracture,Chronic Kidney Disease,45,Medium,Age > 70; Chronic condition; Outstanding balance; Emergency admission
15640,PAT-0015640,Abhimanyu,Arora,Male,1947-01-06,79,4,1,3,0,5,4.25,34549.66,65,1,3,0,2026-01-13 10:11:21,High,ADM-00003012,DOC-00114,Dr. Om Mangat,DEP007,Oncology,DX010,Anemia,Type 2 Diabetes,45,Medium,Age > 70; Chronic condition; Outstanding balance; Emergency admission
1445,PAT-0001445,Adya,Ramanathan,Male,1940-11-29,84,3,1,2,0,2,1.67,56769.82,65,1,2,0,2025-02-20 18:25:42,High,ADM-00041133,DOC-00085,Dr. Mekhala Mangat,DEP006,General Medicine,DX001,Hypertension,Hypertension,45,Medium,Age > 70; Chronic condition; Outstanding balance; Emergency admission
8278,PAT-0008278,Daksha,Kurian,Female,1962-08-27,62,3,1,0,3,11,8.67,33638.61,65,1,2,0,2025-06-23 22:45:04,High,ADM-00008673,DOC-00013,Dr. Charan Murty,DEP003,Neurology,DX006,Migraine,Hypertension,45,Medium,Chronic condition; ICU admission; LOS > 10 days
8466,PAT-0008466,Sanaya,Chopra,Male,1947-06-29,78,3,1,2,0,7,5.67,1535.6,65,1,2,0,2026-02-26 21:42:10,High,ADM-00048552,DOC-00120,Dr. Alexander Gulati,DEP010,Dermatology,DX004,Asthma,Coronary Artery Disease,45,Medium,Age > 70; Chronic condition; Outstanding balance; Emergency admission
11334,PAT-0011334,Charles,Thaker,Male,1943-12-12,81,3,2,2,0,5,4.0,5915.55,65,1,2,0,2025-07-28 02:16:55,High,ADM-00044152,DOC-00112,Dr. Manan Saran,DEP010,Dermatology,DX004,Asthma,Hypertension,45,Medium,Age > 70; Chronic condition; Outstanding balance; Emergency admission
12093,PAT-0012093,Abeer,Patil,Male,1939-02-28,87,3,1,2,0,5,2.33,16929.82,65,1,2,0,2026-09-25 15:04:00,High,ADM-00050281,DOC-00116,Dr. Michael Pandya,DEP007,Oncology,DX010,Anemia,Type 2 Diabetes,45,Medium,Age > 70; Chronic condition; Outstanding balance; Emergency admission
1127,PAT-0001127,Gopal,Palla,Female,1938-03-27,87,2,1,2,0,5,3.5,11205.17,65,1,1,0,2025-06-05 20:25:24,High,ADM-00040128,DOC-00050,Dr. Nathaniel Shan,DEP006,General Medicine,DX009,Gastroenteritis,Hypertension,45,Medium,Age > 70; Chronic condition; Outstanding balance; Emergency admission
1419,PAT-0001419,Kashvi,Kala,Male,1938-04-06,87,2,0,2,1,8,7.0,59823.75,65,1,1,0,2026-01-17 02:01:12,High,ADM-00041606,DOC-00020,Dr. Chatresh Viswanathan,DEP006,General Medicine,DX002,Type 2 Diabetes,Asthma,45,Medium,Age > 70; Chronic condition; Outstanding balance; Emergency admission
13930,PAT-0013930,Nandini,Ganesan,Female,1986-04-09,38,2,2,0,1,9,8.0,40722.59,65,1,1,0,2024-05-21 21:22:50,High,ADM-00006272,DOC-00121,Dr. Falguni Kumar,DEP004,Orthopedics,DX005,Bone Fracture,Asthma,45,Medium,Readmission; Chronic condition; Outstanding balance
3590,PAT-0003590,Ayushman,Chahal,Female,1951-10-24,74,6,3,2,0,7,5.83,23982.85,65,2,4,0,2026-05-11 21:38:24,High,ADM-00030920,DOC-00119,Dr. Reva Sidhu,DEP003,Neurology,DX006,Migraine,Type 2 Diabetes,40,Medium,Age > 70; Chronic condition; Emergency admission
21320,PAT-0021320,Rehaan,Sehgal,Male,1935-02-05,91,6,0,2,2,11,5.5,38651.43,65,1,5,0,2026-09-25 04:45:25,High,ADM-00051036,DOC-00054,Dr. Abhimanyu Buch,DEP001,Emergency,DX005,Bone Fracture,Migraine,40,Medium,Age > 70; Chronic condition; Emergency admission
6008,PAT-0006008,Leena,Nagar,Male,1942-07-21,83,5,2,3,0,7,4.8,0.0,65,2,3,0,2025-08-13 14:05:51,High,ADM-00002608,DOC-00058,Dr. Jackson Jhaveri,DEP002,Cardiology,DX007,Coronary Artery Disease,Hypertension,40,Medium,Age > 70; Chronic condition; Emergency admission
14184,PAT-0014184,Ekiya,Sankar,Male,1950-10-13,75,5,2,3,0,6,3.4,74554.41,65,2,3,0,2026-08-21 13:00:05,High,ADM-00033802,DOC-00021,Dr. Umang Vaidya,DEP002,Cardiology,DX007,Coronary Artery Disease,Migraine,40,Medium,Age > 70; Chronic condition; Emergency admission
20002,PAT-0020002,Jacob,Loyal,Male,1941-11-03,83,5,1,2,0,7,5.4,5353.56,65,1,4,0,2025-09-28 13:10:59,High,ADM-00017525,DOC-00086,Dr. Rehaan Lanka,DEP001,Emergency,DX005,Bone Fracture,Hypertension,40,Medium,Age > 70; Chronic condition; Emergency admission
21387,PAT-0021387,Vidhi,Shere,Male,1977-11-02,48,5,4,2,1,11,5.8,20208.65,65,1,2,2,2026-05-27 23:26:03,High,ADM-00012977,DOC-00060,Dr. Bhavya Kulkarni,DEP005,Pediatrics,DX003,Pneumonia,,40,Medium,Readmission; Outstanding balance; Emergency admission
2080,PAT-0002080,Yashawini,Golla,Female,1945-11-13,79,4,2,2,0,6,4.5,36089.6,65,2,2,0,2025-06-21 00:24:37,High,ADM-00032926,DOC-00019,Dr. Bishakha Patel,DEP003,Neurology,DX006,Migraine,Asthma,40,Medium,Age > 70; Chronic condition; Emergency admission
5451,PAT-0005451,Janaki,Sen,Male,1934-11-15,90,4,1,2,0,7,4.5,0.0,65,1,3,0,2025-10-12 14:01:04,High,ADM-00001932,DOC-00082,Dr. Dhriti Devi,DEP006,General Medicine,DX009,Gastroenteritis,Type 2 Diabetes,40,Medium,Age > 70; Chronic condition; Emergency admission
6106,PAT-0006106,Gautami,Aurora,Male,1936-03-20,90,4,2,2,0,7,4.75,3939.95,65,1,3,0,2026-04-02 02:20:05,High,ADM-00024901,DOC-00090,Dr. Lohit Upadhyay,DEP007,Oncology,DX010,Anemia,Chronic Kidney Disease,40,Medium,Age > 70; Chronic condition; Emergency admission
9803,PAT-0009803,Jhalak,Gara,Female,1946-04-05,78,4,0,1,1,11,6.75,38423.77,65,1,3,0,2024-06-23 04:25:02,High,ADM-00045897,DOC-00105,Dr. Ekapad Pal,DEP002,Cardiology,DX007,Coronary Artery Disease,Migraine,40,Medium,Age > 70; Chronic condition; Emergency admission
21828,PAT-0021828,Neha,Bhatti,Male,1950-09-24,74,4,1,3,0,7,3.25,0.0,65,1,3,0,2025-01-11 00:12:14,High,ADM-00022413,DOC-00103,Dr. Jasmit Krishnan,DEP002,Cardiology,DX007,Coronary Artery Disease,Chronic Kidney Disease,40,Medium,Age > 70; Chronic condition; Emergency admission
4958,PAT-0004958,Ranveer,Ravi,Male,1945-02-28,81,3,1,2,0,7,5.0,0.0,65,1,2,0,2026-08-19 06:39:33,High,ADM-00009913,DOC-00080,Dr. Kabir Wadhwa,DEP001,Emergency,DX005,Bone Fracture,Migraine,40,Medium,Age > 70; Chronic condition; Emergency admission
8444,PAT-0008444,Teerth,Mody,Female,1944-01-06,82,3,2,2,0,7,5.67,0.0,65,1,2,0,2026-06-09 14:48:03,High,ADM-00013144,DOC-00086,Dr. Rehaan Lanka,DEP001,Emergency,DX005,Bone Fracture,Coronary Artery Disease,40,Medium,Age > 70; Chronic condition; Emergency admission
8680,PAT-0008680,Christopher,Chad,Male,1940-08-05,86,3,0,1,2,12,8.0,128915.32,65,1,2,0,2026-09-01 21:51:08,High,ADM-00025341,DOC-00138,Dr. Urishilla Panchal,DEP003,Neurology,DX006,Migraine,Coronary Artery Disease,40,Medium,Age > 70; Chronic condition; Emergency admission
10864,PAT-0010864,Ishwar,Dhillon,Female,1936-03-18,90,3,1,3,0,3,2.0,0.0,65,1,2,0,2026-05-29 18:07:46,High,ADM-00038482,DOC-00058,Dr. Jackson Jhaveri,DEP002,Cardiology,DX001,Hypertension,Coronary Artery Disease,40,Medium,Age > 70; Chronic condition; Emergency admission
11494,PAT-0011494,Madhav,Raj,Male,1985-02-01,40,3,3,0,1,9,7.0,94579.27,65,1,2,0,2025-08-19 01:20:10,High,ADM-00019947,DOC-00049,Dr. Anjali Patla,DEP004,Orthopedics,DX005,Bone Fracture,Hypertension,40,Medium,Readmission; Chronic condition
11801,PAT-0011801,Azad,Sundaram,Female,1943-10-10,82,3,1,3,1,7,4.67,0.0,65,2,1,0,2026-04-19 06:10:03,High,ADM-00041253,DOC-00124,Dr. Krishna Modi,DEP007,Oncology,DX010,Anemia,Chronic Kidney Disease,40,Medium,Age > 70; Chronic condition; Emergency admission
13910,PAT-0013910,Zashil,Gandhi,Male,1935-10-31,90,3,1,3,0,6,5.33,0.0,65,1,2,0,2026-08-05 23:17:42,High,ADM-00032128,DOC-00024,Dr. Fariq Sangha,DEP001,Emergency,DX005,Bone Fracture,Hypertension,40,Medium,Age > 70; Chronic condition; Emergency admission
19023,PAT-0019023,Saumya,Gaba,Male,2014-02-14,11,3,1,3,3,14,12.0,0.0,65,1,2,0,2025-06-02 12:13:43,High,ADM-00036389,DOC-00104,Dr. Damini Venkatesh,DEP005,Pediatrics,DX003,Pneumonia,,40,Medium,ICU admission; LOS > 10 days; Emergency admission
4217,PAT-0004217,Brijesh,Chander,Female,1946-04-23,79,2,1,2,0,7,6.5,0.0,65,1,1,0,2025-08-15 06:44:24,High,ADM-00029534,DOC-00025,Dr. Daksh Madan,DEP001,Emergency,DX005,Bone Fracture,Chronic Kidney Disease,40,Medium,Age > 70; Chronic condition; Emergency admission
12870,PAT-0012870,Chandani,Butala,Male,1949-01-23,76,2,0,1,1,14,9.5,20185.98,65,1,1,0,2026-01-16 21:24:23,High,ADM-00033917,DOC-00067,Dr. Ijaya Zachariah,DEP008,Gynecology,DX010,Anemia,Asthma,40,Medium,Age > 70; Chronic condition; Emergency admission
18575,PAT-0018575,Quincy,Prashad,Male,1968-06-26,57,2,2,0,1,10,6.5,67205.07,65,1,1,0,2026-02-06 15:32:01,High,ADM-00008128,DOC-00021,Dr. Umang Vaidya,DEP002,Cardiology,DX001,Hypertension,Coronary Artery Disease,40,Medium,Readmission; Chronic condition
22790,PAT-0022790,Chandran,Soni,Male,1940-12-02,82,2,1,2,0,5,3.5,0.0,65,1,1,0,2023-04-05 20:54:55,High,ADM-00024922,DOC-00121,Dr. Falguni Kumar,DEP004,Orthopedics,DX005,Bone Fracture,Chronic Kidney Disease,40,Medium,Age > 70; Chronic condition; Emergency admission
24304,PAT-0024304,Yadavi,Kamdar,Male,1952-10-29,72,2,1,2,0,5,3.0,0.0,65,1,1,0,2025-03-02 20:39:06,High,ADM-00008924,DOC-00062,Dr. Raghav Sampath,DEP003,Neurology,DX006,Migraine,Coronary Artery Disease,40,Medium,Age > 70; Chronic condition; Emergency admission
20928,PAT-0020928,Chanakya,Chatterjee,Male,1951-09-01,75,7,1,2,2,9,4.71,294249.85,65,2,5,0,2026-09-24 14:25:33,High,ADM-00050602,DOC-00088,Dr. Girindra Varty,DEP009,ENT,DX003,Pneumonia,Type 2 Diabetes,35,Medium,Age > 70; Chronic condition; Outstanding balance
1192,PAT-0001192,Sanaya,Gulati,Female,1941-08-10,84,6,3,1,1,7,4.67,57962.08,65,2,4,0,2026-06-21 13:50:05,High,ADM-00004012,DOC-00031,Dr. Nathan Iyengar,DEP004,Orthopedics,DX005,Bone Fracture,Coronary Artery Disease,35,Medium,Age > 70; Chronic condition; Outstanding balance
3228,PAT-0003228,Samar,Prabhu,Female,1952-09-17,73,6,0,2,1,8,3.5,131459.74,65,1,5,0,2026-01-30 15:44:19,High,ADM-00016352,DOC-00134,Dr. Chatura Dey,DEP005,Pediatrics,DX004,Asthma,Type 2 Diabetes,35,Medium,Age > 70; Chronic condition; Outstanding balance
4945,PAT-0004945,Chatura,Boase,Male,1940-11-30,85,6,1,1,1,7,4.33,20991.75,65,1,5,0,2026-06-29 11:23:52,High,ADM-00018800,DOC-00053,Dr. Gauri Rajan,DEP002,Cardiology,DX007,Coronary Artery Disease,Hypertension,35,Medium,Age > 70; Chronic condition; Outstanding balance
5600,PAT-0005600,Laksh,Sarna,Male,1952-07-20,73,5,1,1,2,7,4.8,41243.01,65,1,1,3,2026-01-13 05:58:53,High,ADM-00007019,DOC-00099,Dr. Eiravati Goda,DEP001,Emergency,DX003,Pneumonia,,35,Medium,Age > 70; ICU admission
11022,PAT-0011022,Sneha,Nagy,Male,1942-01-07,84,5,1,1,0,5,2.2,44657.76,65,1,4,0,2026-01-20 20:31:34,High,ADM-00027665,DOC-00092,Dr. Baghyawati Shroff,DEP004,Orthopedics,DX005,Bone Fracture,Hypertension,35,Medium,Age > 70; Chronic condition; Outstanding balance
19043,PAT-0019043,Rishi,Prasad,Female,1938-11-26,87,5,1,1,0,7,5.0,9556.88,65,1,4,0,2026-08-26 14:49:01,High,ADM-00032502,DOC-00052,Dr. Vaishnavi Balay,DEP004,Orthopedics,DX005,Bone Fracture,Chronic Kidney Disease,35,Medium,Age > 70; Chronic condition; Outstanding balance
23806,PAT-0023806,Janya,Khurana,Female,1941-09-03,83,5,1,1,1,10,6.4,8222.27,65,1,4,0,2025-06-15 04:31:46,High,ADM-00029306,DOC-00094,Dr. Hemang Thaman,DEP004,Orthopedics,DX005,Bone Fracture,Hypertension,35,Medium,Age > 70; Chronic condition; Outstanding balance
1823,PAT-0001823,Yachana,Chana,Female,1945-09-13,80,4,1,1,0,7,3.75,14038.23,65,1,3,0,2025-12-12 15:32:01,High,ADM-00042419,DOC-00121,Dr. Falguni Kumar,DEP004,Orthopedics,DX005,Bone Fracture,Migraine,35,Medium,Age > 70; Chronic condition; Outstanding balance
4092,PAT-0004092,Nimrat,Bakshi,Female,1941-02-24,84,4,0,1,1,7,4.25,109707.73,65,1,3,0,2025-03-12 07:31:50,High,ADM-00039750,DOC-00052,Dr. Vaishnavi Balay,DEP004,Orthopedics,DX005,Bone Fracture,Coronary Artery Disease,35,Medium,Age > 70; Chronic condition; Outstanding balance
10563,PAT-0010563,Noah,Shroff,Male,1937-04-08,88,4,0,1,2,8,5.0,180087.99,65,1,3,0,2025-08-11 11:01:48,High,ADM-00020420,DOC-00046,Dr. Umang Konda,DEP002,Cardiology,DX007,Coronary Artery Disease,Hypertension,35,Medium,Age > 70; Chronic condition; Outstanding balance
11713,PAT-0011713,Wazir,Hayer,Female,1944-11-10,81,4,0,1,2,8,5.75,31510.72,65,1,3,0,2026-09-17 19:18:36,High,ADM-00032182,DOC-00068,Dr. Aarnav Barman,DEP009,ENT,DX003,Pneumonia,Type 2 Diabetes,35,Medium,Age > 70; Chronic condition; Outstanding balance
13496,PAT-0013496,Quincy,Aurora,Male,2000-01-12,26,4,2,3,1,12,5.75,0.0,65,1,1,2,2026-04-30 20:13:07,High,ADM-00020178,DOC-00098,Dr. Chatresh Batta,DEP006,General Medicine,DX001,Hypertension,,35,Medium,Readmission; Emergency admission
14275,PAT-0014275,Saksham,Lala,Male,1931-09-24,95,4,1,2,0,5,3.25,163228.75,65,1,3,0,2026-09-24 00:39:07,High,ADM-00050729,DOC-00087,Dr. Zilmil Gade,DEP007,Oncology,DX010,Anemia,Asthma,35,Medium,Age > 70; Chronic condition; Outstanding balance
14749,PAT-0014749,Yashawini,Sabharwal,Female,1933-03-03,93,4,1,1,1,6,3.75,1262.7,65,1,3,0,2026-04-19 18:53:46,High,ADM-00049045,DOC-00097,Dr. Nisha Dhillon,DEP008,Gynecology,DX010,Anemia,Hypertension,35,Medium,Age > 70; Chronic condition; Outstanding balance
16209,PAT-0016209,Laksh,Kaul,Female,1988-03-10,37,4,2,2,1,11,4.75,6610.11,65,1,1,2,2025-06-03 13:57:06,High,ADM-00015711,DOC-00066,Dr. Sanya Arya,DEP009,ENT,DX003,Pneumonia,,35,Medium,Readmission; Emergency admission
19529,PAT-0019529,Qushi,Shetty,Female,1942-03-11,81,4,2,1,0,7,4.25,4017.73,65,1,3,0,2024-02-12 01:26:52,High,ADM-00025674,DOC-00136,Dr. Elijah Rege,DEP010,Dermatology,DX004,Asthma,Chronic Kidney Disease,35,Medium,Age > 70; Chronic condition; Outstanding balance
24199,PAT-0024199,Wriddhish,Deshmukh,Female,1961-12-07,63,4,1,0,3,5,4.5,14549.65,65,1,2,1,2025-03-16 11:21:22,High,ADM-00005058,DOC-00029,Dr. Unnati Mall,DEP005,Pediatrics,DX010,Anemia,Migraine,35,Medium,Chronic condition; ICU admission
24773,PAT-0024773,Daniel,Sheth,Female,1936-09-05,90,4,0,1,1,5,2.0,126493.91,65,1,3,0,2026-09-24 22:25:47,High,ADM-00050506,DOC-00079,Dr. Warinder Sarin,DEP008,Gynecology,DX010,Anemia,Type 2 Diabetes,35,Medium,Age > 70; Chronic condition; Outstanding balance
588,PAT-0000588,Harish,Contractor,Male,1996-05-06,29,3,2,2,1,11,5.67,10530.26,65,1,1,1,2025-06-21 11:09:01,High,ADM-00007328,DOC-00054,Dr. Abhimanyu Buch,DEP001,Emergency,DX003,Pneumonia,,35,Medium,Readmission; Emergency admission
987,PAT-0000987,Omkaar,Nagarajan,Female,1932-04-21,94,3,1,1,0,7,7.0,39676.7,65,1,2,0,2026-07-09 13:24:43,High,ADM-00034911,DOC-00146,Dr. Bhanumati Minhas,DEP008,Gynecology,DX010,Anemia,Type 2 Diabetes,35,Medium,Age > 70; Chronic condition; Outstanding balance
1655,PAT-0001655,Darika,Ghose,Female,1947-07-06,79,3,0,0,1,11,6.33,54947.52,65,1,2,0,2026-08-08 14:31:00,High,ADM-00017150,DOC-00125,Dr. Robert Murthy,DEP010,Dermatology,DX004,Asthma,Chronic Kidney Disease,35,Medium,Age > 70; Chronic condition; Outstanding balance
12021,PAT-0012021,Forum,Sarkar,Female,1947-09-01,77,3,0,0,1,13,7.67,71134.88,65,1,2,0,2024-12-30 21:49:48,High,ADM-00005550,DOC-00117,Dr. Vrishti Bedi,DEP007,Oncology,DX010,Anemia,Asthma,35,Medium,Age > 70; Chronic condition; Outstanding balance
12309,PAT-0012309,Saumya,Manne,Female,1978-09-03,46,3,2,2,1,15,6.67,0.0,65,1,1,1,2025-07-28 12:43:34,High,ADM-00039558,DOC-00131,Dr. Yahvi Raja,DEP007,Oncology,DX010,Anemia,,35,Medium,Readmission; Emergency admission
13240,PAT-0013240,Jhalak,Malhotra,Male,1934-02-08,89,3,1,1,0,3,2.33,5000.36,65,1,2,0,2023-12-25 22:31:26,High,ADM-00036770,DOC-00083,Dr. Krishna Palla,DEP001,Emergency,DX005,Bone Fracture,Hypertension,35,Medium,Age > 70; Chronic condition; Outstanding balance
13547,PAT-0013547,Xiti,Venkatesh,Female,1942-01-02,83,3,0,0,1,15,8.33,51934.87,65,1,2,0,2025-11-05 07:47:38,High,ADM-00047592,DOC-00122,Dr. Nakul Pathak,DEP005,Pediatrics,DX003,Pneumonia,Type 2 Diabetes,35,Medium,Age > 70; Chronic condition; Outstanding balance
18067,PAT-0018067,Lekha,Naik,Female,1941-05-01,84,3,1,1,0,3,2.0,13006.66,65,1,2,0,2026-02-11 09:07:38,High,ADM-00017632,DOC-00019,Dr. Bishakha Patel,DEP003,Neurology,DX006,Migraine,Type 2 Diabetes,35,Medium,Age > 70; Chronic condition; Outstanding balance
23961,PAT-0023961,Vyanjana,Brar,Female,1951-06-09,74,3,1,1,0,6,3.67,23615.33,65,1,2,0,2025-09-11 17:10:03,High,ADM-00011840,DOC-00014,Dr. Chaitanya Buch,DEP004,Orthopedics,DX005,Bone Fracture,Migraine,35,Medium,Age > 70; Chronic condition; Outstanding balance
3460,PAT-0003460,Harita,Shanker,Male,1944-01-19,82,2,1,1,0,7,5.0,20819.21,65,1,1,0,2026-09-09 21:07:27,High,ADM-00038058,DOC-00103,Dr. Jasmit Krishnan,DEP002,Cardiology,DX001,Hypertension,Coronary Artery Disease,35,Medium,Age > 70; Chronic condition; Outstanding balance
4878,PAT-0004878,Chandresh,Ramesh,Male,1950-11-23,74,2,1,1,0,7,5.0,5351.05,65,1,1,0,2024-12-05 15:03:29,High,ADM-00019254,DOC-00133,Dr. Vritti Cheema,DEP002,Cardiology,DX001,Hypertension,Type 2 Diabetes,35,Medium,Age > 70; Chronic condition; Outstanding balance
9262,PAT-0009262,Yashodhara,Kadakia,Male,1937-08-21,87,2,0,1,1,8,7.5,56922.81,65,1,1,0,2025-04-14 03:10:20,High,ADM-00018012,DOC-00058,Dr. Jackson Jhaveri,DEP002,Cardiology,DX001,Hypertension,Chronic Kidney Disease,35,Medium,Age > 70; Chronic condition; Outstanding balance
10813,PAT-0010813,Aashi,Bose,Male,1937-11-24,87,2,0,1,1,9,5.5,75988.24,65,1,1,0,2025-09-12 12:13:04,High,ADM-00022063,DOC-00136,Dr. Elijah Rege,DEP010,Dermatology,DX004,Asthma,Migraine,35,Medium,Age > 70; Chronic condition; Outstanding balance
12269,PAT-0012269,Gunbir,Samra,Male,1931-10-14,93,2,1,1,0,6,5.5,12184.99,65,1,1,0,2025-06-26 04:15:17,High,ADM-00025172,DOC-00026,Dr. Jagrati Borde,DEP003,Neurology,DX006,Migraine,Chronic Kidney Disease,35,Medium,Age > 70; Chronic condition; Outstanding balance
13334,PAT-0013334,Simon,Bose,Female,1941-11-27,84,2,1,1,0,6,4.5,7124.32,65,1,1,0,2026-09-05 23:17:08,High,ADM-00028608,DOC-00124,Dr. Krishna Modi,DEP007,Oncology,DX010,Anemia,Hypertension,35,Medium,Age > 70; Chronic condition; Outstanding balance
13967,PAT-0013967,Indira,Pai,Male,1940-06-30,86,2,1,1,0,7,4.5,13744.32,65,1,1,0,2026-08-05 07:54:48,High,ADM-00048942,DOC-00020,Dr. Chatresh Viswanathan,DEP006,General Medicine,DX003,Pneumonia,Chronic Kidney Disease,35,Medium,Age > 70; Chronic condition; Outstanding balance
16498,PAT-0016498,Rachita,Dey,Male,1944-10-15,79,2,0,0,1,13,9.0,26136.41,65,1,1,0,2024-07-31 20:30:44,High,ADM-00025966,DOC-00064,Dr. Amol Gera,DEP008,Gynecology,DX010,Anemia,Chronic Kidney Disease,35,Medium,Age > 70; Chronic condition; Outstanding balance
2381,PAT-0002381,Ishani,Bali,Female,1943-02-07,82,8,1,4,2,7,4.75,29981.73,65,2,6,0,2025-09-02 08:48:35,High,ADM-00009547,DOC-00006,Dr. Arin Tailor,DEP001,Emergency,DX009,Gastroenteritis,Chronic Kidney Disease,30,Medium,Age > 70; Chronic condition
9031,PAT-0009031,Jacob,Bose,Female,1942-04-01,83,7,1,3,0,7,3.43,1564.14,65,1,6,0,2026-02-19 07:34:37,High,ADM-00017304,DOC-00134,Dr. Chatura Dey,DEP005,Pediatrics,DX004,Asthma,Hypertension,30,Medium,Age > 70; Chronic condition
9356,PAT-0009356,Imaran,Saxena,Male,1947-12-14,78,6,2,0,1,11,6.67,84254.55,65,1,5,0,2026-01-22 18:13:13,High,ADM-00026114,DOC-00095,Dr. Hema Rana,DEP009,ENT,DX003,Pneumonia,Type 2 Diabetes,30,Medium,Age > 70; Chronic condition
11549,PAT-0011549,Oeshi,Nayar,Female,1946-02-19,79,6,3,3,1,8,4.33,0.0,65,2,4,0,2026-01-11 00:59:41,High,ADM-00009249,DOC-00045,Dr. Bhavini Maharaj,DEP003,Neurology,DX006,Migraine,Type 2 Diabetes,30,Medium,Age > 70; Chronic condition
8221,PAT-0008221,Garima,Shenoy,Male,1948-05-18,77,5,0,2,2,12,5.2,39607.51,65,2,3,0,2025-10-02 11:03:01,High,ADM-00021827,DOC-00109,Dr. Jagat Divan,DEP003,Neurology,DX006,Migraine,Chronic Kidney Disease,30,Medium,Age > 70; Chronic condition
8960,PAT-0008960,Eesha,Vala,Female,1935-08-15,90,5,0,1,1,7,4.4,40732.64,65,1,4,0,2025-09-22 14:09:29,High,ADM-00013988,DOC-00078,Dr. Yatan Balay,DEP006,General Medicine,DX010,Anemia,Asthma,30,Medium,Age > 70; Chronic condition
20419,PAT-0020419,Nidra,Joshi,Female,1943-12-16,82,5,1,1,0,5,2.2,10455.79,65,1,4,0,2026-09-25 05:42:17,High,ADM-00050347,DOC-00128,Dr. Bahadurjit Bose,DEP003,Neurology,DX006,Migraine,Coronary Artery Disease,30,Medium,Age > 70; Chronic condition
340,PAT-0000340,Jyoti,Sandal,Female,1944-12-06,81,4,3,2,0,6,3.5,0.0,65,2,2,0,2026-02-10 07:58:51,High,ADM-00046641,DOC-00065,Dr. Nitara Choudhury,DEP004,Orthopedics,DX005,Bone Fracture,Coronary Artery Disease,30,Medium,Age > 70; Chronic condition
2526,PAT-0002526,Raghav,Khare,Male,1941-08-22,84,4,0,1,1,13,5.75,51077.03,65,1,3,0,2025-09-15 05:40:50,High,ADM-00032912,DOC-00038,Dr. Charan Golla,DEP006,General Medicine,DX002,Type 2 Diabetes,Type 2 Diabetes,30,Medium,Age > 70; Chronic condition
3189,PAT-0003189,Hemal,Mallick,Female,1943-03-04,83,4,2,2,1,7,4.25,5692.13,65,3,1,0,2026-08-09 23:37:19,High,ADM-00017487,DOC-00069,Dr. David Khosla,DEP004,Orthopedics,DX005,Bone Fracture,Chronic Kidney Disease,30,Medium,Age > 70; Chronic condition
5628,PAT-0005628,Irya,Patel,Female,1947-06-30,79,4,0,1,1,8,5.25,174747.92,65,1,3,0,2026-09-05 13:37:27,High,ADM-00032522,DOC-00106,Dr. Parth Muni,DEP009,ENT,DX003,Pneumonia,Hypertension,30,Medium,Age > 70; Chronic condition
6796,PAT-0006796,Fiyaz,Sathe,Female,1949-01-20,77,4,1,1,0,6,3.75,8201.58,65,1,3,0,2026-02-24 13:58:35,High,ADM-00019298,DOC-00102,Dr. Yahvi Jain,DEP001,Emergency,DX005,Bone Fracture,Migraine,30,Medium,Age > 70; Chronic condition
8115,PAT-0008115,Krisha,Pradhan,Female,1932-11-14,92,4,2,1,0,7,6.0,33366.27,65,2,2,0,2025-10-17 11:03:37,High,ADM-00048430,DOC-00100,Dr. Umang Basu,DEP010,Dermatology,DX004,Asthma,Hypertension,30,Medium,Age > 70; Chronic condition
8140,PAT-0008140,Diya,Mani,Female,1950-11-08,75,4,2,1,0,7,4.25,0.0,65,1,3,0,2026-09-25 23:38:05,High,ADM-00050306,DOC-00147,Dr. Samarth Nayar,DEP004,Orthopedics,DX005,Bone Fracture,Chronic Kidney Disease,30,Medium,Age > 70; Chronic condition
10017,PAT-0010017,Chameli,Vaidya,Male,1951-01-08,75,4,1,1,1,6,2.5,0.0,65,1,3,0,2026-09-25 09:31:14,High,ADM-00050319,DOC-00053,Dr. Gauri Rajan,DEP002,Cardiology,DX007,Coronary Artery Disease,Migraine,30,Medium,Age > 70; Chronic condition
12791,PAT-0012791,Charan,Chaudry,Male,1950-02-20,76,4,1,2,1,7,3.75,9758.7,65,1,3,0,2026-05-05 17:00:31,High,ADM-00033249,DOC-00095,Dr. Hema Rana,DEP009,ENT,DX003,Pneumonia,Hypertension,30,Medium,Age > 70; Chronic condition
13955,PAT-0013955,Akshay,Brahmbhatt,Female,1937-07-06,88,4,1,1,0,7,5.25,0.0,65,1,3,0,2026-06-16 12:07:06,High,ADM-00029588,DOC-00041,Dr. Inaya Raman,DEP003,Neurology,DX006,Migraine,Asthma,30,Medium,Age > 70; Chronic condition
15635,PAT-0015635,Shivansh,Om,Female,1945-01-23,81,4,0,2,1,8,6.25,55400.61,65,1,3,0,2026-06-30 06:17:15,High,ADM-00047617,DOC-00101,Dr. Janya Biswas,DEP005,Pediatrics,DX004,Asthma,Chronic Kidney Disease,30,Medium,Age > 70; Chronic condition
18020,PAT-0018020,Aishani,Oommen,Female,1934-03-01,91,4,1,1,1,9,4.0,53491.73,65,1,3,0,2026-02-09 07:57:15,High,ADM-00013890,DOC-00074,Dr. Zilmil Aggarwal,DEP007,Oncology,DX010,Anemia,Chronic Kidney Disease,30,Medium,Age > 70; Chronic condition
19704,PAT-0019704,Advaith,Peri,Male,1934-02-28,92,4,2,1,0,6,3.5,0.0,65,1,3,0,2026-04-13 20:06:28,High,ADM-00046460,DOC-00113,Dr. Nandini Anand,DEP003,Neurology,DX006,Migraine,Asthma,30,Medium,Age > 70; Chronic condition
23769,PAT-0023769,Vasatika,Vasa,Male,1944-03-02,81,4,1,1,0,7,6.0,19277.93,65,1,3,0,2025-09-11 21:06:04,High,ADM-00012331,DOC-00079,Dr. Warinder Sarin,DEP008,Gynecology,DX010,Anemia,Hypertension,30,Medium,Age > 70; Chronic condition
23818,PAT-0023818,Guneet,Tara,Male,1932-10-02,91,4,0,1,1,10,6.5,174478.49,65,1,3,0,2024-09-05 22:34:48,High,ADM-00034812,DOC-00059,Dr. Indrajit Cheema,DEP005,Pediatrics,DX010,Anemia,Type 2 Diabetes,30,Medium,Age > 70; Chronic condition
24973,PAT-0024973,Dominic,Bath,Female,1937-11-28,88,4,2,1,0,4,1.75,0.0,65,1,3,0,2026-03-21 14:29:04,High,ADM-00012661,DOC-00027,Dr. David Deshmukh,DEP007,Oncology,DX010,Anemia,Hypertension,30,Medium,Age > 70; Chronic condition
3156,PAT-0003156,Rajeshri,Loke,Female,1936-04-13,89,3,1,2,0,7,5.33,0.0,65,1,2,0,2026-03-05 12:14:38,High,ADM-00020153,DOC-00103,Dr. Jasmit Krishnan,DEP002,Cardiology,DX001,Hypertension,Chronic Kidney Disease,30,Medium,Age > 70; Chronic condition
4544,PAT-0004544,Gautam,Chokshi,Female,1942-12-02,82,3,0,1,1,5,3.67,8026.62,65,1,2,0,2025-03-16 01:57:21,High,ADM-00046225,DOC-00121,Dr. Falguni Kumar,DEP004,Orthopedics,DX005,Bone Fracture,Coronary Artery Disease,30,Medium,Age > 70; Chronic condition
8401,PAT-0008401,Meera,Thakkar,Male,1942-05-03,81,3,1,1,0,7,5.67,0.0,65,1,2,0,2024-03-06 20:18:32,High,ADM-00045408,DOC-00125,Dr. Robert Murthy,DEP010,Dermatology,DX004,Asthma,Asthma,30,Medium,Age > 70; Chronic condition
10130,PAT-0010130,Kavya,Dua,Male,1937-10-17,88,3,1,1,0,7,5.0,0.0,65,1,2,0,2026-01-19 08:39:23,High,ADM-00034325,DOC-00140,Dr. Anya Bassi,DEP010,Dermatology,DX004,Asthma,Migraine,30,Medium,Age > 70; Chronic condition
11180,PAT-0011180,Anmol,Mann,Male,1944-11-19,81,3,1,1,1,15,7.0,88298.2,65,2,1,0,2026-09-26 11:52:01,High,ADM-00051205,DOC-00127,Dr. Fitan Ratti,DEP004,Orthopedics,DX005,Bone Fracture,Type 2 Diabetes,30,Medium,Age > 70; Chronic condition
14497,PAT-0014497,Jhalak,Master,Male,1944-06-20,82,3,1,1,0,7,3.33,0.0,65,1,2,0,2026-07-28 16:27:54,High,ADM-00037923,DOC-00139,Dr. Tamanna Chander,DEP008,Gynecology,DX010,Anemia,Hypertension,30,Medium,Age > 70; Chronic condition
16160,PAT-0016160,Pahal,Boase,Male,1943-10-16,82,3,1,2,0,4,2.33,0.0,65,1,2,0,2026-05-15 13:11:34,High,ADM-00000209,DOC-00085,Dr. Mekhala Mangat,DEP006,General Medicine,DX003,Pneumonia,Chronic Kidney Disease,30,Medium,Age > 70; Chronic condition
16664,PAT-0016664,Yashawini,Chaudhuri,Female,1943-10-07,81,3,2,1,0,7,4.0,0.0,65,1,2,0,2025-03-05 13:38:32,High,ADM-00044239,DOC-00144,Dr. Gabriel Sachdev,DEP003,Neurology,DX006,Migraine,Hypertension,30,Medium,Age > 70; Chronic condition
19670,PAT-0019670,Radha,Chander,Male,1941-01-29,84,3,1,1,0,6,3.0,0.0,65,1,2,0,2025-08-29 18:19:44,High,ADM-00019886,DOC-00082,Dr. Dhriti Devi,DEP006,General Medicine,DX002,Type 2 Diabetes,Type 2 Diabetes,30,Medium,Age > 70; Chronic condition
20653,PAT-0020653,Chasmum,Majumdar,Male,1939-10-15,86,3,0,2,1,8,4.67,16221.08,65,1,2,0,2026-09-06 20:46:08,High,ADM-00028945,DOC-00130,Dr. Ekantika Virk,DEP003,Neurology,DX006,Migraine,Type 2 Diabetes,30,Medium,Age > 70; Chronic condition
22103,PAT-0022103,Wyatt,Bora,Female,1945-04-30,81,3,1,1,0,2,1.67,4980.32,65,1,2,0,2026-07-07 23:26:47,High,ADM-00030182,DOC-00098,Dr. Chatresh Batta,DEP006,General Medicine,DX010,Anemia,Hypertension,30,Medium,Age > 70; Chronic condition
22160,PAT-0022160,Widisha,Jayaraman,Female,1933-06-01,91,3,1,1,0,7,4.0,0.0,65,1,2,0,2025-02-14 08:34:45,High,ADM-00024586,DOC-00134,Dr. Chatura Dey,DEP005,Pediatrics,DX010,Anemia,Chronic Kidney Disease,30,Medium,Age > 70; Chronic condition
22285,PAT-0022285,Harini,Dani,Female,1941-01-19,84,3,1,1,0,5,3.33,0.0,65,1,2,0,2025-10-14 23:20:03,High,ADM-00046921,DOC-00146,Dr. Bhanumati Minhas,DEP008,Gynecology,DX010,Anemia,Type 2 Diabetes,30,Medium,Age > 70; Chronic condition
531,PAT-0000531,Reva,Bandi,Male,1941-11-17,84,2,1,1,0,7,3.5,0.0,65,1,1,0,2026-09-24 03:24:41,High,ADM-00050003,DOC-00141,Dr. Janya Chawla,DEP007,Oncology,DX010,Anemia,Chronic Kidney Disease,30,Medium,Age > 70; Chronic condition
3029,PAT-0003029,Liam,Nayar,Female,2018-03-31,5,2,1,1,2,12,12.0,0.0,65,1,1,0,2023-06-12 03:48:59,High,ADM-00023103,DOC-00111,Dr. David Tak,DEP009,ENT,DX003,Pneumonia,,30,Medium,ICU admission; LOS > 10 days
3323,PAT-0003323,Darpan,Arya,Male,1934-06-10,90,2,0,1,1,10,7.0,27551.58,65,1,1,0,2025-06-06 15:07:14,High,ADM-00011751,DOC-00065,Dr. Nitara Choudhury,DEP004,Orthopedics,DX005,Bone Fracture,Hypertension,30,Medium,Age > 70; Chronic condition
3549,PAT-0003549,Meghana,Rajagopal,Male,1937-06-01,87,2,1,1,0,3,2.5,0.0,65,1,1,0,2025-04-16 08:38:05,High,ADM-00009000,DOC-00103,Dr. Jasmit Krishnan,DEP002,Cardiology,DX007,Coronary Artery Disease,Asthma,30,Medium,Age > 70; Chronic condition
4914,PAT-0004914,Ekaja,Lad,Male,1939-05-03,86,2,1,1,0,5,4.5,0.0,65,1,1,0,2026-01-07 09:47:06,High,ADM-00003987,DOC-00014,Dr. Chaitanya Buch,DEP004,Orthopedics,DX005,Bone Fracture,Type 2 Diabetes,30,Medium,Age > 70; Chronic condition
5078,PAT-0005078,Ubika,Bal,Male,1942-09-13,83,2,1,1,0,7,4.0,0.0,65,1,1,0,2026-01-31 12:55:28,High,ADM-00040638,DOC-00072,Dr. Inaya Warrior,DEP007,Oncology,DX010,Anemia,Migraine,30,Medium,Age > 70; Chronic condition
5259,PAT-0005259,Qarin,Deo,Female,2013-06-01,10,2,2,1,1,12,9.0,25576.48,65,1,1,0,2024-01-06 04:08:42,High,ADM-00037549,DOC-00016,Dr. Pushti Bhasin,DEP009,ENT,DX003,Pneumonia,,30,Medium,Readmission; Outstanding balance
7013,PAT-0007013,Jack,Chakraborty,Male,1943-07-05,82,2,1,1,0,6,6.0,0.0,65,1,1,0,2026-05-06 06:22:19,High,ADM-00010436,DOC-00040,Dr. Triya Sem,DEP009,ENT,DX003,Pneumonia,Asthma,30,Medium,Age > 70; Chronic condition
7807,PAT-0007807,Nidra,Kuruvilla,Female,1942-04-09,84,2,1,1,0,5,3.5,0.0,65,1,1,0,2026-08-19 23:52:02,High,ADM-00026097,DOC-00097,Dr. Nisha Dhillon,DEP008,Gynecology,DX010,Anemia,Coronary Artery Disease,30,Medium,Age > 70; Chronic condition
7834,PAT-0007834,Gautami,Bassi,Female,1949-07-02,74,2,1,1,0,4,2.5,0.0,65,1,1,0,2024-03-24 16:46:01,High,ADM-00014310,DOC-00089,Dr. Faras Gade,DEP002,Cardiology,DX001,Hypertension,Asthma,30,Medium,Age > 70; Chronic condition
7853,PAT-0007853,Krish,Randhawa,Male,1933-12-21,91,2,0,1,1,10,6.0,14349.29,65,1,1,0,2025-07-12 00:29:49,High,ADM-00032450,DOC-00053,Dr. Gauri Rajan,DEP002,Cardiology,DX007,Coronary Artery Disease,Coronary Artery Disease,30,Medium,Age > 70; Chronic condition
12708,PAT-0012708,Karan,Dubey,Female,1938-05-09,86,2,1,1,0,5,3.0,0.0,65,1,1,0,2024-09-27 18:37:19,High,ADM-00000563,DOC-00014,Dr. Chaitanya Buch,DEP004,Orthopedics,DX005,Bone Fracture,Asthma,30,Medium,Age > 70; Chronic condition
15913,PAT-0015913,Netra,Choudhury,Female,1939-03-23,85,2,1,1,0,4,3.5,0.0,65,1,1,0,2024-09-06 17:46:44,High,ADM-00026841,DOC-00095,Dr. Hema Rana,DEP009,ENT,DX003,Pneumonia,Type 2 Diabetes,30,Medium,Age > 70; Chronic condition
18545,PAT-0018545,Priya,Kata,Female,1933-12-01,91,2,1,1,0,2,1.5,0.0,65,1,1,0,2025-08-09 08:17:36,High,ADM-00046976,DOC-00146,Dr. Bhanumati Minhas,DEP008,Gynecology,DX010,Anemia,Hypertension,30,Medium,Age > 70; Chronic condition
19643,PAT-0019643,Vasana,Zachariah,Male,2018-11-08,7,2,2,1,1,12,7.5,3503.45,65,1,1,0,2026-08-29 11:32:50,High,ADM-00003691,DOC-00063,Dr. Vinaya Amble,DEP004,Orthopedics,DX005,Bone Fracture,,30,Medium,Readmission; Outstanding balance
22505,PAT-0022505,Idika,Karpe,Female,1946-07-31,79,2,1,1,0,7,6.5,0.0,65,1,1,0,2026-07-04 11:41:15,High,ADM-00036784,DOC-00072,Dr. Inaya Warrior,DEP007,Oncology,DX010,Anemia,Migraine,30,Medium,Age > 70; Chronic condition
24677,PAT-0024677,Geetika,Bahl,Male,1933-08-27,92,2,0,1,1,10,6.5,17841.64,65,1,1,0,2026-02-11 05:55:13,High,ADM-00045165,DOC-00006,Dr. Arin Tailor,DEP001,Emergency,DX009,Gastroenteritis,Coronary Artery Disease,30,Medium,Age > 70; Chronic condition
11081,PAT-0011081,Upasna,Sarraf,Female,1992-09-02,33,5,3,1,1,11,5.8,12134.43,65,1,1,3,2026-06-14 06:42:30,High,ADM-00010089,DOC-00142,Dr. Yug Bali,DEP005,Pediatrics,DX003,Pneumonia,,25,Low,Readmission
2927,PAT-0002927,Peter,Borah,Male,1963-08-12,61,4,3,1,1,13,5.5,8282.69,65,1,0,3,2025-03-31 05:55:16,High,ADM-00028532,DOC-00061,Dr. Michael Rastogi,DEP010,Dermatology,DX004,Asthma,,25,Low,Readmission
8168,PAT-0008168,Jagrati,Sura,Male,1997-10-20,28,4,1,2,2,9,5.5,47565.3,65,1,1,2,2026-09-24 14:34:20,High,ADM-00050700,DOC-00076,Dr. Kamala Barad,DEP003,Neurology,DX006,Migraine,Type 2 Diabetes,25,Low,Chronic condition; Emergency admission
9667,PAT-0009667,Leela,Issac,Male,1995-10-06,29,4,2,1,1,11,6.5,12317.03,65,1,0,3,2025-04-03 20:30:27,High,ADM-00033040,DOC-00080,Dr. Kabir Wadhwa,DEP001,Emergency,DX005,Bone Fracture,,25,Low,Readmission
11020,PAT-0011020,Laban,Upadhyay,Male,1933-10-29,91,4,1,2,1,8,5.5,27861.12,65,1,0,3,2025-04-29 05:59:42,High,ADM-00002388,DOC-00121,Dr. Falguni Kumar,DEP004,Orthopedics,DX005,Bone Fracture,,25,Low,Age > 70; Emergency admission
13312,PAT-0013312,Hemang,Grewal,Female,1990-07-17,35,3,2,1,2,9,7.33,11309.62,65,2,0,1,2026-06-25 23:20:27,High,ADM-00003460,DOC-00055,Dr. Chaitanya Banerjee,DEP007,Oncology,DX010,Anemia,Hypertension,25,Low,Chronic condition; Emergency admission
15291,PAT-0015291,Faras,Balan,Female,1956-05-25,69,3,2,2,1,9,5.0,7695.85,65,1,1,1,2025-12-18 19:45:55,High,ADM-00008267,DOC-00056,Dr. Amaira Pal,DEP004,Orthopedics,DX005,Bone Fracture,Migraine,25,Low,Chronic condition; Emergency admission
16202,PAT-0016202,Arjun,Andra,Male,2013-09-14,12,3,1,2,2,13,8.0,21849.92,65,1,0,2,2025-11-16 20:42:44,High,ADM-00039697,DOC-00142,Dr. Yug Bali,DEP005,Pediatrics,DX004,Asthma,,25,Low,ICU admission; Outstanding balance
12507,PAT-0012507,Gaurav,Garde,Female,1957-02-01,69,2,1,1,1,8,7.5,8051.5,65,1,0,1,2026-09-26 08:19:20,High,ADM-00051173,DOC-00081,Dr. Aashi Sangha,DEP003,Neurology,DX006,Migraine,Hypertension,25,Low,Chronic condition; Emergency admission
298,PAT-0000298,Mohini,Choudhary,Male,1977-10-07,48,6,1,1,1,7,5.0,22822.17,65,1,1,4,2026-07-10 12:55:09,High,ADM-00044195,DOC-00126,Dr. Yachana Vyas,DEP009,ENT,DX003,Pneumonia,Asthma,20,Low,Chronic condition; Outstanding balance
3078,PAT-0003078,Rushil,Chakraborty,Male,1949-08-30,77,5,2,1,1,10,5.0,93361.86,65,1,1,3,2026-09-09 08:17:37,High,ADM-00016325,DOC-00086,Dr. Rehaan Lanka,DEP001,Emergency,DX009,Gastroenteritis,,20,Low,Age > 70; Outstanding balance
5704,PAT-0005704,Sarthak,Varma,Female,1956-03-03,70,4,3,1,1,8,4.25,88165.33,65,1,2,1,2026-09-21 11:08:11,High,ADM-00006906,DOC-00002,Dr. Alexander Mitter,DEP009,ENT,DX003,Pneumonia,Migraine,20,Low,Chronic condition; Outstanding balance
20970,PAT-0020970,Pranav,Sridhar,Male,1989-12-07,36,4,2,2,3,14,8.75,186590.25,65,1,1,2,2026-06-26 14:37:15,High,ADM-00004689,DOC-00093,Dr. Zaitra Mahajan,DEP008,Gynecology,DX010,Anemia,,20,Low,ICU admission
4177,PAT-0004177,Jagrati,Ghosh,Male,1959-06-06,66,2,1,0,1,6,5.5,24763.47,65,1,0,1,2026-01-23 08:58:32,High,ADM-00017541,DOC-00092,Dr. Baghyawati Shroff,DEP004,Orthopedics,DX005,Bone Fracture,Migraine,20,Low,Chronic condition; Outstanding balance
15610,PAT-0015610,Chanchal,Kulkarni,Male,1960-05-16,65,2,1,0,1,7,4.0,49020.82,65,1,0,1,2025-06-13 11:37:25,High,ADM-00026513,DOC-00064,Dr. Amol Gera,DEP008,Gynecology,DX010,Anemia,Chronic Kidney Disease,20,Low,Chronic condition; Outstanding balance
22838,PAT-0022838,Bachittar,Shukla,Female,1946-11-24,79,2,1,0,1,6,5.5,86647.51,65,1,0,1,2026-07-09 02:20:07,High,ADM-00020570,DOC-00122,Dr. Nakul Pathak,DEP005,Pediatrics,DX003,Pneumonia,,20,Low,Age > 70; Outstanding balance
9769,PAT-0009769,Pranit,Warrior,Female,1959-06-16,67,6,1,2,2,11,5.17,391248.43,65,2,0,4,2026-06-21 03:14:49,High,ADM-00016090,DOC-00106,Dr. Parth Muni,DEP009,ENT,DX003,Pneumonia,Migraine,15,Low,Chronic condition
381,PAT-0000381,Faris,Singh,Male,1955-11-22,69,5,1,0,1,7,3.6,65566.82,65,1,0,4,2025-11-03 22:06:08,High,ADM-00015287,DOC-00015,Dr. Wridesh Sheth,DEP003,Neurology,DX006,Migraine,Asthma,15,Low,Chronic condition
9373,PAT-0009373,Harsh,Bose,Male,1977-05-27,48,5,3,0,1,7,6.2,73880.91,65,1,2,2,2025-08-23 18:26:30,High,ADM-00020501,DOC-00083,Dr. Krishna Palla,DEP001,Emergency,DX009,Gastroenteritis,Type 2 Diabetes,15,Low,Chronic condition
12867,PAT-0012867,Jatin,Sathe,Female,2015-07-01,11,5,1,1,3,13,6.4,30435.04,65,1,2,2,2026-09-24 00:22:48,High,ADM-00050741,DOC-00129,Dr. Sneha Mahal,DEP008,Gynecology,DX010,Anemia,Asthma,15,Low,Chronic condition
17553,PAT-0017553,Vaishnavi,Padmanabhan,Male,1932-10-03,93,5,1,1,1,7,4.8,34717.21,65,1,0,4,2025-12-13 14:19:10,High,ADM-00009091,DOC-00069,Dr. David Khosla,DEP004,Orthopedics,DX005,Bone Fracture,,15,Low,Age > 70
10791,PAT-0010791,Girik,Butala,Female,1940-04-26,86,4,2,1,1,9,6.25,220105.0,65,1,1,2,2026-09-03 12:21:45,High,ADM-00033933,DOC-00031,Dr. Nathan Iyengar,DEP004,Orthopedics,DX005,Bone Fracture,,15,Low,Age > 70
12851,PAT-0012851,Nitesh,Ratta,Male,1955-02-19,69,4,2,0,2,9,7.25,13176.91,65,1,2,1,2024-11-01 17:50:03,High,ADM-00027599,DOC-00007,Dr. Lajita Bora,DEP010,Dermatology,DX004,Asthma,Hypertension,15,Low,Chronic condition
13804,PAT-0013804,Chakrika,Verma,Male,1934-12-27,91,4,1,1,1,7,3.5,236466.3,65,1,0,3,2026-09-19 13:24:31,High,ADM-00022393,DOC-00044,Dr. Chaitaly Reddy,DEP001,Emergency,DX003,Pneumonia,,15,Low,Age > 70
22460,PAT-0022460,Deepa,Korpal,Female,1967-04-30,59,4,2,2,1,11,6.25,2816.34,65,1,0,3,2026-07-05 07:45:55,High,ADM-00022197,DOC-00089,Dr. Faras Gade,DEP002,Cardiology,DX001,Hypertension,,15,Low,Outstanding balance; Emergency admission
5931,PAT-0005931,Warjas,Deshmukh,Male,1937-09-30,88,3,2,1,1,8,5.67,47033.74,65,1,1,1,2025-12-07 14:14:27,High,ADM-00005878,DOC-00105,Dr. Ekapad Pal,DEP002,Cardiology,DX001,Hypertension,,15,Low,Age > 70
11546,PAT-0011546,Viraj,Borra,Female,1955-09-13,70,3,1,0,1,6,3.67,34217.24,65,1,0,2,2026-01-17 04:59:26,High,ADM-00027569,DOC-00136,Dr. Elijah Rege,DEP010,Dermatology,DX004,Asthma,Migraine,15,Low,Chronic condition
13196,PAT-0013196,Yatin,Shetty,Female,1934-04-14,91,3,2,0,1,9,5.67,17185.4,65,1,1,1,2025-11-15 18:14:38,High,ADM-00033266,DOC-00025,Dr. Daksh Madan,DEP001,Emergency,DX005,Bone Fracture,,15,Low,Age > 70
17306,PAT-0017306,Indali,Saha,Female,1943-06-04,82,3,1,1,1,5,2.33,30708.78,65,1,0,2,2025-11-13 13:20:25,High,ADM-00016327,DOC-00059,Dr. Indrajit Cheema,DEP005,Pediatrics,DX003,Pneumonia,,15,Low,Age > 70
24148,PAT-0024148,Onkar,Bala,Female,1969-05-07,57,3,1,0,1,10,5.67,122792.63,65,1,0,2,2026-07-08 14:00:21,High,ADM-00029286,DOC-00064,Dr. Amol Gera,DEP008,Gynecology,DX010,Anemia,Asthma,15,Low,Chronic condition
12844,PAT-0012844,Dalaja,Gola,Male,1971-08-18,52,2,1,2,1,13,10.0,24210.07,65,1,0,1,2024-02-03 17:03:23,High,ADM-00011549,DOC-00117,Dr. Vrishti Bedi,DEP007,Oncology,DX010,Anemia,,15,Low,Outstanding balance; Emergency admission
16659,PAT-0016659,Janani,Bahri,Male,2012-07-01,14,2,1,2,1,13,7.0,32780.76,65,1,0,1,2026-09-21 00:08:03,High,ADM-00010643,DOC-00149,Dr. Viraj Nair,DEP006,General Medicine,DX009,Gastroenteritis,,15,Low,Outstanding balance; Emergency admission
1434,PAT-0001434,Nitara,Gola,Male,2002-05-29,23,5,1,2,1,13,6.4,0.0,65,1,0,4,2026-01-19 21:05:56,High,ADM-00043692,DOC-00065,Dr. Nitara Choudhury,DEP004,Orthopedics,DX005,Bone Fracture,,10,Low,Emergency admission
510,PAT-0000510,Yahvi,Sengupta,Female,1956-06-30,69,4,1,2,2,12,6.25,0.0,65,1,0,3,2025-12-02 19:28:17,High,ADM-00004105,DOC-00121,Dr. Falguni Kumar,DEP004,Orthopedics,DX005,Bone Fracture,,10,Low,Emergency admission
4210,PAT-0004210,Ekta,Sarna,Female,2008-04-23,17,3,1,3,1,14,6.67,0.0,65,1,0,2,2025-10-03 09:44:57,High,ADM-00049555,DOC-00031,Dr. Nathan Iyengar,DEP004,Orthopedics,DX005,Bone Fracture,,10,Low,Emergency admission
19701,PAT-0019701,Aryan,Mittal,Male,2022-01-10,4,3,1,3,1,13,9.0,0.0,65,1,0,2,2026-04-04 00:18:01,High,ADM-00001105,DOC-00074,Dr. Zilmil Aggarwal,DEP007,Oncology,DX010,Anemia,,10,Low,Emergency admission
12603,PAT-0012603,Dhruv,Ravel,Female,1983-05-31,42,2,1,2,1,11,8.0,0.0,65,1,0,1,2025-12-28 01:40:46,High,ADM-00048129,DOC-00045,Dr. Bhavini Maharaj,DEP003,Neurology,DX006,Migraine,,10,Low,Emergency admission
15332,PAT-0015332,Idika,Bhat,Male,2024-03-20,0,2,1,2,1,11,8.5,0.0,65,1,0,1,2024-01-02 04:45:46,High,ADM-00026601,DOC-00005,Dr. Veer Merchant,DEP006,General Medicine,DX002,Type 2 Diabetes,,10,Low,Emergency admission
21135,PAT-0021135,Aryan,Arya,Male,1972-11-21,53,2,1,2,1,11,6.0,0.0,65,1,0,1,2026-08-23 14:25:16,High,ADM-00023981,DOC-00131,Dr. Yahvi Raja,DEP007,Oncology,DX010,Anemia,,10,Low,Emergency admission
514,PAT-0000514,Chandani,Roy,Female,1965-11-24,60,5,1,2,1,14,6.6,17774.84,65,1,0,4,2026-08-19 18:30:35,High,ADM-00049466,DOC-00096,Dr. Balvan Bala,DEP002,Cardiology,DX001,Hypertension,,5,Low,Outstanding balance
22677,PAT-0022677,Anjali,Nazareth,Female,2011-03-13,15,5,1,1,1,12,5.2,11462.58,65,1,0,4,2026-04-09 15:51:41,High,ADM-00048557,DOC-00015,Dr. Wridesh Sheth,DEP003,Neurology,DX006,Migraine,,5,Low,Outstanding balance
3746,PAT-0003746,Upkaar,Tak,Male,1982-11-17,43,4,1,2,1,11,5.25,1158.91,65,1,0,3,2026-03-25 06:02:00,High,ADM-00035899,DOC-00103,Dr. Jasmit Krishnan,DEP002,Cardiology,DX007,Coronary Artery Disease,,5,Low,Outstanding balance
13027,PAT-0013027,Sanaya,Gole,Female,2005-05-05,21,4,2,1,1,13,6.75,60228.79,65,1,1,2,2026-09-17 15:06:57,High,ADM-00029233,DOC-00041,Dr. Inaya Raman,DEP003,Neurology,DX006,Migraine,,5,Low,Outstanding balance
11611,PAT-0011611,Damini,Wagle,Male,2012-08-15,13,3,1,1,1,11,7.0,3354.89,65,1,0,2,2025-08-24 17:56:25,High,ADM-00030154,DOC-00027,Dr. David Deshmukh,DEP007,Oncology,DX010,Anemia,,5,Low,Outstanding balance
18235,PAT-0018235,Ishanvi,Borra,Female,1964-04-06,62,3,1,1,1,15,7.33,1103.17,65,1,0,2,2026-05-27 05:20:27,High,ADM-00002767,DOC-00068,Dr. Aarnav Barman,DEP009,ENT,DX003,Pneumonia,,5,Low,Outstanding balance
6578,PAT-0006578,Vansha,Palan,Female,1962-09-29,62,2,1,1,1,11,9.0,6590.46,65,1,0,1,2025-03-20 08:58:51,High,ADM-00013743,DOC-00146,Dr. Bhanumati Minhas,DEP008,Gynecology,DX010,Anemia,,5,Low,Outstanding balance
23579,PAT-0023579,Lohit,Walla,Female,1961-12-06,64,7,1,2,2,11,5.29,87358.0,65,1,1,5,2026-01-20 12:42:50,High,ADM-00010152,DOC-00110,Dr. David Narula,DEP010,Dermatology,DX004,Asthma,,0,Low,
19961,PAT-0019961,Neelima,Bajwa,Female,1965-01-10,61,6,1,3,1,14,4.67,0.0,65,1,0,5,2026-02-01 06:02:02,High,ADM-00016000,DOC-00074,Dr. Zilmil Aggarwal,DEP007,Oncology,DX010,Anemia,,0,Low,
5800,PAT-0005800,Vanya,Golla,Male,1978-01-30,47,5,1,3,1,11,4.6,5930.12,65,1,0,4,2025-11-26 06:19:27,High,ADM-00037891,DOC-00104,Dr. Damini Venkatesh,DEP005,Pediatrics,DX004,Asthma,,0,Low,
9074,PAT-0009074,Shaurya,Merchant,Female,1970-03-03,55,5,1,2,2,11,7.2,63062.21,65,1,0,4,2026-01-13 05:36:44,High,ADM-00005513,DOC-00074,Dr. Zilmil Aggarwal,DEP007,Oncology,DX010,Anemia,,0,Low,
20299,PAT-0020299,Harita,Kapur,Male,2007-05-08,18,5,1,2,1,14,5.4,0.0,65,1,0,4,2026-03-13 01:12:40,High,ADM-00042827,DOC-00075,Dr. Theodore Kannan,DEP007,Oncology,DX010,Anemia,,0,Low,
4972,PAT-0004972,Fiyaz,Kant,Female,2024-09-18,1,4,1,1,1,15,6.75,0.0,65,1,0,3,2026-01-20 21:21:59,High,ADM-00032335,DOC-00009,Dr. Vrinda Kale,DEP006,General Medicine,DX010,Anemia,,0,Low,
5695,PAT-0005695,Anika,Acharya,Female,1999-12-11,26,4,1,2,1,11,6.0,8321.26,65,1,0,3,2026-06-27 03:33:05,High,ADM-00041388,DOC-00002,Dr. Alexander Mitter,DEP009,ENT,DX003,Pneumonia,,0,Low,
6266,PAT-0006266,Laban,Chad,Male,1958-07-09,68,4,1,1,1,11,4.75,18885.81,65,1,0,3,2026-09-26 19:22:22,High,ADM-00051287,DOC-00124,Dr. Krishna Modi,DEP007,Oncology,DX010,Anemia,,0,Low,
7898,PAT-0007898,Aayush,Goswami,Male,1996-09-08,29,4,1,2,1,13,6.75,1757.46,65,1,0,3,2026-02-25 22:57:35,High,ADM-00016967,DOC-00148,Dr. Yashodhara Sani,DEP002,Cardiology,DX007,Coronary Artery Disease,,0,Low,
10748,PAT-0010748,Yutika,Chawla,Female,1995-09-23,31,4,1,2,1,12,5.25,0.0,65,1,0,3,2026-09-25 11:31:29,High,ADM-00051044,DOC-00112,Dr. Manan Saran,DEP010,Dermatology,DX004,Asthma,,0,Low,
12156,PAT-0012156,Vidhi,Badami,Male,2023-12-22,1,4,2,1,3,12,8.25,182690.68,65,1,1,2,2025-03-20 12:33:17,High,ADM-00024271,DOC-00078,Dr. Yatan Balay,DEP006,General Medicine,DX003,Pneumonia,,0,Low,
20988,PAT-0020988,Ekta,Bhat,Male,1955-08-11,70,4,1,1,3,14,8.0,0.0,65,1,0,3,2025-10-25 14:39:35,High,ADM-00038385,DOC-00047,Dr. Zaid Vohra,DEP007,Oncology,DX010,Anemia,,0,Low,
21491,PAT-0021491,Sara,Tata,Female,1982-08-23,43,4,1,1,1,11,8.0,0.0,65,1,0,3,2026-04-22 21:27:21,High,ADM-00027238,DOC-00117,Dr. Vrishti Bedi,DEP007,Oncology,DX010,Anemia,,0,Low,
23502,PAT-0023502,Yoshita,Tiwari,Female,1964-02-04,62,4,2,1,1,14,7.0,2244.03,65,1,1,2,2026-09-12 21:37:19,High,ADM-00010647,DOC-00057,Dr. Bahadurjit Sane,DEP009,ENT,DX003,Pneumonia,,0,Low,
4998,PAT-0004998,Vivaan,Balakrishnan,Female,2009-05-26,16,3,1,2,1,13,5.67,0.0,65,1,0,2,2026-03-16 17:56:08,High,ADM-00020499,DOC-00144,Dr. Gabriel Sachdev,DEP003,Neurology,DX006,Migraine,,0,Low,
5028,PAT-0005028,Chasmum,Chopra,Female,1988-02-25,37,3,1,1,2,15,10.0,140635.95,65,1,0,2,2025-12-25 17:13:10,High,ADM-00036305,DOC-00021,Dr. Umang Vaidya,DEP002,Cardiology,DX001,Hypertension,,0,Low,
9945,PAT-0009945,George,Dora,Female,2011-05-01,12,3,1,1,1,15,7.0,0.0,65,1,0,2,2023-06-20 04:04:12,High,ADM-00030623,DOC-00079,Dr. Warinder Sarin,DEP008,Gynecology,DX010,Anemia,,0,Low,
10962,PAT-0010962,Elijah,Narain,Male,1976-08-11,49,3,1,1,2,11,7.67,0.0,65,1,0,2,2026-05-17 11:41:03,High,ADM-00044480,DOC-00105,Dr. Ekapad Pal,DEP002,Cardiology,DX007,Coronary Artery Disease,,0,Low,
13808,PAT-0013808,Arunima,Taneja,Female,1981-06-23,45,3,1,2,2,11,9.33,91658.41,65,1,1,1,2026-09-11 19:27:29,High,ADM-00045316,DOC-00009,Dr. Vrinda Kale,DEP006,General Medicine,DX001,Hypertension,,0,Low,
19082,PAT-0019082,Ethan,Tata,Male,2024-09-20,1,3,2,2,1,14,8.0,18490.1,65,1,1,1,2026-06-23 11:12:52,High,ADM-00024224,DOC-00118,Dr. Aadhya Prashad,DEP009,ENT,DX003,Pneumonia,,0,Low,
6324,PAT-0006324,Abeer,Sami,Female,1968-10-23,56,2,1,1,1,12,7.5,0.0,65,1,0,1,2025-10-10 03:06:47,High,ADM-00025575,DOC-00139,Dr. Tamanna Chander,DEP008,Gynecology,DX010,Anemia,,0,Low,
15350,PAT-0015350,Warhi,Rout,Male,2011-03-05,14,2,1,1,1,13,7.0,0.0,65,1,0,1,2026-01-22 14:13:20,High,ADM-00029781,DOC-00082,Dr. Dhriti Devi,DEP006,General Medicine,DX001,Hypertension,,0,Low,
16569,PAT-0016569,Chameli,Chander,Female,2005-05-17,21,2,1,1,1,12,8.5,0.0,65,1,0,1,2026-06-27 22:07:49,High,ADM-00023227,DOC-00124,Dr. Krishna Modi,DEP007,Oncology,DX010,Anemia,,0,Low,
20099,PAT-0020099,Rachana,Viswanathan,Female,1975-08-04,49,2,1,1,1,11,7.0,0.0,65,1,0,1,2024-10-31 05:59:09,High,ADM-00041968,DOC-00003,Dr. Krish Jhaveri,DEP010,Dermatology,DX004,Asthma,,0,Low,
5822,PAT-0005822,Chatresh,Rana,Male,1945-01-18,79,7,1,1,2,11,5.71,52545.52,60,1,6,0,2024-11-21 00:40:13,High,ADM-00016742,DOC-00084,Dr. Warhi Raja,DEP004,Orthopedics,DX005,Bone Fracture,Hypertension,60,High,Age > 70; Chronic condition; ICU admission; LOS > 10 days
14537,PAT-0014537,Dayamai,Sharma,Female,1947-03-24,78,7,1,2,0,7,4.43,23052.46,60,1,6,0,2026-02-20 23:35:55,High,ADM-00019395,DOC-00083,Dr. Krishna Palla,DEP001,Emergency,DX003,Pneumonia,Migraine,60,High,Readmission; Age > 70; Chronic condition; Outstanding balance
15491,PAT-0015491,Baghyawati,Rana,Female,1937-12-03,88,7,3,0,0,7,3.14,14508.07,60,2,5,0,2026-04-17 16:16:10,High,ADM-00015627,DOC-00015,Dr. Wridesh Sheth,DEP003,Neurology,DX006,Migraine,Coronary Artery Disease,60,High,Readmission; Age > 70; Chronic condition; Outstanding balance
4441,PAT-0004441,Jasmit,Srivastava,Male,1954-02-12,72,6,1,2,2,14,6.67,6548.91,60,2,4,0,2026-07-16 00:41:09,High,ADM-00008101,DOC-00088,Dr. Girindra Varty,DEP009,ENT,DX003,Pneumonia,Migraine,60,High,Age > 70; Chronic condition; ICU admission; LOS > 10 days
6548,PAT-0006548,Warinder,Narula,Male,1947-09-06,78,6,2,0,1,8,5.0,11287.84,60,1,1,4,2025-11-22 16:32:20,High,ADM-00008322,DOC-00034,Dr. Teerth Dewan,DEP009,ENT,DX003,Pneumonia,,60,High,Readmission; Age > 70; ICU admission
13624,PAT-0013624,Zarna,Kale,Female,1937-09-02,87,6,1,3,0,6,4.0,14054.85,60,1,5,0,2025-02-02 22:25:46,High,ADM-00000488,DOC-00148,Dr. Yashodhara Sani,DEP002,Cardiology,DX001,Hypertension,Coronary Artery Disease,60,High,Readmission; Age > 70; Chronic condition; Outstanding balance
16396,PAT-0016396,Gabriel,Mani,Female,1979-07-17,47,6,1,1,3,10,5.83,0.0,60,1,2,3,2026-08-04 20:42:37,High,ADM-00014580,DOC-00007,Dr. Lajita Bora,DEP010,Dermatology,DX004,Asthma,Hypertension,60,High,Readmission; Chronic condition; ICU admission
275,PAT-0000275,Logan,Jain,Female,1930-10-19,95,5,1,0,2,15,8.2,0.0,60,1,4,0,2026-09-25 13:27:05,High,ADM-00050835,DOC-00036,Dr. Nachiket Pandit,DEP002,Cardiology,DX007,Coronary Artery Disease,Migraine,60,High,Age > 70; Chronic condition; ICU admission; LOS > 10 days
352,PAT-0000352,Panini,Bora,Male,1950-09-01,76,5,2,2,2,7,6.2,0.0,60,2,3,0,2026-09-25 20:56:24,High,ADM-00050833,DOC-00026,Dr. Jagrati Borde,DEP003,Neurology,DX006,Migraine,Migraine,60,High,Age > 70; Chronic condition; ICU admission; Emergency admission
1031,PAT-0001031,Anmol,Karpe,Female,1997-12-01,28,5,1,1,2,12,6.6,55644.45,60,1,0,4,2026-06-23 16:55:31,High,ADM-00033582,DOC-00119,Dr. Reva Sidhu,DEP003,Neurology,DX006,Migraine,,60,High,Readmission; ICU admission; LOS > 10 days; Outstanding balance
1778,PAT-0001778,Kabir,Choudhury,Female,2011-06-29,15,5,3,2,2,9,5.4,46024.73,60,1,1,3,2026-09-25 17:33:50,High,ADM-00050975,DOC-00044,Dr. Chaitaly Reddy,DEP001,Emergency,DX003,Pneumonia,,60,High,Readmission; ICU admission; Outstanding balance; Emergency admission
2140,PAT-0002140,Aryan,Saraf,Male,1950-12-27,75,5,2,1,0,5,2.8,24218.49,60,2,3,0,2026-09-21 13:59:09,High,ADM-00031591,DOC-00117,Dr. Vrishti Bedi,DEP007,Oncology,DX010,Anemia,Chronic Kidney Disease,60,High,Readmission; Age > 70; Chronic condition; Outstanding balance
2897,PAT-0002897,Yash,Bhat,Male,1958-09-29,67,5,1,1,1,7,4.8,16579.76,60,1,1,3,2026-08-20 07:30:03,High,ADM-00034005,DOC-00016,Dr. Pushti Bhasin,DEP009,ENT,DX003,Pneumonia,Coronary Artery Disease,60,High,Readmission; Chronic condition; ICU admission
5926,PAT-0005926,Keya,Mitter,Male,1931-10-28,94,5,1,2,0,7,4.6,21270.61,60,1,4,0,2025-11-24 05:12:21,High,ADM-00006038,DOC-00132,Dr. Shravya Ramanathan,DEP008,Gynecology,DX010,Anemia,Hypertension,60,High,Readmission; Age > 70; Chronic condition; Outstanding balance
6526,PAT-0006526,Sai,Dhar,Female,1978-06-30,47,5,3,1,1,7,3.6,31429.98,60,1,3,1,2026-02-22 13:26:23,High,ADM-00007962,DOC-00027,Dr. David Deshmukh,DEP007,Oncology,DX010,Anemia,Hypertension,60,High,Readmission; Chronic condition; ICU admission
8771,PAT-0008771,Ekavir,Pau,Male,1998-06-24,28,5,1,1,3,11,6.0,72713.38,60,1,1,3,2026-08-25 22:02:54,High,ADM-00014511,DOC-00120,Dr. Alexander Gulati,DEP010,Dermatology,DX004,Asthma,,60,High,Readmission; ICU admission; LOS > 10 days; Outstanding balance
9195,PAT-0009195,Anmol,Badami,Female,1956-11-20,69,5,2,1,2,8,5.6,29657.39,60,1,2,2,2026-09-24 04:36:35,High,ADM-00050677,DOC-00106,Dr. Parth Muni,DEP009,ENT,DX003,Pneumonia,Migraine,60,High,Readmission; Chronic condition; ICU admission
11534,PAT-0011534,Omisha,Vyas,Male,1935-06-01,90,5,0,5,2,9,5.2,0.0,60,2,3,0,2026-04-20 14:11:40,High,ADM-00005086,DOC-00143,Dr. Ranbir Sarma,DEP003,Neurology,DX006,Migraine,Hypertension,60,High,Age > 70; Chronic condition; ICU admission; Emergency admission
13274,PAT-0013274,Yashica,Borde,Male,1932-07-23,92,5,1,2,1,7,5.0,0.0,60,1,4,0,2025-05-26 19:32:58,High,ADM-00033531,DOC-00115,Dr. Ayushman Roy,DEP002,Cardiology,DX007,Coronary Artery Disease,Hypertension,60,High,Age > 70; Chronic condition; ICU admission; Emergency admission
13681,PAT-0013681,Samar,Sani,Male,1948-01-29,78,5,1,1,0,7,5.8,7118.56,60,1,4,0,2026-04-05 10:28:53,High,ADM-00031137,DOC-00009,Dr. Vrinda Kale,DEP006,General Medicine,DX002,Type 2 Diabetes,Migraine,60,High,Readmission; Age > 70; Chronic condition; Outstanding balance
21053,PAT-0021053,Dhruv,Bumb,Female,1936-01-30,90,5,0,2,1,9,5.2,10798.69,60,1,4,0,2026-02-22 21:24:28,High,ADM-00013858,DOC-00138,Dr. Urishilla Panchal,DEP003,Neurology,DX006,Migraine,Asthma,60,High,Age > 70; Chronic condition; ICU admission; Emergency admission
21351,PAT-0021351,Pranit,Mani,Male,1976-07-15,49,5,1,1,1,12,5.6,18865.71,60,1,1,3,2025-08-20 22:45:28,High,ADM-00002332,DOC-00034,Dr. Teerth Dewan,DEP009,ENT,DX003,Pneumonia,Asthma,60,High,Chronic condition; ICU admission; LOS > 10 days; Outstanding balance; Emergency admission
22297,PAT-0022297,Gunbir,Sha,Male,2024-05-13,0,5,2,1,1,7,4.8,5751.27,60,1,2,2,2024-11-26 02:50:12,High,ADM-00003958,DOC-00073,Dr. Warjas Singhal,DEP001,Emergency,DX005,Bone Fracture,Chronic Kidney Disease,60,High,Readmission; Chronic condition; ICU admission
22607,PAT-0022607,Suhani,Wable,Male,1951-06-01,74,5,1,0,1,11,5.2,4032.35,60,2,3,0,2026-03-27 00:47:42,High,ADM-00047095,DOC-00030,Dr. Yamini Rau,DEP009,ENT,DX003,Pneumonia,Coronary Artery Disease,60,High,Age > 70; Chronic condition; ICU admission; LOS > 10 days
207,PAT-0000207,Simon,Vaidya,Female,1981-07-30,43,4,1,1,2,13,7.5,0.0,60,1,1,2,2025-05-01 07:18:59,High,ADM-00029299,DOC-00073,Dr. Warjas Singhal,DEP001,Emergency,DX005,Bone Fracture,Chronic Kidney Disease,60,High,Readmission; Chronic condition; ICU admission
727,PAT-0000727,Anamika,Chaudhary,Male,1945-11-18,80,4,3,3,1,14,4.75,150534.72,60,1,3,0,2026-09-25 08:56:26,High,ADM-00051028,DOC-00140,Dr. Anya Bassi,DEP010,Dermatology,DX004,Asthma,,60,High,Age > 70; ICU admission; LOS > 10 days; Outstanding balance; Emergency admission
2091,PAT-0002091,Gagan,Sodhi,Male,1961-09-25,64,4,1,3,1,15,7.5,34149.82,60,1,1,2,2026-08-30 11:29:43,High,ADM-00024963,DOC-00108,Dr. Devansh Devan,DEP005,Pediatrics,DX003,Pneumonia,Asthma,60,High,Chronic condition; ICU admission; LOS > 10 days; Outstanding balance; Emergency admission
2869,PAT-0002869,Bimala,Chaudhary,Female,2000-03-02,26,4,3,2,1,7,4.5,4883.61,60,1,2,1,2026-05-10 02:14:58,High,ADM-00020781,DOC-00134,Dr. Chatura Dey,DEP005,Pediatrics,DX003,Pneumonia,Hypertension,60,High,Readmission; Chronic condition; ICU admission
3116,PAT-0003116,Oliver,Baral,Male,1949-08-21,76,4,1,1,0,5,3.0,14375.34,60,1,3,0,2026-04-18 12:25:28,High,ADM-00015651,DOC-00117,Dr. Vrishti Bedi,DEP007,Oncology,DX010,Anemia,Coronary Artery Disease,60,High,Readmission; Age > 70; Chronic condition; Outstanding balance
3703,PAT-0003703,Omisha,Subramanian,Male,1935-10-22,90,4,1,2,1,7,3.5,25893.35,60,1,3,0,2026-01-07 18:45:16,High,ADM-00008432,DOC-00094,Dr. Hemang Thaman,DEP004,Orthopedics,DX005,Bone Fracture,Migraine,60,High,Readmission; Age > 70; Chronic condition; Outstanding balance
4489,PAT-0004489,Samar,Balasubramanian,Male,2000-07-10,25,4,1,2,2,12,6.5,69228.87,60,1,1,2,2026-05-29 11:26:13,High,ADM-00020910,DOC-00138,Dr. Urishilla Panchal,DEP003,Neurology,DX006,Migraine,,60,High,Readmission; ICU admission; Outstanding balance; Emergency admission
5125,PAT-0005125,Jasmit,Varma,Female,1946-01-18,78,4,0,1,2,8,3.75,0.0,60,1,3,0,2024-07-01 12:37:02,High,ADM-00030897,DOC-00001,Dr. Viraj Subramanian,DEP002,Cardiology,DX007,Coronary Artery Disease,Chronic Kidney Disease,60,High,Age > 70; Chronic condition; ICU admission; Emergency admission
7325,PAT-0007325,Bhanumati,Nayak,Male,1936-06-16,89,4,1,2,0,7,4.75,33691.35,60,1,3,0,2025-11-01 11:28:42,High,ADM-00025777,DOC-00115,Dr. Ayushman Roy,DEP002,Cardiology,DX007,Coronary Artery Disease,Asthma,60,High,Readmission; Age > 70; Chronic condition; Outstanding balance
7718,PAT-0007718,Widisha,Loyal,Female,1955-02-22,70,4,2,1,2,11,5.25,28624.01,60,2,1,1,2026-01-22 22:38:57,High,ADM-00023267,DOC-00029,Dr. Unnati Mall,DEP005,Pediatrics,DX004,Asthma,Hypertension,60,High,Readmission; Chronic condition; ICU admission
10435,PAT-0010435,Pavani,Bhandari,Male,1986-02-20,39,4,3,0,1,7,5.0,0.0,60,1,2,1,2025-07-15 16:11:47,High,ADM-00045496,DOC-00015,Dr. Wridesh Sheth,DEP003,Neurology,DX006,Migraine,Asthma,60,High,Readmission; Chronic condition; ICU admission
12574,PAT-0012574,Sanaya,Dada,Female,1937-02-07,89,4,0,1,1,15,5.75,6619.69,60,1,3,0,2026-07-05 17:07:36,High,ADM-00036666,DOC-00148,Dr. Yashodhara Sani,DEP002,Cardiology,DX001,Hypertension,Migraine,60,High,Age > 70; Chronic condition; ICU admission; LOS > 10 days
13960,PAT-0013960,Tanvi,Sankar,Female,1943-10-30,82,4,1,1,0,7,4.0,4437.5,60,1,3,0,2026-08-23 22:10:17,High,ADM-00015535,DOC-00101,Dr. Janya Biswas,DEP005,Pediatrics,DX004,Asthma,Migraine,60,High,Readmission; Age > 70; Chronic condition; Outstanding balance
14771,PAT-0014771,Ojas,Vyas,Male,1957-07-03,69,4,2,1,2,10,5.5,20951.87,60,1,2,1,2026-08-19 18:44:58,High,ADM-00021354,DOC-00147,Dr. Samarth Nayar,DEP004,Orthopedics,DX005,Bone Fracture,Chronic Kidney Disease,60,High,Readmission; Chronic condition; ICU admission
15328,PAT-0015328,Jacob,Pathak,Male,1943-06-08,83,4,0,2,1,13,6.5,0.0,60,1,3,0,2026-08-26 06:41:47,High,ADM-00003858,DOC-00014,Dr. Chaitanya Buch,DEP004,Orthopedics,DX005,Bone Fracture,Migraine,60,High,Age > 70; Chronic condition; ICU admission; LOS > 10 days
16197,PAT-0016197,Reva,Pant,Female,2008-06-04,18,4,1,3,2,9,4.75,50079.12,60,1,1,2,2026-09-20 17:52:34,High,ADM-00032856,DOC-00143,Dr. Ranbir Sarma,DEP003,Neurology,DX006,Migraine,,60,High,Readmission; ICU admission; Outstanding balance; Emergency admission
16288,PAT-0016288,Omya,Banik,Male,1952-01-03,73,4,2,1,0,7,5.0,22969.18,60,1,3,0,2025-09-11 02:42:13,High,ADM-00026137,DOC-00150,Dr. Kamala Bhargava,DEP002,Cardiology,DX001,Hypertension,Migraine,60,High,Readmission; Age > 70; Chronic condition; Outstanding balance
16818,PAT-0016818,Vansha,Madan,Female,1933-02-26,93,4,1,2,1,9,5.0,0.0,60,1,3,0,2026-03-26 19:02:42,High,ADM-00026997,DOC-00004,Dr. Yauvani Devan,DEP005,Pediatrics,DX003,Pneumonia,Hypertension,60,High,Age > 70; Chronic condition; ICU admission; Emergency admission
16832,PAT-0016832,Rajata,Talwar,Female,1939-04-10,86,4,2,0,1,6,4.75,93265.84,60,2,2,0,2026-03-25 05:03:26,High,ADM-00027610,DOC-00078,Dr. Yatan Balay,DEP006,General Medicine,DX003,Pneumonia,Asthma,60,High,Readmission; Age > 70; Chronic condition; Outstanding balance
17480,PAT-0017480,Fariq,Raman,Male,1973-08-12,52,4,0,2,1,12,6.0,32503.68,60,1,1,2,2026-06-08 13:24:10,High,ADM-00044212,DOC-00123,Dr. Tanveer Pant,DEP009,ENT,DX003,Pneumonia,Hypertension,60,High,Chronic condition; ICU admission; LOS > 10 days; Outstanding balance; Emergency admission
17684,PAT-0017684,Jhalak,Ghosh,Female,1949-01-18,77,4,2,0,1,12,4.5,10822.6,60,3,1,0,2026-07-04 16:52:41,High,ADM-00004774,DOC-00102,Dr. Yahvi Jain,DEP001,Emergency,DX003,Pneumonia,Hypertension,60,High,Age > 70; Chronic condition; ICU admission; LOS > 10 days
17950,PAT-0017950,Pushti,Purohit,Female,1939-02-03,87,4,2,1,0,4,3.0,9854.22,60,1,3,0,2026-06-13 04:47:59,High,ADM-00037071,DOC-00106,Dr. Parth Muni,DEP009,ENT,DX003,Pneumonia,Migraine,60,High,Readmission; Age > 70; Chronic condition; Outstanding balance
17983,PAT-0017983,Azaan,Cheema,Female,1941-12-13,84,4,1,0,0,7,6.0,3688.09,60,1,3,0,2026-08-07 01:10:07,High,ADM-00015016,DOC-00075,Dr. Theodore Kannan,DEP007,Oncology,DX010,Anemia,Type 2 Diabetes,60,High,Readmission; Age > 70; Chronic condition; Outstanding balance
18249,PAT-0018249,Yashica,Barman,Female,1944-11-05,81,4,1,1,1,12,5.0,0.0,60,1,3,0,2026-05-07 09:26:26,High,ADM-00002892,DOC-00045,Dr. Bhavini Maharaj,DEP003,Neurology,DX006,Migraine,Type 2 Diabetes,60,High,Age > 70; Chronic condition; ICU admission; LOS > 10 days
18711,PAT-0018711,Rajeshri,Rout,Other,1947-01-04,79,4,0,3,2,7,4.0,4813.52,60,2,2,0,2026-02-07 14:20:24,High,ADM-00029946,DOC-00005,Dr. Veer Merchant,DEP006,General Medicine,DX009,Gastroenteritis,Hypertension,60,High,Age > 70; Chronic condition; ICU admission; Emergency admission
19486,PAT-0019486,Girindra,Edwin,Female,1945-09-07,80,4,0,1,1,5,3.75,0.0,60,1,3,0,2026-01-23 10:18:46,High,ADM-00029373,DOC-00077,Dr. Anirudh Chaudhuri,DEP003,Neurology,DX006,Migraine,Coronary Artery Disease,60,High,Age > 70; Chronic condition; ICU admission; Emergency admission
19506,PAT-0019506,Sai,Tank,Male,2008-09-06,17,4,2,0,1,14,6.75,286784.61,60,1,1,2,2026-04-10 07:07:23,High,ADM-00004963,DOC-00062,Dr. Raghav Sampath,DEP003,Neurology,DX006,Migraine,,60,High,Readmission; ICU admission; LOS > 10 days; Outstanding balance
19613,PAT-0019613,Bhavani,Mittal,Female,1988-03-02,38,4,1,4,3,12,7.25,36168.04,60,1,2,1,2026-09-17 06:58:18,High,ADM-00023471,DOC-00015,Dr. Wridesh Sheth,DEP003,Neurology,DX006,Migraine,,60,High,Readmission; ICU admission; Outstanding balance; Emergency admission
19848,PAT-0019848,Xavier,Dass,Male,1950-06-21,75,4,1,1,1,12,6.0,44130.33,60,2,2,0,2025-09-20 09:58:06,High,ADM-00049986,DOC-00045,Dr. Bhavini Maharaj,DEP003,Neurology,DX006,Migraine,Chronic Kidney Disease,60,High,Readmission; Age > 70; Chronic condition; Outstanding balance
19977,PAT-0019977,Warhi,Lall,Female,1953-07-29,73,4,2,0,0,7,4.5,66968.9,60,1,2,1,2026-08-21 21:35:43,High,ADM-00031041,DOC-00037,Dr. Priya Malhotra,DEP010,Dermatology,DX004,Asthma,Asthma,60,High,Readmission; Age > 70; Chronic condition; Outstanding balance
20952,PAT-0020952,Pallavi,Bhattacharyya,Male,2012-10-14,12,4,3,3,3,9,7.5,206295.83,60,1,3,0,2025-06-24 05:46:27,High,ADM-00034783,DOC-00030,Dr. Yamini Rau,DEP009,ENT,DX003,Pneumonia,,60,High,Readmission; ICU admission; Outstanding balance; Emergency admission
21922,PAT-0021922,Yochana,Subramaniam,Male,1933-02-08,93,4,1,1,1,8,4.75,6655.27,60,1,3,0,2026-03-29 17:10:12,High,ADM-00027658,DOC-00088,Dr. Girindra Varty,DEP009,ENT,DX003,Pneumonia,Type 2 Diabetes,60,High,Readmission; Age > 70; Chronic condition; Outstanding balance
22205,PAT-0022205,Nirja,Rajan,Male,1949-02-04,77,4,1,2,0,5,3.5,2398.36,60,1,3,0,2026-05-25 11:45:05,High,ADM-00013097,DOC-00092,Dr. Baghyawati Shroff,DEP004,Orthopedics,DX005,Bone Fracture,Chronic Kidney Disease,60,High,Readmission; Age > 70; Chronic condition; Outstanding balance
22311,PAT-0022311,Darsh,Parsa,Female,2025-07-20,0,4,1,1,1,7,5.25,35547.06,60,1,0,3,2025-06-19 11:51:46,High,ADM-00021575,DOC-00098,Dr. Chatresh Batta,DEP006,General Medicine,DX001,Hypertension,Asthma,60,High,Readmission; Chronic condition; ICU admission
23011,PAT-0023011,Orinder,Upadhyay,Male,1951-02-28,75,4,1,0,2,10,3.5,211734.6,60,1,1,2,2026-09-22 14:00:53,High,ADM-00028884,DOC-00102,Dr. Yahvi Jain,DEP001,Emergency,DX003,Pneumonia,,60,High,Readmission; Age > 70; ICU admission
23847,PAT-0023847,Baghyawati,Chauhan,Female,1953-08-18,72,4,1,0,0,4,2.5,13835.62,60,1,2,1,2025-10-28 09:31:51,High,ADM-00039286,DOC-00119,Dr. Reva Sidhu,DEP003,Neurology,DX006,Migraine,Hypertension,60,High,Readmission; Age > 70; Chronic condition; Outstanding balance
24261,PAT-0024261,Upadhriti,Contractor,Female,1945-03-28,79,4,0,1,2,6,5.5,0.0,60,1,3,0,2024-09-20 02:17:22,High,ADM-00040444,DOC-00042,Dr. Harrison Dora,DEP002,Cardiology,DX001,Hypertension,Hypertension,60,High,Age > 70; Chronic condition; ICU admission; Emergency admission
24295,PAT-0024295,Devika,Maharaj,Male,1934-04-24,92,4,1,1,1,9,5.5,3151.02,60,1,3,0,2026-09-25 12:28:10,High,ADM-00051041,DOC-00094,Dr. Hemang Thaman,DEP004,Orthopedics,DX005,Bone Fracture,Hypertension,60,High,Age > 70; Chronic condition; ICU admission; Emergency admission
24875,PAT-0024875,Aarush,Choudhury,Female,1950-12-27,75,4,1,1,1,7,5.25,18209.36,60,2,2,0,2026-01-18 01:34:57,High,ADM-00041752,DOC-00100,Dr. Umang Basu,DEP010,Dermatology,DX004,Asthma,Type 2 Diabetes,60,High,Age > 70; Chronic condition; ICU admission; Emergency admission
219,PAT-0000219,Ansh,Choudhury,Female,1985-06-23,39,3,2,2,2,8,7.33,28302.52,60,1,2,0,2025-03-24 07:42:05,High,ADM-00010854,DOC-00054,Dr. Abhimanyu Buch,DEP001,Emergency,DX009,Gastroenteritis,,60,High,Readmission; ICU admission; Outstanding balance; Emergency admission
466,PAT-0000466,Gaurika,Sarin,Male,1937-05-01,88,3,2,0,1,12,5.0,3272.81,60,2,1,0,2026-04-02 20:44:19,High,ADM-00015262,DOC-00050,Dr. Nathaniel Shan,DEP006,General Medicine,DX003,Pneumonia,Type 2 Diabetes,60,High,Readmission; Age > 70; Chronic condition; Outstanding balance
750,PAT-0000750,Hredhaan,Kamdar,Female,1933-07-24,93,3,1,1,1,9,6.67,9104.68,60,2,1,0,2026-08-24 05:32:05,High,ADM-00034186,DOC-00098,Dr. Chatresh Batta,DEP006,General Medicine,DX001,Hypertension,Chronic Kidney Disease,60,High,Age > 70; Chronic condition; ICU admission; Emergency admission
1520,PAT-0001520,Laksh,Bath,Female,1933-09-26,91,3,2,0,1,10,6.67,251913.73,60,2,1,0,2025-09-16 00:52:14,High,ADM-00046637,DOC-00123,Dr. Tanveer Pant,DEP009,ENT,DX003,Pneumonia,Chronic Kidney Disease,60,High,Readmission; Age > 70; Chronic condition; Outstanding balance
1548,PAT-0001548,Indali,Muni,Female,1948-11-28,77,3,1,1,0,6,4.0,70863.45,60,1,2,0,2026-05-12 02:51:26,High,ADM-00005465,DOC-00114,Dr. Om Mangat,DEP007,Oncology,DX010,Anemia,Migraine,60,High,Readmission; Age > 70; Chronic condition; Outstanding balance
1549,PAT-0001549,Darsh,Kota,Female,1933-06-03,92,3,1,1,1,7,3.33,12585.13,60,2,1,0,2026-02-13 02:21:19,High,ADM-00044756,DOC-00024,Dr. Fariq Sangha,DEP001,Emergency,DX009,Gastroenteritis,Asthma,60,High,Readmission; Age > 70; Chronic condition; Outstanding balance
2241,PAT-0002241,Tanmayi,Sethi,Female,1935-10-10,88,3,0,1,1,15,8.67,35967.75,60,1,2,0,2024-04-11 17:15:04,High,ADM-00013793,DOC-00035,Dr. Dayamai Nazareth,DEP009,ENT,DX003,Pneumonia,Migraine,60,High,Age > 70; Chronic condition; ICU admission; LOS > 10 days
2423,PAT-0002423,Girish,Som,Female,1946-07-31,79,3,0,0,1,11,6.0,4020.46,60,1,2,0,2026-02-15 03:36:19,High,ADM-00004434,DOC-00104,Dr. Damini Venkatesh,DEP005,Pediatrics,DX004,Asthma,Coronary Artery Disease,60,High,Age > 70; Chronic condition; ICU admission; LOS > 10 days
2539,PAT-0002539,Bhavini,Ramakrishnan,Female,1995-04-22,31,3,1,1,1,9,5.67,17040.89,60,1,0,2,2026-04-29 06:02:24,High,ADM-00010720,DOC-00011,Dr. Hemal Muni,DEP006,General Medicine,DX003,Pneumonia,,60,High,Readmission; ICU admission; Outstanding balance; Emergency admission
3101,PAT-0003101,Harini,Dey,Male,1961-07-22,64,3,1,0,2,7,5.33,0.0,60,1,1,1,2026-04-10 23:58:47,High,ADM-00022315,DOC-00044,Dr. Chaitaly Reddy,DEP001,Emergency,DX005,Bone Fracture,Coronary Artery Disease,60,High,Readmission; Chronic condition; ICU admission
3122,PAT-0003122,Nidhi,Chaudhry,Female,2002-03-21,24,3,1,1,1,8,6.0,127911.0,60,1,0,2,2026-09-24 04:49:08,High,ADM-00050757,DOC-00095,Dr. Hema Rana,DEP009,ENT,DX003,Pneumonia,,60,High,Readmission; ICU admission; Outstanding balance; Emergency admission
3308,PAT-0003308,Nisha,Taneja,Female,1947-12-06,78,3,1,1,0,6,4.0,3181.08,60,1,2,0,2026-03-03 19:01:37,High,ADM-00037624,DOC-00136,Dr. Elijah Rege,DEP010,Dermatology,DX004,Asthma,Migraine,60,High,Readmission; Age > 70; Chronic condition; Outstanding balance
3512,PAT-0003512,Daksha,Nori,Female,1941-09-28,84,3,1,1,0,6,4.33,18839.74,60,1,2,0,2026-06-03 19:56:25,High,ADM-00011294,DOC-00082,Dr. Dhriti Devi,DEP006,General Medicine,DX002,Type 2 Diabetes,Type 2 Diabetes,60,High,Readmission; Age > 70; Chronic condition; Outstanding balance
3603,PAT-0003603,Manbir,Dubey,Male,1932-12-13,93,3,1,1,1,8,5.67,15913.35,60,2,1,0,2026-05-16 06:15:53,High,ADM-00030417,DOC-00013,Dr. Charan Murty,DEP003,Neurology,DX006,Migraine,Hypertension,60,High,Age > 70; Chronic condition; ICU admission; Emergency admission
3754,PAT-0003754,Ati,Bhandari,Female,1946-07-01,77,3,2,0,1,11,6.33,4996.03,60,2,1,0,2024-06-10 14:19:53,High,ADM-00028653,DOC-00147,Dr. Samarth Nayar,DEP004,Orthopedics,DX005,Bone Fracture,Migraine,60,High,Age > 70; Chronic condition; ICU admission; LOS > 10 days
3868,PAT-0003868,Nirja,Shukla,Male,1998-06-06,26,3,1,0,1,10,5.33,0.0,60,1,0,2,2024-08-30 13:12:00,High,ADM-00028013,DOC-00080,Dr. Kabir Wadhwa,DEP001,Emergency,DX003,Pneumonia,Type 2 Diabetes,60,High,Readmission; Chronic condition; ICU admission
4050,PAT-0004050,Oviya,De,Female,1945-11-13,80,3,0,2,1,7,6.67,49885.97,60,1,2,0,2026-08-13 13:33:19,High,ADM-00011640,DOC-00110,Dr. David Narula,DEP010,Dermatology,DX004,Asthma,Asthma,60,High,Age > 70; Chronic condition; ICU admission; Emergency admission
4073,PAT-0004073,Harish,Divan,Female,1950-02-24,76,3,1,0,0,5,2.67,25080.7,60,1,2,0,2026-09-11 00:00:21,High,ADM-00005409,DOC-00107,Dr. Kavya Chaudhry,DEP001,Emergency,DX009,Gastroenteritis,Hypertension,60,High,Readmission; Age > 70; Chronic condition; Outstanding balance
4209,PAT-0004209,Eshana,Madan,Male,1951-10-13,74,3,1,2,0,7,4.33,25325.73,60,1,2,0,2026-03-11 04:00:09,High,ADM-00003535,DOC-00004,Dr. Yauvani Devan,DEP005,Pediatrics,DX010,Anemia,Coronary Artery Disease,60,High,Readmission; Age > 70; Chronic condition; Outstanding balance
5428,PAT-0005428,Laban,Bali,Male,1947-05-11,78,3,2,0,0,6,4.0,6644.93,60,1,2,0,2025-05-28 13:50:36,High,ADM-00024262,DOC-00006,Dr. Arin Tailor,DEP001,Emergency,DX003,Pneumonia,Migraine,60,High,Readmission; Age > 70; Chronic condition; Outstanding balance
6215,PAT-0006215,Brinda,Pandya,Female,1941-03-26,85,3,2,0,0,6,3.67,3113.15,60,1,2,0,2026-06-12 18:16:50,High,ADM-00006849,DOC-00009,Dr. Vrinda Kale,DEP006,General Medicine,DX010,Anemia,Type 2 Diabetes,60,High,Readmission; Age > 70; Chronic condition; Outstanding balance
6265,PAT-0006265,Matthew,Chawla,Female,1944-11-26,79,3,0,1,1,10,7.33,6022.62,60,1,2,0,2023-12-30 22:49:38,High,ADM-00044816,DOC-00046,Dr. Umang Konda,DEP002,Cardiology,DX007,Coronary Artery Disease,Coronary Artery Disease,60,High,Age > 70; Chronic condition; ICU admission; Emergency admission
6287,PAT-0006287,Hamsini,Tiwari,Male,1948-03-24,77,3,0,1,1,7,7.0,0.0,60,1,2,0,2026-02-10 13:17:51,High,ADM-00020844,DOC-00121,Dr. Falguni Kumar,DEP004,Orthopedics,DX005,Bone Fracture,Asthma,60,High,Age > 70; Chronic condition; ICU admission; Emergency admission
6540,PAT-0006540,Netra,Bains,Male,1960-12-07,64,3,2,0,1,5,3.0,0.0,60,1,1,1,2025-06-09 08:43:57,High,ADM-00043485,DOC-00087,Dr. Zilmil Gade,DEP007,Oncology,DX010,Anemia,Asthma,60,High,Readmission; Chronic condition; ICU admission
6552,PAT-0006552,Alexander,Srinivasan,Female,1941-08-21,84,3,1,1,1,13,7.67,13738.77,60,2,1,0,2026-03-31 23:42:23,High,ADM-00002323,DOC-00078,Dr. Yatan Balay,DEP006,General Medicine,DX010,Anemia,Type 2 Diabetes,60,High,Age > 70; Chronic condition; ICU admission; LOS > 10 days
6557,PAT-0006557,Chavvi,Sandhu,Female,1951-08-31,75,3,0,3,2,2,0.67,7307.31,60,2,1,0,2026-09-24 06:06:19,High,ADM-00050554,DOC-00025,Dr. Daksh Madan,DEP001,Emergency,DX003,Pneumonia,Migraine,60,High,Age > 70; Chronic condition; ICU admission; Emergency admission
6664,PAT-0006664,Vasatika,Rana,Female,1979-04-16,47,3,1,1,1,11,6.33,63969.33,60,1,0,2,2026-07-27 14:15:47,High,ADM-00003289,DOC-00033,Dr. Azad Batra,DEP009,ENT,DX003,Pneumonia,,60,High,Readmission; ICU admission; LOS > 10 days; Outstanding balance
6845,PAT-0006845,Noah,Pandya,Male,1982-11-22,43,3,0,2,1,12,6.0,15077.57,60,1,0,2,2026-08-18 13:58:28,High,ADM-00002041,DOC-00080,Dr. Kabir Wadhwa,DEP001,Emergency,DX009,Gastroenteritis,Coronary Artery Disease,60,High,Chronic condition; ICU admission; LOS > 10 days; Outstanding balance; Emergency admission
6896,PAT-0006896,Ekapad,Shenoy,Female,1946-09-26,79,3,1,0,0,5,2.67,2203.92,60,1,2,0,2025-11-30 04:08:02,High,ADM-00038508,DOC-00018,Dr. Dalaja Pant,DEP009,ENT,DX003,Pneumonia,Chronic Kidney Disease,60,High,Readmission; Age > 70; Chronic condition; Outstanding balance
7024,PAT-0007024,Bina,Parekh,Male,1933-04-28,93,3,1,1,2,8,5.33,0.0,60,1,1,1,2026-05-12 12:03:45,High,ADM-00041314,DOC-00096,Dr. Balvan Bala,DEP002,Cardiology,DX001,Hypertension,,60,High,Readmission; Age > 70; ICU admission
7272,PAT-0007272,Advaith,Ganesh,Male,1936-07-06,89,3,1,0,0,6,4.33,6375.61,60,1,2,0,2025-11-29 02:20:40,High,ADM-00014844,DOC-00133,Dr. Vritti Cheema,DEP002,Cardiology,DX007,Coronary Artery Disease,Asthma,60,High,Readmission; Age > 70; Chronic condition; Outstanding balance
7729,PAT-0007729,Yadavi,Shankar,Female,1942-12-29,82,3,2,1,0,5,4.33,101175.9,60,1,2,0,2025-09-18 18:42:03,High,ADM-00010867,DOC-00006,Dr. Arin Tailor,DEP001,Emergency,DX005,Bone Fracture,Migraine,60,High,Readmission; Age > 70; Chronic condition; Outstanding balance
7821,PAT-0007821,Yash,Vaidya,Female,1951-08-20,73,3,0,3,2,10,5.0,0.0,60,2,1,0,2025-05-30 07:49:35,High,ADM-00034015,DOC-00075,Dr. Theodore Kannan,DEP007,Oncology,DX010,Anemia,Coronary Artery Disease,60,High,Age > 70; Chronic condition; ICU admission; Emergency admission
7934,PAT-0007934,Ishwar,Sanghvi,Male,1949-01-09,77,3,1,0,0,5,3.0,109089.49,60,1,2,0,2026-01-27 12:17:59,High,ADM-00034431,DOC-00052,Dr. Vaishnavi Balay,DEP004,Orthopedics,DX005,Bone Fracture,Asthma,60,High,Readmission; Age > 70; Chronic condition; Outstanding balance
9472,PAT-0009472,Kashvi,Kurian,Male,1934-06-23,91,3,1,0,1,10,5.0,0.0,60,1,0,2,2026-03-01 07:48:04,High,ADM-00014418,DOC-00093,Dr. Zaitra Mahajan,DEP008,Gynecology,DX010,Anemia,,60,High,Readmission; Age > 70; ICU admission
9670,PAT-0009670,Kamya,Mammen,Male,1932-03-13,94,3,1,0,0,5,3.33,11740.57,60,1,2,0,2026-07-08 15:50:19,High,ADM-00011521,DOC-00047,Dr. Zaid Vohra,DEP007,Oncology,DX010,Anemia,Type 2 Diabetes,60,High,Readmission; Age > 70; Chronic condition; Outstanding balance
10083,PAT-0010083,Zarna,Dhillon,Male,1953-04-04,71,3,1,0,2,12,8.67,2598.31,60,2,1,0,2025-02-22 03:37:31,High,ADM-00043197,DOC-00104,Dr. Damini Venkatesh,DEP005,Pediatrics,DX004,Asthma,Type 2 Diabetes,60,High,Readmission; Age > 70; Chronic condition; Outstanding balance
10184,PAT-0010184,Mekhala,Vyas,Female,1953-10-17,72,3,0,2,2,7,4.33,8416.8,60,1,2,0,2026-09-08 04:39:43,High,ADM-00028189,DOC-00097,Dr. Nisha Dhillon,DEP008,Gynecology,DX010,Anemia,Migraine,60,High,Age > 70; Chronic condition; ICU admission; Emergency admission
10193,PAT-0010193,Azad,Chakraborty,Female,1932-12-13,92,3,1,0,0,7,4.67,3951.09,60,1,2,0,2025-01-24 13:43:08,High,ADM-00044505,DOC-00065,Dr. Nitara Choudhury,DEP004,Orthopedics,DX005,Bone Fracture,Type 2 Diabetes,60,High,Readmission; Age > 70; Chronic condition; Outstanding balance
11101,PAT-0011101,Osha,Hayre,Male,1955-01-14,71,3,0,2,1,8,5.0,0.0,60,1,1,1,2026-02-27 08:52:36,High,ADM-00009513,DOC-00075,Dr. Theodore Kannan,DEP007,Oncology,DX010,Anemia,Hypertension,60,High,Age > 70; Chronic condition; ICU admission; Emergency admission
11396,PAT-0011396,Hemang,Basu,Female,1938-03-21,87,3,1,0,0,7,5.67,13504.4,60,1,2,0,2025-10-18 00:24:10,High,ADM-00022406,DOC-00031,Dr. Nathan Iyengar,DEP004,Orthopedics,DX005,Bone Fracture,Asthma,60,High,Readmission; Age > 70; Chronic condition; Outstanding balance
11692,PAT-0011692,Laban,Krish,Female,1938-08-01,87,3,1,2,0,5,3.0,16464.36,60,1,2,0,2026-01-29 03:35:33,High,ADM-00029506,DOC-00137,Dr. Rajata Arora,DEP005,Pediatrics,DX010,Anemia,Asthma,60,High,Readmission; Age > 70; Chronic condition; Outstanding balance
12432,PAT-0012432,Wridesh,Sem,Male,1935-09-26,90,3,0,2,1,4,3.0,7122.9,60,1,2,0,2026-04-14 13:38:02,High,ADM-00019235,DOC-00042,Dr. Harrison Dora,DEP002,Cardiology,DX007,Coronary Artery Disease,Chronic Kidney Disease,60,High,Age > 70; Chronic condition; ICU admission; Emergency admission
12717,PAT-0012717,Damyanti,Narula,Male,1938-03-31,86,3,0,2,2,12,10.0,24105.72,60,1,1,1,2025-03-22 06:56:35,High,ADM-00044984,DOC-00053,Dr. Gauri Rajan,DEP002,Cardiology,DX001,Hypertension,,60,High,Age > 70; ICU admission; LOS > 10 days; Outstanding balance; Emergency admission
13184,PAT-0013184,Vedhika,Singhal,Female,2017-11-26,8,3,2,1,1,6,4.0,78789.38,60,1,1,1,2026-09-26 08:49:28,High,ADM-00051147,DOC-00091,Dr. Dev Sangha,DEP006,General Medicine,DX003,Pneumonia,,60,High,Readmission; ICU admission; Outstanding balance; Emergency admission
13514,PAT-0013514,Hiral,Pal,Male,1957-08-26,68,3,2,0,1,10,7.0,17821.54,60,1,1,1,2026-01-29 17:23:42,High,ADM-00021868,DOC-00058,Dr. Jackson Jhaveri,DEP002,Cardiology,DX001,Hypertension,Chronic Kidney Disease,60,High,Readmission; Chronic condition; ICU admission
13560,PAT-0013560,Udarsh,Mohanty,Female,1946-04-26,78,3,1,0,1,12,5.0,6981.36,60,2,1,0,2024-12-04 14:59:59,High,ADM-00039101,DOC-00094,Dr. Hemang Thaman,DEP004,Orthopedics,DX005,Bone Fracture,Hypertension,60,High,Age > 70; Chronic condition; ICU admission; LOS > 10 days
14234,PAT-0014234,Jyoti,Nadkarni,Other,1946-07-31,79,3,2,1,0,4,3.67,4521.15,60,1,2,0,2026-01-16 03:15:28,High,ADM-00025076,DOC-00055,Dr. Chaitanya Banerjee,DEP007,Oncology,DX010,Anemia,Chronic Kidney Disease,60,High,Readmission; Age > 70; Chronic condition; Outstanding balance
14905,PAT-0014905,Chanakya,Borra,Female,1956-04-16,69,3,1,1,1,7,4.67,0.0,60,1,0,2,2025-06-27 17:15:27,High,ADM-00046041,DOC-00005,Dr. Veer Merchant,DEP006,General Medicine,DX001,Hypertension,Coronary Artery Disease,60,High,Readmission; Chronic condition; ICU admission
14934,PAT-0014934,Rudra,Goyal,Male,1940-02-16,85,3,0,1,2,10,7.33,0.0,60,1,2,0,2025-07-03 07:36:04,High,ADM-00035105,DOC-00083,Dr. Krishna Palla,DEP001,Emergency,DX009,Gastroenteritis,Asthma,60,High,Age > 70; Chronic condition; ICU admission; Emergency admission
15005,PAT-0015005,Chakradev,Pillay,Male,1941-03-09,85,3,2,0,0,7,4.67,80243.81,60,2,1,0,2026-07-09 18:24:15,High,ADM-00022723,DOC-00012,Dr. Abha Mandal,DEP004,Orthopedics,DX005,Bone Fracture,Migraine,60,High,Readmission; Age > 70; Chronic condition; Outstanding balance
15118,PAT-0015118,Varsha,Gole,Male,1947-10-24,77,3,1,0,0,7,5.0,84580.16,60,1,2,0,2025-10-16 08:10:49,High,ADM-00020071,DOC-00134,Dr. Chatura Dey,DEP005,Pediatrics,DX010,Anemia,Hypertension,60,High,Readmission; Age > 70; Chronic condition; Outstanding balance
15793,PAT-0015793,Jason,Banik,Male,1971-08-27,54,3,3,0,2,12,9.33,21382.56,60,1,1,1,2026-08-14 07:39:40,High,ADM-00040743,DOC-00091,Dr. Dev Sangha,DEP006,General Medicine,DX010,Anemia,,60,High,Readmission; ICU admission; LOS > 10 days; Outstanding balance
16122,PAT-0016122,Raksha,Rai,Male,1958-12-29,66,3,1,1,2,13,8.33,64129.54,60,1,2,0,2025-08-10 23:45:18,High,ADM-00044330,DOC-00076,Dr. Kamala Barad,DEP003,Neurology,DX006,Migraine,Type 2 Diabetes,60,High,Chronic condition; ICU admission; LOS > 10 days; Outstanding balance; Emergency admission
16593,PAT-0016593,Abha,Ramachandran,Female,1952-01-09,74,3,0,2,1,10,6.67,7470.73,60,1,1,1,2026-02-14 15:45:15,High,ADM-00016083,DOC-00070,Dr. Jason Mukherjee,DEP005,Pediatrics,DX003,Pneumonia,Asthma,60,High,Age > 70; Chronic condition; ICU admission; Emergency admission
16692,PAT-0016692,Osha,Samra,Female,1958-05-12,66,3,1,0,1,7,5.0,21665.7,60,1,0,2,2024-09-30 21:29:15,High,ADM-00049568,DOC-00050,Dr. Nathaniel Shan,DEP006,General Medicine,DX009,Gastroenteritis,Migraine,60,High,Readmission; Chronic condition; ICU admission
16999,PAT-0016999,Nihal,Singh,Male,1938-04-02,87,3,1,1,1,10,5.33,0.0,60,1,2,0,2025-05-30 15:56:34,High,ADM-00005617,DOC-00067,Dr. Ijaya Zachariah,DEP008,Gynecology,DX010,Anemia,Migraine,60,High,Age > 70; Chronic condition; ICU admission; Emergency admission
17730,PAT-0017730,Raagini,Venkataraman,Male,1934-07-04,91,3,0,2,1,7,5.0,3517.74,60,1,2,0,2025-10-07 18:30:01,High,ADM-00033961,DOC-00132,Dr. Shravya Ramanathan,DEP008,Gynecology,DX010,Anemia,Migraine,60,High,Age > 70; Chronic condition; ICU admission; Emergency admission
17742,PAT-0017742,Banjeet,Dua,Female,1954-03-11,71,3,0,3,1,5,3.67,3830.19,60,1,2,0,2025-11-14 06:04:58,High,ADM-00009667,DOC-00036,Dr. Nachiket Pandit,DEP002,Cardiology,DX007,Coronary Artery Disease,Asthma,60,High,Age > 70; Chronic condition; ICU admission; Emergency admission
18237,PAT-0018237,Bina,Pandey,Male,1951-08-25,73,3,0,0,1,12,5.0,0.0,60,1,2,0,2024-10-30 12:23:43,High,ADM-00021031,DOC-00112,Dr. Manan Saran,DEP010,Dermatology,DX004,Asthma,Asthma,60,High,Age > 70; Chronic condition; ICU admission; LOS > 10 days
18239,PAT-0018239,Bimala,Khalsa,Male,1943-12-09,81,3,0,2,1,7,3.67,2886.63,60,1,2,0,2025-09-09 02:13:55,High,ADM-00004755,DOC-00124,Dr. Krishna Modi,DEP007,Oncology,DX010,Anemia,Asthma,60,High,Age > 70; Chronic condition; ICU admission; Emergency admission
18336,PAT-0018336,Ria,Mutti,Male,1945-08-22,79,3,0,1,2,10,7.0,23459.87,60,1,2,0,2024-08-28 17:02:43,High,ADM-00038351,DOC-00116,Dr. Michael Pandya,DEP007,Oncology,DX010,Anemia,Chronic Kidney Disease,60,High,Age > 70; Chronic condition; ICU admission; Emergency admission
18854,PAT-0018854,Madhavi,Dugar,Female,1960-04-06,65,3,0,3,2,11,8.33,19413.24,60,1,1,1,2025-11-26 20:08:21,High,ADM-00039192,DOC-00097,Dr. Nisha Dhillon,DEP008,Gynecology,DX010,Anemia,Type 2 Diabetes,60,High,Chronic condition; ICU admission; LOS > 10 days; Outstanding balance; Emergency admission
18936,PAT-0018936,Nathaniel,Karnik,Female,1932-10-16,93,3,1,0,0,3,2.33,46455.13,60,1,2,0,2026-02-17 19:28:03,High,ADM-00044201,DOC-00147,Dr. Samarth Nayar,DEP004,Orthopedics,DX005,Bone Fracture,Chronic Kidney Disease,60,High,Readmission; Age > 70; Chronic condition; Outstanding balance
19828,PAT-0019828,Qarin,Master,Female,1934-08-03,90,3,0,1,1,6,3.67,1576.7,60,1,2,0,2025-05-20 12:06:56,High,ADM-00026084,DOC-00002,Dr. Alexander Mitter,DEP009,ENT,DX003,Pneumonia,Coronary Artery Disease,60,High,Age > 70; Chronic condition; ICU admission; Emergency admission
20268,PAT-0020268,Januja,Misra,Male,1984-01-18,41,3,2,2,1,7,3.0,119182.45,60,1,1,1,2025-10-26 20:00:57,High,ADM-00023595,DOC-00043,Dr. Zehaan Guha,DEP005,Pediatrics,DX004,Asthma,,60,High,Readmission; ICU admission; Outstanding balance; Emergency admission
20465,PAT-0020465,Azad,Tak,Male,1946-04-09,79,3,1,1,0,5,3.33,25301.85,60,1,2,0,2025-09-03 19:32:13,High,ADM-00040004,DOC-00078,Dr. Yatan Balay,DEP006,General Medicine,DX010,Anemia,Hypertension,60,High,Readmission; Age > 70; Chronic condition; Outstanding balance
20690,PAT-0020690,Lekha,Mann,Male,1974-12-06,51,3,3,1,1,14,8.0,39401.31,60,1,1,1,2026-07-26 23:37:46,High,ADM-00034214,DOC-00124,Dr. Krishna Modi,DEP007,Oncology,DX010,Anemia,,60,High,Readmission; ICU admission; LOS > 10 days; Outstanding balance
20701,PAT-0020701,Qushi,Dyal,Male,1962-02-01,62,3,1,0,1,10,6.67,8027.16,60,1,0,2,2024-09-24 08:03:47,High,ADM-00011812,DOC-00060,Dr. Bhavya Kulkarni,DEP005,Pediatrics,DX003,Pneumonia,Hypertension,60,High,Readmission; Chronic condition; ICU admission
21011,PAT-0021011,Faraj,Chatterjee,Male,1937-10-23,86,3,0,2,1,6,4.33,4030.18,60,1,2,0,2024-07-06 20:06:15,High,ADM-00043625,DOC-00146,Dr. Bhanumati Minhas,DEP008,Gynecology,DX010,Anemia,Hypertension,60,High,Age > 70; Chronic condition; ICU admission; Emergency admission
21062,PAT-0021062,Hemang,Rama,Female,1935-08-09,91,3,0,1,1,13,5.67,269671.03,60,1,0,2,2026-09-25 03:05:31,High,ADM-00051052,DOC-00035,Dr. Dayamai Nazareth,DEP009,ENT,DX003,Pneumonia,,60,High,Age > 70; ICU admission; LOS > 10 days; Outstanding balance; Emergency admission
21090,PAT-0021090,Barkha,Dada,Male,1943-09-08,82,3,1,1,1,7,4.33,10681.96,60,1,2,0,2026-07-19 23:13:20,High,ADM-00013019,DOC-00023,Dr. Elijah Nori,DEP006,General Medicine,DX010,Anemia,Coronary Artery Disease,60,High,Readmission; Age > 70; Chronic condition; Outstanding balance
22069,PAT-0022069,Advika,Nazareth,Male,1999-01-25,26,3,1,2,2,9,7.0,14447.06,60,1,0,2,2025-06-11 07:14:59,High,ADM-00033496,DOC-00031,Dr. Nathan Iyengar,DEP004,Orthopedics,DX005,Bone Fracture,,60,High,Readmission; ICU admission; Outstanding balance; Emergency admission
22566,PAT-0022566,Nandini,Sood,Male,1984-11-15,39,3,2,2,1,7,5.33,43829.86,60,1,1,1,2024-10-25 16:42:18,High,ADM-00034622,DOC-00004,Dr. Yauvani Devan,DEP005,Pediatrics,DX003,Pneumonia,,60,High,Readmission; ICU admission; Outstanding balance; Emergency admission
22585,PAT-0022585,Urvashi,Dhaliwal,Female,1940-09-18,84,3,0,2,1,7,5.0,2643.33,60,1,2,0,2025-09-16 07:49:29,High,ADM-00037708,DOC-00003,Dr. Krish Jhaveri,DEP010,Dermatology,DX004,Asthma,Coronary Artery Disease,60,High,Age > 70; Chronic condition; ICU admission; Emergency admission
22984,PAT-0022984,Parth,Varma,Male,2022-07-18,1,3,1,0,1,11,6.0,57997.01,60,1,0,2,2024-07-12 11:18:29,High,ADM-00037297,DOC-00047,Dr. Zaid Vohra,DEP007,Oncology,DX010,Anemia,,60,High,Readmission; ICU admission; LOS > 10 days; Outstanding balance
22985,PAT-0022985,Jhalak,Rattan,Female,1977-04-20,49,3,1,0,1,10,6.33,15087.84,60,1,0,2,2026-06-09 01:52:05,High,ADM-00005755,DOC-00004,Dr. Yauvani Devan,DEP005,Pediatrics,DX003,Pneumonia,Hypertension,60,High,Readmission; Chronic condition; ICU admission
23800,PAT-0023800,Maya,Sodhi,Female,1985-05-31,39,3,0,1,1,13,6.0,38037.45,60,1,0,2,2024-08-16 18:05:00,High,ADM-00017305,DOC-00060,Dr. Bhavya Kulkarni,DEP005,Pediatrics,DX003,Pneumonia,Asthma,60,High,Chronic condition; ICU admission; LOS > 10 days; Outstanding balance; Emergency admission
24007,PAT-0024007,Azaan,Mammen,Female,1949-08-21,77,3,1,0,1,6,3.33,0.0,60,1,0,2,2026-08-28 13:08:38,High,ADM-00036589,DOC-00057,Dr. Bahadurjit Sane,DEP009,ENT,DX003,Pneumonia,,60,High,Readmission; Age > 70; ICU admission
24136,PAT-0024136,Radhika,Chaudhry,Female,1934-05-03,91,3,0,2,1,7,3.33,8266.85,60,1,2,0,2025-10-11 09:59:35,High,ADM-00024561,DOC-00073,Dr. Warjas Singhal,DEP001,Emergency,DX005,Bone Fracture,Asthma,60,High,Age > 70; Chronic condition; ICU admission; Emergency admission
24335,PAT-0024335,Arjun,Palla,Female,1961-02-22,64,3,3,0,1,10,6.0,0.0,60,1,2,0,2025-10-05 09:16:40,High,ADM-00005387,DOC-00148,Dr. Yashodhara Sani,DEP002,Cardiology,DX007,Coronary Artery Disease,Coronary Artery Disease,60,High,Readmission; Chronic condition; ICU admission
29,PAT-0000029,Pranav,Kakar,Female,1949-03-01,77,2,0,1,1,5,4.0,0.0,60,1,1,0,2026-04-17 19:36:46,High,ADM-00009568,DOC-00024,Dr. Fariq Sangha,DEP001,Emergency,DX003,Pneumonia,Hypertension,60,High,Age > 70; Chronic condition; ICU admission; Emergency admission
33,PAT-0000033,Tripti,Gill,Female,2025-03-06,1,2,1,1,1,9,7.0,63523.72,60,1,0,1,2026-06-23 10:59:05,High,ADM-00031339,DOC-00004,Dr. Yauvani Devan,DEP005,Pediatrics,DX004,Asthma,,60,High,Readmission; ICU admission; Outstanding balance; Emergency admission
67,PAT-0000067,Wriddhish,Bhargava,Female,1985-01-29,41,2,1,0,1,11,7.5,34694.94,60,1,0,1,2026-04-24 10:26:18,High,ADM-00001098,DOC-00054,Dr. Abhimanyu Buch,DEP001,Emergency,DX009,Gastroenteritis,,60,High,Readmission; ICU admission; LOS > 10 days; Outstanding balance
68,PAT-0000068,Deepa,Chanda,Female,1963-01-05,61,2,1,1,1,8,4.5,20997.8,60,1,0,1,2024-06-07 04:37:42,High,ADM-00023965,DOC-00100,Dr. Umang Basu,DEP010,Dermatology,DX004,Asthma,,60,High,Readmission; ICU admission; Outstanding balance; Emergency admission
157,PAT-0000157,Dev,Patel,Female,1955-12-01,69,2,0,1,1,11,7.0,27272.09,60,1,0,1,2024-12-05 16:46:04,High,ADM-00046668,DOC-00121,Dr. Falguni Kumar,DEP004,Orthopedics,DX005,Bone Fracture,Migraine,60,High,Chronic condition; ICU admission; LOS > 10 days; Outstanding balance; Emergency admission
296,PAT-0000296,Abhimanyu,Kapur,Male,1954-07-22,72,2,0,2,2,8,7.5,0.0,60,1,1,0,2026-07-31 05:21:12,High,ADM-00011913,DOC-00023,Dr. Elijah Nori,DEP006,General Medicine,DX003,Pneumonia,Hypertension,60,High,Age > 70; Chronic condition; ICU admission; Emergency admission
314,PAT-0000314,Liam,Singh,Male,1947-06-22,79,2,0,1,1,7,6.0,0.0,60,1,1,0,2026-07-25 03:00:45,High,ADM-00032537,DOC-00134,Dr. Chatura Dey,DEP005,Pediatrics,DX004,Asthma,Asthma,60,High,Age > 70; Chronic condition; ICU admission; Emergency admission
393,PAT-0000393,Yashica,Subramanian,Female,1953-07-13,72,2,0,1,1,10,7.0,0.0,60,1,1,0,2025-10-28 03:50:06,High,ADM-00047253,DOC-00004,Dr. Yauvani Devan,DEP005,Pediatrics,DX010,Anemia,Coronary Artery Disease,60,High,Age > 70; Chronic condition; ICU admission; Emergency admission
1247,PAT-0001247,Faris,Sane,Female,1932-12-23,91,2,1,0,0,2,1.5,14794.7,60,1,1,0,2024-07-24 15:42:39,High,ADM-00018092,DOC-00059,Dr. Indrajit Cheema,DEP005,Pediatrics,DX003,Pneumonia,Type 2 Diabetes,60,High,Readmission; Age > 70; Chronic condition; Outstanding balance
1285,PAT-0001285,Bimala,Swamy,Female,1964-11-18,60,2,0,1,1,11,9.0,16702.01,60,1,0,1,2025-07-10 15:35:15,High,ADM-00016168,DOC-00079,Dr. Warinder Sarin,DEP008,Gynecology,DX010,Anemia,Hypertension,60,High,Chronic condition; ICU admission; LOS > 10 days; Outstanding balance; Emergency admission
1405,PAT-0001405,Rachita,Magar,Male,1953-05-10,71,2,0,1,1,5,4.0,9060.01,60,1,0,1,2024-07-25 19:45:50,High,ADM-00005284,DOC-00137,Dr. Rajata Arora,DEP005,Pediatrics,DX010,Anemia,Type 2 Diabetes,60,High,Age > 70; Chronic condition; ICU admission; Emergency admission
1744,PAT-0001744,Nisha,Gokhale,Female,1937-10-02,87,2,1,1,0,3,2.0,12352.29,60,1,1,0,2025-08-18 08:05:05,High,ADM-00009460,DOC-00088,Dr. Girindra Varty,DEP009,ENT,DX003,Pneumonia,Type 2 Diabetes,60,High,Readmission; Age > 70; Chronic condition; Outstanding balance
2099,PAT-0002099,Anusha,Bal,Female,1952-08-21,73,2,1,0,0,5,4.5,5523.26,60,1,1,0,2026-04-07 20:00:33,High,ADM-00048516,DOC-00017,Dr. Chaitanya Singh,DEP007,Oncology,DX010,Anemia,Hypertension,60,High,Readmission; Age > 70; Chronic condition; Outstanding balance
2466,PAT-0002466,Mitesh,Shere,Female,1988-07-13,35,2,1,0,1,12,7.5,14113.82,60,1,0,1,2024-05-26 06:33:41,High,ADM-00016836,DOC-00063,Dr. Vinaya Amble,DEP004,Orthopedics,DX005,Bone Fracture,,60,High,Readmission; ICU admission; LOS > 10 days; Outstanding balance
2554,PAT-0002554,Dhriti,Kashyap,Female,1954-12-05,71,2,1,2,1,7,4.5,0.0,60,1,1,0,2026-09-07 09:26:25,High,ADM-00044801,DOC-00008,Dr. Qadim Suresh,DEP002,Cardiology,DX007,Coronary Artery Disease,Hypertension,60,High,Age > 70; Chronic condition; ICU admission; Emergency admission
2814,PAT-0002814,Damyanti,Grover,Male,1938-05-12,86,2,1,0,0,4,3.5,37597.35,60,1,1,0,2025-02-23 07:58:14,High,ADM-00018480,DOC-00008,Dr. Qadim Suresh,DEP002,Cardiology,DX007,Coronary Artery Disease,Asthma,60,High,Readmission; Age > 70; Chronic condition; Outstanding balance
2829,PAT-0002829,Devansh,Mall,Female,1940-09-05,85,2,1,1,0,4,3.5,6013.53,60,1,1,0,2026-07-22 04:53:30,High,ADM-00045533,DOC-00102,Dr. Yahvi Jain,DEP001,Emergency,DX003,Pneumonia,Hypertension,60,High,Readmission; Age > 70; Chronic condition; Outstanding balance
3425,PAT-0003425,Wakeeta,Venkatesh,Male,1943-12-11,82,2,1,0,0,5,4.0,30768.78,60,1,1,0,2026-06-18 07:21:12,High,ADM-00014413,DOC-00097,Dr. Nisha Dhillon,DEP008,Gynecology,DX010,Anemia,Migraine,60,High,Readmission; Age > 70; Chronic condition; Outstanding balance
3529,PAT-0003529,Vedika,Barad,Female,1956-11-24,69,2,1,0,1,7,5.5,0.0,60,1,0,1,2026-07-03 04:37:15,High,ADM-00041682,DOC-00132,Dr. Shravya Ramanathan,DEP008,Gynecology,DX010,Anemia,Hypertension,60,High,Readmission; Chronic condition; ICU admission
3570,PAT-0003570,Advika,Radhakrishnan,Male,2013-06-13,12,2,0,1,1,11,7.0,72577.21,60,1,0,1,2025-07-06 17:25:30,High,ADM-00037130,DOC-00095,Dr. Hema Rana,DEP009,ENT,DX003,Pneumonia,Hypertension,60,High,Chronic condition; ICU admission; LOS > 10 days; Outstanding balance; Emergency admission
3915,PAT-0003915,Tanish,Thaker,Male,1933-01-29,93,2,2,0,1,10,7.5,5897.65,60,1,1,0,2026-07-20 21:09:07,High,ADM-00019971,DOC-00004,Dr. Yauvani Devan,DEP005,Pediatrics,DX010,Anemia,,60,High,Readmission; Age > 70; ICU admission
4072,PAT-0004072,Wriddhish,Luthra,Male,1942-05-30,83,2,1,1,1,10,6.5,0.0,60,1,1,0,2025-06-01 12:16:57,High,ADM-00000720,DOC-00023,Dr. Elijah Nori,DEP006,General Medicine,DX009,Gastroenteritis,Migraine,60,High,Age > 70; Chronic condition; ICU admission; Emergency admission
4270,PAT-0004270,Leela,Mani,Female,1936-01-23,90,2,0,1,1,6,5.0,0.0,60,1,1,0,2026-09-25 01:38:46,High,ADM-00050832,DOC-00107,Dr. Kavya Chaudhry,DEP001,Emergency,DX005,Bone Fracture,Hypertension,60,High,Age > 70; Chronic condition; ICU admission; Emergency admission
4293,PAT-0004293,Jai,Khurana,Female,2021-08-13,4,2,1,1,1,8,5.5,49173.36,60,1,0,1,2026-07-29 16:59:53,High,ADM-00017342,DOC-00054,Dr. Abhimanyu Buch,DEP001,Emergency,DX005,Bone Fracture,,60,High,Readmission; ICU admission; Outstanding balance; Emergency admission
4917,PAT-0004917,Anmol,Balay,Female,1953-10-16,72,2,1,0,1,8,6.5,8769.77,60,1,0,1,2026-02-21 01:54:45,High,ADM-00037002,DOC-00039,Dr. Jalsa Choudhry,DEP002,Cardiology,DX007,Coronary Artery Disease,,60,High,Readmission; Age > 70; ICU admission
4979,PAT-0004979,Bhavna,Sant,Male,1951-07-27,75,2,2,0,0,0,0.0,2154.39,60,1,1,0,2026-09-24 03:44:23,High,ADM-00050541,DOC-00050,Dr. Nathaniel Shan,DEP006,General Medicine,DX010,Anemia,Type 2 Diabetes,60,High,Readmission; Age > 70; Chronic condition; Outstanding balance
5086,PAT-0005086,Leena,Bansal,Female,1934-03-29,92,2,0,0,1,14,8.5,0.0,60,1,1,0,2026-07-14 09:11:01,High,ADM-00020301,DOC-00001,Dr. Viraj Subramanian,DEP002,Cardiology,DX001,Hypertension,Type 2 Diabetes,60,High,Age > 70; Chronic condition; ICU admission; LOS > 10 days
5190,PAT-0005190,Oeshi,Ramanathan,Male,1958-08-13,67,2,2,0,1,10,5.5,0.0,60,1,1,0,2026-03-13 02:46:42,High,ADM-00011597,DOC-00099,Dr. Eiravati Goda,DEP001,Emergency,DX005,Bone Fracture,Hypertension,60,High,Readmission; Chronic condition; ICU admission
6007,PAT-0006007,Vrishti,Narasimhan,Other,1938-07-18,86,2,1,0,0,7,7.0,17070.9,60,1,1,0,2025-05-03 05:32:22,High,ADM-00002703,DOC-00136,Dr. Elijah Rege,DEP010,Dermatology,DX004,Asthma,Asthma,60,High,Readmission; Age > 70; Chronic condition; Outstanding balance
6151,PAT-0006151,Veda,Bahl,Male,1934-04-19,90,2,2,0,1,9,5.5,0.0,60,1,1,0,2025-01-16 04:52:29,High,ADM-00023302,DOC-00079,Dr. Warinder Sarin,DEP008,Gynecology,DX010,Anemia,,60,High,Readmission; Age > 70; ICU admission
6579,PAT-0006579,Saanvi,Sachar,Male,1953-08-25,71,2,0,2,1,15,11.0,93940.82,60,1,0,1,2025-06-11 07:48:41,High,ADM-00039523,DOC-00148,Dr. Yashodhara Sani,DEP002,Cardiology,DX001,Hypertension,,60,High,Age > 70; ICU admission; LOS > 10 days; Outstanding balance; Emergency admission
6594,PAT-0006594,Pavani,Kumar,Male,1955-01-11,71,2,1,1,1,14,10.0,0.0,60,1,1,0,2026-09-24 12:59:18,High,ADM-00050669,DOC-00139,Dr. Tamanna Chander,DEP008,Gynecology,DX010,Anemia,Hypertension,60,High,Age > 70; Chronic condition; ICU admission; LOS > 10 days
6605,PAT-0006605,Finn,Krish,Female,1943-04-29,81,2,0,1,1,4,2.5,0.0,60,1,1,0,2024-10-22 08:07:20,High,ADM-00015054,DOC-00124,Dr. Krishna Modi,DEP007,Oncology,DX010,Anemia,Asthma,60,High,Age > 70; Chronic condition; ICU admission; Emergency admission
6751,PAT-0006751,Sachi,Tara,Male,1948-04-12,78,2,1,1,0,2,1.5,4552.96,60,1,1,0,2026-06-04 06:03:56,High,ADM-00021316,DOC-00103,Dr. Jasmit Krishnan,DEP002,Cardiology,DX001,Hypertension,Type 2 Diabetes,60,High,Readmission; Age > 70; Chronic condition; Outstanding balance
6919,PAT-0006919,Chakradhar,Choudhry,Male,1956-12-24,66,2,1,1,1,6,5.0,34120.8,60,1,0,1,2023-10-03 02:48:36,High,ADM-00016752,DOC-00078,Dr. Yatan Balay,DEP006,General Medicine,DX001,Hypertension,,60,High,Readmission; ICU admission; Outstanding balance; Emergency admission
6953,PAT-0006953,Bhavini,Baria,Male,1991-07-18,33,2,2,1,2,8,7.5,97533.59,60,1,1,0,2025-01-03 15:32:14,High,ADM-00012103,DOC-00148,Dr. Yashodhara Sani,DEP002,Cardiology,DX001,Hypertension,,60,High,Readmission; ICU admission; Outstanding balance; Emergency admission
6975,PAT-0006975,Christopher,Raja,Female,1964-05-24,61,2,2,1,1,10,8.0,38705.14,60,1,1,0,2025-08-28 11:39:17,High,ADM-00041636,DOC-00002,Dr. Alexander Mitter,DEP009,ENT,DX003,Pneumonia,,60,High,Readmission; ICU admission; Outstanding balance; Emergency admission
7041,PAT-0007041,Ranveer,Suri,Male,1970-08-05,54,2,1,0,1,4,3.5,16109.51,60,1,0,1,2025-04-06 13:56:39,High,ADM-00041322,DOC-00128,Dr. Bahadurjit Bose,DEP003,Neurology,DX006,Migraine,Chronic Kidney Disease,60,High,Readmission; Chronic condition; ICU admission
7061,PAT-0007061,Faraj,Mishra,Male,1947-11-24,78,2,2,0,0,6,5.0,3068.41,60,1,1,0,2026-03-24 11:23:34,High,ADM-00005759,DOC-00043,Dr. Zehaan Guha,DEP005,Pediatrics,DX004,Asthma,Migraine,60,High,Readmission; Age > 70; Chronic condition; Outstanding balance
7188,PAT-0007188,Yashawini,Balan,Male,1997-08-31,29,2,1,1,2,5,4.5,14489.42,60,1,1,0,2026-09-06 00:46:37,High,ADM-00011560,DOC-00108,Dr. Devansh Devan,DEP005,Pediatrics,DX003,Pneumonia,Coronary Artery Disease,60,High,Readmission; Chronic condition; ICU admission
8158,PAT-0008158,Girish,Venkataraman,Female,1947-05-19,77,2,1,1,0,3,2.5,17874.04,60,1,1,0,2025-05-09 00:08:43,High,ADM-00040362,DOC-00043,Dr. Zehaan Guha,DEP005,Pediatrics,DX004,Asthma,Migraine,60,High,Readmission; Age > 70; Chronic condition; Outstanding balance
8205,PAT-0008205,George,Kannan,Male,1943-07-28,82,2,0,1,1,6,3.5,0.0,60,1,1,0,2025-12-03 02:49:11,High,ADM-00015632,DOC-00011,Dr. Hemal Muni,DEP006,General Medicine,DX010,Anemia,Type 2 Diabetes,60,High,Age > 70; Chronic condition; ICU admission; Emergency admission
8679,PAT-0008679,Jeremiah,Banerjee,Male,1950-08-31,74,2,0,0,1,13,10.0,0.0,60,1,1,0,2025-01-31 04:29:39,High,ADM-00022974,DOC-00136,Dr. Elijah Rege,DEP010,Dermatology,DX004,Asthma,Asthma,60,High,Age > 70; Chronic condition; ICU admission; LOS > 10 days
8906,PAT-0008906,Ucchal,Kanda,Female,1953-02-20,72,2,2,0,0,5,3.5,5513.39,60,1,1,0,2026-01-07 09:22:33,High,ADM-00029967,DOC-00121,Dr. Falguni Kumar,DEP004,Orthopedics,DX005,Bone Fracture,Asthma,60,High,Readmission; Age > 70; Chronic condition; Outstanding balance
9176,PAT-0009176,Edhitha,Kaul,Male,1951-08-24,73,2,1,0,0,7,4.5,12786.68,60,1,1,0,2025-06-12 20:42:06,High,ADM-00037338,DOC-00054,Dr. Abhimanyu Buch,DEP001,Emergency,DX005,Bone Fracture,Hypertension,60,High,Readmission; Age > 70; Chronic condition; Outstanding balance
9221,PAT-0009221,Chakrika,Mannan,Female,1946-05-17,78,2,0,0,1,12,7.5,0.0,60,1,1,0,2025-04-02 11:55:47,High,ADM-00016127,DOC-00043,Dr. Zehaan Guha,DEP005,Pediatrics,DX010,Anemia,Asthma,60,High,Age > 70; Chronic condition; ICU admission; LOS > 10 days
9707,PAT-0009707,Chasmum,Thaker,Male,1966-12-27,59,2,1,0,1,4,4.0,0.0,60,1,0,1,2026-08-27 05:10:40,High,ADM-00029796,DOC-00106,Dr. Parth Muni,DEP009,ENT,DX003,Pneumonia,Asthma,60,High,Readmission; Chronic condition; ICU admission
9709,PAT-0009709,Tanmayi,Tak,Female,1933-10-10,92,2,0,2,1,11,6.5,15046.18,60,1,1,0,2026-02-21 01:15:19,High,ADM-00029704,DOC-00095,Dr. Hema Rana,DEP009,ENT,DX003,Pneumonia,,60,High,Age > 70; ICU admission; LOS > 10 days; Outstanding balance; Emergency admission
9761,PAT-0009761,Devika,Basak,Male,2024-09-05,0,2,1,1,1,12,7.0,19414.91,60,1,1,0,2025-07-22 23:55:04,High,ADM-00042685,DOC-00120,Dr. Alexander Gulati,DEP010,Dermatology,DX004,Asthma,Migraine,60,High,Chronic condition; ICU admission; LOS > 10 days; Outstanding balance; Emergency admission
10405,PAT-0010405,Yashawini,Amble,Female,1950-06-30,74,2,0,0,1,12,6.5,32382.53,60,1,1,0,2024-10-13 03:11:05,High,ADM-00047963,DOC-00096,Dr. Balvan Bala,DEP002,Cardiology,DX007,Coronary Artery Disease,Coronary Artery Disease,60,High,Age > 70; Chronic condition; ICU admission; LOS > 10 days
10900,PAT-0010900,Ayush,Arora,Male,1939-07-09,86,2,0,0,2,14,10.5,18646.7,60,1,1,0,2025-09-14 23:19:00,High,ADM-00014654,DOC-00125,Dr. Robert Murthy,DEP010,Dermatology,DX004,Asthma,Type 2 Diabetes,60,High,Age > 70; Chronic condition; ICU admission; LOS > 10 days
10951,PAT-0010951,Xiti,Ranganathan,Male,1946-04-10,77,2,1,0,0,4,4.0,2809.78,60,1,1,0,2024-02-10 07:31:57,High,ADM-00016234,DOC-00106,Dr. Parth Muni,DEP009,ENT,DX003,Pneumonia,Coronary Artery Disease,60,High,Readmission; Age > 70; Chronic condition; Outstanding balance
11025,PAT-0011025,Zinal,Sami,Male,1947-05-11,76,2,1,0,0,3,2.5,10287.48,60,1,1,0,2023-10-13 20:51:59,High,ADM-00001848,DOC-00079,Dr. Warinder Sarin,DEP008,Gynecology,DX010,Anemia,Type 2 Diabetes,60,High,Readmission; Age > 70; Chronic condition; Outstanding balance
11307,PAT-0011307,Sara,Dhawan,Male,1942-11-12,83,2,0,1,2,11,10.0,0.0,60,2,0,0,2026-09-05 16:48:04,High,ADM-00047735,DOC-00140,Dr. Anya Bassi,DEP010,Dermatology,DX004,Asthma,Migraine,60,High,Age > 70; Chronic condition; ICU admission; Emergency admission
11391,PAT-0011391,Sneha,Majumdar,Female,1938-01-23,88,2,1,1,0,7,4.0,38666.1,60,1,1,0,2026-08-07 21:35:01,High,ADM-00041897,DOC-00011,Dr. Hemal Muni,DEP006,General Medicine,DX001,Hypertension,Hypertension,60,High,Readmission; Age > 70; Chronic condition; Outstanding balance
11489,PAT-0011489,Brinda,Kara,Female,1967-01-02,58,2,2,1,1,7,6.0,43010.1,60,1,0,1,2025-06-09 10:40:10,High,ADM-00030637,DOC-00115,Dr. Ayushman Roy,DEP002,Cardiology,DX001,Hypertension,,60,High,Readmission; ICU admission; Outstanding balance; Emergency admission
11620,PAT-0011620,Nitara,Ratta,Male,1931-09-18,93,2,0,2,1,10,8.0,0.0,60,1,1,0,2025-06-07 19:12:57,High,ADM-00023368,DOC-00037,Dr. Priya Malhotra,DEP010,Dermatology,DX004,Asthma,Coronary Artery Disease,60,High,Age > 70; Chronic condition; ICU admission; Emergency admission
11799,PAT-0011799,Zaitra,Rajan,Male,1941-09-10,84,2,0,0,1,12,9.0,0.0,60,1,1,0,2025-10-02 02:44:24,High,ADM-00045293,DOC-00003,Dr. Krish Jhaveri,DEP010,Dermatology,DX004,Asthma,Asthma,60,High,Age > 70; Chronic condition; ICU admission; LOS > 10 days
11830,PAT-0011830,Nidhi,Ray,Female,1936-10-15,87,2,0,1,1,6,4.5,0.0,60,1,1,0,2024-05-12 08:24:43,High,ADM-00039087,DOC-00137,Dr. Rajata Arora,DEP005,Pediatrics,DX003,Pneumonia,Type 2 Diabetes,60,High,Age > 70; Chronic condition; ICU admission; Emergency admission
11863,PAT-0011863,Benjamin,Roy,Male,1935-04-10,91,2,0,1,1,6,4.0,0.0,60,1,1,0,2026-07-20 03:54:33,High,ADM-00028350,DOC-00029,Dr. Unnati Mall,DEP005,Pediatrics,DX003,Pneumonia,Coronary Artery Disease,60,High,Age > 70; Chronic condition; ICU admission; Emergency admission
12239,PAT-0012239,Matthew,Vig,Male,1968-11-21,55,2,2,0,1,12,8.0,105783.02,60,1,0,1,2024-11-16 18:24:48,High,ADM-00013712,DOC-00112,Dr. Manan Saran,DEP010,Dermatology,DX004,Asthma,,60,High,Readmission; ICU admission; LOS > 10 days; Outstanding balance
12336,PAT-0012336,Rajeshri,Som,Female,1957-06-17,68,2,1,2,1,9,5.5,40573.55,60,1,0,1,2026-02-13 00:35:45,High,ADM-00010066,DOC-00122,Dr. Nakul Pathak,DEP005,Pediatrics,DX003,Pneumonia,,60,High,Readmission; ICU admission; Outstanding balance; Emergency admission
12593,PAT-0012593,Jonathan,Madan,Female,1942-09-26,81,2,1,0,0,4,3.5,78384.6,60,1,1,0,2024-02-28 03:46:46,High,ADM-00045367,DOC-00009,Dr. Vrinda Kale,DEP006,General Medicine,DX001,Hypertension,Asthma,60,High,Readmission; Age > 70; Chronic condition; Outstanding balance
12715,PAT-0012715,Prisha,Raju,Male,1938-11-22,87,2,1,0,0,7,6.5,24844.18,60,1,1,0,2026-06-11 15:08:31,High,ADM-00022442,DOC-00143,Dr. Ranbir Sarma,DEP003,Neurology,DX006,Migraine,Hypertension,60,High,Readmission; Age > 70; Chronic condition; Outstanding balance
13086,PAT-0013086,Harish,Parsa,Male,1954-09-24,71,2,0,0,1,12,7.5,15096.17,60,1,0,1,2026-05-13 20:08:21,High,ADM-00016809,DOC-00002,Dr. Alexander Mitter,DEP009,ENT,DX003,Pneumonia,Type 2 Diabetes,60,High,Age > 70; Chronic condition; ICU admission; LOS > 10 days
13102,PAT-0013102,Jai,Banerjee,Female,2011-08-16,14,2,2,2,1,7,6.5,30722.22,60,1,1,0,2026-05-29 10:43:02,High,ADM-00002357,DOC-00061,Dr. Michael Rastogi,DEP010,Dermatology,DX004,Asthma,,60,High,Readmission; ICU admission; Outstanding balance; Emergency admission
13259,PAT-0013259,Aradhana,Koshy,Female,1931-11-01,94,2,1,0,1,7,5.5,0.0,60,1,0,1,2025-12-22 06:03:40,High,ADM-00044971,DOC-00116,Dr. Michael Pandya,DEP007,Oncology,DX010,Anemia,,60,High,Readmission; Age > 70; ICU admission
13266,PAT-0013266,Pranit,Pradhan,Male,2017-03-03,8,2,1,1,1,7,6.0,28918.77,60,1,0,1,2025-10-20 22:08:58,High,ADM-00002790,DOC-00098,Dr. Chatresh Batta,DEP006,General Medicine,DX009,Gastroenteritis,,60,High,Readmission; ICU admission; Outstanding balance; Emergency admission
13542,PAT-0013542,Onkar,Issac,Female,2016-03-24,9,2,1,1,1,6,3.5,1811.07,60,1,1,0,2025-11-27 17:11:23,High,ADM-00020765,DOC-00062,Dr. Raghav Sampath,DEP003,Neurology,DX006,Migraine,Coronary Artery Disease,60,High,Readmission; Chronic condition; ICU admission
13730,PAT-0013730,Lucky,Madan,Male,1940-01-26,84,2,0,0,1,13,10.0,5181.69,60,1,1,0,2024-04-16 19:03:58,High,ADM-00013725,DOC-00139,Dr. Tamanna Chander,DEP008,Gynecology,DX010,Anemia,Migraine,60,High,Age > 70; Chronic condition; ICU admission; LOS > 10 days
14064,PAT-0014064,Harrison,Saha,Male,1933-07-02,91,2,2,0,0,6,5.5,21062.86,60,2,0,0,2024-12-03 03:32:21,High,ADM-00045721,DOC-00076,Dr. Kamala Barad,DEP003,Neurology,DX006,Migraine,Asthma,60,High,Readmission; Age > 70; Chronic condition; Outstanding balance
14077,PAT-0014077,Thomas,Jain,Male,1952-12-03,73,2,1,0,0,5,4.5,4305.83,60,1,0,1,2026-03-03 03:16:50,High,ADM-00017443,DOC-00150,Dr. Kamala Bhargava,DEP002,Cardiology,DX007,Coronary Artery Disease,Asthma,60,High,Readmission; Age > 70; Chronic condition; Outstanding balance
14165,PAT-0014165,George,Oza,Male,2020-12-25,5,2,2,0,1,9,5.0,2871.87,60,1,1,0,2026-01-12 06:58:00,High,ADM-00015388,DOC-00093,Dr. Zaitra Mahajan,DEP008,Gynecology,DX010,Anemia,Coronary Artery Disease,60,High,Readmission; Chronic condition; ICU admission
14189,PAT-0014189,Samarth,Sami,Female,1956-05-29,69,2,1,0,1,9,6.0,12273.03,60,1,0,1,2025-11-28 09:28:02,High,ADM-00048700,DOC-00120,Dr. Alexander Gulati,DEP010,Dermatology,DX004,Asthma,Hypertension,60,High,Readmission; Chronic condition; ICU admission
14227,PAT-0014227,Ekaja,Deshpande,Male,1946-11-18,78,2,0,2,1,4,4.0,5224.73,60,1,1,0,2025-02-11 17:31:57,High,ADM-00026201,DOC-00008,Dr. Qadim Suresh,DEP002,Cardiology,DX001,Hypertension,Migraine,60,High,Age > 70; Chronic condition; ICU admission; Emergency admission
14567,PAT-0014567,Bachittar,Verma,Male,1946-06-16,79,2,0,1,1,13,7.5,0.0,60,1,1,0,2026-02-25 22:47:01,High,ADM-00029792,DOC-00147,Dr. Samarth Nayar,DEP004,Orthopedics,DX005,Bone Fracture,Migraine,60,High,Age > 70; Chronic condition; ICU admission; LOS > 10 days
14608,PAT-0014608,Nitesh,Kuruvilla,Female,1933-06-29,92,2,0,1,1,12,6.5,0.0,60,1,1,0,2026-04-11 13:23:15,High,ADM-00049037,DOC-00049,Dr. Anjali Patla,DEP004,Orthopedics,DX005,Bone Fracture,Migraine,60,High,Age > 70; Chronic condition; ICU admission; LOS > 10 days
14609,PAT-0014609,Teerth,Agate,Male,1931-02-28,92,2,0,1,1,8,7.0,25002.35,60,1,1,0,2023-09-10 16:06:38,High,ADM-00044729,DOC-00148,Dr. Yashodhara Sani,DEP002,Cardiology,DX001,Hypertension,Chronic Kidney Disease,60,High,Age > 70; Chronic condition; ICU admission; Emergency admission
14629,PAT-0014629,Ishaan,Vasa,Female,1937-09-09,88,2,0,1,2,7,6.5,0.0,60,1,1,0,2026-05-21 06:43:32,High,ADM-00001314,DOC-00001,Dr. Viraj Subramanian,DEP002,Cardiology,DX001,Hypertension,Chronic Kidney Disease,60,High,Age > 70; Chronic condition; ICU admission; Emergency admission
14766,PAT-0014766,Eiravati,Mannan,Male,1943-10-15,82,2,0,1,2,9,9.0,0.0,60,1,1,0,2026-03-13 09:04:44,High,ADM-00030171,DOC-00097,Dr. Nisha Dhillon,DEP008,Gynecology,DX010,Anemia,Chronic Kidney Disease,60,High,Age > 70; Chronic condition; ICU admission; Emergency admission
14982,PAT-0014982,Patrick,Dube,Female,2021-10-20,4,2,2,0,1,8,4.5,13381.54,60,1,1,0,2026-01-14 13:12:09,High,ADM-00015768,DOC-00050,Dr. Nathaniel Shan,DEP006,General Medicine,DX002,Type 2 Diabetes,Chronic Kidney Disease,60,High,Readmission; Chronic condition; ICU admission
15358,PAT-0015358,Jasmit,Rau,Female,1943-10-04,81,2,0,1,1,8,7.5,0.0,60,1,1,0,2025-06-19 18:43:40,High,ADM-00036006,DOC-00102,Dr. Yahvi Jain,DEP001,Emergency,DX005,Bone Fracture,Type 2 Diabetes,60,High,Age > 70; Chronic condition; ICU admission; Emergency admission
15763,PAT-0015763,Lucky,Gara,Male,1939-07-29,86,2,0,2,1,7,6.5,0.0,60,1,1,0,2025-11-25 06:51:31,High,ADM-00029521,DOC-00140,Dr. Anya Bassi,DEP010,Dermatology,DX004,Asthma,Type 2 Diabetes,60,High,Age > 70; Chronic condition; ICU admission; Emergency admission
16039,PAT-0016039,Kai,Rajan,Male,2000-02-23,23,2,1,1,1,8,7.0,81386.55,60,1,0,1,2024-01-12 23:13:09,High,ADM-00015038,DOC-00125,Dr. Robert Murthy,DEP010,Dermatology,DX004,Asthma,,60,High,Readmission; ICU admission; Outstanding balance; Emergency admission
16099,PAT-0016099,Samarth,Sankar,Female,1934-10-01,89,2,1,1,0,3,2.5,9889.93,60,1,1,0,2023-12-15 21:47:49,High,ADM-00012413,DOC-00146,Dr. Bhanumati Minhas,DEP008,Gynecology,DX010,Anemia,Hypertension,60,High,Readmission; Age > 70; Chronic condition; Outstanding balance
16106,PAT-0016106,Tejas,Gala,Male,1943-09-24,82,2,1,1,1,10,7.0,3923.57,60,2,0,0,2026-09-07 15:47:21,High,ADM-00000800,DOC-00138,Dr. Urishilla Panchal,DEP003,Neurology,DX006,Migraine,Chronic Kidney Disease,60,High,Readmission; Age > 70; Chronic condition; Outstanding balance
16724,PAT-0016724,Janaki,Hans,Female,1939-04-21,86,2,1,0,1,4,3.0,1955.19,60,1,0,1,2025-09-03 01:23:35,High,ADM-00045662,DOC-00147,Dr. Samarth Nayar,DEP004,Orthopedics,DX005,Bone Fracture,,60,High,Readmission; Age > 70; ICU admission
16728,PAT-0016728,Samaksh,Mannan,Male,1942-11-22,83,2,1,1,0,7,5.5,16589.42,60,1,1,0,2026-06-21 01:35:16,High,ADM-00006364,DOC-00145,Dr. Girindra Sachar,DEP009,ENT,DX003,Pneumonia,Coronary Artery Disease,60,High,Readmission; Age > 70; Chronic condition; Outstanding balance
17164,PAT-0017164,Jackson,Natarajan,Male,2020-12-14,4,2,1,1,1,9,7.0,0.0,60,1,0,1,2025-09-15 02:22:12,High,ADM-00016047,DOC-00001,Dr. Viraj Subramanian,DEP002,Cardiology,DX007,Coronary Artery Disease,Chronic Kidney Disease,60,High,Readmission; Chronic condition; ICU admission
17685,PAT-0017685,Chanakya,Sami,Male,1959-09-05,66,2,2,0,1,9,5.5,27090.19,60,1,1,0,2026-01-23 10:01:37,High,ADM-00010360,DOC-00061,Dr. Michael Rastogi,DEP010,Dermatology,DX004,Asthma,Migraine,60,High,Readmission; Chronic condition; ICU admission
17971,PAT-0017971,Kamya,Mane,Female,1989-11-21,34,2,1,0,1,11,8.0,37733.17,60,1,0,1,2024-07-17 05:18:28,High,ADM-00049289,DOC-00049,Dr. Anjali Patla,DEP004,Orthopedics,DX005,Bone Fracture,,60,High,Readmission; ICU admission; LOS > 10 days; Outstanding balance
18012,PAT-0018012,Oviya,Chawla,Female,1934-02-17,90,2,1,1,0,1,1.0,4132.55,60,1,1,0,2024-07-11 15:46:58,High,ADM-00031064,DOC-00031,Dr. Nathan Iyengar,DEP004,Orthopedics,DX005,Bone Fracture,Asthma,60,High,Readmission; Age > 70; Chronic condition; Outstanding balance
18203,PAT-0018203,Megha,Buch,Female,2015-04-23,9,2,1,1,1,8,5.0,9523.42,60,1,0,1,2025-04-04 07:50:24,High,ADM-00005083,DOC-00090,Dr. Lohit Upadhyay,DEP007,Oncology,DX010,Anemia,,60,High,Readmission; ICU admission; Outstanding balance; Emergency admission
18282,PAT-0018282,Qasim,Bedi,Male,1962-04-11,63,2,1,0,1,6,4.0,0.0,60,1,0,1,2025-12-28 06:27:24,High,ADM-00044806,DOC-00069,Dr. David Khosla,DEP004,Orthopedics,DX005,Bone Fracture,Asthma,60,High,Readmission; Chronic condition; ICU admission
18343,PAT-0018343,Amol,Lala,Male,1954-02-17,72,2,0,2,2,11,9.0,29867.91,60,2,0,0,2026-03-08 14:28:32,High,ADM-00029726,DOC-00100,Dr. Umang Basu,DEP010,Dermatology,DX004,Asthma,Asthma,60,High,Age > 70; Chronic condition; ICU admission; Emergency admission
18517,PAT-0018517,Theodore,Mannan,Female,1948-01-29,76,2,1,1,0,3,3.0,16121.84,60,1,1,0,2024-08-23 00:43:30,High,ADM-00006234,DOC-00075,Dr. Theodore Kannan,DEP007,Oncology,DX010,Anemia,Type 2 Diabetes,60,High,Readmission; Age > 70; Chronic condition; Outstanding balance
18846,PAT-0018846,Yadavi,Dhar,Female,1947-09-07,77,2,0,1,1,13,10.0,12420.2,60,1,0,1,2025-04-01 23:34:16,High,ADM-00049200,DOC-00008,Dr. Qadim Suresh,DEP002,Cardiology,DX007,Coronary Artery Disease,,60,High,Age > 70; ICU admission; LOS > 10 days; Outstanding balance; Emergency admission
18943,PAT-0018943,Jagdish,Krish,Male,1930-12-22,93,2,0,1,1,8,6.5,0.0,60,1,1,0,2024-11-24 11:49:41,High,ADM-00006271,DOC-00045,Dr. Bhavini Maharaj,DEP003,Neurology,DX006,Migraine,Migraine,60,High,Age > 70; Chronic condition; ICU admission; Emergency admission
18960,PAT-0018960,Ranveer,Dua,Male,1976-12-19,48,2,1,0,1,13,7.5,11765.24,60,1,0,1,2025-04-13 06:22:42,High,ADM-00033304,DOC-00064,Dr. Amol Gera,DEP008,Gynecology,DX010,Anemia,,60,High,Readmission; ICU admission; LOS > 10 days; Outstanding balance
19182,PAT-0019182,Amruta,Rau,Female,1932-10-24,92,2,0,2,1,8,6.5,6361.1,60,1,1,0,2025-03-09 10:37:03,High,ADM-00028651,DOC-00054,Dr. Abhimanyu Buch,DEP001,Emergency,DX009,Gastroenteritis,Hypertension,60,High,Age > 70; Chronic condition; ICU admission; Emergency admission
19289,PAT-0019289,Ridhi,Dhaliwal,Female,1955-09-23,70,2,1,0,1,9,7.5,0.0,60,1,0,1,2026-02-18 16:03:36,High,ADM-00012198,DOC-00073,Dr. Warjas Singhal,DEP001,Emergency,DX009,Gastroenteritis,Hypertension,60,High,Readmission; Chronic condition; ICU admission
19461,PAT-0019461,Bhavini,D’Alia,Male,1987-06-14,38,2,2,0,1,10,5.5,0.0,60,1,1,0,2025-07-28 14:56:25,High,ADM-00020115,DOC-00035,Dr. Dayamai Nazareth,DEP009,ENT,DX003,Pneumonia,Asthma,60,High,Readmission; Chronic condition; ICU admission
19854,PAT-0019854,Warda,Wadhwa,Male,1988-04-22,35,2,1,1,1,4,4.0,26370.68,60,1,0,1,2024-01-10 02:29:18,High,ADM-00019837,DOC-00133,Dr. Vritti Cheema,DEP002,Cardiology,DX001,Hypertension,,60,High,Readmission; ICU admission; Outstanding balance; Emergency admission
19969,PAT-0019969,Ranbir,Manne,Male,1989-08-25,36,2,2,1,1,14,10.5,36916.07,60,1,1,0,2026-04-10 04:01:30,High,ADM-00022192,DOC-00059,Dr. Indrajit Cheema,DEP005,Pediatrics,DX004,Asthma,,60,High,Readmission; ICU admission; LOS > 10 days; Outstanding balance
20014,PAT-0020014,Charles,Aurora,Male,1943-09-05,83,2,0,0,1,11,8.5,0.0,60,1,1,0,2026-09-25 21:45:57,High,ADM-00051088,DOC-00054,Dr. Abhimanyu Buch,DEP001,Emergency,DX005,Bone Fracture,Type 2 Diabetes,60,High,Age > 70; Chronic condition; ICU admission; LOS > 10 days
20203,PAT-0020203,Ishwar,Bedi,Female,1943-11-16,81,2,1,0,1,12,8.0,0.0,60,1,1,0,2025-06-01 04:41:20,High,ADM-00046946,DOC-00069,Dr. David Khosla,DEP004,Orthopedics,DX005,Bone Fracture,Asthma,60,High,Age > 70; Chronic condition; ICU admission; LOS > 10 days
20558,PAT-0020558,Mason,Mangal,Male,2014-03-05,12,2,1,0,1,9,7.0,0.0,60,1,0,1,2026-08-25 19:20:01,High,ADM-00001547,DOC-00026,Dr. Jagrati Borde,DEP003,Neurology,DX006,Migraine,Migraine,60,High,Readmission; Chronic condition; ICU admission
20572,PAT-0020572,Rachana,Kant,Female,1933-11-26,90,2,1,0,0,1,1.0,3577.4,60,1,1,0,2024-07-30 20:10:40,High,ADM-00002682,DOC-00037,Dr. Priya Malhotra,DEP010,Dermatology,DX004,Asthma,Hypertension,60,High,Readmission; Age > 70; Chronic condition; Outstanding balance
20633,PAT-0020633,Qadim,Gera,Male,1936-10-23,88,2,1,0,1,6,4.0,11432.4,60,1,0,1,2024-12-23 19:04:11,High,ADM-00006543,DOC-00120,Dr. Alexander Gulati,DEP010,Dermatology,DX004,Asthma,,60,High,Readmission; Age > 70; ICU admission
20741,PAT-0020741,Zayyan,Kashyap,Male,1938-09-09,87,2,0,0,1,13,8.5,0.0,60,1,1,0,2025-10-03 05:23:18,High,ADM-00027127,DOC-00147,Dr. Samarth Nayar,DEP004,Orthopedics,DX005,Bone Fracture,Migraine,60,High,Age > 70; Chronic condition; ICU admission; LOS > 10 days
20764,PAT-0020764,Rohan,Rastogi,Female,1952-07-20,73,2,0,1,1,11,8.5,0.0,60,1,1,0,2026-05-28 05:19:12,High,ADM-00011731,DOC-00141,Dr. Janya Chawla,DEP007,Oncology,DX010,Anemia,Coronary Artery Disease,60,High,Age > 70; Chronic condition; ICU admission; LOS > 10 days
21364,PAT-0021364,Yashoda,Prasad,Female,2001-12-05,21,2,1,2,1,8,6.0,80953.18,60,1,0,1,2023-05-18 23:30:25,High,ADM-00029977,DOC-00115,Dr. Ayushman Roy,DEP002,Cardiology,DX001,Hypertension,,60,High,Readmission; ICU admission; Outstanding balance; Emergency admission
21651,PAT-0021651,Mohammed,Natarajan,Female,1953-05-14,72,2,1,0,0,5,3.0,5435.41,60,1,1,0,2025-10-07 23:44:18,High,ADM-00040944,DOC-00091,Dr. Dev Sangha,DEP006,General Medicine,DX001,Hypertension,Type 2 Diabetes,60,High,Readmission; Age > 70; Chronic condition; Outstanding balance
22064,PAT-0022064,Nicholas,Ram,Male,2002-07-23,22,2,2,0,1,11,7.5,9003.92,60,1,0,1,2025-03-27 13:33:46,High,ADM-00011054,DOC-00064,Dr. Amol Gera,DEP008,Gynecology,DX010,Anemia,,60,High,Readmission; ICU admission; LOS > 10 days; Outstanding balance
22128,PAT-0022128,Bahadurjit,Bhat,Female,1979-11-16,44,2,1,0,1,11,6.5,19834.14,60,1,0,1,2023-12-26 02:47:07,High,ADM-00006460,DOC-00039,Dr. Jalsa Choudhry,DEP002,Cardiology,DX007,Coronary Artery Disease,,60,High,Readmission; ICU admission; LOS > 10 days; Outstanding balance
22731,PAT-0022731,Unnati,Sangha,Female,1932-12-23,92,2,0,1,1,10,8.5,0.0,60,1,1,0,2025-11-11 21:14:48,High,ADM-00035074,DOC-00027,Dr. David Deshmukh,DEP007,Oncology,DX010,Anemia,Hypertension,60,High,Age > 70; Chronic condition; ICU admission; Emergency admission
23025,PAT-0023025,Fitan,Comar,Male,1965-01-17,60,2,1,1,1,10,8.5,41180.9,60,1,1,0,2025-05-24 12:01:05,High,ADM-00046715,DOC-00097,Dr. Nisha Dhillon,DEP008,Gynecology,DX010,Anemia,Coronary Artery Disease,60,High,Readmission; Chronic condition; ICU admission
23187,PAT-0023187,Yauvani,Dani,Male,1938-06-12,88,2,0,1,1,9,8.0,0.0,60,1,1,0,2026-09-24 12:34:43,High,ADM-00050764,DOC-00140,Dr. Anya Bassi,DEP010,Dermatology,DX004,Asthma,Chronic Kidney Disease,60,High,Age > 70; Chronic condition; ICU admission; Emergency admission
23395,PAT-0023395,Tarak,Rout,Female,2013-06-04,12,2,1,0,1,9,6.0,5197.58,60,1,0,1,2025-08-24 09:14:05,High,ADM-00026381,DOC-00142,Dr. Yug Bali,DEP005,Pediatrics,DX004,Asthma,Migraine,60,High,Readmission; Chronic condition; ICU admission
23875,PAT-0023875,Lohit,Ravel,Male,1937-01-27,89,2,1,0,0,7,5.5,3528.0,60,1,1,0,2026-03-10 11:22:00,High,ADM-00032793,DOC-00084,Dr. Warhi Raja,DEP004,Orthopedics,DX005,Bone Fracture,Coronary Artery Disease,60,High,Readmission; Age > 70; Chronic condition; Outstanding balance
23912,PAT-0023912,Teerth,Rama,Female,1930-10-03,95,2,1,0,0,6,5.0,16127.04,60,1,1,0,2026-04-06 09:34:05,High,ADM-00025406,DOC-00054,Dr. Abhimanyu Buch,DEP001,Emergency,DX009,Gastroenteritis,Chronic Kidney Disease,60,High,Readmission; Age > 70; Chronic condition; Outstanding balance
24340,PAT-0024340,Darika,Parekh,Female,1938-09-15,86,2,1,0,0,4,4.0,18734.52,60,1,1,0,2025-07-07 00:37:47,High,ADM-00035473,DOC-00022,Dr. Kritika Khurana,DEP009,ENT,DX003,Pneumonia,Type 2 Diabetes,60,High,Readmission; Age > 70; Chronic condition; Outstanding balance
283,PAT-0000283,Caleb,Kapadia,Male,2002-04-02,23,1,1,0,1,3,3.0,0.0,60,1,0,0,2025-11-12 17:43:47,High,ADM-00026489,DOC-00028,Dr. Samesh Arora,DEP006,General Medicine,DX010,Anemia,Asthma,60,High,Readmission; Chronic condition; ICU admission
311,PAT-0000311,Darika,Shukla,Female,1941-04-28,83,1,1,0,0,5,5.0,9212.71,60,1,0,0,2024-11-09 21:36:45,High,ADM-00013046,DOC-00120,Dr. Alexander Gulati,DEP010,Dermatology,DX004,Asthma,Type 2 Diabetes,60,High,Readmission; Age > 70; Chronic condition; Outstanding balance
392,PAT-0000392,Vihaan,Kadakia,Male,2005-03-04,20,1,1,1,1,4,4.0,41139.13,60,1,0,0,2025-05-01 12:40:43,High,ADM-00001855,DOC-00061,Dr. Michael Rastogi,DEP010,Dermatology,DX004,Asthma,,60,High,Readmission; ICU admission; Outstanding balance; Emergency admission
681,PAT-0000681,Oni,Jain,Female,1931-06-29,92,1,1,0,0,4,4.0,5448.81,60,1,0,0,2023-09-15 10:01:38,High,ADM-00004247,DOC-00149,Dr. Viraj Nair,DEP006,General Medicine,DX009,Gastroenteritis,Coronary Artery Disease,60,High,Readmission; Age > 70; Chronic condition; Outstanding balance
863,PAT-0000863,Simon,Sur,Male,1940-07-25,85,1,0,1,1,8,8.0,0.0,60,1,0,0,2025-10-20 19:31:46,High,ADM-00001413,DOC-00120,Dr. Alexander Gulati,DEP010,Dermatology,DX004,Asthma,Chronic Kidney Disease,60,High,Age > 70; Chronic condition; ICU admission; Emergency admission
871,PAT-0000871,Sanya,Jha,Male,1958-08-08,65,1,0,1,1,13,13.0,67523.4,60,1,0,0,2024-03-23 04:56:52,High,ADM-00036036,DOC-00031,Dr. Nathan Iyengar,DEP004,Orthopedics,DX005,Bone Fracture,Hypertension,60,High,Chronic condition; ICU admission; LOS > 10 days; Outstanding balance; Emergency admission
922,PAT-0000922,Vyanjana,Agate,Female,1936-08-11,89,1,1,0,1,8,8.0,0.0,60,1,0,0,2025-10-24 16:54:49,High,ADM-00020058,DOC-00046,Dr. Umang Konda,DEP002,Cardiology,DX007,Coronary Artery Disease,,60,High,Readmission; Age > 70; ICU admission
1366,PAT-0001366,Lopa,Bhakta,Male,1939-11-22,86,1,0,1,1,6,6.0,0.0,60,1,0,0,2026-07-02 08:57:39,High,ADM-00011860,DOC-00020,Dr. Chatresh Viswanathan,DEP006,General Medicine,DX010,Anemia,Migraine,60,High,Age > 70; Chronic condition; ICU admission; Emergency admission
1573,PAT-0001573,Chandran,Shah,Female,1974-03-29,51,1,1,1,1,8,8.0,8146.83,60,1,0,0,2025-05-21 16:46:26,High,ADM-00031183,DOC-00062,Dr. Raghav Sampath,DEP003,Neurology,DX006,Migraine,,60,High,Readmission; ICU admission; Outstanding balance; Emergency admission
1631,PAT-0001631,Dayita,Butala,Female,2016-03-23,8,1,1,1,1,9,9.0,7697.43,60,1,0,0,2025-01-26 07:12:29,High,ADM-00007426,DOC-00056,Dr. Amaira Pal,DEP004,Orthopedics,DX005,Bone Fracture,,60,High,Readmission; ICU admission; Outstanding balance; Emergency admission
1741,PAT-0001741,Leena,Pandey,Other,1943-09-24,80,1,0,1,1,10,10.0,0.0,60,1,0,0,2024-03-12 21:29:56,High,ADM-00008258,DOC-00125,Dr. Robert Murthy,DEP010,Dermatology,DX004,Asthma,Chronic Kidney Disease,60,High,Age > 70; Chronic condition; ICU admission; Emergency admission
1775,PAT-0001775,Aarnav,Kota,Male,1936-04-24,89,1,0,0,1,12,12.0,0.0,60,1,0,0,2026-02-16 15:39:54,High,ADM-00045574,DOC-00125,Dr. Robert Murthy,DEP010,Dermatology,DX004,Asthma,Chronic Kidney Disease,60,High,Age > 70; Chronic condition; ICU admission; LOS > 10 days
1889,PAT-0001889,Dhriti,Hayer,Male,1990-08-14,32,1,1,0,1,11,11.0,98629.14,60,1,0,0,2023-07-22 13:59:34,High,ADM-00037875,DOC-00140,Dr. Anya Bassi,DEP010,Dermatology,DX004,Asthma,,60,High,Readmission; ICU admission; LOS > 10 days; Outstanding balance
1976,PAT-0001976,Faraj,Dey,Male,1936-11-12,86,1,1,0,0,3,3.0,8396.06,60,1,0,0,2023-05-23 07:12:03,High,ADM-00020422,DOC-00082,Dr. Dhriti Devi,DEP006,General Medicine,DX010,Anemia,Type 2 Diabetes,60,High,Readmission; Age > 70; Chronic condition; Outstanding balance
2142,PAT-0002142,Ucchal,Shanker,Female,1941-03-20,81,1,1,0,0,4,4.0,16629.82,60,1,0,0,2023-02-06 23:37:42,High,ADM-00023685,DOC-00127,Dr. Fitan Ratti,DEP004,Orthopedics,DX005,Bone Fracture,Hypertension,60,High,Readmission; Age > 70; Chronic condition; Outstanding balance
2225,PAT-0002225,Bishakha,Raju,Female,1946-01-13,79,1,1,0,0,6,6.0,5884.34,60,1,0,0,2025-10-15 11:54:49,High,ADM-00015103,DOC-00107,Dr. Kavya Chaudhry,DEP001,Emergency,DX009,Gastroenteritis,Coronary Artery Disease,60,High,Readmission; Age > 70; Chronic condition; Outstanding balance
3152,PAT-0003152,Fariq,Purohit,Male,1948-08-31,75,1,0,1,1,9,9.0,0.0,60,1,0,0,2024-05-29 21:37:46,High,ADM-00036564,DOC-00011,Dr. Hemal Muni,DEP006,General Medicine,DX001,Hypertension,Coronary Artery Disease,60,High,Age > 70; Chronic condition; ICU admission; Emergency admission
3354,PAT-0003354,Diya,Ganesan,Male,1931-02-14,94,1,0,1,1,8,8.0,0.0,60,1,0,0,2025-10-08 13:04:24,High,ADM-00020608,DOC-00011,Dr. Hemal Muni,DEP006,General Medicine,DX001,Hypertension,Migraine,60,High,Age > 70; Chronic condition; ICU admission; Emergency admission
3461,PAT-0003461,Aarav,Sharaf,Male,1935-12-25,89,1,0,1,1,3,3.0,0.0,60,1,0,0,2025-09-03 17:30:25,High,ADM-00029329,DOC-00063,Dr. Vinaya Amble,DEP004,Orthopedics,DX005,Bone Fracture,Hypertension,60,High,Age > 70; Chronic condition; ICU admission; Emergency admission
3525,PAT-0003525,Abdul,Char,Male,2004-09-29,21,1,1,0,1,9,9.0,0.0,60,1,0,0,2026-03-25 22:28:38,High,ADM-00029752,DOC-00015,Dr. Wridesh Sheth,DEP003,Neurology,DX006,Migraine,Hypertension,60,High,Readmission; Chronic condition; ICU admission
3628,PAT-0003628,Gopal,Sha,Female,1934-10-09,89,1,1,0,0,2,2.0,1154.82,60,1,0,0,2024-05-18 22:54:33,High,ADM-00036415,DOC-00100,Dr. Umang Basu,DEP010,Dermatology,DX004,Asthma,Migraine,60,High,Readmission; Age > 70; Chronic condition; Outstanding balance
3708,PAT-0003708,Abdul,Batra,Male,1954-10-10,71,1,0,1,1,7,7.0,0.0,60,1,0,0,2025-11-09 12:04:25,High,ADM-00015954,DOC-00099,Dr. Eiravati Goda,DEP001,Emergency,DX005,Bone Fracture,Asthma,60,High,Age > 70; Chronic condition; ICU admission; Emergency admission
4258,PAT-0004258,Simon,Bhatnagar,Male,2004-04-14,21,1,1,0,1,9,9.0,0.0,60,1,0,0,2025-05-22 22:27:57,High,ADM-00035244,DOC-00009,Dr. Vrinda Kale,DEP006,General Medicine,DX001,Hypertension,Chronic Kidney Disease,60,High,Readmission; Chronic condition; ICU admission
4708,PAT-0004708,Dhriti,Dani,Male,1945-09-25,80,1,0,0,1,15,15.0,0.0,60,1,0,0,2026-08-30 23:15:34,High,ADM-00033237,DOC-00107,Dr. Kavya Chaudhry,DEP001,Emergency,DX003,Pneumonia,Type 2 Diabetes,60,High,Age > 70; Chronic condition; ICU admission; LOS > 10 days
5417,PAT-0005417,Priya,Handa,Female,1961-07-21,64,1,1,1,1,10,10.0,59483.68,60,1,0,0,2025-10-21 10:39:11,High,ADM-00018072,DOC-00045,Dr. Bhavini Maharaj,DEP003,Neurology,DX006,Migraine,,60,High,Readmission; ICU admission; Outstanding balance; Emergency admission
5500,PAT-0005500,Ishanvi,Dua,Female,2011-05-26,14,1,1,1,1,6,6.0,46683.26,60,1,0,0,2025-06-08 11:05:36,High,ADM-00018684,DOC-00005,Dr. Veer Merchant,DEP006,General Medicine,DX002,Type 2 Diabetes,,60,High,Readmission; ICU admission; Outstanding balance; Emergency admission
5765,PAT-0005765,Patrick,Sagar,Female,2002-03-13,21,1,1,1,1,8,8.0,28819.59,60,1,0,0,2023-11-14 20:54:20,High,ADM-00023466,DOC-00014,Dr. Chaitanya Buch,DEP004,Orthopedics,DX005,Bone Fracture,,60,High,Readmission; ICU admission; Outstanding balance; Emergency admission
5787,PAT-0005787,Frederick,Zacharia,Male,1951-05-09,74,1,0,0,1,12,12.0,0.0,60,1,0,0,2025-12-02 08:02:32,High,ADM-00002962,DOC-00070,Dr. Jason Mukherjee,DEP005,Pediatrics,DX010,Anemia,Type 2 Diabetes,60,High,Age > 70; Chronic condition; ICU admission; LOS > 10 days
5819,PAT-0005819,Mitali,Shukla,Female,1995-01-14,31,1,1,1,1,10,10.0,47251.82,60,1,0,0,2026-04-16 02:19:42,High,ADM-00039831,DOC-00135,Dr. Charles Bajaj,DEP007,Oncology,DX010,Anemia,,60,High,Readmission; ICU admission; Outstanding balance; Emergency admission
6230,PAT-0006230,Qarin,Dhar,Female,1940-09-07,86,1,0,1,1,3,3.0,0.0,60,1,0,0,2026-09-26 02:16:27,High,ADM-00051135,DOC-00082,Dr. Dhriti Devi,DEP006,General Medicine,DX009,Gastroenteritis,Migraine,60,High,Age > 70; Chronic condition; ICU admission; Emergency admission
6590,PAT-0006590,Yuvraj,Rajagopalan,Male,1950-11-05,73,1,1,0,0,3,3.0,3653.79,60,1,0,0,2024-01-28 21:53:43,High,ADM-00014103,DOC-00039,Dr. Jalsa Choudhry,DEP002,Cardiology,DX001,Hypertension,Type 2 Diabetes,60,High,Readmission; Age > 70; Chronic condition; Outstanding balance
7040,PAT-0007040,Imaran,Luthra,Female,1934-11-17,91,1,0,0,1,13,13.0,0.0,60,1,0,0,2026-05-20 19:11:26,High,ADM-00006848,DOC-00042,Dr. Harrison Dora,DEP002,Cardiology,DX001,Hypertension,Migraine,60,High,Age > 70; Chronic condition; ICU admission; LOS > 10 days
7190,PAT-0007190,Bhavika,Parmer,Male,1967-12-11,58,1,1,0,1,9,9.0,0.0,60,1,0,0,2026-06-04 12:11:26,High,ADM-00023657,DOC-00064,Dr. Amol Gera,DEP008,Gynecology,DX010,Anemia,Hypertension,60,High,Readmission; Chronic condition; ICU admission
7735,PAT-0007735,Ekani,Mani,Female,2000-03-13,23,1,1,0,1,10,10.0,0.0,60,1,0,0,2023-05-21 16:52:23,High,ADM-00006263,DOC-00135,Dr. Charles Bajaj,DEP007,Oncology,DX010,Anemia,Migraine,60,High,Readmission; Chronic condition; ICU admission
7774,PAT-0007774,Chatresh,Agate,Male,1950-11-22,75,1,1,0,0,4,4.0,5355.29,60,1,0,0,2026-08-30 10:24:08,High,ADM-00019446,DOC-00146,Dr. Bhanumati Minhas,DEP008,Gynecology,DX010,Anemia,Coronary Artery Disease,60,High,Readmission; Age > 70; Chronic condition; Outstanding balance
7811,PAT-0007811,Anita,Pandey,Male,1967-07-18,56,1,1,0,1,7,7.0,0.0,60,1,0,0,2024-01-19 04:38:22,High,ADM-00002871,DOC-00027,Dr. David Deshmukh,DEP007,Oncology,DX010,Anemia,Migraine,60,High,Readmission; Chronic condition; ICU admission
7857,PAT-0007857,Chakradev,Chaudhary,Male,1940-11-11,83,1,0,1,1,11,11.0,19462.68,60,1,0,0,2024-06-24 01:43:22,High,ADM-00024611,DOC-00028,Dr. Samesh Arora,DEP006,General Medicine,DX002,Type 2 Diabetes,,60,High,Age > 70; ICU admission; LOS > 10 days; Outstanding balance; Emergency admission
7985,PAT-0007985,Farhan,Chaudhary,Female,1941-05-24,83,1,1,0,0,1,1.0,2036.69,60,1,0,0,2025-04-26 16:20:56,High,ADM-00019850,DOC-00070,Dr. Jason Mukherjee,DEP005,Pediatrics,DX003,Pneumonia,Hypertension,60,High,Readmission; Age > 70; Chronic condition; Outstanding balance
8189,PAT-0008189,Janaki,Nazareth,Male,1934-12-13,91,1,0,1,1,7,7.0,0.0,60,1,0,0,2026-05-22 15:31:41,High,ADM-00033022,DOC-00070,Dr. Jason Mukherjee,DEP005,Pediatrics,DX004,Asthma,Asthma,60,High,Age > 70; Chronic condition; ICU admission; Emergency admission
8341,PAT-0008341,Nisha,Cheema,Male,1947-07-14,78,1,1,0,0,7,7.0,3625.6,60,1,0,0,2026-04-28 14:44:04,High,ADM-00031984,DOC-00105,Dr. Ekapad Pal,DEP002,Cardiology,DX001,Hypertension,Chronic Kidney Disease,60,High,Readmission; Age > 70; Chronic condition; Outstanding balance
8385,PAT-0008385,Sanaya,Sha,Male,1941-03-03,85,1,0,1,1,3,3.0,0.0,60,1,0,0,2026-08-04 20:12:43,High,ADM-00048857,DOC-00037,Dr. Priya Malhotra,DEP010,Dermatology,DX004,Asthma,Migraine,60,High,Age > 70; Chronic condition; ICU admission; Emergency admission
8848,PAT-0008848,Gautam,Bhat,Male,1948-04-01,76,1,0,1,1,8,8.0,0.0,60,1,0,0,2024-06-22 19:10:35,High,ADM-00030741,DOC-00099,Dr. Eiravati Goda,DEP001,Emergency,DX009,Gastroenteritis,Asthma,60,High,Age > 70; Chronic condition; ICU admission; Emergency admission
8876,PAT-0008876,Nikita,Parmar,Female,1947-05-18,76,1,0,1,1,10,10.0,0.0,60,1,0,0,2023-05-19 16:51:32,High,ADM-00036106,DOC-00060,Dr. Bhavya Kulkarni,DEP005,Pediatrics,DX010,Anemia,Chronic Kidney Disease,60,High,Age > 70; Chronic condition; ICU admission; Emergency admission
9045,PAT-0009045,Kiaan,Patil,Female,1985-07-25,39,1,1,1,1,6,6.0,11820.63,60,1,0,0,2025-06-05 15:19:04,High,ADM-00022745,DOC-00061,Dr. Michael Rastogi,DEP010,Dermatology,DX004,Asthma,,60,High,Readmission; ICU admission; Outstanding balance; Emergency admission
9228,PAT-0009228,Azaan,Ganesh,Male,1939-03-11,86,1,1,0,0,6,6.0,16696.65,60,1,0,0,2025-07-20 03:59:41,High,ADM-00000103,DOC-00055,Dr. Chaitanya Banerjee,DEP007,Oncology,DX010,Anemia,Hypertension,60,High,Readmission; Age > 70; Chronic condition; Outstanding balance
9568,PAT-0009568,Harish,Taneja,Male,1947-12-17,75,1,1,0,0,1,1.0,109736.55,60,1,0,0,2023-05-10 09:22:24,High,ADM-00045063,DOC-00068,Dr. Aarnav Barman,DEP009,ENT,DX003,Pneumonia,Asthma,60,High,Readmission; Age > 70; Chronic condition; Outstanding balance
10048,PAT-0010048,Kiaan,Balakrishnan,Male,1955-01-25,69,1,1,0,1,8,8.0,0.0,60,1,0,0,2024-06-27 15:15:49,High,ADM-00030556,DOC-00069,Dr. David Khosla,DEP004,Orthopedics,DX005,Bone Fracture,Type 2 Diabetes,60,High,Readmission; Chronic condition; ICU admission
10074,PAT-0010074,Anvi,Raghavan,Female,2008-10-16,15,1,1,0,1,11,11.0,35702.95,60,1,0,0,2024-01-02 12:59:42,High,ADM-00012169,DOC-00050,Dr. Nathaniel Shan,DEP006,General Medicine,DX001,Hypertension,,60,High,Readmission; ICU admission; LOS > 10 days; Outstanding balance
10236,PAT-0010236,Laksh,Bhatnagar,Female,1939-09-20,86,1,0,1,1,12,12.0,36759.92,60,1,0,0,2025-10-16 08:00:02,High,ADM-00036838,DOC-00061,Dr. Michael Rastogi,DEP010,Dermatology,DX004,Asthma,,60,High,Age > 70; ICU admission; LOS > 10 days; Outstanding balance; Emergency admission
10280,PAT-0010280,Vaishnavi,Keer,Female,1938-08-10,87,1,1,0,1,5,5.0,0.0,60,1,0,0,2026-04-19 22:19:38,High,ADM-00044824,DOC-00058,Dr. Jackson Jhaveri,DEP002,Cardiology,DX007,Coronary Artery Disease,,60,High,Readmission; Age > 70; ICU admission
10306,PAT-0010306,Sanya,Kade,Female,1967-08-15,58,1,1,0,1,9,9.0,0.0,60,1,0,0,2026-08-09 14:27:01,High,ADM-00003144,DOC-00006,Dr. Arin Tailor,DEP001,Emergency,DX005,Bone Fracture,Coronary Artery Disease,60,High,Readmission; Chronic condition; ICU admission
10352,PAT-0010352,Devansh,Loyal,Male,1935-04-07,89,1,0,1,1,7,7.0,0.0,60,1,0,0,2025-01-06 04:49:05,High,ADM-00023238,DOC-00120,Dr. Alexander Gulati,DEP010,Dermatology,DX004,Asthma,Coronary Artery Disease,60,High,Age > 70; Chronic condition; ICU admission; Emergency admission
10756,PAT-0010756,Yoshita,Grewal,Female,1931-07-24,92,1,1,0,0,1,1.0,5744.14,60,1,0,0,2023-09-12 22:48:31,High,ADM-00037981,DOC-00075,Dr. Theodore Kannan,DEP007,Oncology,DX010,Anemia,Chronic Kidney Disease,60,High,Readmission; Age > 70; Chronic condition; Outstanding balance
11053,PAT-0011053,Andrew,Sengupta,Male,1938-12-29,85,1,0,1,1,9,9.0,0.0,60,1,0,0,2024-06-23 03:20:40,High,ADM-00045689,DOC-00129,Dr. Sneha Mahal,DEP008,Gynecology,DX010,Anemia,Coronary Artery Disease,60,High,Age > 70; Chronic condition; ICU admission; Emergency admission
11244,PAT-0011244,Omaja,Bhakta,Male,1944-12-30,81,1,0,1,1,12,12.0,46544.86,60,1,0,0,2026-05-26 23:44:01,High,ADM-00006627,DOC-00032,Dr. Anamika Johal,DEP003,Neurology,DX006,Migraine,,60,High,Age > 70; ICU admission; LOS > 10 days; Outstanding balance; Emergency admission
11493,PAT-0011493,Luke,Choudhry,Female,1933-08-19,90,1,1,0,1,3,3.0,0.0,60,1,0,0,2024-01-22 12:06:28,High,ADM-00048787,DOC-00064,Dr. Amol Gera,DEP008,Gynecology,DX010,Anemia,,60,High,Readmission; Age > 70; ICU admission
11598,PAT-0011598,Anthony,Dyal,Male,1942-12-17,82,1,0,1,1,3,3.0,0.0,60,1,0,0,2025-07-01 09:52:07,High,ADM-00002821,DOC-00069,Dr. David Khosla,DEP004,Orthopedics,DX005,Bone Fracture,Chronic Kidney Disease,60,High,Age > 70; Chronic condition; ICU admission; Emergency admission
11767,PAT-0011767,Farhan,Ratta,Female,1978-10-17,44,1,1,0,1,9,9.0,0.0,60,1,0,0,2023-10-01 10:40:19,High,ADM-00028527,DOC-00030,Dr. Yamini Rau,DEP009,ENT,DX003,Pneumonia,Hypertension,60,High,Readmission; Chronic condition; ICU admission
12071,PAT-0012071,Aachal,Chad,Male,1943-11-20,80,1,0,0,1,14,14.0,0.0,60,1,0,0,2023-12-28 06:57:48,High,ADM-00039057,DOC-00131,Dr. Yahvi Raja,DEP007,Oncology,DX010,Anemia,Chronic Kidney Disease,60,High,Age > 70; Chronic condition; ICU admission; LOS > 10 days
12493,PAT-0012493,Yatan,Jhaveri,Female,1952-02-03,72,1,0,1,1,7,7.0,0.0,60,1,0,0,2024-06-26 16:09:17,High,ADM-00040493,DOC-00025,Dr. Daksh Madan,DEP001,Emergency,DX005,Bone Fracture,Asthma,60,High,Age > 70; Chronic condition; ICU admission; Emergency admission
12701,PAT-0012701,Bakhshi,Konda,Male,1945-01-24,80,1,1,0,0,3,3.0,6206.85,60,1,0,0,2025-08-20 09:36:19,High,ADM-00036974,DOC-00096,Dr. Balvan Bala,DEP002,Cardiology,DX007,Coronary Artery Disease,Type 2 Diabetes,60,High,Readmission; Age > 70; Chronic condition; Outstanding balance
12769,PAT-0012769,Abhiram,Kapur,Female,1936-07-05,88,1,1,0,0,1,1.0,5872.6,60,1,0,0,2025-06-04 02:43:39,High,ADM-00027554,DOC-00085,Dr. Mekhala Mangat,DEP006,General Medicine,DX009,Gastroenteritis,Hypertension,60,High,Readmission; Age > 70; Chronic condition; Outstanding balance
12779,PAT-0012779,Neha,Sharma,Female,1985-02-12,38,1,1,0,1,7,7.0,0.0,60,1,0,0,2023-05-20 14:46:32,High,ADM-00003650,DOC-00033,Dr. Azad Batra,DEP009,ENT,DX003,Pneumonia,Coronary Artery Disease,60,High,Readmission; Chronic condition; ICU admission
12787,PAT-0012787,Nachiket,Zachariah,Male,1939-12-08,83,1,1,0,0,1,1.0,5966.89,60,1,0,0,2023-06-12 09:15:11,High,ADM-00048071,DOC-00115,Dr. Ayushman Roy,DEP002,Cardiology,DX007,Coronary Artery Disease,Hypertension,60,High,Readmission; Age > 70; Chronic condition; Outstanding balance
13156,PAT-0013156,Kamya,Gade,Male,1953-01-02,73,1,1,0,1,5,5.0,0.0,60,1,0,0,2026-02-17 21:34:11,High,ADM-00040232,DOC-00010,Dr. Laban Kala,DEP009,ENT,DX003,Pneumonia,,60,High,Readmission; Age > 70; ICU admission
13199,PAT-0013199,Nilima,Ramaswamy,Female,1941-06-01,82,1,1,0,0,6,6.0,13190.94,60,1,0,0,2023-11-25 04:17:42,High,ADM-00029189,DOC-00131,Dr. Yahvi Raja,DEP007,Oncology,DX010,Anemia,Type 2 Diabetes,60,High,Readmission; Age > 70; Chronic condition; Outstanding balance
13283,PAT-0013283,Timothy,Narain,Female,1939-08-07,86,1,1,0,0,2,2.0,7960.09,60,1,0,0,2025-11-18 13:04:44,High,ADM-00032901,DOC-00029,Dr. Unnati Mall,DEP005,Pediatrics,DX010,Anemia,Chronic Kidney Disease,60,High,Readmission; Age > 70; Chronic condition; Outstanding balance
13295,PAT-0013295,Aachal,Chowdhury,Male,1949-02-10,74,1,1,0,0,3,3.0,3630.35,60,1,0,0,2023-10-06 00:01:48,High,ADM-00020175,DOC-00142,Dr. Yug Bali,DEP005,Pediatrics,DX010,Anemia,Migraine,60,High,Readmission; Age > 70; Chronic condition; Outstanding balance
13675,PAT-0013675,Faraj,Radhakrishnan,Female,1994-05-11,31,1,1,1,1,10,10.0,24953.08,60,1,0,0,2026-02-04 19:24:27,High,ADM-00039070,DOC-00056,Dr. Amaira Pal,DEP004,Orthopedics,DX005,Bone Fracture,,60,High,Readmission; ICU admission; Outstanding balance; Emergency admission
13728,PAT-0013728,Janani,Patil,Female,1942-08-26,82,1,1,0,0,2,2.0,3339.29,60,1,0,0,2024-10-03 14:08:18,High,ADM-00017597,DOC-00081,Dr. Aashi Sangha,DEP003,Neurology,DX006,Migraine,Hypertension,60,High,Readmission; Age > 70; Chronic condition; Outstanding balance
13964,PAT-0013964,Vedhika,Sandal,Female,1973-08-07,52,1,1,0,1,5,5.0,0.0,60,1,0,0,2026-07-30 21:35:23,High,ADM-00033321,DOC-00103,Dr. Jasmit Krishnan,DEP002,Cardiology,DX001,Hypertension,Chronic Kidney Disease,60,High,Readmission; Chronic condition; ICU admission
14126,PAT-0014126,Eiravati,Dani,Male,1952-01-21,73,1,0,0,1,12,12.0,0.0,60,1,0,0,2025-02-26 11:36:45,High,ADM-00014983,DOC-00082,Dr. Dhriti Devi,DEP006,General Medicine,DX001,Hypertension,Asthma,60,High,Age > 70; Chronic condition; ICU admission; LOS > 10 days
14251,PAT-0014251,Nandini,Sama,Male,1938-11-20,84,1,0,0,1,11,11.0,0.0,60,1,0,0,2023-01-08 02:36:22,High,ADM-00048018,DOC-00121,Dr. Falguni Kumar,DEP004,Orthopedics,DX005,Bone Fracture,Migraine,60,High,Age > 70; Chronic condition; ICU admission; LOS > 10 days
14356,PAT-0014356,Eesha,Palan,Male,1998-05-29,25,1,0,1,1,11,11.0,22367.88,60,1,0,0,2023-06-01 10:45:26,High,ADM-00004119,DOC-00111,Dr. David Tak,DEP009,ENT,DX003,Pneumonia,Type 2 Diabetes,60,High,Chronic condition; ICU admission; LOS > 10 days; Outstanding balance; Emergency admission
14394,PAT-0014394,Dakshesh,Murthy,Female,1941-03-05,85,1,0,1,1,9,9.0,0.0,60,1,0,0,2026-08-12 06:57:55,High,ADM-00002561,DOC-00122,Dr. Nakul Pathak,DEP005,Pediatrics,DX003,Pneumonia,Migraine,60,High,Age > 70; Chronic condition; ICU admission; Emergency admission
14546,PAT-0014546,Yug,Madan,Female,1933-03-04,91,1,1,0,0,5,5.0,20867.45,60,1,0,0,2025-02-28 21:28:23,High,ADM-00012907,DOC-00071,Dr. Om Bajaj,DEP007,Oncology,DX010,Anemia,Type 2 Diabetes,60,High,Readmission; Age > 70; Chronic condition; Outstanding balance
15258,PAT-0015258,Vrishti,Chaudry,Female,1947-04-01,75,1,0,1,1,10,10.0,0.0,60,1,0,0,2023-02-07 03:26:59,High,ADM-00019143,DOC-00030,Dr. Yamini Rau,DEP009,ENT,DX003,Pneumonia,Hypertension,60,High,Age > 70; Chronic condition; ICU admission; Emergency admission
15563,PAT-0015563,Nicholas,Garde,Male,1937-07-13,85,1,1,0,0,4,4.0,17748.31,60,1,0,0,2023-04-12 16:19:08,High,ADM-00016507,DOC-00142,Dr. Yug Bali,DEP005,Pediatrics,DX004,Asthma,Chronic Kidney Disease,60,High,Readmission; Age > 70; Chronic condition; Outstanding balance
16158,PAT-0016158,Jackson,Boase,Female,1997-06-30,29,1,1,1,1,8,8.0,18032.25,60,1,0,0,2026-07-06 10:37:12,High,ADM-00017740,DOC-00073,Dr. Warjas Singhal,DEP001,Emergency,DX003,Pneumonia,,60,High,Readmission; ICU admission; Outstanding balance; Emergency admission
16163,PAT-0016163,Libni,Saxena,Female,1982-02-02,44,1,1,0,1,7,7.0,0.0,60,1,0,0,2026-02-16 19:29:42,High,ADM-00001310,DOC-00037,Dr. Priya Malhotra,DEP010,Dermatology,DX004,Asthma,Asthma,60,High,Readmission; Chronic condition; ICU admission
16184,PAT-0016184,Amara,Ramesh,Male,1943-10-19,82,1,0,1,1,6,6.0,0.0,60,1,0,0,2026-04-04 23:27:25,High,ADM-00029164,DOC-00124,Dr. Krishna Modi,DEP007,Oncology,DX010,Anemia,Hypertension,60,High,Age > 70; Chronic condition; ICU admission; Emergency admission
16304,PAT-0016304,Pavani,Rastogi,Male,1971-02-15,54,1,1,1,1,9,9.0,124596.73,60,1,0,0,2025-12-10 14:45:34,High,ADM-00039102,DOC-00044,Dr. Chaitaly Reddy,DEP001,Emergency,DX003,Pneumonia,,60,High,Readmission; ICU admission; Outstanding balance; Emergency admission
16513,PAT-0016513,Falan,Kara,Male,1948-02-08,77,1,0,1,1,8,8.0,0.0,60,1,0,0,2025-12-08 13:47:48,High,ADM-00022839,DOC-00093,Dr. Zaitra Mahajan,DEP008,Gynecology,DX010,Anemia,Coronary Artery Disease,60,High,Age > 70; Chronic condition; ICU admission; Emergency admission
16671,PAT-0016671,Yauvani,Bhattacharyya,Female,1943-05-22,82,1,1,0,0,2,2.0,3680.51,60,1,0,0,2025-12-29 10:51:31,High,ADM-00021263,DOC-00025,Dr. Daksh Madan,DEP001,Emergency,DX003,Pneumonia,Coronary Artery Disease,60,High,Readmission; Age > 70; Chronic condition; Outstanding balance
16694,PAT-0016694,Fitan,Chopra,Male,1980-12-15,44,1,0,1,1,12,12.0,122261.48,60,1,0,0,2025-03-08 08:29:32,High,ADM-00016422,DOC-00091,Dr. Dev Sangha,DEP006,General Medicine,DX003,Pneumonia,Asthma,60,High,Chronic condition; ICU admission; LOS > 10 days; Outstanding balance; Emergency admission
17040,PAT-0017040,Ansh,Hari,Female,1938-12-26,85,1,0,1,1,8,8.0,0.0,60,1,0,0,2024-05-11 08:42:39,High,ADM-00026917,DOC-00065,Dr. Nitara Choudhury,DEP004,Orthopedics,DX005,Bone Fracture,Hypertension,60,High,Age > 70; Chronic condition; ICU admission; Emergency admission
17125,PAT-0017125,Anirudh,Pau,Female,1960-02-05,64,1,1,0,1,10,10.0,0.0,60,1,0,0,2024-07-05 18:45:00,High,ADM-00027660,DOC-00061,Dr. Michael Rastogi,DEP010,Dermatology,DX004,Asthma,Asthma,60,High,Readmission; Chronic condition; ICU admission
17537,PAT-0017537,Dayamai,Badal,Male,1935-03-31,89,1,0,0,1,12,12.0,0.0,60,1,0,0,2024-06-26 07:05:49,High,ADM-00027396,DOC-00090,Dr. Lohit Upadhyay,DEP007,Oncology,DX010,Anemia,Asthma,60,High,Age > 70; Chronic condition; ICU admission; LOS > 10 days
17641,PAT-0017641,Chandani,Butala,Female,1934-04-16,92,1,0,0,1,12,12.0,0.0,60,1,0,0,2026-07-21 18:53:30,High,ADM-00038433,DOC-00014,Dr. Chaitanya Buch,DEP004,Orthopedics,DX005,Bone Fracture,Migraine,60,High,Age > 70; Chronic condition; ICU admission; LOS > 10 days
17694,PAT-0017694,Rajeshri,Vyas,Male,1942-06-22,80,1,0,0,1,12,12.0,0.0,60,1,0,0,2023-02-19 16:45:51,High,ADM-00035530,DOC-00066,Dr. Sanya Arya,DEP009,ENT,DX003,Pneumonia,Hypertension,60,High,Age > 70; Chronic condition; ICU admission; LOS > 10 days
18029,PAT-0018029,Nidhi,Varma,Male,1938-01-03,88,1,1,0,0,1,1.0,8860.42,60,1,0,0,2026-09-26 00:08:38,High,ADM-00051151,DOC-00084,Dr. Warhi Raja,DEP004,Orthopedics,DX005,Bone Fracture,Coronary Artery Disease,60,High,Readmission; Age > 70; Chronic condition; Outstanding balance
18238,PAT-0018238,Christopher,Bera,Female,1953-06-07,71,1,1,0,1,9,9.0,0.0,60,1,0,0,2024-10-26 00:20:27,High,ADM-00005743,DOC-00096,Dr. Balvan Bala,DEP002,Cardiology,DX001,Hypertension,,60,High,Readmission; Age > 70; ICU admission
18487,PAT-0018487,Urishilla,Sachdev,Female,1934-01-26,89,1,1,0,0,4,4.0,6042.49,60,1,0,0,2023-04-11 16:20:58,High,ADM-00042629,DOC-00120,Dr. Alexander Gulati,DEP010,Dermatology,DX004,Asthma,Coronary Artery Disease,60,High,Readmission; Age > 70; Chronic condition; Outstanding balance
18531,PAT-0018531,Saumya,Bora,Male,1935-06-14,88,1,0,1,1,11,11.0,21624.4,60,1,0,0,2023-12-11 07:25:22,High,ADM-00037703,DOC-00034,Dr. Teerth Dewan,DEP009,ENT,DX003,Pneumonia,,60,High,Age > 70; ICU admission; LOS > 10 days; Outstanding balance; Emergency admission
18576,PAT-0018576,Teerth,Dave,Female,1983-03-20,40,1,1,0,1,7,7.0,0.0,60,1,0,0,2023-07-14 01:42:40,High,ADM-00045700,DOC-00115,Dr. Ayushman Roy,DEP002,Cardiology,DX007,Coronary Artery Disease,Hypertension,60,High,Readmission; Chronic condition; ICU admission
18647,PAT-0018647,Yauvani,Misra,Female,1946-11-10,76,1,0,1,1,10,10.0,0.0,60,1,0,0,2023-04-07 19:08:27,High,ADM-00049133,DOC-00033,Dr. Azad Batra,DEP009,ENT,DX003,Pneumonia,Hypertension,60,High,Age > 70; Chronic condition; ICU admission; Emergency admission
18706,PAT-0018706,Zansi,Bhatti,Female,1936-01-25,89,1,0,0,1,11,11.0,0.0,60,1,0,0,2025-04-18 16:12:21,High,ADM-00039019,DOC-00070,Dr. Jason Mukherjee,DEP005,Pediatrics,DX010,Anemia,Coronary Artery Disease,60,High,Age > 70; Chronic condition; ICU admission; LOS > 10 days
18710,PAT-0018710,Zayan,Dewan,Male,1980-04-03,44,1,1,1,1,6,6.0,74415.6,60,1,0,0,2025-03-11 14:02:49,High,ADM-00030705,DOC-00065,Dr. Nitara Choudhury,DEP004,Orthopedics,DX005,Bone Fracture,,60,High,Readmission; ICU admission; Outstanding balance; Emergency admission
18752,PAT-0018752,Ayushman,Nadig,Male,1936-03-31,87,1,1,0,0,5,5.0,16549.58,60,1,0,0,2023-09-19 09:45:31,High,ADM-00044923,DOC-00137,Dr. Rajata Arora,DEP005,Pediatrics,DX010,Anemia,Migraine,60,High,Readmission; Age > 70; Chronic condition; Outstanding balance
18962,PAT-0018962,Amol,Chhabra,Male,1933-08-17,89,1,1,0,1,7,7.0,0.0,60,1,0,0,2023-07-25 12:00:05,High,ADM-00004033,DOC-00037,Dr. Priya Malhotra,DEP010,Dermatology,DX004,Asthma,,60,High,Readmission; Age > 70; ICU admission
19183,PAT-0019183,Mahika,Raghavan,Male,1946-10-07,76,1,0,1,1,7,7.0,0.0,60,1,0,0,2023-07-23 03:51:50,High,ADM-00023643,DOC-00056,Dr. Amaira Pal,DEP004,Orthopedics,DX005,Bone Fracture,Asthma,60,High,Age > 70; Chronic condition; ICU admission; Emergency admission
19397,PAT-0019397,Manthan,Brar,Female,1936-10-24,86,1,0,0,1,12,12.0,0.0,60,1,0,0,2023-05-17 14:27:45,High,ADM-00024917,DOC-00065,Dr. Nitara Choudhury,DEP004,Orthopedics,DX005,Bone Fracture,Type 2 Diabetes,60,High,Age > 70; Chronic condition; ICU admission; LOS > 10 days
19428,PAT-0019428,Anika,Dash,Male,1952-08-30,72,1,0,0,1,12,12.0,0.0,60,1,0,0,2025-05-03 10:35:44,High,ADM-00021843,DOC-00036,Dr. Nachiket Pandit,DEP002,Cardiology,DX007,Coronary Artery Disease,Coronary Artery Disease,60,High,Age > 70; Chronic condition; ICU admission; LOS > 10 days
19751,PAT-0019751,Leela,Bhatia,Female,1946-05-04,77,1,0,1,1,8,8.0,0.0,60,1,0,0,2023-07-14 18:52:00,High,ADM-00008802,DOC-00120,Dr. Alexander Gulati,DEP010,Dermatology,DX004,Asthma,Coronary Artery Disease,60,High,Age > 70; Chronic condition; ICU admission; Emergency admission
19846,PAT-0019846,Rajata,Mall,Male,1952-07-15,70,1,1,0,1,8,8.0,0.0,60,1,0,0,2023-05-07 13:14:32,High,ADM-00002131,DOC-00005,Dr. Veer Merchant,DEP006,General Medicine,DX010,Anemia,Type 2 Diabetes,60,High,Readmission; Chronic condition; ICU admission
19923,PAT-0019923,Manthan,Contractor,Female,1951-07-30,73,1,1,0,0,1,1.0,5771.95,60,1,0,0,2024-10-27 03:13:47,High,ADM-00029594,DOC-00137,Dr. Rajata Arora,DEP005,Pediatrics,DX004,Asthma,Migraine,60,High,Readmission; Age > 70; Chronic condition; Outstanding balance
19971,PAT-0019971,Vedhika,Gill,Male,1997-07-11,26,1,1,0,1,12,12.0,42154.65,60,1,0,0,2023-09-23 17:16:28,High,ADM-00033765,DOC-00057,Dr. Bahadurjit Sane,DEP009,ENT,DX003,Pneumonia,,60,High,Readmission; ICU admission; LOS > 10 days; Outstanding balance
20499,PAT-0020499,Bahadurjit,Trivedi,Male,1937-04-14,86,1,1,0,0,7,7.0,3288.89,60,1,0,0,2024-01-12 09:40:01,High,ADM-00029942,DOC-00106,Dr. Parth Muni,DEP009,ENT,DX003,Pneumonia,Hypertension,60,High,Readmission; Age > 70; Chronic condition; Outstanding balance
20765,PAT-0020765,Gaurang,Amble,Male,1940-12-04,83,1,1,0,0,7,7.0,20208.11,60,1,0,0,2024-02-16 10:14:37,High,ADM-00014297,DOC-00056,Dr. Amaira Pal,DEP004,Orthopedics,DX005,Bone Fracture,Hypertension,60,High,Readmission; Age > 70; Chronic condition; Outstanding balance
21153,PAT-0021153,Janya,Dara,Female,1950-04-03,76,1,1,0,0,5,5.0,13445.94,60,1,0,0,2026-09-03 18:37:08,High,ADM-00049857,DOC-00068,Dr. Aarnav Barman,DEP009,ENT,DX003,Pneumonia,Asthma,60,High,Readmission; Age > 70; Chronic condition; Outstanding balance
21339,PAT-0021339,Chandani,Atwal,Female,1936-02-22,87,1,0,0,1,15,15.0,0.0,60,1,0,0,2023-08-03 23:35:15,High,ADM-00029724,DOC-00045,Dr. Bhavini Maharaj,DEP003,Neurology,DX006,Migraine,Asthma,60,High,Age > 70; Chronic condition; ICU admission; LOS > 10 days
22227,PAT-0022227,Mohini,Chana,Male,1945-06-18,78,1,0,1,1,10,10.0,0.0,60,1,0,0,2023-08-04 15:11:40,High,ADM-00037869,DOC-00086,Dr. Rehaan Lanka,DEP001,Emergency,DX009,Gastroenteritis,Chronic Kidney Disease,60,High,Age > 70; Chronic condition; ICU admission; Emergency admission
22265,PAT-0022265,Dayamai,Bera,Female,1951-02-05,74,1,1,0,0,1,1.0,5234.22,60,1,0,0,2025-04-14 15:55:01,High,ADM-00007791,DOC-00133,Dr. Vritti Cheema,DEP002,Cardiology,DX007,Coronary Artery Disease,Hypertension,60,High,Readmission; Age > 70; Chronic condition; Outstanding balance
22600,PAT-0022600,Theodore,Bhatnagar,Male,1938-08-17,84,1,1,0,0,4,4.0,3715.82,60,1,0,0,2023-05-20 11:49:09,High,ADM-00028095,DOC-00028,Dr. Samesh Arora,DEP006,General Medicine,DX010,Anemia,Hypertension,60,High,Readmission; Age > 70; Chronic condition; Outstanding balance
22809,PAT-0022809,Vasudha,Nazareth,Female,1945-05-26,78,1,1,0,0,3,3.0,57046.22,60,1,0,0,2024-04-04 12:56:33,High,ADM-00043405,DOC-00079,Dr. Warinder Sarin,DEP008,Gynecology,DX010,Anemia,Hypertension,60,High,Readmission; Age > 70; Chronic condition; Outstanding balance
22884,PAT-0022884,Chandran,Comar,Male,1931-12-03,91,1,1,0,0,5,5.0,11709.44,60,1,0,0,2023-04-14 07:15:47,High,ADM-00013685,DOC-00130,Dr. Ekantika Virk,DEP003,Neurology,DX006,Migraine,Asthma,60,High,Readmission; Age > 70; Chronic condition; Outstanding balance
23203,PAT-0023203,Jackson,More,Male,1977-08-08,46,1,1,1,1,5,5.0,48658.6,60,1,0,0,2024-07-07 16:48:34,High,ADM-00020611,DOC-00104,Dr. Damini Venkatesh,DEP005,Pediatrics,DX003,Pneumonia,,60,High,Readmission; ICU admission; Outstanding balance; Emergency admission
23260,PAT-0023260,Ekaraj,Taneja,Female,1980-12-30,42,1,1,0,1,8,8.0,0.0,60,1,0,0,2023-08-20 23:23:14,High,ADM-00047961,DOC-00121,Dr. Falguni Kumar,DEP004,Orthopedics,DX005,Bone Fracture,Coronary Artery Disease,60,High,Readmission; Chronic condition; ICU admission
23351,PAT-0023351,Chameli,Majumdar,Male,1932-03-04,93,1,1,0,0,5,5.0,4258.07,60,1,0,0,2026-02-12 07:46:11,High,ADM-00011434,DOC-00085,Dr. Mekhala Mangat,DEP006,General Medicine,DX002,Type 2 Diabetes,Hypertension,60,High,Readmission; Age > 70; Chronic condition; Outstanding balance
23466,PAT-0023466,Yashasvi,Muni,Female,1936-03-23,88,1,0,1,1,11,11.0,20508.37,60,1,0,0,2025-03-20 13:15:18,High,ADM-00023967,DOC-00026,Dr. Jagrati Borde,DEP003,Neurology,DX006,Migraine,,60,High,Age > 70; ICU admission; LOS > 10 days; Outstanding balance; Emergency admission
24434,PAT-0024434,Bhavya,Garde,Female,1958-05-29,67,1,1,0,1,7,7.0,0.0,60,1,0,0,2025-11-04 10:48:55,High,ADM-00035146,DOC-00037,Dr. Priya Malhotra,DEP010,Dermatology,DX004,Asthma,Chronic Kidney Disease,60,High,Readmission; Chronic condition; ICU admission
24454,PAT-0024454,Lavanya,Rastogi,Female,1938-06-04,86,1,1,0,0,2,2.0,3711.6,60,1,0,0,2025-04-01 23:17:03,High,ADM-00032831,DOC-00051,Dr. Ekta Pai,DEP008,Gynecology,DX010,Anemia,Asthma,60,High,Readmission; Age > 70; Chronic condition; Outstanding balance
24555,PAT-0024555,Turvi,Ahluwalia,Male,1939-10-04,86,1,0,1,1,10,10.0,0.0,60,1,0,0,2026-08-14 15:02:11,High,ADM-00033047,DOC-00101,Dr. Janya Biswas,DEP005,Pediatrics,DX010,Anemia,Coronary Artery Disease,60,High,Age > 70; Chronic condition; ICU admission; Emergency admission
24590,PAT-0024590,Yamini,Baral,Female,2018-11-30,7,1,0,1,1,12,12.0,108066.89,60,1,0,0,2026-02-03 02:26:00,High,ADM-00019659,DOC-00126,Dr. Yachana Vyas,DEP009,ENT,DX003,Pneumonia,Asthma,60,High,Chronic condition; ICU admission; LOS > 10 days; Outstanding balance; Emergency admission
24925,PAT-0024925,Sara,Murty,Female,1946-06-02,79,1,0,1,1,6,6.0,0.0,60,1,0,0,2026-02-24 05:18:02,High,ADM-00048683,DOC-00009,Dr. Vrinda Kale,DEP006,General Medicine,DX002,Type 2 Diabetes,Asthma,60,High,Age > 70; Chronic condition; ICU admission; Emergency admission
17527,PAT-0017527,Aashi,Chowdhury,Male,1936-04-25,88,7,1,1,1,14,4.57,7012.14,60,1,6,0,2024-07-27 21:24:42,High,ADM-00006254,DOC-00144,Dr. Gabriel Sachdev,DEP003,Neurology,DX006,Migraine,Asthma,55,Medium,Readmission; Age > 70; Chronic condition
4336,PAT-0004336,Arin,Verma,Female,1943-08-12,82,5,2,0,0,4,2.8,1239.27,60,1,4,0,2026-06-23 10:57:37,High,ADM-00027611,DOC-00119,Dr. Reva Sidhu,DEP003,Neurology,DX006,Migraine,Coronary Artery Disease,55,Medium,Readmission; Age > 70; Chronic condition
7631,PAT-0007631,Joshua,Nadig,Male,1948-02-22,78,5,2,1,1,13,4.6,65938.27,60,2,3,0,2026-08-21 15:51:52,High,ADM-00020827,DOC-00101,Dr. Janya Biswas,DEP005,Pediatrics,DX003,Pneumonia,Coronary Artery Disease,55,Medium,Readmission; Age > 70; Chronic condition
12007,PAT-0012007,Odika,Kapadia,Female,1954-06-15,72,5,1,1,1,8,5.2,0.0,60,1,2,2,2026-07-18 15:47:53,High,ADM-00015042,DOC-00100,Dr. Umang Basu,DEP010,Dermatology,DX004,Asthma,Asthma,55,Medium,Readmission; Age > 70; Chronic condition
13555,PAT-0013555,Ira,Dasgupta,Female,1938-02-18,88,5,3,0,0,4,1.4,9521.92,60,1,4,0,2026-09-24 11:54:28,High,ADM-00050622,DOC-00082,Dr. Dhriti Devi,DEP006,General Medicine,DX002,Type 2 Diabetes,Coronary Artery Disease,55,Medium,Readmission; Age > 70; Chronic condition
22381,PAT-0022381,Bhavani,Bajaj,Female,1936-09-07,89,5,1,1,1,14,6.6,5515.55,60,1,4,0,2026-01-04 17:40:00,High,ADM-00025947,DOC-00068,Dr. Aarnav Barman,DEP009,ENT,DX003,Pneumonia,Coronary Artery Disease,55,Medium,Readmission; Age > 70; Chronic condition
2178,PAT-0002178,Aarini,Sachar,Female,1939-07-24,87,4,1,0,1,7,5.25,52642.8,60,1,3,0,2026-07-30 01:44:24,High,ADM-00041021,DOC-00049,Dr. Anjali Patla,DEP004,Orthopedics,DX005,Bone Fracture,Type 2 Diabetes,55,Medium,Age > 70; Chronic condition; ICU admission; Outstanding balance
6741,PAT-0006741,Atharv,Shah,Female,1943-06-01,82,4,1,1,1,7,5.0,0.0,60,1,3,0,2026-02-02 03:05:04,High,ADM-00030333,DOC-00031,Dr. Nathan Iyengar,DEP004,Orthopedics,DX005,Bone Fracture,Coronary Artery Disease,55,Medium,Readmission; Age > 70; Chronic condition
6775,PAT-0006775,Vivaan,Garde,Male,1937-11-29,88,4,1,1,1,9,5.25,3429.15,60,1,3,0,2026-01-24 16:19:16,High,ADM-00006780,DOC-00146,Dr. Bhanumati Minhas,DEP008,Gynecology,DX010,Anemia,Asthma,55,Medium,Readmission; Age > 70; Chronic condition
7186,PAT-0007186,Reyansh,Tank,Female,1933-05-03,91,4,1,0,2,9,5.25,43704.93,60,1,3,0,2024-12-21 23:47:41,High,ADM-00038883,DOC-00062,Dr. Raghav Sampath,DEP003,Neurology,DX006,Migraine,Type 2 Diabetes,55,Medium,Age > 70; Chronic condition; ICU admission; Outstanding balance
10588,PAT-0010588,Chandani,Dugar,Male,1940-12-26,85,4,2,1,1,13,4.75,12575.48,60,1,3,0,2026-07-01 00:20:23,High,ADM-00026488,DOC-00038,Dr. Charan Golla,DEP006,General Medicine,DX003,Pneumonia,Hypertension,55,Medium,Readmission; Age > 70; Chronic condition
13527,PAT-0013527,Hema,Sen,Female,1935-11-07,90,4,2,1,0,7,4.5,39006.84,60,1,3,0,2026-07-10 12:25:27,High,ADM-00023041,DOC-00055,Dr. Chaitanya Banerjee,DEP007,Oncology,DX010,Anemia,Coronary Artery Disease,55,Medium,Readmission; Age > 70; Chronic condition
13682,PAT-0013682,Yauvani,Virk,Male,1933-09-30,92,4,2,0,1,8,6.75,45652.81,60,1,3,0,2026-09-10 08:27:05,High,ADM-00017101,DOC-00092,Dr. Baghyawati Shroff,DEP004,Orthopedics,DX005,Bone Fracture,Chronic Kidney Disease,55,Medium,Readmission; Age > 70; Chronic condition
13770,PAT-0013770,Gaurangi,Soni,Female,1942-04-04,83,4,2,0,1,15,7.25,0.0,60,1,3,0,2025-07-30 10:43:49,High,ADM-00028773,DOC-00121,Dr. Falguni Kumar,DEP004,Orthopedics,DX005,Bone Fracture,Hypertension,55,Medium,Readmission; Age > 70; Chronic condition
19861,PAT-0019861,Watika,Kari,Female,1957-06-18,69,4,3,2,1,10,7.0,16900.67,60,1,2,1,2026-07-16 09:41:38,High,ADM-00002565,DOC-00116,Dr. Michael Pandya,DEP007,Oncology,DX010,Anemia,Asthma,55,Medium,Readmission; Chronic condition; Outstanding balance; Emergency admission
21288,PAT-0021288,Ikshita,Tandon,Female,1939-05-05,87,4,2,1,1,10,4.75,8156.54,60,1,3,0,2026-08-30 17:15:28,High,ADM-00007733,DOC-00132,Dr. Shravya Ramanathan,DEP008,Gynecology,DX010,Anemia,Chronic Kidney Disease,55,Medium,Readmission; Age > 70; Chronic condition
5968,PAT-0005968,Kashish,Sehgal,Female,1940-05-12,85,3,2,1,0,6,4.67,3569.89,60,1,2,0,2025-09-19 10:36:24,High,ADM-00044191,DOC-00017,Dr. Chaitanya Singh,DEP007,Oncology,DX010,Anemia,Type 2 Diabetes,55,Medium,Readmission; Age > 70; Chronic condition
11062,PAT-0011062,Qabil,Sidhu,Male,1953-04-21,70,3,1,1,2,11,6.0,1706.86,60,1,1,1,2023-12-13 22:38:02,High,ADM-00016022,DOC-00058,Dr. Jackson Jhaveri,DEP002,Cardiology,DX007,Coronary Artery Disease,Migraine,55,Medium,Chronic condition; ICU admission; LOS > 10 days; Emergency admission
11934,PAT-0011934,Jhalak,Atwal,Male,1934-08-02,91,3,1,2,1,7,5.67,0.0,60,1,2,0,2026-06-26 03:06:06,High,ADM-00047619,DOC-00078,Dr. Yatan Balay,DEP006,General Medicine,DX001,Hypertension,Migraine,55,Medium,Readmission; Age > 70; Chronic condition
20810,PAT-0020810,Harrison,Padmanabhan,Female,1949-01-13,77,3,1,1,1,8,6.33,0.0,60,1,2,0,2026-07-10 21:24:06,High,ADM-00034919,DOC-00150,Dr. Kamala Bhargava,DEP002,Cardiology,DX001,Hypertension,Asthma,55,Medium,Readmission; Age > 70; Chronic condition
579,PAT-0000579,Veda,Seth,Male,1947-06-16,79,2,2,0,0,0,0.0,5429.64,60,1,1,0,2026-09-24 05:23:40,High,ADM-00050536,DOC-00084,Dr. Warhi Raja,DEP004,Orthopedics,DX005,Bone Fracture,Migraine,55,Medium,Readmission; Age > 70; Chronic condition
3314,PAT-0003314,Gautam,Shroff,Male,1941-01-31,84,2,2,0,0,7,4.0,6340.95,60,1,1,0,2025-03-21 19:21:58,High,ADM-00029182,DOC-00096,Dr. Balvan Bala,DEP002,Cardiology,DX001,Hypertension,Asthma,55,Medium,Readmission; Age > 70; Chronic condition
11888,PAT-0011888,Qarin,Bhagat,Female,1938-04-20,86,2,1,0,1,11,7.5,0.0,60,1,1,0,2024-12-30 00:12:50,High,ADM-00028673,DOC-00080,Dr. Kabir Wadhwa,DEP001,Emergency,DX005,Bone Fracture,Asthma,55,Medium,Readmission; Age > 70; Chronic condition
13091,PAT-0013091,Siddharth,Vig,Male,1995-02-10,31,2,2,2,2,8,6.0,41043.1,60,1,1,0,2026-04-18 06:02:00,High,ADM-00045457,DOC-00113,Dr. Nandini Anand,DEP003,Neurology,DX006,Migraine,,55,Medium,Readmission; ICU admission; Emergency admission
16742,PAT-0016742,Shivani,Magar,Male,1935-07-15,89,2,1,0,1,8,6.5,63052.95,60,1,1,0,2024-11-04 02:01:01,High,ADM-00046873,DOC-00100,Dr. Umang Basu,DEP010,Dermatology,DX004,Asthma,Coronary Artery Disease,55,Medium,Age > 70; Chronic condition; ICU admission; Outstanding balance
21905,PAT-0021905,Madhavi,Naik,Male,1940-01-02,85,2,1,1,1,6,5.0,0.0,60,1,1,0,2025-03-17 23:09:28,High,ADM-00001240,DOC-00100,Dr. Umang Basu,DEP010,Dermatology,DX004,Asthma,Hypertension,55,Medium,Readmission; Age > 70; Chronic condition
12788,PAT-0012788,Yauvani,Loke,Male,1950-10-27,74,5,2,0,1,9,3.8,9874.44,60,1,4,0,2025-01-09 01:39:22,High,ADM-00027965,DOC-00056,Dr. Amaira Pal,DEP004,Orthopedics,DX005,Bone Fracture,Chronic Kidney Disease,50,Medium,Age > 70; Chronic condition; ICU admission
3265,PAT-0003265,Sneha,Chand,Female,2004-05-05,21,4,0,3,3,15,9.0,61379.08,60,1,2,1,2026-02-19 11:28:00,High,ADM-00004703,DOC-00077,Dr. Anirudh Chaudhuri,DEP003,Neurology,DX006,Migraine,Hypertension,50,Medium,Chronic condition; ICU admission; Outstanding balance; Emergency admission
4672,PAT-0004672,Lakshit,Barad,Female,2022-10-27,3,4,1,3,1,12,7.0,44311.71,60,1,2,1,2026-04-07 05:07:46,High,ADM-00026037,DOC-00057,Dr. Bahadurjit Sane,DEP009,ENT,DX003,Pneumonia,Asthma,50,Medium,Readmission; Chronic condition; Emergency admission
22848,PAT-0022848,Gautami,Varma,Female,1941-11-27,83,4,0,0,2,12,7.25,0.0,60,1,3,0,2025-06-07 11:37:33,High,ADM-00040368,DOC-00092,Dr. Baghyawati Shroff,DEP004,Orthopedics,DX005,Bone Fracture,Hypertension,50,Medium,Age > 70; Chronic condition; ICU admission
8474,PAT-0008474,Lohit,Nigam,Male,1978-05-15,48,3,1,1,2,10,7.67,34252.33,60,1,1,1,2026-08-09 06:26:15,High,ADM-00045948,DOC-00006,Dr. Arin Tailor,DEP001,Emergency,DX003,Pneumonia,Asthma,50,Medium,Chronic condition; ICU admission; Outstanding balance; Emergency admission
11373,PAT-0011373,Gaurang,Rana,Female,1947-09-10,78,2,0,0,2,13,9.5,0.0,60,1,1,0,2026-06-10 12:19:57,High,ADM-00020082,DOC-00144,Dr. Gabriel Sachdev,DEP003,Neurology,DX006,Migraine,Chronic Kidney Disease,50,Medium,Age > 70; Chronic condition; ICU admission
21329,PAT-0021329,Urvashi,Tara,Female,1935-05-15,89,2,2,1,1,7,6.0,0.0,60,1,1,0,2025-04-22 01:04:36,High,ADM-00032620,DOC-00119,Dr. Reva Sidhu,DEP003,Neurology,DX006,Migraine,,50,Medium,Readmission; Age > 70; Emergency admission
22875,PAT-0022875,Jagrati,Rastogi,Female,1932-11-23,93,2,1,0,1,9,7.0,41153.83,60,1,1,0,2026-01-05 13:25:30,High,ADM-00009851,DOC-00083,Dr. Krishna Palla,DEP001,Emergency,DX009,Gastroenteritis,Coronary Artery Disease,50,Medium,Age > 70; Chronic condition; ICU admission
24386,PAT-0024386,Fitan,Brahmbhatt,Female,1949-01-20,77,2,1,0,1,7,5.5,7750.49,60,1,1,0,2026-08-06 03:06:00,High,ADM-00036077,DOC-00080,Dr. Kabir Wadhwa,DEP001,Emergency,DX003,Pneumonia,Hypertension,50,Medium,Age > 70; Chronic condition; ICU admission
16439,PAT-0016439,Bhanumati,Menon,Other,1936-10-13,89,5,1,4,1,7,4.6,38752.3,60,2,3,0,2026-05-23 19:48:41,High,ADM-00038221,DOC-00052,Dr. Vaishnavi Balay,DEP004,Orthopedics,DX005,Bone Fracture,Hypertension,45,Medium,Age > 70; Chronic condition; Outstanding balance; Emergency admission
22596,PAT-0022596,Harini,Hayre,Male,1945-07-26,80,5,0,4,1,7,4.8,6503.45,60,1,4,0,2026-07-11 06:51:51,High,ADM-00032034,DOC-00135,Dr. Charles Bajaj,DEP007,Oncology,DX010,Anemia,Hypertension,45,Medium,Age > 70; Chronic condition; Outstanding balance; Emergency admission
690,PAT-0000690,Qabil,Keer,Female,1950-07-23,75,4,2,0,1,9,6.25,4340.44,60,1,1,2,2026-04-27 04:17:21,High,ADM-00014229,DOC-00096,Dr. Balvan Bala,DEP002,Cardiology,DX007,Coronary Artery Disease,,45,Medium,Readmission; Age > 70; Outstanding balance
2481,PAT-0002481,Reva,Dyal,Female,1964-03-13,62,4,2,0,1,10,5.75,7328.04,60,1,1,2,2026-08-22 07:10:11,High,ADM-00011692,DOC-00074,Dr. Zilmil Aggarwal,DEP007,Oncology,DX010,Anemia,Type 2 Diabetes,45,Medium,Readmission; Chronic condition; Outstanding balance
3857,PAT-0003857,Jacob,Pau,Male,1968-02-13,58,4,1,2,3,10,7.0,21568.39,60,1,2,1,2026-04-03 16:11:55,High,ADM-00040217,DOC-00001,Dr. Viraj Subramanian,DEP002,Cardiology,DX001,Hypertension,Asthma,45,Medium,Chronic condition; ICU admission; Emergency admission
3973,PAT-0003973,Sathvik,Shroff,Female,1945-12-01,80,4,1,1,1,7,5.25,30752.05,60,1,3,0,2026-03-31 07:13:53,High,ADM-00046649,DOC-00011,Dr. Hemal Muni,DEP006,General Medicine,DX003,Pneumonia,Chronic Kidney Disease,45,Medium,Age > 70; Chronic condition; Outstanding balance; Emergency admission
8262,PAT-0008262,Lakshit,Setty,Male,1949-12-07,76,4,0,2,1,5,3.5,5787.4,60,1,3,0,2026-04-26 16:50:12,High,ADM-00001467,DOC-00021,Dr. Umang Vaidya,DEP002,Cardiology,DX007,Coronary Artery Disease,Hypertension,45,Medium,Age > 70; Chronic condition; Outstanding balance; Emergency admission
8893,PAT-0008893,Anusha,Singh,Male,1937-04-30,88,4,0,1,1,11,5.5,3309.61,60,1,3,0,2025-10-26 18:53:02,High,ADM-00004965,DOC-00098,Dr. Chatresh Batta,DEP006,General Medicine,DX009,Gastroenteritis,Chronic Kidney Disease,45,Medium,Age > 70; Chronic condition; Outstanding balance; Emergency admission
13242,PAT-0013242,Hiral,Menon,Male,2021-05-21,4,4,1,3,2,13,8.0,67154.6,60,1,1,2,2026-05-09 20:39:06,High,ADM-00010404,DOC-00066,Dr. Sanya Arya,DEP009,ENT,DX003,Pneumonia,,45,Medium,ICU admission; LOS > 10 days; Outstanding balance; Emergency admission
481,PAT-0000481,Ishaan,Oommen,Male,1940-10-12,85,3,1,2,0,2,1.33,57895.95,60,1,2,0,2026-07-08 00:24:46,High,ADM-00032154,DOC-00019,Dr. Bishakha Patel,DEP003,Neurology,DX006,Migraine,Asthma,45,Medium,Age > 70; Chronic condition; Outstanding balance; Emergency admission
3612,PAT-0003612,Forum,Hayre,Female,1951-06-18,75,3,1,1,2,8,6.0,0.0,60,1,1,1,2026-07-04 03:33:35,High,ADM-00031806,DOC-00112,Dr. Manan Saran,DEP010,Dermatology,DX004,Asthma,,45,Medium,Age > 70; ICU admission; Emergency admission
6397,PAT-0006397,Radhika,Sundaram,Male,1936-04-06,89,3,0,2,1,11,7.67,11306.04,60,1,2,0,2026-02-24 04:46:41,High,ADM-00034250,DOC-00006,Dr. Arin Tailor,DEP001,Emergency,DX005,Bone Fracture,Chronic Kidney Disease,45,Medium,Age > 70; Chronic condition; Outstanding balance; Emergency admission
7597,PAT-0007597,Hiral,Vaidya,Male,1939-05-28,85,3,0,2,1,9,5.0,9684.97,60,1,2,0,2024-09-10 17:11:39,High,ADM-00006209,DOC-00025,Dr. Daksh Madan,DEP001,Emergency,DX009,Gastroenteritis,Type 2 Diabetes,45,Medium,Age > 70; Chronic condition; Outstanding balance; Emergency admission
8186,PAT-0008186,Rachana,Srinivas,Male,1931-03-28,95,3,0,3,1,7,2.33,650.61,60,1,2,0,2026-09-24 19:00:48,High,ADM-00050552,DOC-00125,Dr. Robert Murthy,DEP010,Dermatology,DX004,Asthma,Type 2 Diabetes,45,Medium,Age > 70; Chronic condition; Outstanding balance; Emergency admission
13155,PAT-0013155,Rachana,Kohli,Male,1963-11-25,61,3,0,1,2,14,10.0,30041.41,60,1,1,1,2025-08-03 05:33:19,High,ADM-00043314,DOC-00149,Dr. Viraj Nair,DEP006,General Medicine,DX002,Type 2 Diabetes,Hypertension,45,Medium,Chronic condition; ICU admission; LOS > 10 days
14340,PAT-0014340,Waida,Sur,Female,1936-03-11,90,3,1,1,0,5,3.33,52991.64,60,1,2,0,2026-05-05 04:48:10,High,ADM-00014593,DOC-00032,Dr. Anamika Johal,DEP003,Neurology,DX006,Migraine,Coronary Artery Disease,45,Medium,Age > 70; Chronic condition; Outstanding balance; Emergency admission
16508,PAT-0016508,Anay,Puri,Female,1968-09-30,56,3,1,1,2,9,8.33,4676.78,60,1,1,1,2025-02-14 01:37:49,High,ADM-00018996,DOC-00147,Dr. Samarth Nayar,DEP004,Orthopedics,DX005,Bone Fracture,Coronary Artery Disease,45,Medium,Chronic condition; ICU admission; Emergency admission
18495,PAT-0018495,Harrison,Sampath,Male,1969-07-03,56,3,2,1,2,5,4.67,0.0,60,1,2,0,2025-10-13 23:45:19,High,ADM-00033888,DOC-00059,Dr. Indrajit Cheema,DEP005,Pediatrics,DX003,Pneumonia,Type 2 Diabetes,45,Medium,Chronic condition; ICU admission; Emergency admission
413,PAT-0000413,Vincent,Kar,Male,1984-12-26,40,2,1,1,2,8,7.5,0.0,60,1,1,0,2025-10-28 17:25:03,High,ADM-00037660,DOC-00143,Dr. Ranbir Sarma,DEP003,Neurology,DX006,Migraine,Type 2 Diabetes,45,Medium,Chronic condition; ICU admission; Emergency admission
4025,PAT-0004025,Eta,Grewal,Female,2015-11-17,10,2,0,2,2,11,10.0,89196.01,60,1,1,0,2026-09-14 16:02:53,High,ADM-00007244,DOC-00108,Dr. Devansh Devan,DEP005,Pediatrics,DX004,Asthma,Hypertension,45,Medium,Chronic condition; ICU admission; Emergency admission
4650,PAT-0004650,Janya,Sani,Male,1933-07-06,93,2,0,2,1,8,6.0,12700.18,60,1,1,0,2026-09-02 17:58:46,High,ADM-00030896,DOC-00105,Dr. Ekapad Pal,DEP002,Cardiology,DX001,Hypertension,Hypertension,45,Medium,Age > 70; Chronic condition; Outstanding balance; Emergency admission
5085,PAT-0005085,Falan,Palan,Female,1949-10-21,75,2,0,1,1,11,8.0,21060.53,60,1,1,0,2024-11-26 13:25:45,High,ADM-00023262,DOC-00148,Dr. Yashodhara Sani,DEP002,Cardiology,DX001,Hypertension,Type 2 Diabetes,45,Medium,Age > 70; Chronic condition; Outstanding balance; Emergency admission
7836,PAT-0007836,Ati,Patla,Female,1969-12-07,54,2,2,0,1,9,7.0,28682.83,60,1,1,0,2023-12-24 05:19:23,High,ADM-00041521,DOC-00090,Dr. Lohit Upadhyay,DEP007,Oncology,DX010,Anemia,Asthma,45,Medium,Readmission; Chronic condition; Outstanding balance
8924,PAT-0008924,Pratyush,Parmer,Male,1959-12-03,65,2,2,0,1,8,5.0,15607.64,60,1,1,0,2025-04-02 00:29:11,High,ADM-00032342,DOC-00099,Dr. Eiravati Goda,DEP001,Emergency,DX009,Gastroenteritis,Migraine,45,Medium,Readmission; Chronic condition; Outstanding balance
9076,PAT-0009076,Rishi,Saini,Male,1938-08-07,86,2,0,2,1,7,4.5,4615.23,60,1,1,0,2025-02-27 21:57:54,High,ADM-00028841,DOC-00094,Dr. Hemang Thaman,DEP004,Orthopedics,DX005,Bone Fracture,Migraine,45,Medium,Age > 70; Chronic condition; Outstanding balance; Emergency admission
9169,PAT-0009169,Brijesh,Subramaniam,Male,1965-09-16,59,2,1,1,1,12,8.0,84438.18,60,1,1,0,2025-04-29 17:05:23,High,ADM-00046335,DOC-00088,Dr. Girindra Varty,DEP009,ENT,DX003,Pneumonia,Asthma,45,Medium,Readmission; Chronic condition; Outstanding balance
9191,PAT-0009191,Yatin,Padmanabhan,Male,1996-06-18,30,2,2,0,2,12,10.5,16005.18,60,1,1,0,2026-07-13 14:49:30,High,ADM-00027913,DOC-00144,Dr. Gabriel Sachdev,DEP003,Neurology,DX006,Migraine,,45,Medium,Readmission; ICU admission
22839,PAT-0022839,Akshay,Nadig,Female,1953-12-31,71,2,1,1,1,8,7.0,4434.28,60,1,1,0,2025-02-09 02:38:53,High,ADM-00036683,DOC-00097,Dr. Nisha Dhillon,DEP008,Gynecology,DX010,Anemia,Asthma,45,Medium,Age > 70; Chronic condition; Outstanding balance; Emergency admission
20964,PAT-0020964,Aarini,Memon,Other,1971-05-11,54,7,1,2,5,12,7.71,26594.77,60,1,4,2,2025-12-31 06:59:54,High,ADM-00043126,DOC-00115,Dr. Ayushman Roy,DEP002,Cardiology,DX001,Hypertension,Asthma,40,Medium,Chronic condition; ICU admission; Outstanding balance
20005,PAT-0020005,Max,Goel,Female,2025-07-10,0,6,2,2,2,8,5.67,0.0,60,1,2,3,2026-04-02 08:22:59,High,ADM-00027954,DOC-00067,Dr. Ijaya Zachariah,DEP008,Gynecology,DX010,Anemia,Hypertension,40,Medium,Readmission; Chronic condition
20823,PAT-0020823,Yadavi,Lala,Male,1943-01-29,83,6,0,1,1,11,5.83,8745.83,60,1,5,0,2026-08-15 21:23:37,High,ADM-00022397,DOC-00052,Dr. Vaishnavi Balay,DEP004,Orthopedics,DX005,Bone Fracture,Asthma,40,Medium,Age > 70; Chronic condition; Emergency admission
22551,PAT-0022551,Ranveer,Contractor,Male,1946-04-07,80,6,3,1,1,8,4.5,15528.93,60,1,5,0,2026-04-24 22:09:51,High,ADM-00034629,DOC-00007,Dr. Lajita Bora,DEP010,Dermatology,DX004,Asthma,Chronic Kidney Disease,40,Medium,Age > 70; Chronic condition; Emergency admission
1066,PAT-0001066,Ekapad,Bahl,Female,2006-10-01,19,5,2,0,1,7,4.4,34339.2,60,1,1,3,2026-09-03 03:14:40,High,ADM-00010894,DOC-00022,Dr. Kritika Khurana,DEP009,ENT,DX003,Pneumonia,Type 2 Diabetes,40,Medium,Readmission; Chronic condition
3580,PAT-0003580,Balendra,Guha,Female,1935-12-19,90,5,1,3,0,7,4.2,85965.0,60,1,4,0,2026-04-02 18:32:14,High,ADM-00031096,DOC-00066,Dr. Sanya Arya,DEP009,ENT,DX003,Pneumonia,Chronic Kidney Disease,40,Medium,Age > 70; Chronic condition; Emergency admission
4794,PAT-0004794,Jagat,Nagar,Male,1952-01-18,74,5,1,2,1,14,6.4,191066.67,60,1,1,3,2026-02-15 23:48:38,High,ADM-00047016,DOC-00102,Dr. Yahvi Jain,DEP001,Emergency,DX009,Gastroenteritis,,40,Medium,Readmission; Age > 70
6990,PAT-0006990,Xiti,Prabhu,Male,1974-02-17,51,5,1,1,1,12,5.8,23882.94,60,1,1,3,2025-05-03 22:46:20,High,ADM-00001219,DOC-00142,Dr. Yug Bali,DEP005,Pediatrics,DX003,Pneumonia,Type 2 Diabetes,40,Medium,Readmission; Chronic condition
23280,PAT-0023280,Charan,Sachdeva,Male,1950-11-26,75,5,1,2,0,7,4.0,125517.94,60,1,4,0,2026-09-24 12:11:00,High,ADM-00050754,DOC-00136,Dr. Elijah Rege,DEP010,Dermatology,DX004,Asthma,Asthma,40,Medium,Age > 70; Chronic condition; Emergency admission
5044,PAT-0005044,Karan,Gole,Male,1948-11-21,77,4,1,2,0,7,4.25,1416.68,60,1,3,0,2026-06-22 18:22:00,High,ADM-00034147,DOC-00014,Dr. Chaitanya Buch,DEP004,Orthopedics,DX005,Bone Fracture,Coronary Artery Disease,40,Medium,Age > 70; Chronic condition; Emergency admission
6924,PAT-0006924,Aryan,Dhar,Male,1947-09-23,77,4,1,1,0,7,4.0,3825.93,60,1,3,0,2024-12-20 01:15:06,High,ADM-00018161,DOC-00061,Dr. Michael Rastogi,DEP010,Dermatology,DX004,Asthma,Migraine,40,Medium,Age > 70; Chronic condition; Emergency admission
10211,PAT-0010211,Ryan,Cherian,Male,1950-06-14,75,4,1,1,0,7,4.25,7043.5,60,1,3,0,2026-03-22 05:51:06,High,ADM-00002786,DOC-00130,Dr. Ekantika Virk,DEP003,Neurology,DX006,Migraine,Type 2 Diabetes,40,Medium,Age > 70; Chronic condition; Emergency admission
11247,PAT-0011247,Ladli,Ramaswamy,Female,1940-10-28,85,4,1,2,0,5,4.0,3988.58,60,1,3,0,2025-12-07 22:10:16,High,ADM-00034301,DOC-00026,Dr. Jagrati Borde,DEP003,Neurology,DX006,Migraine,Hypertension,40,Medium,Age > 70; Chronic condition; Emergency admission
15522,PAT-0015522,Eesha,Varma,Female,1948-01-18,78,4,0,3,1,7,6.0,18994.03,60,1,3,0,2026-09-26 04:50:51,High,ADM-00051189,DOC-00064,Dr. Amol Gera,DEP008,Gynecology,DX010,Anemia,Chronic Kidney Disease,40,Medium,Age > 70; Chronic condition; Emergency admission
18051,PAT-0018051,Yatin,Talwar,Female,1945-02-25,81,4,0,2,1,14,5.5,0.0,60,1,3,0,2026-06-30 11:40:57,High,ADM-00044149,DOC-00071,Dr. Om Bajaj,DEP007,Oncology,DX010,Anemia,Hypertension,40,Medium,Age > 70; Chronic condition; Emergency admission
18630,PAT-0018630,Unni,Hari,Female,1974-12-11,51,4,1,0,2,9,7.5,23565.86,60,1,1,2,2026-02-03 11:21:54,High,ADM-00035079,DOC-00104,Dr. Damini Venkatesh,DEP005,Pediatrics,DX004,Asthma,Type 2 Diabetes,40,Medium,Chronic condition; ICU admission; Outstanding balance
18912,PAT-0018912,Ishaan,Dave,Male,1939-08-30,84,4,0,3,1,9,6.5,0.0,60,1,3,0,2024-08-24 01:33:07,High,ADM-00018598,DOC-00138,Dr. Urishilla Panchal,DEP003,Neurology,DX006,Migraine,Migraine,40,Medium,Age > 70; Chronic condition; Emergency admission
19304,PAT-0019304,Yashawini,Nair,Female,1951-08-15,74,4,2,1,0,6,3.0,7359.53,60,1,3,0,2026-03-03 00:37:19,High,ADM-00006679,DOC-00088,Dr. Girindra Varty,DEP009,ENT,DX003,Pneumonia,Type 2 Diabetes,40,Medium,Age > 70; Chronic condition; Emergency admission
21873,PAT-0021873,Yatin,Ratta,Other,1931-05-20,95,4,1,2,1,10,6.5,0.0,60,1,3,0,2026-06-21 05:21:59,High,ADM-00020126,DOC-00083,Dr. Krishna Palla,DEP001,Emergency,DX009,Gastroenteritis,Type 2 Diabetes,40,Medium,Age > 70; Chronic condition; Emergency admission
22584,PAT-0022584,Bhavika,Choudhry,Female,1935-01-15,91,4,1,1,0,6,2.75,14222.98,60,1,3,0,2026-07-14 22:43:24,High,ADM-00030048,DOC-00120,Dr. Alexander Gulati,DEP010,Dermatology,DX004,Asthma,Hypertension,40,Medium,Age > 70; Chronic condition; Emergency admission
24167,PAT-0024167,Vamakshi,Mishra,Male,1931-02-14,94,4,0,1,1,11,5.25,0.0,60,1,3,0,2025-11-06 11:42:44,High,ADM-00033406,DOC-00050,Dr. Nathaniel Shan,DEP006,General Medicine,DX009,Gastroenteritis,Chronic Kidney Disease,40,Medium,Age > 70; Chronic condition; Emergency admission
1360,PAT-0001360,Peter,Baria,Male,1935-01-22,91,3,2,1,0,7,5.67,20169.9,60,2,1,0,2026-08-07 03:36:20,High,ADM-00034785,DOC-00102,Dr. Yahvi Jain,DEP001,Emergency,DX009,Gastroenteritis,Chronic Kidney Disease,40,Medium,Age > 70; Chronic condition; Emergency admission
2362,PAT-0002362,Zaitra,Nagi,Male,1948-08-20,75,3,0,1,1,12,7.67,7298.51,60,1,2,0,2024-03-15 05:41:15,High,ADM-00015899,DOC-00024,Dr. Fariq Sangha,DEP001,Emergency,DX005,Bone Fracture,Chronic Kidney Disease,40,Medium,Age > 70; Chronic condition; Emergency admission
3789,PAT-0003789,Hemangini,Suri,Male,1947-08-06,78,3,0,2,1,9,5.67,109390.93,60,1,2,0,2026-05-11 23:46:32,High,ADM-00006470,DOC-00100,Dr. Umang Basu,DEP010,Dermatology,DX004,Asthma,Chronic Kidney Disease,40,Medium,Age > 70; Chronic condition; Emergency admission
7479,PAT-0007479,Chandresh,Upadhyay,Male,2005-08-10,19,3,1,2,2,11,7.67,12355.3,60,1,1,1,2025-06-06 17:36:04,High,ADM-00019214,DOC-00128,Dr. Bahadurjit Bose,DEP003,Neurology,DX006,Migraine,,40,Medium,ICU admission; LOS > 10 days; Emergency admission
8619,PAT-0008619,Vansha,Pathak,Female,1975-09-07,50,3,2,2,1,4,2.67,5105.8,60,1,1,1,2026-07-07 19:21:49,High,ADM-00003903,DOC-00121,Dr. Falguni Kumar,DEP004,Orthopedics,DX005,Bone Fracture,,40,Medium,Readmission; Outstanding balance; Emergency admission
9780,PAT-0009780,Turvi,Nagarajan,Female,1939-03-29,86,3,0,2,1,8,4.0,0.0,60,1,2,0,2026-01-23 21:24:24,High,ADM-00035876,DOC-00147,Dr. Samarth Nayar,DEP004,Orthopedics,DX005,Bone Fracture,Migraine,40,Medium,Age > 70; Chronic condition; Emergency admission
10163,PAT-0010163,Sachi,Jain,Female,2008-01-25,16,3,2,2,1,6,4.33,44279.14,60,1,1,1,2024-11-26 02:51:19,High,ADM-00016286,DOC-00008,Dr. Qadim Suresh,DEP002,Cardiology,DX007,Coronary Artery Disease,,40,Medium,Readmission; Outstanding balance; Emergency admission
10504,PAT-0010504,Chasmum,Rajagopal,Female,1938-11-22,86,3,1,1,0,7,5.33,9289.76,60,1,2,0,2025-07-29 08:43:03,High,ADM-00004537,DOC-00021,Dr. Umang Vaidya,DEP002,Cardiology,DX007,Coronary Artery Disease,Type 2 Diabetes,40,Medium,Age > 70; Chronic condition; Emergency admission
10662,PAT-0010662,Ekaraj,Kant,Female,1935-06-15,90,3,0,2,1,7,6.33,30391.11,60,1,2,0,2026-03-30 03:56:28,High,ADM-00022511,DOC-00037,Dr. Priya Malhotra,DEP010,Dermatology,DX004,Asthma,Chronic Kidney Disease,40,Medium,Age > 70; Chronic condition; Emergency admission
11730,PAT-0011730,Sathvik,Ravel,Female,1985-02-15,39,3,2,3,1,7,4.33,109728.37,60,1,1,1,2024-05-14 08:11:03,High,ADM-00000244,DOC-00068,Dr. Aarnav Barman,DEP009,ENT,DX003,Pneumonia,,40,Medium,Readmission; Outstanding balance; Emergency admission
12019,PAT-0012019,Samar,Rao,Female,2003-10-21,21,3,1,2,2,11,7.33,17569.78,60,1,1,1,2025-08-27 09:11:38,High,ADM-00028156,DOC-00016,Dr. Pushti Bhasin,DEP009,ENT,DX003,Pneumonia,,40,Medium,ICU admission; LOS > 10 days; Emergency admission
14081,PAT-0014081,Sarthak,Hegde,Female,1943-08-03,80,3,0,2,1,7,5.67,0.0,60,1,2,0,2024-05-30 00:17:54,High,ADM-00010921,DOC-00063,Dr. Vinaya Amble,DEP004,Orthopedics,DX005,Bone Fracture,Coronary Artery Disease,40,Medium,Age > 70; Chronic condition; Emergency admission
15387,PAT-0015387,Darpan,Purohit,Male,1935-10-06,90,3,1,1,0,7,4.67,55389.53,60,1,2,0,2026-03-30 19:03:29,High,ADM-00015313,DOC-00107,Dr. Kavya Chaudhry,DEP001,Emergency,DX009,Gastroenteritis,Type 2 Diabetes,40,Medium,Age > 70; Chronic condition; Emergency admission
18804,PAT-0018804,Siddharth,Mander,Female,1931-01-18,95,3,1,2,0,4,2.67,3178.33,60,1,2,0,2026-09-21 08:54:49,High,ADM-00024605,DOC-00125,Dr. Robert Murthy,DEP010,Dermatology,DX004,Asthma,Hypertension,40,Medium,Age > 70; Chronic condition; Emergency admission
19647,PAT-0019647,Qabil,Puri,Male,1953-01-29,72,3,0,1,1,13,6.67,0.0,60,1,2,0,2025-11-05 15:34:58,High,ADM-00026405,DOC-00012,Dr. Abha Mandal,DEP004,Orthopedics,DX005,Bone Fracture,Hypertension,40,Medium,Age > 70; Chronic condition; Emergency admission
20132,PAT-0020132,Gagan,Soman,Male,1950-04-29,75,3,1,2,1,7,3.67,30372.05,60,2,1,0,2026-01-21 13:37:19,High,ADM-00020515,DOC-00124,Dr. Krishna Modi,DEP007,Oncology,DX010,Anemia,Hypertension,40,Medium,Age > 70; Chronic condition; Emergency admission
21063,PAT-0021063,Neelima,Tandon,Male,1940-07-18,85,3,0,2,1,8,6.0,0.0,60,1,2,0,2026-02-01 22:27:49,High,ADM-00001648,DOC-00049,Dr. Anjali Patla,DEP004,Orthopedics,DX005,Bone Fracture,Type 2 Diabetes,40,Medium,Age > 70; Chronic condition; Emergency admission
23479,PAT-0023479,Mohammed,Kumer,Male,1934-11-25,91,3,0,3,1,9,6.67,45669.08,60,1,2,0,2026-07-17 12:13:22,High,ADM-00044166,DOC-00016,Dr. Pushti Bhasin,DEP009,ENT,DX003,Pneumonia,Type 2 Diabetes,40,Medium,Age > 70; Chronic condition; Emergency admission
23888,PAT-0023888,Ojas,Pandit,Female,1951-03-11,75,3,1,2,0,6,4.0,16873.71,60,1,2,0,2026-09-25 10:51:56,High,ADM-00050951,DOC-00045,Dr. Bhavini Maharaj,DEP003,Neurology,DX006,Migraine,Coronary Artery Disease,40,Medium,Age > 70; Chronic condition; Emergency admission
24398,PAT-0024398,Anika,Narayan,Male,1950-04-02,76,3,1,1,0,7,5.33,66894.45,60,1,2,0,2026-09-25 15:35:57,High,ADM-00050845,DOC-00048,Dr. Amaira Seshadri,DEP004,Orthopedics,DX005,Bone Fracture,Chronic Kidney Disease,40,Medium,Age > 70; Chronic condition; Emergency admission
24915,PAT-0024915,Vedika,Boase,Male,1933-01-21,93,3,1,1,0,4,3.0,12887.71,60,1,2,0,2026-06-28 19:18:39,High,ADM-00035973,DOC-00120,Dr. Alexander Gulati,DEP010,Dermatology,DX004,Asthma,Chronic Kidney Disease,40,Medium,Age > 70; Chronic condition; Emergency admission
725,PAT-0000725,Januja,Rao,Female,2016-05-17,8,2,1,1,1,13,8.0,78347.06,60,1,1,0,2025-04-25 16:31:49,High,ADM-00008640,DOC-00078,Dr. Yatan Balay,DEP006,General Medicine,DX010,Anemia,Coronary Artery Disease,40,Medium,Readmission; Chronic condition
2578,PAT-0002578,Chandran,Kumar,Female,1942-11-03,81,2,0,2,1,8,7.0,0.0,60,1,1,0,2023-12-24 16:56:48,High,ADM-00013335,DOC-00091,Dr. Dev Sangha,DEP006,General Medicine,DX001,Hypertension,Hypertension,40,Medium,Age > 70; Chronic condition; Emergency admission
6727,PAT-0006727,Nitesh,Gupta,Female,1939-12-09,86,2,1,1,0,4,3.5,5089.75,60,1,1,0,2026-04-09 03:59:50,High,ADM-00014036,DOC-00073,Dr. Warjas Singhal,DEP001,Emergency,DX009,Gastroenteritis,Asthma,40,Medium,Age > 70; Chronic condition; Emergency admission
11712,PAT-0011712,Chaaya,Dhingra,Male,1946-09-05,78,2,0,2,1,9,7.5,0.0,60,1,1,0,2025-07-06 06:25:15,High,ADM-00032862,DOC-00063,Dr. Vinaya Amble,DEP004,Orthopedics,DX005,Bone Fracture,Asthma,40,Medium,Age > 70; Chronic condition; Emergency admission
11957,PAT-0011957,Jagdish,Chaudhari,Female,1931-06-14,94,2,0,2,1,5,3.5,0.0,60,1,1,0,2025-12-01 13:27:56,High,ADM-00004860,DOC-00037,Dr. Priya Malhotra,DEP010,Dermatology,DX004,Asthma,Type 2 Diabetes,40,Medium,Age > 70; Chronic condition; Emergency admission
12675,PAT-0012675,Yadavi,Ramaswamy,Female,1947-12-17,76,2,1,1,0,6,5.0,4254.27,60,1,1,0,2024-07-04 02:04:12,High,ADM-00020413,DOC-00063,Dr. Vinaya Amble,DEP004,Orthopedics,DX005,Bone Fracture,Coronary Artery Disease,40,Medium,Age > 70; Chronic condition; Emergency admission
13627,PAT-0013627,Mitali,Kothari,Female,1969-02-10,55,2,2,0,1,7,7.0,0.0,60,1,1,0,2024-09-12 18:10:20,High,ADM-00009041,DOC-00017,Dr. Chaitanya Singh,DEP007,Oncology,DX010,Anemia,Asthma,40,Medium,Readmission; Chronic condition
15483,PAT-0015483,Nirja,Kadakia,Male,2017-03-28,6,2,2,0,1,10,8.5,0.0,60,1,1,0,2023-05-12 04:00:36,High,ADM-00012752,DOC-00088,Dr. Girindra Varty,DEP009,ENT,DX003,Pneumonia,Migraine,40,Medium,Readmission; Chronic condition
16207,PAT-0016207,Parth,Konda,Male,1937-09-23,87,2,1,1,0,5,3.5,14621.28,60,1,1,0,2025-08-24 05:45:19,High,ADM-00036050,DOC-00055,Dr. Chaitanya Banerjee,DEP007,Oncology,DX010,Anemia,Type 2 Diabetes,40,Medium,Age > 70; Chronic condition; Emergency admission
23660,PAT-0023660,Ekansh,D’Alia,Other,1944-11-17,81,2,0,2,1,3,2.0,0.0,60,1,1,0,2026-05-15 03:29:10,High,ADM-00006275,DOC-00126,Dr. Yachana Vyas,DEP009,ENT,DX003,Pneumonia,Migraine,40,Medium,Age > 70; Chronic condition; Emergency admission
5569,PAT-0005569,Amruta,Ravel,Male,1953-03-08,73,6,0,1,2,12,4.17,25787.02,60,1,4,1,2026-06-10 01:43:41,High,ADM-00048898,DOC-00004,Dr. Yauvani Devan,DEP005,Pediatrics,DX003,Pneumonia,Chronic Kidney Disease,35,Medium,Age > 70; Chronic condition; Outstanding balance
6587,PAT-0006587,Urvi,Khalsa,Male,1949-12-15,76,6,1,2,1,7,2.67,21088.98,60,1,5,0,2026-07-19 07:07:33,High,ADM-00019037,DOC-00138,Dr. Urishilla Panchal,DEP003,Neurology,DX006,Migraine,Hypertension,35,Medium,Age > 70; Chronic condition; Outstanding balance
10830,PAT-0010830,Alexander,Narang,Female,1946-05-27,79,6,0,2,1,13,6.5,80157.12,60,1,5,0,2026-03-11 08:41:20,High,ADM-00039468,DOC-00120,Dr. Alexander Gulati,DEP010,Dermatology,DX004,Asthma,Chronic Kidney Disease,35,Medium,Age > 70; Chronic condition; Outstanding balance
15216,PAT-0015216,George,Naik,Male,1940-02-01,86,6,0,0,1,15,5.5,7001.13,60,1,5,0,2026-03-03 14:11:57,High,ADM-00009833,DOC-00007,Dr. Lajita Bora,DEP010,Dermatology,DX004,Asthma,Hypertension,35,Medium,Age > 70; Chronic condition; Outstanding balance
15417,PAT-0015417,Faraj,Pandit,Male,1949-02-28,76,6,1,2,2,10,5.83,36915.2,60,1,5,0,2026-01-22 03:15:10,High,ADM-00006539,DOC-00087,Dr. Zilmil Gade,DEP007,Oncology,DX010,Anemia,Hypertension,35,Medium,Age > 70; Chronic condition; Outstanding balance
4483,PAT-0004483,Vedika,Sarma,Male,1950-11-14,74,5,1,1,1,10,5.6,97517.7,60,1,4,0,2025-06-14 16:38:38,High,ADM-00009611,DOC-00071,Dr. Om Bajaj,DEP007,Oncology,DX010,Anemia,Type 2 Diabetes,35,Medium,Age > 70; Chronic condition; Outstanding balance
9703,PAT-0009703,Gauri,Munshi,Female,1940-12-11,85,5,0,2,1,10,3.8,2965.75,60,1,4,0,2026-04-06 04:13:03,High,ADM-00012273,DOC-00140,Dr. Anya Bassi,DEP010,Dermatology,DX004,Asthma,Asthma,35,Medium,Age > 70; Chronic condition; Outstanding balance
18916,PAT-0018916,Oni,Sibal,Male,2012-04-29,14,5,2,4,1,7,3.6,34756.74,60,1,1,3,2026-07-20 03:45:34,High,ADM-00034569,DOC-00056,Dr. Amaira Pal,DEP004,Orthopedics,DX005,Bone Fracture,,35,Medium,Readmission; Emergency admission
22126,PAT-0022126,Benjamin,Kapoor,Male,1939-06-22,87,5,1,2,2,9,4.2,6649.83,60,2,3,0,2026-07-18 14:27:50,High,ADM-00014921,DOC-00105,Dr. Ekapad Pal,DEP002,Cardiology,DX007,Coronary Artery Disease,Coronary Artery Disease,35,Medium,Age > 70; Chronic condition; Outstanding balance
16662,PAT-0016662,Anusha,Narasimhan,Other,1948-06-26,77,4,0,1,1,10,5.0,10349.98,60,1,3,0,2026-06-04 12:29:38,High,ADM-00049965,DOC-00072,Dr. Inaya Warrior,DEP007,Oncology,DX010,Anemia,Coronary Artery Disease,35,Medium,Age > 70; Chronic condition; Outstanding balance
17077,PAT-0017077,Anamika,Taneja,Female,1944-07-01,82,4,1,0,1,13,4.25,8073.53,60,1,3,0,2026-09-24 19:06:29,High,ADM-00050618,DOC-00026,Dr. Jagrati Borde,DEP003,Neurology,DX006,Migraine,Asthma,35,Medium,Age > 70; Chronic condition; Outstanding balance
18663,PAT-0018663,Odika,Bhagat,Male,1945-03-18,81,4,1,1,1,7,4.5,10638.9,60,1,3,0,2026-09-25 20:52:55,High,ADM-00050881,DOC-00039,Dr. Jalsa Choudhry,DEP002,Cardiology,DX007,Coronary Artery Disease,Hypertension,35,Medium,Age > 70; Chronic condition; Outstanding balance
20138,PAT-0020138,Neha,Kade,Male,1975-06-22,50,4,2,0,2,9,6.0,0.0,60,1,2,1,2026-01-11 11:52:01,High,ADM-00007888,DOC-00077,Dr. Anirudh Chaudhuri,DEP003,Neurology,DX006,Migraine,Migraine,35,Medium,Chronic condition; ICU admission
22728,PAT-0022728,Arjun,Bose,Male,1935-09-04,90,4,0,1,1,7,5.25,156957.01,60,1,3,0,2026-03-30 04:28:34,High,ADM-00038121,DOC-00062,Dr. Raghav Sampath,DEP003,Neurology,DX006,Migraine,Chronic Kidney Disease,35,Medium,Age > 70; Chronic condition; Outstanding balance
1197,PAT-0001197,Amaira,Pai,Male,1982-01-14,44,3,0,1,3,13,8.33,29171.27,60,1,2,0,2026-03-26 07:04:50,High,ADM-00045082,DOC-00087,Dr. Zilmil Gade,DEP007,Oncology,DX010,Anemia,Chronic Kidney Disease,35,Medium,Chronic condition; ICU admission
1218,PAT-0001218,Daniel,Mahajan,Female,1951-11-29,74,3,0,1,1,15,8.0,15840.89,60,1,2,0,2026-05-18 09:28:37,High,ADM-00007642,DOC-00061,Dr. Michael Rastogi,DEP010,Dermatology,DX004,Asthma,Migraine,35,Medium,Age > 70; Chronic condition; Outstanding balance
1457,PAT-0001457,Unni,Tiwari,Male,1939-10-27,85,3,0,1,1,4,3.33,26349.22,60,1,2,0,2025-10-21 20:04:43,High,ADM-00045149,DOC-00098,Dr. Chatresh Batta,DEP006,General Medicine,DX010,Anemia,Migraine,35,Medium,Age > 70; Chronic condition; Outstanding balance
2467,PAT-0002467,Yamini,Raghavan,Male,1938-10-26,87,3,0,0,1,12,6.33,8088.81,60,1,2,0,2026-08-31 05:21:37,High,ADM-00007772,DOC-00134,Dr. Chatura Dey,DEP005,Pediatrics,DX004,Asthma,Hypertension,35,Medium,Age > 70; Chronic condition; Outstanding balance
4313,PAT-0004313,Falguni,Malhotra,Female,1943-03-22,82,3,0,1,1,6,4.67,56898.5,60,1,2,0,2025-05-23 12:29:24,High,ADM-00030016,DOC-00023,Dr. Elijah Nori,DEP006,General Medicine,DX001,Hypertension,Hypertension,35,Medium,Age > 70; Chronic condition; Outstanding balance
4375,PAT-0004375,Samar,Saha,Male,1982-02-01,44,3,2,3,1,6,3.33,86023.35,60,1,1,1,2026-08-23 00:59:05,High,ADM-00048062,DOC-00123,Dr. Tanveer Pant,DEP009,ENT,DX003,Pneumonia,,35,Medium,Readmission; Emergency admission
4760,PAT-0004760,Lila,Chad,Female,1950-09-27,74,3,0,1,2,12,8.0,1324.64,60,2,1,0,2025-07-30 09:03:38,High,ADM-00046681,DOC-00029,Dr. Unnati Mall,DEP005,Pediatrics,DX004,Asthma,Type 2 Diabetes,35,Medium,Age > 70; Chronic condition; Outstanding balance
5622,PAT-0005622,Hemang,Raval,Male,1976-02-19,48,3,1,2,2,8,6.0,45450.1,60,1,1,1,2024-10-14 21:44:32,High,ADM-00017449,DOC-00137,Dr. Rajata Arora,DEP005,Pediatrics,DX003,Pneumonia,,35,Medium,ICU admission; Outstanding balance; Emergency admission
6187,PAT-0006187,Ayushman,Wali,Male,1944-07-13,80,3,1,0,0,7,3.67,54357.66,60,1,2,0,2025-03-14 02:06:59,High,ADM-00026454,DOC-00134,Dr. Chatura Dey,DEP005,Pediatrics,DX010,Anemia,Hypertension,35,Medium,Age > 70; Chronic condition; Outstanding balance
10014,PAT-0010014,Sarthak,Mani,Male,1944-01-22,82,3,1,1,1,7,3.0,4394.01,60,1,2,0,2026-08-17 17:52:49,High,ADM-00047327,DOC-00039,Dr. Jalsa Choudhry,DEP002,Cardiology,DX007,Coronary Artery Disease,Migraine,35,Medium,Age > 70; Chronic condition; Outstanding balance
10797,PAT-0010797,Shravya,Hari,Male,1942-04-14,84,3,0,0,1,12,6.33,11816.7,60,1,2,0,2026-05-10 09:17:55,High,ADM-00049225,DOC-00104,Dr. Damini Venkatesh,DEP005,Pediatrics,DX004,Asthma,Migraine,35,Medium,Age > 70; Chronic condition; Outstanding balance
11090,PAT-0011090,Pooja,Sarraf,Male,1934-07-27,91,3,1,0,0,7,5.0,18592.06,60,1,2,0,2026-07-04 18:40:07,High,ADM-00016924,DOC-00075,Dr. Theodore Kannan,DEP007,Oncology,DX010,Anemia,Asthma,35,Medium,Age > 70; Chronic condition; Outstanding balance
12749,PAT-0012749,Ranveer,Rout,Male,1940-01-14,85,3,0,1,1,7,5.33,66173.1,60,1,2,0,2025-02-09 19:54:22,High,ADM-00049728,DOC-00135,Dr. Charles Bajaj,DEP007,Oncology,DX010,Anemia,Asthma,35,Medium,Age > 70; Chronic condition; Outstanding balance
16899,PAT-0016899,Aayush,Sachdev,Male,1950-06-10,75,3,0,0,1,13,7.67,19438.53,60,1,2,0,2026-05-16 12:20:48,High,ADM-00041862,DOC-00058,Dr. Jackson Jhaveri,DEP002,Cardiology,DX007,Coronary Artery Disease,Coronary Artery Disease,35,Medium,Age > 70; Chronic condition; Outstanding balance
19105,PAT-0019105,Anika,Parekh,Female,1960-03-10,65,3,0,1,2,12,8.67,40634.58,60,1,1,1,2025-12-06 00:22:30,High,ADM-00003340,DOC-00070,Dr. Jason Mukherjee,DEP005,Pediatrics,DX004,Asthma,Asthma,35,Medium,Chronic condition; ICU admission
23968,PAT-0023968,Nidhi,Sampath,Male,1968-04-21,58,3,1,2,2,9,5.33,87889.57,60,1,1,1,2026-09-25 15:19:35,High,ADM-00050834,DOC-00088,Dr. Girindra Varty,DEP009,ENT,DX003,Pneumonia,,35,Medium,ICU admission; Outstanding balance; Emergency admission
2573,PAT-0002573,Ronith,Dhingra,Male,1938-07-13,86,2,1,0,0,4,3.5,6137.79,60,1,1,0,2025-06-08 22:16:04,High,ADM-00031831,DOC-00147,Dr. Samarth Nayar,DEP004,Orthopedics,DX005,Bone Fracture,Migraine,35,Medium,Age > 70; Chronic condition; Outstanding balance
4371,PAT-0004371,Chakradhar,Prashad,Female,1940-01-09,86,2,0,0,1,11,7.5,22065.22,60,1,1,0,2026-01-12 10:21:44,High,ADM-00029739,DOC-00030,Dr. Yamini Rau,DEP009,ENT,DX003,Pneumonia,Asthma,35,Medium,Age > 70; Chronic condition; Outstanding balance
5366,PAT-0005366,Sanaya,Mistry,Female,1940-08-15,84,2,1,0,0,7,5.0,24368.28,60,1,1,0,2024-11-28 14:35:47,High,ADM-00000743,DOC-00120,Dr. Alexander Gulati,DEP010,Dermatology,DX004,Asthma,Chronic Kidney Disease,35,Medium,Age > 70; Chronic condition; Outstanding balance
6679,PAT-0006679,Saksham,Ramachandran,Female,1944-09-28,80,2,0,1,1,5,4.5,2670.6,60,1,1,0,2025-03-04 06:19:49,High,ADM-00008159,DOC-00075,Dr. Theodore Kannan,DEP007,Oncology,DX010,Anemia,Coronary Artery Disease,35,Medium,Age > 70; Chronic condition; Outstanding balance
12917,PAT-0012917,Aditya,Patla,Male,1971-10-07,54,2,1,2,2,6,5.5,26863.59,60,1,1,0,2026-09-25 07:43:22,High,ADM-00050868,DOC-00115,Dr. Ayushman Roy,DEP002,Cardiology,DX001,Hypertension,,35,Medium,ICU admission; Outstanding balance; Emergency admission
19959,PAT-0019959,Ethan,Suresh,Male,1931-04-12,95,2,1,0,0,1,0.5,60305.53,60,1,1,0,2026-09-25 02:48:15,High,ADM-00050317,DOC-00042,Dr. Harrison Dora,DEP002,Cardiology,DX001,Hypertension,Coronary Artery Disease,35,Medium,Age > 70; Chronic condition; Outstanding balance
21607,PAT-0021607,Rachita,Arya,Male,1990-09-29,34,2,2,2,1,6,5.5,9765.14,60,1,1,0,2025-07-13 08:46:55,High,ADM-00008765,DOC-00061,Dr. Michael Rastogi,DEP010,Dermatology,DX004,Asthma,,35,Medium,Readmission; Emergency admission
22335,PAT-0022335,Neelima,Chakraborty,Female,1944-01-06,81,2,0,0,1,13,9.0,1652.42,60,1,1,0,2025-02-20 08:12:22,High,ADM-00013427,DOC-00140,Dr. Anya Bassi,DEP010,Dermatology,DX004,Asthma,Coronary Artery Disease,35,Medium,Age > 70; Chronic condition; Outstanding balance
24382,PAT-0024382,Ria,Kibe,Male,1940-01-18,85,2,0,0,1,15,10.5,15458.92,60,1,1,0,2025-04-17 09:51:15,High,ADM-00024108,DOC-00132,Dr. Shravya Ramanathan,DEP008,Gynecology,DX010,Anemia,Migraine,35,Medium,Age > 70; Chronic condition; Outstanding balance
20523,PAT-0020523,Azad,Shankar,Male,1942-12-03,83,8,1,1,0,5,2.88,24622.19,60,1,7,0,2026-09-25 08:16:24,High,ADM-00050247,DOC-00006,Dr. Arin Tailor,DEP001,Emergency,DX005,Bone Fracture,Coronary Artery Disease,30,Medium,Age > 70; Chronic condition
5546,PAT-0005546,Darpan,Manne,Male,1952-02-09,74,6,2,0,0,6,4.0,32277.1,60,1,5,0,2026-06-05 10:06:51,High,ADM-00012640,DOC-00150,Dr. Kamala Bhargava,DEP002,Cardiology,DX007,Coronary Artery Disease,Asthma,30,Medium,Age > 70; Chronic condition
22083,PAT-0022083,Elijah,Dayal,Female,1934-05-20,92,6,1,2,1,11,5.33,15602.13,60,2,4,0,2026-08-10 08:15:50,High,ADM-00011712,DOC-00146,Dr. Bhanumati Minhas,DEP008,Gynecology,DX010,Anemia,Hypertension,30,Medium,Age > 70; Chronic condition
5412,PAT-0005412,Abhiram,Mohan,Male,1937-11-09,88,5,0,1,1,6,2.0,0.0,60,1,4,0,2026-09-24 20:41:39,High,ADM-00050558,DOC-00026,Dr. Jagrati Borde,DEP003,Neurology,DX006,Migraine,Migraine,30,Medium,Age > 70; Chronic condition
8919,PAT-0008919,Isha,Kaur,Female,1933-04-06,93,5,0,2,1,10,5.4,0.0,60,1,4,0,2026-05-19 07:29:21,High,ADM-00004922,DOC-00097,Dr. Nisha Dhillon,DEP008,Gynecology,DX010,Anemia,Migraine,30,Medium,Age > 70; Chronic condition
8964,PAT-0008964,Jairaj,Arora,Male,1953-08-04,72,5,0,3,2,9,6.6,3552.69,60,1,3,1,2026-03-12 03:13:41,High,ADM-00022184,DOC-00083,Dr. Krishna Palla,DEP001,Emergency,DX005,Bone Fracture,Type 2 Diabetes,30,Medium,Age > 70; Chronic condition
11930,PAT-0011930,Riya,Majumdar,Male,1951-04-18,75,5,0,0,2,11,6.0,0.0,60,1,4,0,2026-06-18 06:04:26,High,ADM-00038222,DOC-00032,Dr. Anamika Johal,DEP003,Neurology,DX006,Migraine,Migraine,30,Medium,Age > 70; Chronic condition
12078,PAT-0012078,Upadhriti,Mandal,Female,1944-07-04,81,5,1,1,1,14,6.8,0.0,60,1,4,0,2026-06-21 03:09:53,High,ADM-00000233,DOC-00129,Dr. Sneha Mahal,DEP008,Gynecology,DX010,Anemia,Type 2 Diabetes,30,Medium,Age > 70; Chronic condition
12262,PAT-0012262,Karan,Gopal,Female,1947-11-12,78,5,1,0,1,8,4.4,9065.99,60,1,4,0,2026-09-25 03:58:18,High,ADM-00050373,DOC-00006,Dr. Arin Tailor,DEP001,Emergency,DX003,Pneumonia,Coronary Artery Disease,30,Medium,Age > 70; Chronic condition
14695,PAT-0014695,Daksh,Chowdhury,Female,1934-03-10,91,5,0,1,1,10,5.0,3343.0,60,1,4,0,2025-05-09 01:16:41,High,ADM-00042403,DOC-00100,Dr. Umang Basu,DEP010,Dermatology,DX004,Asthma,Hypertension,30,Medium,Age > 70; Chronic condition
14822,PAT-0014822,Rehaan,Kamdar,Female,1944-07-12,82,5,0,3,1,7,5.0,3502.34,60,1,4,0,2026-09-25 13:38:47,High,ADM-00050894,DOC-00075,Dr. Theodore Kannan,DEP007,Oncology,DX010,Anemia,Coronary Artery Disease,30,Medium,Age > 70; Chronic condition
17399,PAT-0017399,Upasna,Banerjee,Other,1950-10-01,75,5,1,1,1,8,4.6,4952.15,60,1,4,0,2026-04-10 15:33:33,High,ADM-00031383,DOC-00143,Dr. Ranbir Sarma,DEP003,Neurology,DX006,Migraine,Hypertension,30,Medium,Age > 70; Chronic condition
17489,PAT-0017489,Hemani,Lal,Female,1959-12-07,66,5,1,2,2,8,4.0,11401.45,60,1,2,2,2026-09-24 03:16:18,High,ADM-00050674,DOC-00136,Dr. Elijah Rege,DEP010,Dermatology,DX004,Asthma,Chronic Kidney Disease,30,Medium,Chronic condition; Outstanding balance; Emergency admission
17840,PAT-0017840,Eshana,Sastry,Male,1944-05-17,81,5,0,2,1,7,5.2,0.0,60,1,4,0,2025-06-07 23:55:20,High,ADM-00034122,DOC-00009,Dr. Vrinda Kale,DEP006,General Medicine,DX009,Gastroenteritis,Type 2 Diabetes,30,Medium,Age > 70; Chronic condition
19778,PAT-0019778,Triveni,Modi,Male,1936-04-10,90,5,1,2,1,9,4.8,23796.15,60,1,4,0,2026-05-11 20:01:31,High,ADM-00038649,DOC-00130,Dr. Ekantika Virk,DEP003,Neurology,DX006,Migraine,Migraine,30,Medium,Age > 70; Chronic condition
20601,PAT-0020601,Jagrati,Badal,Male,1941-07-08,84,5,2,0,0,4,2.8,3707.62,60,1,4,0,2025-10-21 11:54:08,High,ADM-00035955,DOC-00037,Dr. Priya Malhotra,DEP010,Dermatology,DX004,Asthma,Chronic Kidney Disease,30,Medium,Age > 70; Chronic condition
22498,PAT-0022498,Caleb,Apte,Female,1939-12-19,85,5,1,1,2,7,4.8,58996.89,60,1,4,0,2025-11-18 10:33:16,High,ADM-00044847,DOC-00036,Dr. Nachiket Pandit,DEP002,Cardiology,DX001,Hypertension,Chronic Kidney Disease,30,Medium,Age > 70; Chronic condition
23082,PAT-0023082,Abeer,Nagarajan,Male,1943-09-21,82,5,2,1,1,9,4.0,0.0,60,1,4,0,2026-01-15 07:33:16,High,ADM-00011182,DOC-00064,Dr. Amol Gera,DEP008,Gynecology,DX010,Anemia,Migraine,30,Medium,Age > 70; Chronic condition
658,PAT-0000658,Max,Suresh,Female,1939-09-19,85,4,0,1,2,9,6.75,0.0,60,1,3,0,2025-04-04 16:05:50,High,ADM-00036542,DOC-00048,Dr. Amaira Seshadri,DEP004,Orthopedics,DX005,Bone Fracture,Coronary Artery Disease,30,Medium,Age > 70; Chronic condition
664,PAT-0000664,Vedhika,Singh,Female,2023-03-25,3,4,2,2,1,15,6.75,35892.42,60,1,1,2,2026-09-19 17:14:44,High,ADM-00042150,DOC-00146,Dr. Bhanumati Minhas,DEP008,Gynecology,DX010,Anemia,,30,Medium,Readmission; Outstanding balance
1032,PAT-0001032,Omkaar,Sachdeva,Female,1990-05-10,35,4,3,1,1,9,4.5,8031.52,60,1,3,0,2025-10-04 11:38:01,High,ADM-00010095,DOC-00069,Dr. David Khosla,DEP004,Orthopedics,DX005,Bone Fracture,Chronic Kidney Disease,30,Medium,Chronic condition; Outstanding balance; Emergency admission
1368,PAT-0001368,Forum,Virk,Male,1932-02-19,93,4,0,1,1,8,5.75,0.0,60,1,3,0,2025-07-31 00:41:24,High,ADM-00024437,DOC-00120,Dr. Alexander Gulati,DEP010,Dermatology,DX004,Asthma,Hypertension,30,Medium,Age > 70; Chronic condition
2373,PAT-0002373,Geetika,Swamy,Male,1945-12-01,80,4,1,1,1,10,5.75,1237.7,60,1,3,0,2026-06-03 18:24:57,High,ADM-00044787,DOC-00051,Dr. Ekta Pai,DEP008,Gynecology,DX010,Anemia,Chronic Kidney Disease,30,Medium,Age > 70; Chronic condition
2623,PAT-0002623,Yatan,Ramakrishnan,Male,1944-08-26,81,4,1,0,2,12,7.5,0.0,60,1,3,0,2025-09-21 16:00:02,High,ADM-00018562,DOC-00096,Dr. Balvan Bala,DEP002,Cardiology,DX007,Coronary Artery Disease,Coronary Artery Disease,30,Medium,Age > 70; Chronic condition
3574,PAT-0003574,Isaiah,Gopal,Female,1939-04-24,86,4,2,1,0,7,4.5,17302.96,60,1,3,0,2026-03-28 04:24:26,High,ADM-00039674,DOC-00094,Dr. Hemang Thaman,DEP004,Orthopedics,DX005,Bone Fracture,Type 2 Diabetes,30,Medium,Age > 70; Chronic condition
6861,PAT-0006861,Anthony,Chaudhary,Male,2019-10-15,6,4,0,3,1,11,6.5,164463.54,60,1,1,2,2026-02-25 21:40:30,High,ADM-00028584,DOC-00067,Dr. Ijaya Zachariah,DEP008,Gynecology,DX010,Anemia,Chronic Kidney Disease,30,Medium,Chronic condition; Outstanding balance; Emergency admission
8209,PAT-0008209,Devansh,De,Male,1947-08-29,79,4,1,0,0,2,1.0,34580.7,60,1,3,0,2026-09-24 00:42:07,High,ADM-00050145,DOC-00021,Dr. Umang Vaidya,DEP002,Cardiology,DX007,Coronary Artery Disease,Migraine,30,Medium,Age > 70; Chronic condition
10909,PAT-0010909,Jeremiah,Tripathi,Male,1942-08-26,84,4,1,0,0,4,1.75,29099.44,60,1,3,0,2026-09-22 21:19:24,High,ADM-00009810,DOC-00080,Dr. Kabir Wadhwa,DEP001,Emergency,DX005,Bone Fracture,Coronary Artery Disease,30,Medium,Age > 70; Chronic condition
11273,PAT-0011273,Rachita,Ramesh,Female,1934-04-17,90,4,1,1,0,7,5.75,5939.47,60,1,3,0,2025-04-14 02:42:19,High,ADM-00028790,DOC-00041,Dr. Inaya Raman,DEP003,Neurology,DX006,Migraine,Coronary Artery Disease,30,Medium,Age > 70; Chronic condition
11321,PAT-0011321,Pratyush,Chada,Female,1949-03-08,77,4,1,1,1,8,4.5,0.0,60,1,3,0,2026-04-04 15:03:25,High,ADM-00022370,DOC-00136,Dr. Elijah Rege,DEP010,Dermatology,DX004,Asthma,Type 2 Diabetes,30,Medium,Age > 70; Chronic condition
11508,PAT-0011508,Vidhi,Sampath,Female,1931-11-12,94,4,1,2,1,7,5.5,23366.91,60,2,2,0,2026-04-02 20:08:56,High,ADM-00036660,DOC-00116,Dr. Michael Pandya,DEP007,Oncology,DX010,Anemia,Type 2 Diabetes,30,Medium,Age > 70; Chronic condition
11739,PAT-0011739,Pranit,Pandey,Male,1932-07-19,93,4,1,2,1,8,6.0,43764.02,60,2,2,0,2026-04-18 07:16:47,High,ADM-00023530,DOC-00079,Dr. Warinder Sarin,DEP008,Gynecology,DX010,Anemia,Migraine,30,Medium,Age > 70; Chronic condition
12599,PAT-0012599,Kiaan,Dhar,Male,1960-09-20,64,4,0,3,1,12,7.0,116192.6,60,1,1,2,2025-02-22 18:36:37,High,ADM-00048987,DOC-00125,Dr. Robert Murthy,DEP010,Dermatology,DX004,Asthma,Coronary Artery Disease,30,Medium,Chronic condition; Outstanding balance; Emergency admission
13265,PAT-0013265,Radhika,Sarma,Female,1947-03-21,79,4,1,1,0,4,2.75,3691.91,60,1,3,0,2026-07-16 05:44:06,High,ADM-00042328,DOC-00070,Dr. Jason Mukherjee,DEP005,Pediatrics,DX004,Asthma,Migraine,30,Medium,Age > 70; Chronic condition
13933,PAT-0013933,Wyatt,Kapoor,Male,1952-01-22,72,4,1,0,0,6,4.5,24243.24,60,1,3,0,2024-04-12 03:19:28,High,ADM-00024802,DOC-00007,Dr. Lajita Bora,DEP010,Dermatology,DX004,Asthma,Chronic Kidney Disease,30,Medium,Age > 70; Chronic condition
15011,PAT-0015011,Reyansh,Chakrabarti,Male,1940-01-22,85,4,1,0,1,12,7.0,0.0,60,1,3,0,2026-01-17 16:46:44,High,ADM-00022449,DOC-00139,Dr. Tamanna Chander,DEP008,Gynecology,DX010,Anemia,Migraine,30,Medium,Age > 70; Chronic condition
16126,PAT-0016126,Vasudha,Prashad,Male,1943-02-08,82,4,1,0,0,6,5.25,10873.93,60,1,3,0,2025-11-29 11:39:20,High,ADM-00002451,DOC-00127,Dr. Fitan Ratti,DEP004,Orthopedics,DX005,Bone Fracture,Type 2 Diabetes,30,Medium,Age > 70; Chronic condition
16268,PAT-0016268,Balvan,Krishnamurthy,Male,1936-03-10,90,4,1,0,0,4,3.0,2967.49,60,1,3,0,2026-08-16 13:45:34,High,ADM-00031000,DOC-00019,Dr. Bishakha Patel,DEP003,Neurology,DX006,Migraine,Hypertension,30,Medium,Age > 70; Chronic condition
16740,PAT-0016740,Rajata,Lal,Male,1931-04-24,92,4,0,1,1,9,5.5,39372.71,60,1,3,0,2024-02-09 00:16:52,High,ADM-00002614,DOC-00099,Dr. Eiravati Goda,DEP001,Emergency,DX009,Gastroenteritis,Type 2 Diabetes,30,Medium,Age > 70; Chronic condition
18449,PAT-0018449,Upkaar,Kapur,Male,1936-05-09,90,4,1,0,0,6,2.75,5103.38,60,1,3,0,2026-06-12 11:44:40,High,ADM-00007075,DOC-00067,Dr. Ijaya Zachariah,DEP008,Gynecology,DX010,Anemia,Coronary Artery Disease,30,Medium,Age > 70; Chronic condition
19607,PAT-0019607,Kevin,Chopra,Female,1955-10-28,70,4,2,1,1,7,6.25,53674.44,60,1,1,2,2026-05-11 09:21:51,High,ADM-00006433,DOC-00024,Dr. Fariq Sangha,DEP001,Emergency,DX009,Gastroenteritis,,30,Medium,Readmission; Outstanding balance
22330,PAT-0022330,Bahadurjit,Seshadri,Female,1945-04-18,79,4,1,1,1,10,4.5,58724.93,60,1,3,0,2025-03-14 17:19:08,High,ADM-00014074,DOC-00134,Dr. Chatura Dey,DEP005,Pediatrics,DX010,Anemia,Type 2 Diabetes,30,Medium,Age > 70; Chronic condition
22714,PAT-0022714,Ishwar,Nagi,Female,1950-04-22,75,4,2,0,0,5,3.0,7261.59,60,2,2,0,2025-11-26 02:07:13,High,ADM-00026842,DOC-00102,Dr. Yahvi Jain,DEP001,Emergency,DX009,Gastroenteritis,Asthma,30,Medium,Age > 70; Chronic condition
23507,PAT-0023507,Charles,Doctor,Female,1941-04-27,85,4,2,1,0,7,5.75,2695.35,60,1,3,0,2026-09-25 23:13:06,High,ADM-00051012,DOC-00108,Dr. Devansh Devan,DEP005,Pediatrics,DX004,Asthma,Coronary Artery Disease,30,Medium,Age > 70; Chronic condition
24326,PAT-0024326,Widisha,Shenoy,Female,1935-04-23,91,4,1,1,0,6,2.5,4609.55,60,1,3,0,2026-05-10 10:28:11,High,ADM-00029500,DOC-00082,Dr. Dhriti Devi,DEP006,General Medicine,DX001,Hypertension,Coronary Artery Disease,30,Medium,Age > 70; Chronic condition
153,PAT-0000153,Qarin,Chacko,Male,1943-04-04,81,3,1,0,1,6,3.33,6431.92,60,1,2,0,2024-12-03 00:27:35,High,ADM-00048306,DOC-00141,Dr. Janya Chawla,DEP007,Oncology,DX010,Anemia,Migraine,30,Medium,Age > 70; Chronic condition
755,PAT-0000755,Chasmum,Baria,Male,1952-06-29,73,3,1,1,1,6,4.33,7756.81,60,1,1,1,2025-09-19 04:13:14,High,ADM-00025350,DOC-00125,Dr. Robert Murthy,DEP010,Dermatology,DX004,Asthma,,30,Medium,Age > 70; Outstanding balance; Emergency admission
1668,PAT-0001668,Lakshmi,Jani,Female,1931-10-02,94,3,0,2,1,8,3.67,33949.03,60,1,2,0,2026-03-04 20:50:29,High,ADM-00038390,DOC-00093,Dr. Zaitra Mahajan,DEP008,Gynecology,DX010,Anemia,Type 2 Diabetes,30,Medium,Age > 70; Chronic condition
1898,PAT-0001898,Yoshita,Baria,Male,1952-04-24,72,3,0,1,1,15,8.33,0.0,60,1,2,0,2025-03-05 10:55:09,High,ADM-00012869,DOC-00023,Dr. Elijah Nori,DEP006,General Medicine,DX010,Anemia,Chronic Kidney Disease,30,Medium,Age > 70; Chronic condition
2136,PAT-0002136,Jack,Sethi,Female,1957-03-21,68,3,2,1,1,10,5.67,2887.68,60,1,2,0,2026-01-02 10:49:06,High,ADM-00012487,DOC-00141,Dr. Janya Chawla,DEP007,Oncology,DX010,Anemia,Coronary Artery Disease,30,Medium,Chronic condition; Outstanding balance; Emergency admission
3392,PAT-0003392,Maanav,Yadav,Male,1942-09-25,83,3,0,0,1,14,6.33,9745.17,60,1,2,0,2026-04-22 23:22:13,High,ADM-00035483,DOC-00001,Dr. Viraj Subramanian,DEP002,Cardiology,DX001,Hypertension,Chronic Kidney Disease,30,Medium,Age > 70; Chronic condition
4268,PAT-0004268,Wishi,Deol,Male,1947-03-26,78,3,1,0,1,14,6.0,0.0,60,1,2,0,2025-09-15 02:32:29,High,ADM-00033286,DOC-00140,Dr. Anya Bassi,DEP010,Dermatology,DX004,Asthma,Type 2 Diabetes,30,Medium,Age > 70; Chronic condition
5293,PAT-0005293,Matthew,Kothari,Male,1947-08-07,77,3,1,0,0,6,3.67,22665.19,60,1,2,0,2025-07-24 19:54:14,High,ADM-00026520,DOC-00010,Dr. Laban Kala,DEP009,ENT,DX003,Pneumonia,Chronic Kidney Disease,30,Medium,Age > 70; Chronic condition
5747,PAT-0005747,Krishna,Shukla,Female,1952-11-02,73,3,0,1,2,7,5.33,0.0,60,1,2,0,2026-02-21 01:28:48,High,ADM-00009760,DOC-00148,Dr. Yashodhara Sani,DEP002,Cardiology,DX007,Coronary Artery Disease,Asthma,30,Medium,Age > 70; Chronic condition
5979,PAT-0005979,Chandani,Swaminathan,Male,1932-07-11,94,3,1,0,0,7,4.0,39635.34,60,1,2,0,2026-08-20 07:48:32,High,ADM-00048608,DOC-00092,Dr. Baghyawati Shroff,DEP004,Orthopedics,DX005,Bone Fracture,Asthma,30,Medium,Age > 70; Chronic condition
7187,PAT-0007187,Liam,Boase,Female,1951-11-11,74,3,2,0,0,7,5.0,13805.9,60,1,2,0,2026-07-15 03:32:24,High,ADM-00043869,DOC-00075,Dr. Theodore Kannan,DEP007,Oncology,DX010,Anemia,Asthma,30,Medium,Age > 70; Chronic condition
7895,PAT-0007895,Aradhana,Vyas,Male,1957-08-22,67,3,1,1,1,7,4.67,10347.91,60,1,1,1,2025-01-16 07:01:51,High,ADM-00043243,DOC-00015,Dr. Wridesh Sheth,DEP003,Neurology,DX006,Migraine,Hypertension,30,Medium,Chronic condition; Outstanding balance; Emergency admission
8335,PAT-0008335,Manya,Savant,Male,1942-06-05,83,3,0,1,1,7,5.67,0.0,60,1,2,0,2025-12-16 11:42:01,High,ADM-00017607,DOC-00141,Dr. Janya Chawla,DEP007,Oncology,DX010,Anemia,Chronic Kidney Disease,30,Medium,Age > 70; Chronic condition
8360,PAT-0008360,Krishna,Menon,Male,1952-01-31,74,3,0,0,1,15,6.33,0.0,60,1,2,0,2026-09-20 12:57:30,High,ADM-00027567,DOC-00082,Dr. Dhriti Devi,DEP006,General Medicine,DX009,Gastroenteritis,Asthma,30,Medium,Age > 70; Chronic condition
9226,PAT-0009226,Manbir,Bhagat,Male,1937-04-21,87,3,0,1,1,5,4.67,0.0,60,1,2,0,2024-10-02 06:20:55,High,ADM-00022695,DOC-00081,Dr. Aashi Sangha,DEP003,Neurology,DX006,Migraine,Migraine,30,Medium,Age > 70; Chronic condition
9334,PAT-0009334,Harshil,Bhavsar,Male,1933-04-28,92,3,1,0,0,2,1.33,8666.03,60,1,2,0,2026-02-21 06:17:39,High,ADM-00014642,DOC-00132,Dr. Shravya Ramanathan,DEP008,Gynecology,DX010,Anemia,Asthma,30,Medium,Age > 70; Chronic condition
9481,PAT-0009481,Zansi,Dar,Male,1945-02-16,80,3,0,0,1,12,5.33,0.0,60,1,2,0,2025-07-09 17:55:53,High,ADM-00003891,DOC-00043,Dr. Zehaan Guha,DEP005,Pediatrics,DX010,Anemia,Chronic Kidney Disease,30,Medium,Age > 70; Chronic condition
9888,PAT-0009888,Wakeeta,Sachar,Male,1942-08-02,81,3,0,1,1,6,4.33,0.0,60,1,2,0,2023-12-12 00:12:41,High,ADM-00022700,DOC-00117,Dr. Vrishti Bedi,DEP007,Oncology,DX010,Anemia,Chronic Kidney Disease,30,Medium,Age > 70; Chronic condition
10220,PAT-0010220,Utkarsh,Saini,Male,1948-06-08,77,3,1,0,0,7,4.33,5103.07,60,1,2,0,2025-10-07 14:01:47,High,ADM-00032887,DOC-00048,Dr. Amaira Seshadri,DEP004,Orthopedics,DX005,Bone Fracture,Asthma,30,Medium,Age > 70; Chronic condition
10860,PAT-0010860,Samesh,Radhakrishnan,Male,1934-05-13,91,3,0,2,1,8,5.67,0.0,60,1,2,0,2025-10-13 11:27:11,High,ADM-00018905,DOC-00025,Dr. Daksh Madan,DEP001,Emergency,DX005,Bone Fracture,Chronic Kidney Disease,30,Medium,Age > 70; Chronic condition
12338,PAT-0012338,Yashica,Kapur,Female,1944-03-13,81,3,1,0,0,6,3.33,27409.66,60,1,2,0,2025-10-22 08:49:09,High,ADM-00046378,DOC-00075,Dr. Theodore Kannan,DEP007,Oncology,DX010,Anemia,Asthma,30,Medium,Age > 70; Chronic condition
13159,PAT-0013159,Nidhi,Bahl,Female,1936-04-09,87,3,0,0,1,14,6.33,0.0,60,1,2,0,2023-09-29 16:50:31,High,ADM-00048794,DOC-00091,Dr. Dev Sangha,DEP006,General Medicine,DX003,Pneumonia,Coronary Artery Disease,30,Medium,Age > 70; Chronic condition
13260,PAT-0013260,Robert,Trivedi,Male,1948-10-26,76,3,0,1,1,8,5.33,0.0,60,1,2,0,2025-01-13 17:00:24,High,ADM-00039434,DOC-00107,Dr. Kavya Chaudhry,DEP001,Emergency,DX003,Pneumonia,Coronary Artery Disease,30,Medium,Age > 70; Chronic condition
13571,PAT-0013571,Karan,Puri,Female,1942-08-02,82,3,0,1,1,7,5.67,0.0,60,1,2,0,2025-06-12 23:17:43,High,ADM-00036315,DOC-00070,Dr. Jason Mukherjee,DEP005,Pediatrics,DX004,Asthma,Asthma,30,Medium,Age > 70; Chronic condition
14926,PAT-0014926,Maanas,Badal,Male,1940-05-16,84,3,0,1,2,8,6.0,0.0,60,1,2,0,2025-04-09 00:32:58,High,ADM-00019480,DOC-00024,Dr. Fariq Sangha,DEP001,Emergency,DX005,Bone Fracture,Asthma,30,Medium,Age > 70; Chronic condition
16668,PAT-0016668,Jacob,Dar,Female,1945-10-12,80,3,1,1,1,9,4.67,4063.59,60,2,1,0,2025-11-27 19:45:14,High,ADM-00049636,DOC-00010,Dr. Laban Kala,DEP009,ENT,DX003,Pneumonia,Hypertension,30,Medium,Age > 70; Chronic condition
16748,PAT-0016748,Elijah,Buch,Male,1946-10-30,79,3,0,1,1,9,5.0,0.0,60,1,2,0,2025-12-18 02:49:14,High,ADM-00002225,DOC-00003,Dr. Krish Jhaveri,DEP010,Dermatology,DX004,Asthma,Chronic Kidney Disease,30,Medium,Age > 70; Chronic condition
17656,PAT-0017656,Upma,Mani,Female,1945-04-17,80,3,0,0,1,12,6.0,0.0,60,1,2,0,2025-06-18 22:58:41,High,ADM-00049847,DOC-00108,Dr. Devansh Devan,DEP005,Pediatrics,DX010,Anemia,Type 2 Diabetes,30,Medium,Age > 70; Chronic condition
17764,PAT-0017764,Laksh,Handa,Male,1936-01-29,90,3,1,0,0,7,4.67,3417.68,60,1,2,0,2026-02-26 22:40:04,High,ADM-00050000,DOC-00002,Dr. Alexander Mitter,DEP009,ENT,DX003,Pneumonia,Chronic Kidney Disease,30,Medium,Age > 70; Chronic condition
19638,PAT-0019638,Aradhana,Konda,Male,1952-05-13,73,3,0,1,1,10,4.33,5502.53,60,1,2,0,2026-03-17 17:25:58,High,ADM-00020246,DOC-00099,Dr. Eiravati Goda,DEP001,Emergency,DX005,Bone Fracture,Chronic Kidney Disease,30,Medium,Age > 70; Chronic condition
20560,PAT-0020560,Tanish,Gokhale,Male,1939-10-27,85,3,0,1,1,6,4.0,6921.33,60,1,2,0,2025-08-21 08:02:11,High,ADM-00030329,DOC-00075,Dr. Theodore Kannan,DEP007,Oncology,DX010,Anemia,Migraine,30,Medium,Age > 70; Chronic condition
20561,PAT-0020561,Balvan,Chada,Male,1935-01-04,91,3,2,0,0,7,5.0,2721.99,60,1,2,0,2026-09-26 12:10:38,High,ADM-00051231,DOC-00079,Dr. Warinder Sarin,DEP008,Gynecology,DX010,Anemia,Asthma,30,Medium,Age > 70; Chronic condition
21877,PAT-0021877,Anusha,Desai,Male,1944-03-22,81,3,0,0,2,11,7.33,0.0,60,1,2,0,2025-09-23 18:42:12,High,ADM-00004878,DOC-00021,Dr. Umang Vaidya,DEP002,Cardiology,DX001,Hypertension,Hypertension,30,Medium,Age > 70; Chronic condition
23374,PAT-0023374,Vyanjana,Basu,Female,1938-02-06,87,3,2,0,0,5,4.33,3394.1,60,1,2,0,2025-08-12 06:27:19,High,ADM-00040499,DOC-00065,Dr. Nitara Choudhury,DEP004,Orthopedics,DX005,Bone Fracture,Chronic Kidney Disease,30,Medium,Age > 70; Chronic condition
24728,PAT-0024728,Priya,Dubey,Female,1937-08-27,86,3,0,1,1,10,6.33,0.0,60,1,2,0,2024-07-01 04:07:53,High,ADM-00011592,DOC-00141,Dr. Janya Chawla,DEP007,Oncology,DX010,Anemia,Hypertension,30,Medium,Age > 70; Chronic condition
24880,PAT-0024880,Bishakha,Khalsa,Male,1942-11-24,82,3,0,1,1,9,4.0,0.0,60,1,2,0,2025-04-12 06:11:28,High,ADM-00017098,DOC-00103,Dr. Jasmit Krishnan,DEP002,Cardiology,DX001,Hypertension,Hypertension,30,Medium,Age > 70; Chronic condition
997,PAT-0000997,Farhan,Balan,Female,1934-09-28,89,2,1,0,0,6,5.5,41859.3,60,1,1,0,2024-08-09 04:06:55,High,ADM-00034092,DOC-00044,Dr. Chaitaly Reddy,DEP001,Emergency,DX005,Bone Fracture,Coronary Artery Disease,30,Medium,Age > 70; Chronic condition
1178,PAT-0001178,Pratyush,Kunda,Male,1941-09-18,83,2,0,1,1,7,7.0,0.0,60,1,1,0,2025-08-16 15:55:58,High,ADM-00018311,DOC-00031,Dr. Nathan Iyengar,DEP004,Orthopedics,DX005,Bone Fracture,Asthma,30,Medium,Age > 70; Chronic condition
1977,PAT-0001977,Chasmum,Sandal,Female,1949-05-21,75,2,0,1,1,5,4.5,0.0,60,1,1,0,2024-10-24 16:01:08,High,ADM-00018038,DOC-00115,Dr. Ayushman Roy,DEP002,Cardiology,DX007,Coronary Artery Disease,Migraine,30,Medium,Age > 70; Chronic condition
2503,PAT-0002503,Inaya,Dhaliwal,Female,1952-09-02,72,2,0,1,1,5,4.0,0.0,60,1,1,0,2025-04-28 19:32:30,High,ADM-00004435,DOC-00007,Dr. Lajita Bora,DEP010,Dermatology,DX004,Asthma,Type 2 Diabetes,30,Medium,Age > 70; Chronic condition
2684,PAT-0002684,Gaurika,Khare,Other,1940-09-03,85,2,1,0,0,5,3.5,1828.36,60,1,1,0,2025-12-05 14:32:16,High,ADM-00005874,DOC-00015,Dr. Wridesh Sheth,DEP003,Neurology,DX006,Migraine,Chronic Kidney Disease,30,Medium,Age > 70; Chronic condition
2857,PAT-0002857,Lakshmi,Talwar,Female,1951-01-16,74,2,1,0,0,7,4.5,21769.52,60,1,1,0,2025-03-08 19:50:53,High,ADM-00032493,DOC-00006,Dr. Arin Tailor,DEP001,Emergency,DX003,Pneumonia,Chronic Kidney Disease,30,Medium,Age > 70; Chronic condition
3769,PAT-0003769,Alka,Kibe,Female,2018-02-20,6,2,1,1,2,11,8.5,15362.04,60,1,1,0,2024-06-03 11:18:24,High,ADM-00003441,DOC-00085,Dr. Mekhala Mangat,DEP006,General Medicine,DX003,Pneumonia,,30,Medium,ICU admission; Emergency admission
4095,PAT-0004095,Jeevika,Ranganathan,Female,1937-02-09,89,2,1,0,0,7,4.5,36097.71,60,1,1,0,2026-07-04 07:17:16,High,ADM-00035596,DOC-00009,Dr. Vrinda Kale,DEP006,General Medicine,DX009,Gastroenteritis,Asthma,30,Medium,Age > 70; Chronic condition
5408,PAT-0005408,Tara,Sarna,Male,1940-05-21,85,2,0,0,1,13,8.5,0.0,60,1,1,0,2025-11-25 20:51:52,High,ADM-00032510,DOC-00139,Dr. Tamanna Chander,DEP008,Gynecology,DX010,Anemia,Type 2 Diabetes,30,Medium,Age > 70; Chronic condition
5521,PAT-0005521,Gautam,Hora,Male,1934-07-28,91,2,1,0,0,7,5.5,49974.75,60,1,1,0,2026-05-23 08:51:36,High,ADM-00027507,DOC-00055,Dr. Chaitanya Banerjee,DEP007,Oncology,DX010,Anemia,Coronary Artery Disease,30,Medium,Age > 70; Chronic condition
5619,PAT-0005619,Om,Bora,Male,1944-04-28,79,2,0,0,1,13,8.5,0.0,60,1,1,0,2024-04-10 22:34:09,High,ADM-00037526,DOC-00111,Dr. David Tak,DEP009,ENT,DX003,Pneumonia,Asthma,30,Medium,Age > 70; Chronic condition
6897,PAT-0006897,Qabil,Parmer,Male,1951-01-30,74,2,0,1,1,9,7.0,0.0,60,1,1,0,2025-06-30 09:05:22,High,ADM-00028716,DOC-00016,Dr. Pushti Bhasin,DEP009,ENT,DX003,Pneumonia,Hypertension,30,Medium,Age > 70; Chronic condition
7561,PAT-0007561,Anmol,Prasad,Male,1940-08-09,85,2,1,0,0,3,3.0,2171.88,60,1,1,0,2026-02-19 23:28:00,High,ADM-00048623,DOC-00055,Dr. Chaitanya Banerjee,DEP007,Oncology,DX010,Anemia,Hypertension,30,Medium,Age > 70; Chronic condition
8718,PAT-0008718,Udant,Bhandari,Female,1941-11-21,81,2,1,0,0,6,3.5,4052.87,60,1,1,0,2023-10-15 10:40:54,High,ADM-00049279,DOC-00098,Dr. Chatresh Batta,DEP006,General Medicine,DX003,Pneumonia,Type 2 Diabetes,30,Medium,Age > 70; Chronic condition
8905,PAT-0008905,Vrishti,Lalla,Male,1937-04-21,89,2,0,1,1,4,3.5,0.0,60,1,1,0,2026-06-28 14:19:24,High,ADM-00043363,DOC-00008,Dr. Qadim Suresh,DEP002,Cardiology,DX007,Coronary Artery Disease,Asthma,30,Medium,Age > 70; Chronic condition
9550,PAT-0009550,Gayathri,Chander,Male,1938-08-14,87,2,1,0,0,6,5.5,3210.05,60,1,1,0,2026-01-06 08:16:53,High,ADM-00042890,DOC-00007,Dr. Lajita Bora,DEP010,Dermatology,DX004,Asthma,Migraine,30,Medium,Age > 70; Chronic condition
9569,PAT-0009569,Viraj,Kale,Male,1941-09-13,83,2,1,0,0,6,5.5,65566.93,60,1,1,0,2025-01-19 16:49:28,High,ADM-00033378,DOC-00048,Dr. Amaira Seshadri,DEP004,Orthopedics,DX005,Bone Fracture,Type 2 Diabetes,30,Medium,Age > 70; Chronic condition
9872,PAT-0009872,Baljiwan,Kaur,Female,1930-12-14,95,2,0,1,1,10,6.5,0.0,60,1,1,0,2026-07-23 04:40:21,High,ADM-00040947,DOC-00076,Dr. Kamala Barad,DEP003,Neurology,DX006,Migraine,Hypertension,30,Medium,Age > 70; Chronic condition
10409,PAT-0010409,Ikshita,Menon,Female,1951-11-03,73,2,0,1,1,9,7.5,0.0,60,1,1,0,2025-09-18 06:13:26,High,ADM-00027573,DOC-00116,Dr. Michael Pandya,DEP007,Oncology,DX010,Anemia,Coronary Artery Disease,30,Medium,Age > 70; Chronic condition
10485,PAT-0010485,Ekapad,Mangal,Female,1981-07-26,43,2,1,1,2,12,11.0,45406.29,60,1,1,0,2024-09-01 19:26:30,High,ADM-00022059,DOC-00141,Dr. Janya Chawla,DEP007,Oncology,DX010,Anemia,,30,Medium,ICU admission; LOS > 10 days
10950,PAT-0010950,Aahana,Krishna,Male,1938-10-21,86,2,1,0,0,7,5.0,2794.77,60,1,1,0,2025-05-06 01:03:16,High,ADM-00047081,DOC-00010,Dr. Laban Kala,DEP009,ENT,DX003,Pneumonia,Asthma,30,Medium,Age > 70; Chronic condition
12838,PAT-0012838,Eiravati,Savant,Male,1932-08-30,92,2,0,1,1,9,7.0,0.0,60,1,1,0,2025-01-09 13:51:18,High,ADM-00035905,DOC-00113,Dr. Nandini Anand,DEP003,Neurology,DX006,Migraine,Chronic Kidney Disease,30,Medium,Age > 70; Chronic condition
13882,PAT-0013882,Balveer,Sawhney,Male,1951-09-16,73,2,0,0,1,11,8.0,0.0,60,1,1,0,2024-09-26 12:26:00,High,ADM-00002155,DOC-00058,Dr. Jackson Jhaveri,DEP002,Cardiology,DX007,Coronary Artery Disease,Coronary Artery Disease,30,Medium,Age > 70; Chronic condition
14733,PAT-0014733,Ikshita,Divan,Female,1973-08-04,51,2,1,1,2,12,9.5,26724.29,60,1,1,0,2025-06-30 16:39:49,High,ADM-00019064,DOC-00084,Dr. Warhi Raja,DEP004,Orthopedics,DX005,Bone Fracture,,30,Medium,ICU admission; Emergency admission
14941,PAT-0014941,Eta,Chokshi,Female,1957-07-07,67,2,1,1,1,8,7.5,12122.17,60,1,1,0,2024-12-07 19:10:00,High,ADM-00010094,DOC-00113,Dr. Nandini Anand,DEP003,Neurology,DX006,Migraine,Chronic Kidney Disease,30,Medium,Chronic condition; Outstanding balance; Emergency admission
15062,PAT-0015062,Yauvani,Choudhry,Male,1946-01-07,78,2,1,0,0,5,3.0,15049.9,60,1,1,0,2024-08-16 21:16:13,High,ADM-00006838,DOC-00115,Dr. Ayushman Roy,DEP002,Cardiology,DX001,Hypertension,Chronic Kidney Disease,30,Medium,Age > 70; Chronic condition
15276,PAT-0015276,Indali,Kapur,Male,1949-07-10,76,2,0,0,1,11,8.5,0.0,60,1,1,0,2025-07-23 01:10:20,High,ADM-00023355,DOC-00073,Dr. Warjas Singhal,DEP001,Emergency,DX003,Pneumonia,Asthma,30,Medium,Age > 70; Chronic condition
15757,PAT-0015757,Keya,Pathak,Female,1936-05-09,90,2,0,0,1,12,8.0,0.0,60,1,1,0,2026-07-15 15:45:12,High,ADM-00032655,DOC-00038,Dr. Charan Golla,DEP006,General Medicine,DX010,Anemia,Type 2 Diabetes,30,Medium,Age > 70; Chronic condition
16075,PAT-0016075,Bishakha,Garg,Female,1943-04-12,80,2,0,0,1,13,8.0,0.0,60,1,1,0,2024-01-26 00:03:48,High,ADM-00043697,DOC-00017,Dr. Chaitanya Singh,DEP007,Oncology,DX010,Anemia,Type 2 Diabetes,30,Medium,Age > 70; Chronic condition
17043,PAT-0017043,Irya,Mody,Male,1947-03-03,78,2,0,1,1,7,5.0,0.0,60,1,1,0,2025-09-19 04:47:59,High,ADM-00010315,DOC-00101,Dr. Janya Biswas,DEP005,Pediatrics,DX010,Anemia,Coronary Artery Disease,30,Medium,Age > 70; Chronic condition
18784,PAT-0018784,Henry,Dora,Female,1937-03-20,89,2,1,0,0,6,3.5,10198.91,60,1,1,0,2026-04-21 18:43:44,High,ADM-00032849,DOC-00036,Dr. Nachiket Pandit,DEP002,Cardiology,DX001,Hypertension,Hypertension,30,Medium,Age > 70; Chronic condition
18857,PAT-0018857,Ekantika,Bhattacharyya,Male,1941-11-25,84,2,1,0,0,3,2.0,2781.1,60,1,1,0,2025-11-27 12:48:55,High,ADM-00049174,DOC-00091,Dr. Dev Sangha,DEP006,General Medicine,DX009,Gastroenteritis,Coronary Artery Disease,30,Medium,Age > 70; Chronic condition
19485,PAT-0019485,Jeremiah,Joshi,Female,1948-09-07,77,2,0,1,1,7,7.0,0.0,60,1,1,0,2026-04-17 17:15:57,High,ADM-00041561,DOC-00108,Dr. Devansh Devan,DEP005,Pediatrics,DX003,Pneumonia,Migraine,30,Medium,Age > 70; Chronic condition
19534,PAT-0019534,Ranbir,Rama,Male,1938-04-27,88,2,0,1,1,9,7.0,0.0,60,1,1,0,2026-09-02 00:05:30,High,ADM-00024796,DOC-00078,Dr. Yatan Balay,DEP006,General Medicine,DX003,Pneumonia,Asthma,30,Medium,Age > 70; Chronic condition
20065,PAT-0020065,Harsh,Patla,Male,1953-05-05,71,2,1,0,1,10,5.5,0.0,60,1,1,0,2025-02-08 13:00:54,High,ADM-00009700,DOC-00031,Dr. Nathan Iyengar,DEP004,Orthopedics,DX005,Bone Fracture,Chronic Kidney Disease,30,Medium,Age > 70; Chronic condition
20818,PAT-0020818,Gaurav,Raja,Female,1950-06-15,75,2,0,0,1,11,9.0,0.0,60,1,1,0,2025-07-08 11:00:30,High,ADM-00048540,DOC-00069,Dr. David Khosla,DEP004,Orthopedics,DX005,Bone Fracture,Migraine,30,Medium,Age > 70; Chronic condition
22561,PAT-0022561,Yashawini,Borah,Female,1931-05-08,95,2,1,0,0,7,6.0,9799.95,60,1,1,0,2026-08-31 12:27:09,High,ADM-00012511,DOC-00142,Dr. Yug Bali,DEP005,Pediatrics,DX010,Anemia,Asthma,30,Medium,Age > 70; Chronic condition
22670,PAT-0022670,Ridhi,Atwal,Female,1945-07-05,80,2,0,1,1,10,6.0,0.0,60,1,1,0,2026-05-28 06:24:07,High,ADM-00025921,DOC-00073,Dr. Warjas Singhal,DEP001,Emergency,DX005,Bone Fracture,Hypertension,30,Medium,Age > 70; Chronic condition
22923,PAT-0022923,Varenya,Rama,Female,1955-05-24,71,2,1,0,1,8,5.0,0.0,60,1,1,0,2026-06-23 06:06:38,High,ADM-00028439,DOC-00103,Dr. Jasmit Krishnan,DEP002,Cardiology,DX007,Coronary Artery Disease,Type 2 Diabetes,30,Medium,Age > 70; Chronic condition
23148,PAT-0023148,Anjali,Mandal,Male,1937-06-15,87,2,1,0,0,4,3.5,14465.8,60,1,1,0,2025-03-15 22:28:05,High,ADM-00047733,DOC-00085,Dr. Mekhala Mangat,DEP006,General Medicine,DX010,Anemia,Asthma,30,Medium,Age > 70; Chronic condition
23899,PAT-0023899,Samesh,Thaman,Male,1945-07-10,79,2,0,1,1,8,7.5,0.0,60,1,1,0,2024-07-25 23:57:02,High,ADM-00014868,DOC-00097,Dr. Nisha Dhillon,DEP008,Gynecology,DX010,Anemia,Hypertension,30,Medium,Age > 70; Chronic condition
24500,PAT-0024500,Kai,Rajan,Male,1933-06-01,92,2,0,1,1,10,7.0,0.0,60,1,1,0,2025-06-20 09:20:33,High,ADM-00037588,DOC-00072,Dr. Inaya Warrior,DEP007,Oncology,DX010,Anemia,Asthma,30,Medium,Age > 70; Chronic condition
24552,PAT-0024552,Upma,Samra,Female,1931-01-07,93,2,1,0,0,7,5.0,11721.87,60,1,1,0,2024-01-22 00:34:35,High,ADM-00040737,DOC-00038,Dr. Charan Golla,DEP006,General Medicine,DX003,Pneumonia,Asthma,30,Medium,Age > 70; Chronic condition
20609,PAT-0020609,Zinal,Rastogi,Female,1956-10-31,69,6,1,2,3,8,4.67,6196.67,60,1,2,3,2026-06-28 05:56:21,High,ADM-00039812,DOC-00095,Dr. Hema Rana,DEP009,ENT,DX003,Pneumonia,Migraine,25,Low,Chronic condition; Emergency admission
23103,PAT-0023103,Om,Babu,Male,1980-07-09,46,6,2,2,1,10,5.17,13598.2,60,1,1,4,2026-07-20 08:55:39,High,ADM-00020489,DOC-00134,Dr. Chatura Dey,DEP005,Pediatrics,DX004,Asthma,Asthma,25,Low,Chronic condition; Emergency admission
13612,PAT-0013612,Gaurika,Mannan,Female,1933-05-04,91,5,2,2,1,9,5.2,10575.49,60,1,1,3,2025-01-23 02:05:32,High,ADM-00015799,DOC-00079,Dr. Warinder Sarin,DEP008,Gynecology,DX010,Anemia,,25,Low,Age > 70; Emergency admission
13824,PAT-0013824,Ishwar,Bhargava,Male,2018-02-22,7,5,2,1,2,8,5.2,58120.11,60,1,2,2,2026-02-04 20:21:16,High,ADM-00038240,DOC-00009,Dr. Vrinda Kale,DEP006,General Medicine,DX010,Anemia,Coronary Artery Disease,25,Low,Chronic condition; Emergency admission
2761,PAT-0002761,Robert,Sodhi,Male,1972-04-14,54,4,1,2,1,10,4.5,7961.4,60,1,0,3,2026-06-13 18:43:37,High,ADM-00037477,DOC-00082,Dr. Dhriti Devi,DEP006,General Medicine,DX010,Anemia,Hypertension,25,Low,Chronic condition; Emergency admission
3198,PAT-0003198,Watika,Dyal,Male,1972-03-01,54,4,1,2,2,12,5.75,2477.94,60,1,2,1,2026-09-14 03:18:15,High,ADM-00048590,DOC-00086,Dr. Rehaan Lanka,DEP001,Emergency,DX003,Pneumonia,Migraine,25,Low,Chronic condition; Emergency admission
16805,PAT-0016805,Ekaja,Chahal,Female,2006-09-03,18,4,2,2,1,7,5.75,82587.51,60,1,0,3,2025-02-24 23:57:53,High,ADM-00044893,DOC-00101,Dr. Janya Biswas,DEP005,Pediatrics,DX004,Asthma,,25,Low,Readmission
18843,PAT-0018843,Upadhriti,Radhakrishnan,Female,2012-01-23,13,4,2,1,2,11,6.0,42861.08,60,1,1,2,2025-04-30 07:22:23,High,ADM-00040504,DOC-00119,Dr. Reva Sidhu,DEP003,Neurology,DX006,Migraine,,25,Low,Readmission
1043,PAT-0001043,Daksha,Dash,Female,1968-01-16,57,3,2,1,1,5,3.0,7225.43,60,1,0,2,2025-05-29 12:48:59,High,ADM-00005974,DOC-00131,Dr. Yahvi Raja,DEP007,Oncology,DX010,Anemia,,25,Low,Readmission
1673,PAT-0001673,Charles,Minhas,Female,1996-11-17,29,3,2,0,1,12,7.0,21803.81,60,1,0,2,2026-09-26 05:33:41,High,ADM-00051212,DOC-00112,Dr. Manan Saran,DEP010,Dermatology,DX004,Asthma,,25,Low,Readmission
5150,PAT-0005150,Avni,Oommen,Female,2021-05-04,4,3,2,0,1,12,6.67,117300.01,60,1,0,2,2025-12-17 19:11:08,High,ADM-00003077,DOC-00079,Dr. Warinder Sarin,DEP008,Gynecology,DX010,Anemia,,25,Low,Readmission
6243,PAT-0006243,Ekbal,Basu,Female,1999-04-12,27,3,1,0,2,12,5.0,147362.67,60,1,0,2,2026-09-21 02:36:24,High,ADM-00037339,DOC-00129,Dr. Sneha Mahal,DEP008,Gynecology,DX010,Anemia,,25,Low,ICU admission; Outstanding balance
9114,PAT-0009114,Pallavi,Sen,Female,1955-08-08,70,3,1,3,1,12,7.0,26435.74,60,1,1,1,2026-02-16 18:23:15,High,ADM-00020243,DOC-00049,Dr. Anjali Patla,DEP004,Orthopedics,DX005,Bone Fracture,Coronary Artery Disease,25,Low,Chronic condition; Emergency admission
10634,PAT-0010634,William,Jain,Male,1964-01-26,62,3,2,1,1,9,7.33,10876.14,60,1,0,2,2026-03-22 22:32:52,High,ADM-00042993,DOC-00028,Dr. Samesh Arora,DEP006,General Medicine,DX009,Gastroenteritis,,25,Low,Readmission
11535,PAT-0011535,Caleb,Khosla,Male,1977-10-20,47,3,1,1,1,7,5.33,0.0,60,1,0,2,2025-05-22 00:00:05,High,ADM-00019383,DOC-00112,Dr. Manan Saran,DEP010,Dermatology,DX004,Asthma,Type 2 Diabetes,25,Low,Chronic condition; Emergency admission
15074,PAT-0015074,Edhitha,Krish,Male,1994-09-13,30,3,1,1,2,9,5.67,37338.87,60,1,0,2,2025-07-12 02:57:46,High,ADM-00044155,DOC-00107,Dr. Kavya Chaudhry,DEP001,Emergency,DX005,Bone Fracture,,25,Low,ICU admission; Outstanding balance
20153,PAT-0020153,Theodore,Murthy,Male,1954-08-18,71,3,1,1,1,11,6.67,58003.99,60,1,0,2,2025-10-20 23:47:47,High,ADM-00045996,DOC-00062,Dr. Raghav Sampath,DEP003,Neurology,DX006,Migraine,,25,Low,Age > 70; Emergency admission
22964,PAT-0022964,Ikshita,Dugal,Female,1999-01-07,24,3,1,1,2,10,7.0,23101.37,60,1,0,2,2023-10-03 11:41:49,High,ADM-00004212,DOC-00149,Dr. Viraj Nair,DEP006,General Medicine,DX010,Anemia,,25,Low,ICU admission; Outstanding balance
23335,PAT-0023335,Chandran,Sharma,Female,1999-07-25,25,3,2,1,1,7,6.0,150182.6,60,1,0,2,2024-08-01 02:19:32,High,ADM-00043323,DOC-00074,Dr. Zilmil Aggarwal,DEP007,Oncology,DX010,Anemia,,25,Low,Readmission
24302,PAT-0024302,Chaman,Chaudhuri,Male,1936-01-10,90,3,2,1,1,10,4.33,1050.77,60,1,1,1,2026-05-26 15:42:17,High,ADM-00015025,DOC-00067,Dr. Ijaya Zachariah,DEP008,Gynecology,DX010,Anemia,,25,Low,Age > 70; Emergency admission
24598,PAT-0024598,Azaan,Sinha,Male,1948-02-13,78,3,0,2,1,15,6.67,27442.07,60,1,0,2,2026-03-19 20:30:10,High,ADM-00043763,DOC-00009,Dr. Vrinda Kale,DEP006,General Medicine,DX003,Pneumonia,,25,Low,Age > 70; Emergency admission
4471,PAT-0004471,Owen,Balasubramanian,Female,2022-04-15,4,2,1,1,1,7,5.5,0.0,60,1,0,1,2026-07-15 01:41:41,High,ADM-00033977,DOC-00050,Dr. Nathaniel Shan,DEP006,General Medicine,DX002,Type 2 Diabetes,Hypertension,25,Low,Chronic condition; Emergency admission
11364,PAT-0011364,Vidhi,Ghose,Female,1976-10-28,48,2,2,1,1,10,6.0,67198.95,60,1,0,1,2025-09-01 18:01:09,High,ADM-00013557,DOC-00001,Dr. Viraj Subramanian,DEP002,Cardiology,DX001,Hypertension,,25,Low,Readmission
12736,PAT-0012736,Naksh,Iyer,Male,1972-11-20,51,2,0,2,1,13,8.5,302997.28,60,1,0,1,2024-05-20 05:20:20,High,ADM-00028808,DOC-00073,Dr. Warjas Singhal,DEP001,Emergency,DX003,Pneumonia,Hypertension,25,Low,Chronic condition; Emergency admission
12792,PAT-0012792,Kashish,Patel,Male,1958-07-25,67,7,1,1,2,15,5.86,102711.79,60,1,1,5,2026-04-10 01:26:36,High,ADM-00020141,DOC-00005,Dr. Veer Merchant,DEP006,General Medicine,DX010,Anemia,Hypertension,20,Low,Chronic condition; Outstanding balance
2694,PAT-0002694,Hemal,Dewan,Male,1952-01-23,74,6,2,0,3,9,5.0,34290.34,60,1,3,2,2026-05-15 19:11:55,High,ADM-00007259,DOC-00130,Dr. Ekantika Virk,DEP003,Neurology,DX006,Migraine,,20,Low,Age > 70; Outstanding balance
13597,PAT-0013597,Zaitra,Shere,Male,1964-09-01,61,6,1,1,2,10,6.5,29854.99,60,1,1,4,2026-07-03 00:39:58,High,ADM-00018060,DOC-00058,Dr. Jackson Jhaveri,DEP002,Cardiology,DX007,Coronary Artery Disease,Coronary Artery Disease,20,Low,Chronic condition; Outstanding balance
356,PAT-0000356,Tara,Ram,Male,2018-03-30,8,5,2,2,1,7,5.0,94187.52,60,1,2,2,2026-08-10 19:13:27,High,ADM-00048769,DOC-00021,Dr. Umang Vaidya,DEP002,Cardiology,DX007,Coronary Artery Disease,Coronary Artery Disease,20,Low,Chronic condition; Outstanding balance
13761,PAT-0013761,Ladli,Gola,Female,1957-01-14,68,5,0,1,2,13,7.0,27043.65,60,1,1,3,2025-05-20 01:24:35,High,ADM-00049585,DOC-00061,Dr. Michael Rastogi,DEP010,Dermatology,DX004,Asthma,Type 2 Diabetes,20,Low,Chronic condition; Outstanding balance
22957,PAT-0022957,Abhimanyu,Shetty,Male,2012-09-22,13,5,3,0,2,14,6.2,178060.0,60,1,2,2,2026-08-18 14:36:09,High,ADM-00009928,DOC-00139,Dr. Tamanna Chander,DEP008,Gynecology,DX010,Anemia,,20,Low,ICU admission
1078,PAT-0001078,Pranit,Sastry,Male,1995-03-14,30,4,1,0,1,9,5.0,30334.38,60,1,0,3,2025-09-17 17:41:22,High,ADM-00034720,DOC-00028,Dr. Samesh Arora,DEP006,General Medicine,DX001,Hypertension,Coronary Artery Disease,20,Low,Chronic condition; Outstanding balance
11324,PAT-0011324,Nilima,Dugar,Female,1982-04-11,44,4,1,1,2,8,5.25,56574.13,60,1,0,3,2026-08-21 00:59:22,High,ADM-00044871,DOC-00068,Dr. Aarnav Barman,DEP009,ENT,DX003,Pneumonia,,20,Low,ICU admission
14620,PAT-0014620,Bahadurjit,Chawla,Female,1936-05-29,90,4,1,1,1,13,5.0,42550.23,60,1,1,2,2026-08-22 19:20:09,High,ADM-00013360,DOC-00016,Dr. Pushti Bhasin,DEP009,ENT,DX003,Pneumonia,,20,Low,Age > 70; Outstanding balance
4009,PAT-0004009,Rishi,Reddy,Male,1963-06-01,62,3,1,0,1,10,6.0,7597.32,60,1,0,2,2025-11-15 11:39:24,High,ADM-00047888,DOC-00062,Dr. Raghav Sampath,DEP003,Neurology,DX006,Migraine,Type 2 Diabetes,20,Low,Chronic condition; Outstanding balance
6072,PAT-0006072,Yamini,Parikh,Male,1931-08-05,94,3,0,1,1,15,9.0,29486.53,60,1,0,2,2025-09-10 04:20:07,High,ADM-00022763,DOC-00134,Dr. Chatura Dey,DEP005,Pediatrics,DX003,Pneumonia,,20,Low,Age > 70; Outstanding balance
6253,PAT-0006253,Mohammed,Barad,Male,1975-09-24,50,3,1,0,1,10,7.33,25450.21,60,1,0,2,2026-03-09 09:24:46,High,ADM-00010363,DOC-00032,Dr. Anamika Johal,DEP003,Neurology,DX006,Migraine,Coronary Artery Disease,20,Low,Chronic condition; Outstanding balance
8239,PAT-0008239,Ati,Gandhi,Male,1954-03-17,71,3,2,0,1,6,5.0,18874.13,60,1,0,2,2025-10-11 21:54:59,High,ADM-00001011,DOC-00109,Dr. Jagat Divan,DEP003,Neurology,DX006,Migraine,,20,Low,Age > 70; Outstanding balance
10171,PAT-0010171,Jai,Samra,Female,2012-05-28,14,3,1,1,3,13,10.0,33747.28,60,1,1,1,2026-06-26 04:57:43,High,ADM-00017987,DOC-00149,Dr. Viraj Nair,DEP006,General Medicine,DX002,Type 2 Diabetes,,20,Low,ICU admission
12988,PAT-0012988,Samar,Saraf,Female,2019-08-28,6,3,0,1,1,12,6.67,33135.97,60,1,0,2,2026-07-04 01:40:18,High,ADM-00034937,DOC-00096,Dr. Balvan Bala,DEP002,Cardiology,DX001,Hypertension,Coronary Artery Disease,20,Low,Chronic condition; Outstanding balance
18103,PAT-0018103,Faraj,Sandal,Female,1996-06-13,30,3,1,1,2,10,6.67,18957.18,60,1,0,2,2026-06-24 04:22:19,High,ADM-00032144,DOC-00060,Dr. Bhavya Kulkarni,DEP005,Pediatrics,DX010,Anemia,,20,Low,ICU admission
20000,PAT-0020000,Urmi,Dass,Female,1984-09-27,41,3,1,0,1,9,6.33,3702.75,60,1,0,2,2025-12-29 02:31:53,High,ADM-00037840,DOC-00087,Dr. Zilmil Gade,DEP007,Oncology,DX010,Anemia,Coronary Artery Disease,20,Low,Chronic condition; Outstanding balance
7053,PAT-0007053,Lohit,Uppal,Female,1959-02-02,67,2,1,0,1,7,4.0,690.69,60,1,0,1,2026-09-26 08:08:05,High,ADM-00051230,DOC-00029,Dr. Unnati Mall,DEP005,Pediatrics,DX010,Anemia,Migraine,20,Low,Chronic condition; Outstanding balance
9746,PAT-0009746,Balhaar,Tella,Female,1955-07-25,68,2,1,0,1,6,3.5,7573.91,60,1,0,1,2024-05-04 11:05:37,High,ADM-00021449,DOC-00107,Dr. Kavya Chaudhry,DEP001,Emergency,DX009,Gastroenteritis,Hypertension,20,Low,Chronic condition; Outstanding balance
17349,PAT-0017349,Lajita,Borde,Male,2019-12-08,6,2,1,0,1,3,2.0,7804.65,60,1,0,1,2026-09-22 19:46:57,High,ADM-00018968,DOC-00075,Dr. Theodore Kannan,DEP007,Oncology,DX010,Anemia,Asthma,20,Low,Chronic condition; Outstanding balance
20516,PAT-0020516,Aachal,Gandhi,Male,1931-07-16,94,2,0,1,1,11,8.0,35724.14,60,1,0,1,2026-02-10 17:45:20,High,ADM-00044523,DOC-00061,Dr. Michael Rastogi,DEP010,Dermatology,DX004,Asthma,,20,Low,Age > 70; Outstanding balance
23882,PAT-0023882,Ekta,Koshy,Female,1969-03-26,55,2,1,0,1,7,7.0,3697.75,60,1,0,1,2024-09-19 19:19:08,High,ADM-00005546,DOC-00094,Dr. Hemang Thaman,DEP004,Orthopedics,DX005,Bone Fracture,Hypertension,20,Low,Chronic condition; Outstanding balance
6090,PAT-0006090,Frederick,Mall,Female,1947-03-17,79,8,2,3,2,11,5.5,69975.15,60,1,2,5,2026-04-25 21:16:18,High,ADM-00022309,DOC-00139,Dr. Tamanna Chander,DEP008,Gynecology,DX010,Anemia,,15,Low,Age > 70
4532,PAT-0004532,Mohini,Basak,Female,1936-10-16,89,7,2,1,2,11,6.29,0.0,60,1,2,4,2026-09-22 02:57:03,High,ADM-00039263,DOC-00061,Dr. Michael Rastogi,DEP010,Dermatology,DX004,Asthma,,15,Low,Age > 70
16223,PAT-0016223,Abeer,Dhingra,Female,1940-03-12,86,7,0,3,3,12,5.43,25522.22,60,1,2,4,2026-06-02 14:35:25,High,ADM-00023684,DOC-00025,Dr. Daksh Madan,DEP001,Emergency,DX005,Bone Fracture,,15,Low,Age > 70
19907,PAT-0019907,Idika,Chandra,Male,1972-06-02,53,6,0,2,3,12,7.67,112529.88,60,1,2,3,2026-05-30 16:51:09,High,ADM-00010987,DOC-00142,Dr. Yug Bali,DEP005,Pediatrics,DX010,Anemia,Asthma,15,Low,Chronic condition
763,PAT-0000763,Chanchal,Sahni,Female,2011-08-22,15,5,1,1,1,8,5.4,0.0,60,1,0,4,2026-09-25 19:39:47,High,ADM-00050935,DOC-00087,Dr. Zilmil Gade,DEP007,Oncology,DX010,Anemia,Migraine,15,Low,Chronic condition
8805,PAT-0008805,Leela,Wadhwa,Female,1984-09-16,42,5,2,1,1,7,4.0,30536.67,60,1,1,3,2026-09-25 22:20:57,High,ADM-00050989,DOC-00090,Dr. Lohit Upadhyay,DEP007,Oncology,DX010,Anemia,Type 2 Diabetes,15,Low,Chronic condition
13862,PAT-0013862,Kala,Ranganathan,Female,1988-10-29,37,5,2,1,2,13,8.0,37527.91,60,2,1,2,2026-06-10 18:22:51,High,ADM-00036213,DOC-00019,Dr. Bishakha Patel,DEP003,Neurology,DX006,Migraine,Migraine,15,Low,Chronic condition
16652,PAT-0016652,Chaaya,Saxena,Male,1956-09-21,69,5,0,1,2,15,7.2,71894.31,60,1,1,3,2025-10-23 01:32:21,High,ADM-00007880,DOC-00042,Dr. Harrison Dora,DEP002,Cardiology,DX001,Hypertension,Asthma,15,Low,Chronic condition
20137,PAT-0020137,Turvi,Chatterjee,Female,1980-12-07,45,5,0,3,2,11,7.8,39644.02,60,1,1,3,2026-09-16 12:07:39,High,ADM-00031255,DOC-00037,Dr. Priya Malhotra,DEP010,Dermatology,DX004,Asthma,Asthma,15,Low,Chronic condition
24966,PAT-0024966,Hemal,Nori,Male,1967-01-03,59,5,2,1,1,9,5.0,0.0,60,1,1,3,2026-06-16 14:00:38,High,ADM-00034565,DOC-00082,Dr. Dhriti Devi,DEP006,General Medicine,DX002,Type 2 Diabetes,Hypertension,15,Low,Chronic condition
1242,PAT-0001242,Upasna,Patla,Female,1951-02-28,73,4,1,1,1,9,5.75,62370.89,60,1,1,2,2024-12-20 23:50:55,High,ADM-00000206,DOC-00096,Dr. Balvan Bala,DEP002,Cardiology,DX007,Coronary Artery Disease,,15,Low,Age > 70
2484,PAT-0002484,Zilmil,Gade,Male,2021-09-18,4,4,1,1,1,11,6.25,25778.16,60,1,0,3,2026-07-21 09:53:12,High,ADM-00003715,DOC-00044,Dr. Chaitaly Reddy,DEP001,Emergency,DX003,Pneumonia,,15,Low,Outstanding balance; Emergency admission
5492,PAT-0005492,Pooja,Rama,Female,1935-06-29,90,4,0,1,1,12,5.0,61428.5,60,1,0,3,2026-05-08 09:20:56,High,ADM-00002252,DOC-00032,Dr. Anamika Johal,DEP003,Neurology,DX006,Migraine,,15,Low,Age > 70
6329,PAT-0006329,Rohan,Contractor,Female,1978-07-25,47,4,1,0,1,7,5.25,0.0,60,1,0,3,2026-03-16 22:02:04,High,ADM-00011321,DOC-00139,Dr. Tamanna Chander,DEP008,Gynecology,DX010,Anemia,Coronary Artery Disease,15,Low,Chronic condition
6547,PAT-0006547,Viraj,Soni,Female,1977-08-17,47,4,1,1,2,9,5.75,19062.26,60,1,1,2,2025-04-03 21:05:52,High,ADM-00046280,DOC-00077,Dr. Anirudh Chaudhuri,DEP003,Neurology,DX006,Migraine,Migraine,15,Low,Chronic condition
7826,PAT-0007826,Nathan,Bakshi,Female,1974-07-07,52,4,1,0,1,7,5.25,0.0,60,1,0,3,2026-09-11 09:15:55,High,ADM-00035749,DOC-00141,Dr. Janya Chawla,DEP007,Oncology,DX010,Anemia,Hypertension,15,Low,Chronic condition
12591,PAT-0012591,Urvi,Khanna,Female,1950-08-09,76,4,1,1,1,8,5.0,0.0,60,1,0,3,2026-08-16 06:33:13,High,ADM-00033997,DOC-00118,Dr. Aadhya Prashad,DEP009,ENT,DX003,Pneumonia,,15,Low,Age > 70
12768,PAT-0012768,Ira,Atwal,Male,2024-10-23,0,4,1,1,1,11,4.75,119414.56,60,1,0,3,2025-01-16 18:20:33,High,ADM-00000277,DOC-00073,Dr. Warjas Singhal,DEP001,Emergency,DX003,Pneumonia,,15,Low,Outstanding balance; Emergency admission
17767,PAT-0017767,Nirja,Gour,Male,1959-01-18,66,4,2,1,1,9,4.0,7491.75,60,1,1,2,2025-05-28 10:45:52,High,ADM-00020224,DOC-00050,Dr. Nathaniel Shan,DEP006,General Medicine,DX001,Hypertension,Asthma,15,Low,Chronic condition
18491,PAT-0018491,Jack,Swamy,Female,2023-05-12,3,4,1,0,1,10,5.0,7701.25,60,1,0,3,2026-07-13 19:04:00,High,ADM-00018703,DOC-00063,Dr. Vinaya Amble,DEP004,Orthopedics,DX005,Bone Fracture,Type 2 Diabetes,15,Low,Chronic condition
20793,PAT-0020793,Ladli,Kumer,Other,2020-11-29,4,4,2,2,1,6,5.25,56431.38,60,1,0,3,2025-03-27 02:18:04,High,ADM-00047352,DOC-00067,Dr. Ijaya Zachariah,DEP008,Gynecology,DX010,Anemia,,15,Low,Outstanding balance; Emergency admission
21890,PAT-0021890,David,Chandra,Male,2007-06-04,18,4,0,1,1,12,7.75,12924.08,60,1,0,3,2026-04-08 09:42:44,High,ADM-00018969,DOC-00114,Dr. Om Mangat,DEP007,Oncology,DX010,Anemia,Migraine,15,Low,Chronic condition
22697,PAT-0022697,Geetika,Issac,Female,1931-10-05,94,4,2,1,2,10,5.75,0.0,60,2,0,2,2026-05-11 03:08:33,High,ADM-00011193,DOC-00098,Dr. Chatresh Batta,DEP006,General Medicine,DX003,Pneumonia,,15,Low,Age > 70
24012,PAT-0024012,Darsh,Sethi,Male,1947-08-21,77,4,1,1,2,6,4.0,0.0,60,1,1,2,2025-07-29 16:05:52,High,ADM-00047219,DOC-00071,Dr. Om Bajaj,DEP007,Oncology,DX010,Anemia,,15,Low,Age > 70
2681,PAT-0002681,Vaishnavi,Butala,Female,1955-07-23,70,3,0,1,1,12,8.33,62616.84,60,1,0,2,2025-10-19 12:44:40,High,ADM-00045442,DOC-00136,Dr. Elijah Rege,DEP010,Dermatology,DX004,Asthma,Migraine,15,Low,Chronic condition
3415,PAT-0003415,Hemal,Jha,Female,1961-07-19,65,3,0,1,1,11,5.67,22707.37,60,1,0,2,2026-09-20 23:30:58,High,ADM-00025513,DOC-00090,Dr. Lohit Upadhyay,DEP007,Oncology,DX010,Anemia,Asthma,15,Low,Chronic condition
4428,PAT-0004428,Alka,Badami,Male,1957-04-13,68,3,1,1,1,9,6.0,0.0,60,1,0,2,2025-12-11 03:06:51,High,ADM-00022452,DOC-00078,Dr. Yatan Balay,DEP006,General Medicine,DX001,Hypertension,Migraine,15,Low,Chronic condition
5073,PAT-0005073,Balhaar,Yogi,Female,2000-01-02,26,3,1,0,1,7,5.67,0.0,60,1,0,2,2026-03-21 00:39:37,High,ADM-00035813,DOC-00030,Dr. Yamini Rau,DEP009,ENT,DX003,Pneumonia,Hypertension,15,Low,Chronic condition
8097,PAT-0008097,Aarnav,Apte,Female,2008-05-07,17,3,2,2,1,8,5.33,66319.64,60,1,1,1,2025-09-02 23:33:17,High,ADM-00041162,DOC-00072,Dr. Inaya Warrior,DEP007,Oncology,DX010,Anemia,,15,Low,Outstanding balance; Emergency admission
9439,PAT-0009439,Aadi,Tailor,Male,1956-05-05,69,3,0,1,1,13,6.67,120645.24,60,1,0,2,2026-02-20 05:07:15,High,ADM-00032931,DOC-00028,Dr. Samesh Arora,DEP006,General Medicine,DX002,Type 2 Diabetes,Hypertension,15,Low,Chronic condition
9752,PAT-0009752,Zashil,Raj,Female,1965-04-09,59,3,1,0,1,7,4.0,0.0,60,1,0,2,2024-09-20 16:47:00,High,ADM-00048384,DOC-00116,Dr. Michael Pandya,DEP007,Oncology,DX010,Anemia,Type 2 Diabetes,15,Low,Chronic condition
13525,PAT-0013525,Parth,Kurian,Female,1974-07-14,50,3,1,0,1,8,6.0,17388.14,60,1,0,2,2024-12-29 04:21:18,High,ADM-00029889,DOC-00101,Dr. Janya Biswas,DEP005,Pediatrics,DX003,Pneumonia,Migraine,15,Low,Chronic condition
14368,PAT-0014368,Quincy,Seth,Female,1960-05-12,66,3,2,0,1,7,4.67,0.0,60,1,1,1,2026-05-14 18:00:49,High,ADM-00029767,DOC-00107,Dr. Kavya Chaudhry,DEP001,Emergency,DX003,Pneumonia,Asthma,15,Low,Chronic condition
17536,PAT-0017536,Caleb,Kara,Female,1975-11-22,49,3,0,1,1,13,8.33,32721.46,60,1,0,2,2025-03-12 06:19:25,High,ADM-00017267,DOC-00043,Dr. Zehaan Guha,DEP005,Pediatrics,DX003,Pneumonia,Hypertension,15,Low,Chronic condition
22371,PAT-0022371,Nidhi,Sidhu,Female,1945-05-06,80,3,0,2,1,14,7.0,138680.91,60,1,0,2,2025-06-11 09:29:06,High,ADM-00019135,DOC-00007,Dr. Lajita Bora,DEP010,Dermatology,DX004,Asthma,,15,Low,Age > 70
22902,PAT-0022902,Isaiah,Kant,Male,1956-10-03,68,3,2,0,1,9,4.67,0.0,60,1,1,1,2025-07-24 18:59:18,High,ADM-00026908,DOC-00070,Dr. Jason Mukherjee,DEP005,Pediatrics,DX010,Anemia,Asthma,15,Low,Chronic condition
23742,PAT-0023742,Onkar,Rajan,Male,1982-02-01,44,3,1,1,1,10,5.0,0.0,60,1,0,2,2026-09-01 19:11:21,High,ADM-00038478,DOC-00130,Dr. Ekantika Virk,DEP003,Neurology,DX006,Migraine,Asthma,15,Low,Chronic condition
5102,PAT-0005102,Sathvik,Sharaf,Female,2011-07-10,15,2,1,0,1,5,4.5,0.0,60,1,0,1,2026-07-20 06:13:03,High,ADM-00046253,DOC-00114,Dr. Om Mangat,DEP007,Oncology,DX010,Anemia,Hypertension,15,Low,Chronic condition
5330,PAT-0005330,Faraj,Minhas,Male,1935-10-30,89,2,1,0,1,7,5.5,0.0,60,1,0,1,2025-03-15 22:25:43,High,ADM-00038899,DOC-00007,Dr. Lajita Bora,DEP010,Dermatology,DX004,Asthma,,15,Low,Age > 70
6419,PAT-0006419,Arunima,Basak,Female,1976-08-24,49,2,1,0,1,8,6.0,0.0,60,1,0,1,2026-08-14 02:02:44,High,ADM-00020514,DOC-00051,Dr. Ekta Pai,DEP008,Gynecology,DX010,Anemia,Asthma,15,Low,Chronic condition
6573,PAT-0006573,Indali,Sur,Male,1978-10-16,47,2,0,1,1,11,9.0,22771.84,60,1,0,1,2026-02-19 05:11:34,High,ADM-00035445,DOC-00110,Dr. David Narula,DEP010,Dermatology,DX004,Asthma,Coronary Artery Disease,15,Low,Chronic condition
6877,PAT-0006877,Ranveer,Nagar,Female,1977-07-15,48,2,1,0,1,10,8.5,0.0,60,1,0,1,2026-06-30 20:24:02,High,ADM-00020615,DOC-00029,Dr. Unnati Mall,DEP005,Pediatrics,DX004,Asthma,Coronary Artery Disease,15,Low,Chronic condition
7863,PAT-0007863,Girindra,Maharaj,Male,1949-05-21,76,2,1,0,1,9,6.0,0.0,60,1,0,1,2025-08-30 20:27:48,High,ADM-00042692,DOC-00120,Dr. Alexander Gulati,DEP010,Dermatology,DX004,Asthma,,15,Low,Age > 70
10381,PAT-0010381,Yashoda,Chaudry,Male,2007-07-14,19,2,1,0,1,9,5.0,0.0,60,1,0,1,2026-09-11 08:28:35,High,ADM-00017782,DOC-00137,Dr. Rajata Arora,DEP005,Pediatrics,DX010,Anemia,Migraine,15,Low,Chronic condition
13099,PAT-0013099,Tejas,Borde,Female,1942-08-06,82,2,1,0,1,6,4.5,0.0,60,1,0,1,2025-05-26 14:22:08,High,ADM-00027303,DOC-00125,Dr. Robert Murthy,DEP010,Dermatology,DX004,Asthma,,15,Low,Age > 70
14098,PAT-0014098,Ekansh,Palla,Male,1959-09-19,66,2,1,0,1,7,5.5,0.0,60,1,0,1,2026-07-29 03:52:41,High,ADM-00004716,DOC-00137,Dr. Rajata Arora,DEP005,Pediatrics,DX003,Pneumonia,Hypertension,15,Low,Chronic condition
15294,PAT-0015294,Nitara,Purohit,Male,1954-06-11,71,2,1,0,1,9,8.0,0.0,60,1,0,1,2026-01-15 05:12:13,High,ADM-00007856,DOC-00134,Dr. Chatura Dey,DEP005,Pediatrics,DX010,Anemia,,15,Low,Age > 70
15558,PAT-0015558,Kamala,Sathe,Male,1946-01-06,80,2,1,0,1,9,7.5,0.0,60,1,0,1,2026-05-15 14:41:45,High,ADM-00032157,DOC-00031,Dr. Nathan Iyengar,DEP004,Orthopedics,DX005,Bone Fracture,,15,Low,Age > 70
16456,PAT-0016456,Henry,Gara,Male,1975-07-19,50,2,1,0,1,5,3.5,0.0,60,1,0,1,2026-05-01 11:11:24,High,ADM-00042710,DOC-00076,Dr. Kamala Barad,DEP003,Neurology,DX006,Migraine,Coronary Artery Disease,15,Low,Chronic condition
17622,PAT-0017622,Tripti,Grover,Female,1982-08-21,43,2,1,0,1,7,6.5,0.0,60,1,0,1,2025-09-02 20:27:01,High,ADM-00036969,DOC-00025,Dr. Daksh Madan,DEP001,Emergency,DX003,Pneumonia,Chronic Kidney Disease,15,Low,Chronic condition
20678,PAT-0020678,Krishna,Sheth,Male,1931-09-12,94,2,1,0,1,7,6.5,0.0,60,1,0,1,2025-12-10 16:15:19,High,ADM-00009739,DOC-00029,Dr. Unnati Mall,DEP005,Pediatrics,DX010,Anemia,,15,Low,Age > 70
22565,PAT-0022565,Nirja,Mahajan,Female,1964-02-27,62,2,1,0,1,9,8.0,0.0,60,1,0,1,2026-03-20 20:31:48,High,ADM-00011664,DOC-00042,Dr. Harrison Dora,DEP002,Cardiology,DX001,Hypertension,Chronic Kidney Disease,15,Low,Chronic condition
22102,PAT-0022102,Daksh,Walla,Female,1978-09-23,47,7,1,3,2,12,6.14,32206.22,60,1,1,5,2026-04-04 20:34:17,High,ADM-00048495,DOC-00099,Dr. Eiravati Goda,DEP001,Emergency,DX003,Pneumonia,,10,Low,Emergency admission
20356,PAT-0020356,Xiti,Rao,Male,2016-05-08,9,6,2,3,1,10,4.67,75688.6,60,1,1,4,2026-04-30 02:22:45,High,ADM-00002370,DOC-00064,Dr. Amol Gera,DEP008,Gynecology,DX010,Anemia,,10,Low,Emergency admission
1875,PAT-0001875,Bhavna,Pradhan,Male,2002-03-23,24,5,1,3,1,12,3.2,117664.05,60,1,0,4,2026-09-24 10:46:47,High,ADM-00050732,DOC-00065,Dr. Nitara Choudhury,DEP004,Orthopedics,DX005,Bone Fracture,,10,Low,Emergency admission
5324,PAT-0005324,Harish,Kala,Male,1982-11-02,43,5,2,1,1,12,6.0,74981.47,60,1,0,4,2026-09-26 05:20:56,High,ADM-00051272,DOC-00057,Dr. Bahadurjit Sane,DEP009,ENT,DX003,Pneumonia,,10,Low,Emergency admission
15951,PAT-0015951,Pallavi,Kaul,Male,2000-01-22,26,5,2,3,1,6,3.4,28109.58,60,1,0,4,2026-05-25 09:24:30,High,ADM-00042747,DOC-00099,Dr. Eiravati Goda,DEP001,Emergency,DX003,Pneumonia,,10,Low,Emergency admission
11394,PAT-0011394,Raagini,Virk,Male,1963-04-22,62,4,2,2,1,11,5.75,28130.8,60,1,0,3,2026-03-18 05:52:32,High,ADM-00013316,DOC-00127,Dr. Fitan Ratti,DEP004,Orthopedics,DX005,Bone Fracture,,10,Low,Emergency admission
3243,PAT-0003243,Orinder,Bhavsar,Male,1990-08-10,35,3,1,1,1,12,6.67,92337.47,60,1,0,2,2026-02-14 07:40:34,High,ADM-00044113,DOC-00050,Dr. Nathaniel Shan,DEP006,General Medicine,DX001,Hypertension,,10,Low,Emergency admission
7639,PAT-0007639,Abhiram,Chaudhry,Female,1958-01-06,68,3,2,3,1,8,5.67,14590.49,60,1,1,1,2026-04-04 08:44:52,High,ADM-00036132,DOC-00025,Dr. Daksh Madan,DEP001,Emergency,DX005,Bone Fracture,,10,Low,Emergency admission
21535,PAT-0021535,Chasmum,Apte,Female,1993-11-22,30,3,2,1,1,11,7.67,33065.77,60,1,1,1,2024-04-06 08:22:37,High,ADM-00002766,DOC-00079,Dr. Warinder Sarin,DEP008,Gynecology,DX010,Anemia,,10,Low,Emergency admission
19097,PAT-0019097,Sai,Keer,Female,2017-07-17,8,5,1,1,1,8,5.8,92108.85,60,1,0,4,2025-10-11 11:10:06,High,ADM-00004858,DOC-00009,Dr. Vrinda Kale,DEP006,General Medicine,DX001,Hypertension,,5,Low,Outstanding balance
1618,PAT-0001618,Qushi,Sarkar,Male,1992-11-22,33,4,2,2,1,7,4.5,40170.34,60,1,0,3,2026-06-06 13:09:15,High,ADM-00009214,DOC-00139,Dr. Tamanna Chander,DEP008,Gynecology,DX010,Anemia,,5,Low,Outstanding balance
10423,PAT-0010423,Mitali,Pall,Male,2008-04-14,18,4,1,2,1,7,3.5,50175.29,60,1,0,3,2026-09-26 20:47:30,High,ADM-00051204,DOC-00089,Dr. Faras Gade,DEP002,Cardiology,DX001,Hypertension,,5,Low,Outstanding balance
5458,PAT-0005458,Gauri,Buch,Male,2001-09-09,22,2,1,1,1,8,5.5,280725.76,60,1,0,1,2023-10-22 09:37:32,High,ADM-00016073,DOC-00063,Dr. Vinaya Amble,DEP004,Orthopedics,DX005,Bone Fracture,,5,Low,Outstanding balance
5997,PAT-0005997,Nirja,Murthy,Female,1993-01-30,32,2,1,0,1,11,8.5,59716.09,60,1,0,1,2025-02-13 12:00:46,High,ADM-00004851,DOC-00079,Dr. Warinder Sarin,DEP008,Gynecology,DX010,Anemia,,5,Low,Outstanding balance
7441,PAT-0007441,Prisha,Rama,Male,2004-07-31,21,2,1,1,1,7,6.0,182440.65,60,1,0,1,2026-03-01 23:42:57,High,ADM-00029245,DOC-00132,Dr. Shravya Ramanathan,DEP008,Gynecology,DX010,Anemia,,5,Low,Outstanding balance
6256,PAT-0006256,Diya,Mahajan,Female,2020-03-15,5,6,1,2,1,12,5.67,55414.77,60,1,0,5,2025-10-16 23:42:54,High,ADM-00023980,DOC-00037,Dr. Priya Malhotra,DEP010,Dermatology,DX004,Asthma,,0,Low,
15957,PAT-0015957,Chameli,Chatterjee,Male,1997-03-15,29,6,1,2,2,8,4.83,33553.1,60,1,1,4,2026-09-03 09:16:49,High,ADM-00010922,DOC-00119,Dr. Reva Sidhu,DEP003,Neurology,DX006,Migraine,,0,Low,
402,PAT-0000402,Raagini,Sinha,Male,1972-11-22,52,5,3,1,2,11,7.2,73522.29,60,1,1,3,2025-10-23 01:27:53,High,ADM-00030453,DOC-00111,Dr. David Tak,DEP009,ENT,DX003,Pneumonia,,0,Low,
2456,PAT-0002456,Jhalak,Choudhary,Female,1967-07-21,58,5,1,2,1,14,6.4,44085.18,60,1,0,4,2026-06-20 23:14:29,High,ADM-00004479,DOC-00016,Dr. Pushti Bhasin,DEP009,ENT,DX003,Pneumonia,,0,Low,
10372,PAT-0010372,Nidra,Sundaram,Male,1974-03-29,52,5,1,1,2,9,6.6,22507.58,60,1,0,4,2026-04-02 02:44:22,High,ADM-00028902,DOC-00033,Dr. Azad Batra,DEP009,ENT,DX003,Pneumonia,,0,Low,
16185,PAT-0016185,Patrick,Gara,Female,2023-09-07,2,5,1,1,1,6,3.4,28969.33,60,1,0,4,2026-02-11 18:28:54,High,ADM-00024985,DOC-00084,Dr. Warhi Raja,DEP004,Orthopedics,DX005,Bone Fracture,,0,Low,
21702,PAT-0021702,Yahvi,Bala,Female,2011-07-28,15,5,1,2,1,12,5.0,23684.82,60,1,0,4,2026-09-26 12:41:33,High,ADM-00051247,DOC-00129,Dr. Sneha Mahal,DEP008,Gynecology,DX010,Anemia,,0,Low,
24143,PAT-0024143,Vincent,Salvi,Male,2021-11-02,4,5,1,1,2,13,6.6,251053.79,60,1,1,3,2026-07-03 21:41:22,High,ADM-00000439,DOC-00099,Dr. Eiravati Goda,DEP001,Emergency,DX003,Pneumonia,,0,Low,
376,PAT-0000376,Upkaar,Modi,Female,2004-02-29,22,4,1,1,1,7,4.0,107410.38,60,1,0,3,2026-07-06 05:12:33,High,ADM-00002185,DOC-00107,Dr. Kavya Chaudhry,DEP001,Emergency,DX005,Bone Fracture,,0,Low,
575,PAT-0000575,Nidra,Sampath,Female,1984-06-06,42,4,1,2,1,6,3.0,30912.84,60,1,0,3,2026-06-20 05:52:38,High,ADM-00004029,DOC-00109,Dr. Jagat Divan,DEP003,Neurology,DX006,Migraine,,0,Low,
935,PAT-0000935,Lila,Nagy,Female,2002-04-14,22,4,1,1,2,7,4.75,16040.51,60,1,0,3,2024-04-20 16:07:46,High,ADM-00030804,DOC-00137,Dr. Rajata Arora,DEP005,Pediatrics,DX003,Pneumonia,,0,Low,
1023,PAT-0001023,Ekbal,Master,Male,1979-03-11,46,4,1,1,1,14,6.5,94288.68,60,1,0,3,2025-10-31 08:58:28,High,ADM-00031166,DOC-00082,Dr. Dhriti Devi,DEP006,General Medicine,DX002,Type 2 Diabetes,,0,Low,
5984,PAT-0005984,Dayamai,Walia,Male,2007-03-22,19,4,1,0,1,11,5.25,11246.06,60,1,0,3,2026-04-17 09:28:08,High,ADM-00008912,DOC-00124,Dr. Krishna Modi,DEP007,Oncology,DX010,Anemia,,0,Low,
7517,PAT-0007517,Waida,Handa,Male,1974-02-14,52,4,2,0,1,12,6.0,35563.99,60,1,1,2,2026-03-03 17:22:31,High,ADM-00000211,DOC-00122,Dr. Nakul Pathak,DEP005,Pediatrics,DX004,Asthma,,0,Low,
12329,PAT-0012329,Shravya,Srinivas,Female,2025-09-14,0,4,2,2,1,7,4.25,9808.09,60,1,1,2,2026-01-28 19:41:56,High,ADM-00001135,DOC-00061,Dr. Michael Rastogi,DEP010,Dermatology,DX004,Asthma,,0,Low,
12656,PAT-0012656,Ekanta,Dewan,Female,2008-07-24,17,4,1,1,1,8,4.0,40214.77,60,1,0,3,2026-07-05 10:01:53,High,ADM-00040509,DOC-00046,Dr. Umang Konda,DEP002,Cardiology,DX001,Hypertension,,0,Low,
14751,PAT-0014751,Yasti,Rai,Female,1985-05-11,40,4,1,1,1,5,3.75,128467.11,60,1,0,3,2025-06-14 09:13:54,High,ADM-00015232,DOC-00085,Dr. Mekhala Mangat,DEP006,General Medicine,DX001,Hypertension,,0,Low,
19540,PAT-0019540,Indrajit,Pall,Male,2017-05-20,8,4,1,2,1,8,5.0,20013.44,60,1,0,3,2026-05-06 23:19:40,High,ADM-00005640,DOC-00006,Dr. Arin Tailor,DEP001,Emergency,DX009,Gastroenteritis,,0,Low,
19614,PAT-0019614,Brinda,Trivedi,Female,2002-02-21,23,4,1,1,1,9,5.25,18306.99,60,1,0,3,2025-06-09 19:23:03,High,ADM-00042968,DOC-00018,Dr. Dalaja Pant,DEP009,ENT,DX003,Pneumonia,,0,Low,
4171,PAT-0004171,Reyansh,Tripathi,Female,1991-07-28,35,3,1,0,1,12,6.67,122047.27,60,1,0,2,2026-09-26 14:57:44,High,ADM-00051276,DOC-00004,Dr. Yauvani Devan,DEP005,Pediatrics,DX010,Anemia,,0,Low,
5637,PAT-0005637,Irya,Sarna,Male,2012-03-19,11,3,1,1,1,9,6.0,109274.02,60,1,0,2,2024-01-18 17:52:37,High,ADM-00000303,DOC-00037,Dr. Priya Malhotra,DEP010,Dermatology,DX004,Asthma,,0,Low,
6076,PAT-0006076,Gunbir,Deol,Male,1966-01-09,60,3,1,0,1,11,8.33,75455.7,60,1,0,2,2026-08-13 20:39:10,High,ADM-00040959,DOC-00064,Dr. Amol Gera,DEP008,Gynecology,DX010,Anemia,,0,Low,
11007,PAT-0011007,Raksha,Tak,Male,1966-08-08,59,3,1,1,1,12,7.0,26277.79,60,1,0,2,2026-07-18 16:51:02,High,ADM-00049482,DOC-00137,Dr. Rajata Arora,DEP005,Pediatrics,DX004,Asthma,,0,Low,
11701,PAT-0011701,Kabir,Manne,Female,1994-08-14,30,3,1,1,1,11,6.0,23518.9,60,1,0,2,2024-10-09 21:22:10,High,ADM-00001456,DOC-00110,Dr. David Narula,DEP010,Dermatology,DX004,Asthma,,0,Low,
17667,PAT-0017667,Pavani,Rao,Female,2006-03-10,20,3,1,1,1,14,7.67,27501.5,60,1,0,2,2026-07-10 04:41:09,High,ADM-00009076,DOC-00011,Dr. Hemal Muni,DEP006,General Medicine,DX010,Anemia,,0,Low,
20012,PAT-0020012,Arin,Sant,Female,2003-11-06,22,3,2,1,1,12,6.0,103570.67,60,1,1,1,2026-06-15 04:28:12,High,ADM-00036189,DOC-00058,Dr. Jackson Jhaveri,DEP002,Cardiology,DX001,Hypertension,,0,Low,
22092,PAT-0022092,Parth,Sami,Male,2000-06-07,24,3,1,1,1,4,2.33,12669.86,60,1,0,2,2025-02-25 12:13:41,High,ADM-00025760,DOC-00071,Dr. Om Bajaj,DEP007,Oncology,DX010,Anemia,,0,Low,
5222,PAT-0005222,Rachit,Sahota,Male,1982-08-18,43,2,1,1,1,5,4.0,122529.91,60,1,0,1,2026-03-31 12:35:16,High,ADM-00023821,DOC-00080,Dr. Kabir Wadhwa,DEP001,Emergency,DX003,Pneumonia,,0,Low,
5541,PAT-0005541,Ethan,Subramanian,Female,2003-11-23,20,2,1,1,1,9,6.0,41509.86,60,1,0,1,2023-12-07 21:30:25,High,ADM-00028333,DOC-00063,Dr. Vinaya Amble,DEP004,Orthopedics,DX005,Bone Fracture,,0,Low,
5897,PAT-0005897,Janaki,Misra,Female,2007-04-16,17,2,1,0,1,11,8.5,72486.94,60,1,0,1,2024-05-31 22:56:10,High,ADM-00016110,DOC-00018,Dr. Dalaja Pant,DEP009,ENT,DX003,Pneumonia,,0,Low,
7688,PAT-0007688,Manan,Sangha,Male,1968-11-09,56,2,1,1,1,9,8.0,56211.49,60,1,0,1,2025-11-04 04:44:49,High,ADM-00001643,DOC-00019,Dr. Bishakha Patel,DEP003,Neurology,DX006,Migraine,,0,Low,
10675,PAT-0010675,Harinakshi,Zacharia,Male,2007-06-07,17,2,1,0,1,11,9.0,134727.71,60,1,0,1,2025-04-27 00:09:45,High,ADM-00010336,DOC-00146,Dr. Bhanumati Minhas,DEP008,Gynecology,DX010,Anemia,,0,Low,
15557,PAT-0015557,Bachittar,Tara,Male,1960-07-04,65,2,1,1,1,7,6.5,63128.62,60,1,0,1,2025-08-30 03:53:46,High,ADM-00021106,DOC-00118,Dr. Aadhya Prashad,DEP009,ENT,DX003,Pneumonia,,0,Low,
17782,PAT-0017782,Ayushman,Sodhi,Male,1984-06-03,41,2,1,1,1,6,4.0,35549.63,60,1,0,1,2025-07-17 03:03:52,High,ADM-00048441,DOC-00038,Dr. Charan Golla,DEP006,General Medicine,DX001,Hypertension,,0,Low,
24023,PAT-0024023,Radha,Dalal,Male,2010-02-25,16,2,1,0,1,11,8.5,26830.79,60,1,0,1,2026-07-29 08:34:42,High,ADM-00002697,DOC-00004,Dr. Yauvani Devan,DEP005,Pediatrics,DX004,Asthma,,0,Low,
24646,PAT-0024646,Udarsh,Sunder,Female,1991-02-22,35,2,1,1,1,6,5.0,44111.65,60,1,0,1,2026-09-17 14:03:01,High,ADM-00029515,DOC-00020,Dr. Chatresh Viswanathan,DEP006,General Medicine,DX009,Gastroenteritis,,0,Low,
