batch_id,lab_test_id,patient_id,admission_id,doctor_id,test_date,test_name,test_category,result_value,result_unit,result_status,test_cost,abnormal_flag
BATCH-20260925-007,LAB-000156982,PAT-0015976,ADM-00052422,DOC-00048,2026-09-26 14:02:48,Blood Glucose,Biochemistry,Normal,,Normal,273.85,False
BATCH-20260925-007,LAB-000156983,PAT-0015976,ADM-00052422,DOC-00048,2026-09-29 12:03:13,Complete Blood Count,Hematology,Normal,,Normal,620.04,False
BATCH-20260925-007,LAB-000156984,PAT-0015976,ADM-00052422,DOC-00048,2026-10-01 08:37:36,Complete Blood Count,Hematology,Normal,,Normal,627.75,False
BATCH-20260925-007,LAB-000156985,PAT-0013841,ADM-00052423,DOC-00057,2026-09-26 19:37:57,Thyroid Profile,Endocrinology,Normal,,Normal,1191.24,False
BATCH-20260925-007,LAB-000156986,PAT-0019546,ADM-00052424,DOC-00053,2026-09-27 18:37:52,Liver Function Test,Biochemistry,Normal,,Normal,1117.89,False
BATCH-20260925-007,LAB-000156987,PAT-0019546,ADM-00052424,DOC-00053,2026-09-30 15:12:31,Blood Glucose,Biochemistry,Normal,,Normal,337.7,False
BATCH-20260925-007,LAB-000156988,PAT-0019546,ADM-00052424,DOC-00053,2026-09-27 19:06:46,Liver Function Test,Biochemistry,Normal,,Normal,1420.62,False
BATCH-20260925-007,LAB-000156989,PAT-0019546,ADM-00052424,DOC-00053,2026-09-27 13:00:01,Thyroid Profile,Endocrinology,Normal,,Normal,1187.39,False
BATCH-20260925-007,LAB-000156990,PAT-0019546,ADM-00052424,DOC-00053,2026-09-28 12:36:13,Troponin,Cardiac,Normal,,Normal,1536.79,False
BATCH-20260925-007,LAB-000156991,PAT-0000488,ADM-00052425,DOC-00130,2026-09-26 19:22:31,Kidney Function Test,Biochemistry,Abnormal,,Abnormal,1194.13,True
BATCH-20260925-007,LAB-000156992,PAT-0000488,ADM-00052425,DOC-00130,2026-09-27 18:39:05,Thyroid Profile,Endocrinology,Normal,,Normal,1017.15,False
BATCH-20260925-007,LAB-000156993,PAT-0017562,ADM-00052426,DOC-00103,2026-09-27 21:52:38,Thyroid Profile,Endocrinology,Abnormal,,Abnormal,1035.53,True
BATCH-20260925-007,LAB-000156994,PAT-0017562,ADM-00052426,DOC-00103,2026-09-30 07:04:49,Kidney Function Test,Biochemistry,Abnormal,,Abnormal,1154.71,True
BATCH-20260925-007,LAB-000156995,PAT-0017562,ADM-00052426,DOC-00103,2026-09-30 07:05:03,Troponin,Cardiac,Normal,,Normal,1673.87,False
BATCH-20260925-007,LAB-000156996,PAT-0017562,ADM-00052426,DOC-00103,2026-09-27 12:29:47,Thyroid Profile,Endocrinology,Abnormal,,Abnormal,920.77,True
BATCH-20260925-007,LAB-000156997,PAT-0000519,ADM-00052427,DOC-00079,2026-09-25 05:52:44,Thyroid Profile,Endocrinology,Normal,,Normal,1030.72,False
BATCH-20260925-007,LAB-000156998,PAT-0000519,ADM-00052427,DOC-00079,2026-09-25 18:16:24,Complete Blood Count,Hematology,Normal,,Normal,611.15,False
BATCH-20260925-007,LAB-000156999,PAT-0000519,ADM-00052427,DOC-00079,2026-09-26 09:05:02,Liver Function Test,Biochemistry,Normal,,Normal,1218.21,False
BATCH-20260925-007,LAB-000157000,PAT-0000519,ADM-00052427,DOC-00079,2026-09-25 20:41:12,Troponin,Cardiac,Normal,,Normal,1553.92,False
BATCH-20260925-007,LAB-000157001,PAT-0000519,ADM-00052427,DOC-00079,2026-09-25 15:47:28,Urine Routine,Pathology,Normal,,Normal,393.46,False
BATCH-20260925-007,LAB-000157002,PAT-0000675,ADM-00052428,DOC-00045,2026-09-28 07:12:07,Urine Routine,Pathology,Normal,,Normal,362.14,False
BATCH-20260925-007,LAB-000157003,PAT-0000675,ADM-00052428,DOC-00045,2026-09-29 19:46:20,Lipid Profile,Biochemistry,Normal,,Normal,937.45,False
BATCH-20260925-007,LAB-000157004,PAT-0000675,ADM-00052428,DOC-00045,2026-09-27 11:15:46,Thyroid Profile,Endocrinology,Abnormal,,Abnormal,1049.43,True
BATCH-20260925-007,LAB-000157005,PAT-0000675,ADM-00052428,DOC-00045,2026-09-26 07:47:45,Lipid Profile,Biochemistry,Abnormal,,Abnormal,1072.53,True
BATCH-20260925-007,LAB-000157006,PAT-0022979,ADM-00052429,DOC-00053,2026-09-27 10:16:24,Troponin,Cardiac,Normal,,Normal,1313.76,False
BATCH-20260925-007,LAB-000157007,PAT-0022979,ADM-00052429,DOC-00053,2026-09-28 02:08:22,Urine Routine,Pathology,Abnormal,,Abnormal,403.74,True
BATCH-20260925-007,LAB-000157008,PAT-0016059,ADM-00052430,DOC-00116,2026-09-26 14:01:47,Thyroid Profile,Endocrinology,Normal,,Normal,905.81,False
BATCH-20260925-007,LAB-000157009,PAT-0016059,ADM-00052430,DOC-00116,2026-09-26 17:57:18,Complete Blood Count,Hematology,Normal,,Normal,602.41,False
BATCH-20260925-007,LAB-000157010,PAT-0009475,ADM-00052431,DOC-00083,2026-10-01 20:26:26,Liver Function Test,Biochemistry,Abnormal,,Abnormal,1309.28,True
BATCH-20260925-007,LAB-000157011,PAT-0009475,ADM-00052431,DOC-00083,2026-09-29 07:10:34,Blood Glucose,Biochemistry,Abnormal,,Abnormal,356.49,True
BATCH-20260925-007,LAB-000157012,PAT-0001140,ADM-00052432,DOC-00096,2026-09-30 11:51:22,Liver Function Test,Biochemistry,Normal,,Normal,1286.55,False
BATCH-20260925-007,LAB-000157013,PAT-0001140,ADM-00052432,DOC-00096,2026-09-27 02:11:07,Lipid Profile,Biochemistry,Abnormal,,Abnormal,886.22,True
BATCH-20260925-007,LAB-000157014,PAT-0001335,ADM-00052433,DOC-00085,2026-09-28 19:02:26,Troponin,Cardiac,Abnormal,,Abnormal,1577.02,True
BATCH-20260925-007,LAB-000157015,PAT-0001335,ADM-00052433,DOC-00085,2026-09-26 23:39:00,Thyroid Profile,Endocrinology,Abnormal,,Abnormal,1128.97,True
BATCH-20260925-007,LAB-000157016,PAT-0001335,ADM-00052433,DOC-00085,2026-09-27 13:15:00,Kidney Function Test,Biochemistry,Normal,,Normal,1040.06,False
BATCH-20260925-007,LAB-000157017,PAT-0001335,ADM-00052433,DOC-00085,2026-09-26 03:07:02,Blood Glucose,Biochemistry,Abnormal,,Abnormal,299.23,True
BATCH-20260925-007,LAB-000157018,PAT-0001335,ADM-00052433,DOC-00085,2026-09-28 02:11:12,Troponin,Cardiac,Normal,,Normal,1612.08,False
BATCH-20260925-007,LAB-000157019,PAT-0020608,ADM-00052434,DOC-00054,2026-09-30 21:01:11,Lipid Profile,Biochemistry,Normal,,Normal,1009.97,False
BATCH-20260925-007,LAB-000157020,PAT-0006898,ADM-00052435,DOC-00132,2026-09-27 11:03:04,Blood Glucose,Biochemistry,Abnormal,,Abnormal,335.7,True
BATCH-20260925-007,LAB-000157021,PAT-0016764,ADM-00052436,DOC-00079,2026-09-27 20:17:49,Lipid Profile,Biochemistry,Abnormal,,Abnormal,992.57,True
BATCH-20260925-007,LAB-000157022,PAT-0016764,ADM-00052436,DOC-00079,2026-09-29 05:57:20,Liver Function Test,Biochemistry,Normal,,Normal,1135.21,False
BATCH-20260925-007,LAB-000157023,PAT-0016764,ADM-00052436,DOC-00079,2026-10-02 01:54:41,Thyroid Profile,Endocrinology,Normal,,Normal,1036.79,False
BATCH-20260925-007,LAB-000157024,PAT-0016764,ADM-00052436,DOC-00079,2026-09-30 20:31:33,Urine Routine,Pathology,Abnormal,,Abnormal,333.21,True
BATCH-20260925-007,LAB-000157025,PAT-0004270,ADM-00052437,DOC-00107,2026-09-27 23:59:58,Kidney Function Test,Biochemistry,Abnormal,,Abnormal,1084.36,True
BATCH-20260925-007,LAB-000157026,PAT-0004270,ADM-00052437,DOC-00107,2026-09-29 00:24:04,Liver Function Test,Biochemistry,Normal,,Normal,1170.69,False
BATCH-20260925-007,LAB-000157027,PAT-0004270,ADM-00052437,DOC-00107,2026-09-28 16:35:32,Thyroid Profile,Endocrinology,Abnormal,,Abnormal,1043.1,True
BATCH-20260925-007,LAB-000157028,PAT-0004270,ADM-00052437,DOC-00107,2026-09-25 23:46:13,Urine Routine,Pathology,Normal,,Normal,386.37,False
BATCH-20260925-007,LAB-000157029,PAT-0000352,ADM-00052438,DOC-00026,2026-09-27 07:16:49,Troponin,Cardiac,Normal,,Normal,1616.76,False
BATCH-20260925-007,LAB-000157030,PAT-0000352,ADM-00052438,DOC-00026,2026-09-30 20:16:19,Complete Blood Count,Hematology,Abnormal,,Abnormal,688.03,True
BATCH-20260925-007,LAB-000157031,PAT-0000352,ADM-00052438,DOC-00026,2026-09-30 05:04:28,Urine Routine,Pathology,Normal,,Normal,365.81,False
BATCH-20260925-007,LAB-000157032,PAT-0023968,ADM-00052439,DOC-00088,2026-09-29 14:57:09,Troponin,Cardiac,Normal,,Normal,1263.34,False
BATCH-20260925-007,LAB-000157033,PAT-0023968,ADM-00052439,DOC-00088,2026-09-25 23:12:32,Kidney Function Test,Biochemistry,Normal,,Normal,1278.82,False
BATCH-20260925-007,LAB-000157034,PAT-0023968,ADM-00052439,DOC-00088,2026-09-30 17:56:08,Lipid Profile,Biochemistry,Normal,,Normal,1072.62,False
BATCH-20260925-007,LAB-000157035,PAT-0023968,ADM-00052439,DOC-00088,2026-09-30 01:45:27,Kidney Function Test,Biochemistry,Normal,,Normal,1063.95,False
BATCH-20260925-007,LAB-000157036,PAT-0000275,ADM-00052440,DOC-00036,2026-10-09 12:55:30,Liver Function Test,Biochemistry,Abnormal,,Abnormal,1332.45,True
BATCH-20260925-007,LAB-000157037,PAT-0000275,ADM-00052440,DOC-00036,2026-10-03 16:36:28,Liver Function Test,Biochemistry,Abnormal,,Abnormal,1201.8,True
BATCH-20260925-007,LAB-000157038,PAT-0009326,ADM-00052441,DOC-00106,2026-09-27 19:13:30,Lipid Profile,Biochemistry,Normal,,Normal,888.99,False
BATCH-20260925-007,LAB-000157039,PAT-0009326,ADM-00052441,DOC-00106,2026-09-26 14:51:12,Complete Blood Count,Hematology,Abnormal,,Abnormal,750.37,True
BATCH-20260925-007,LAB-000157040,PAT-0022182,ADM-00052442,DOC-00041,2026-09-29 11:18:57,Thyroid Profile,Endocrinology,Normal,,Normal,1193.49,False
BATCH-20260925-007,LAB-000157041,PAT-0023837,ADM-00052443,DOC-00121,2026-09-26 13:59:27,Urine Routine,Pathology,Normal,,Normal,412.08,False
BATCH-20260925-007,LAB-000157042,PAT-0023837,ADM-00052443,DOC-00121,2026-09-25 23:12:49,Thyroid Profile,Endocrinology,Normal,,Normal,1128.61,False
BATCH-20260925-007,LAB-000157043,PAT-0022035,ADM-00052444,DOC-00133,2026-09-27 20:28:23,Blood Glucose,Biochemistry,Normal,,Normal,315.95,False
BATCH-20260925-007,LAB-000157044,PAT-0017687,ADM-00052445,DOC-00127,2026-09-26 12:10:00,Urine Routine,Pathology,Normal,,Normal,404.6,False
BATCH-20260925-007,LAB-000157045,PAT-0017687,ADM-00052445,DOC-00127,2026-09-28 00:56:13,Troponin,Cardiac,Abnormal,,Abnormal,1641.7,True
BATCH-20260925-007,LAB-000157046,PAT-0009850,ADM-00052446,DOC-00103,2026-09-27 13:34:36,Lipid Profile,Biochemistry,Normal,,Normal,1051.04,False
BATCH-20260925-007,LAB-000157047,PAT-0009850,ADM-00052446,DOC-00103,2026-09-27 10:51:14,Lipid Profile,Biochemistry,Abnormal,,Abnormal,960.85,True
BATCH-20260925-007,LAB-000157048,PAT-0024432,ADM-00052447,DOC-00024,2026-09-30 19:10:21,Kidney Function Test,Biochemistry,Normal,,Normal,1285.14,False
BATCH-20260925-007,LAB-000157049,PAT-0024432,ADM-00052447,DOC-00024,2026-09-28 12:06:45,Thyroid Profile,Endocrinology,Abnormal,,Abnormal,1043.0,True
BATCH-20260925-007,LAB-000157050,PAT-0022017,ADM-00052448,DOC-00041,2026-10-02 10:15:26,Liver Function Test,Biochemistry,Normal,,Normal,1315.72,False
BATCH-20260925-007,LAB-000157051,PAT-0005291,ADM-00052449,DOC-00107,2026-09-30 02:16:07,Kidney Function Test,Biochemistry,Normal,,Normal,1276.44,False
BATCH-20260925-007,LAB-000157052,PAT-0005291,ADM-00052449,DOC-00107,2026-09-27 03:24:05,Liver Function Test,Biochemistry,Normal,,Normal,1086.85,False
BATCH-20260925-007,LAB-000157053,PAT-0005291,ADM-00052449,DOC-00107,2026-09-25 22:27:20,Blood Glucose,Biochemistry,Normal,,Normal,345.92,False
BATCH-20260925-007,LAB-000157054,PAT-0005291,ADM-00052449,DOC-00107,2026-09-28 20:32:09,Complete Blood Count,Hematology,Normal,,Normal,619.37,False
BATCH-20260925-007,LAB-000157055,PAT-0024398,ADM-00052450,DOC-00048,2026-09-29 08:26:50,Kidney Function Test,Biochemistry,Normal,,Normal,1067.1,False
BATCH-20260925-007,LAB-000157056,PAT-0024398,ADM-00052450,DOC-00048,2026-09-25 18:59:53,Troponin,Cardiac,Normal,,Normal,1262.6,False
BATCH-20260925-007,LAB-000157057,PAT-0024398,ADM-00052450,DOC-00048,2026-09-26 05:13:43,Liver Function Test,Biochemistry,Normal,,Normal,1413.21,False
BATCH-20260925-007,LAB-000157058,PAT-0013869,ADM-00052451,DOC-00101,2026-10-05 08:50:39,Complete Blood Count,Hematology,Normal,,Normal,725.52,False
BATCH-20260925-007,LAB-000157059,PAT-0013869,ADM-00052451,DOC-00101,2026-10-02 22:00:17,Blood Glucose,Biochemistry,Normal,,Normal,283.83,False
BATCH-20260925-007,LAB-000157060,PAT-0013869,ADM-00052451,DOC-00101,2026-10-05 23:20:49,Complete Blood Count,Hematology,Normal,,Normal,600.37,False
BATCH-20260925-007,LAB-000157061,PAT-0010278,ADM-00052452,DOC-00005,2026-09-26 09:52:56,Liver Function Test,Biochemistry,Abnormal,,Abnormal,1143.34,True
BATCH-20260925-007,LAB-000157062,PAT-0004443,ADM-00052453,DOC-00146,2026-09-26 00:20:03,Liver Function Test,Biochemistry,Abnormal,,Abnormal,1166.13,True
BATCH-20260925-007,LAB-000157063,PAT-0004443,ADM-00052453,DOC-00146,2026-09-27 00:25:38,Troponin,Cardiac,Normal,,Normal,1449.38,False
BATCH-20260925-007,LAB-000157064,PAT-0004443,ADM-00052453,DOC-00146,2026-09-26 01:09:55,Urine Routine,Pathology,Abnormal,,Abnormal,416.79,True
BATCH-20260925-007,LAB-000157065,PAT-0004443,ADM-00052453,DOC-00146,2026-09-30 19:41:29,Troponin,Cardiac,Normal,,Normal,1630.54,False
BATCH-20260925-007,LAB-000157066,PAT-0004443,ADM-00052453,DOC-00146,2026-09-26 05:09:36,Urine Routine,Pathology,Abnormal,,Abnormal,317.56,True
BATCH-20260925-007,LAB-000157067,PAT-0024738,ADM-00052454,DOC-00100,2026-09-25 23:35:48,Troponin,Cardiac,Abnormal,,Abnormal,1524.38,True
BATCH-20260925-007,LAB-000157068,PAT-0024738,ADM-00052454,DOC-00100,2026-09-30 07:48:32,Thyroid Profile,Endocrinology,Normal,,Normal,1056.49,False
BATCH-20260925-007,LAB-000157069,PAT-0024738,ADM-00052454,DOC-00100,2026-10-01 20:02:03,Thyroid Profile,Endocrinology,Abnormal,,Abnormal,951.31,True
BATCH-20260925-007,LAB-000157070,PAT-0024738,ADM-00052454,DOC-00100,2026-10-05 10:19:52,Troponin,Cardiac,Normal,,Normal,1356.11,False
BATCH-20260925-007,LAB-000157071,PAT-0010479,ADM-00052455,DOC-00048,2026-09-25 23:20:23,Kidney Function Test,Biochemistry,Abnormal,,Abnormal,1270.43,True
BATCH-20260925-007,LAB-000157072,PAT-0010479,ADM-00052455,DOC-00048,2026-09-25 20:33:43,Blood Glucose,Biochemistry,Normal,,Normal,336.39,False
BATCH-20260925-007,LAB-000157073,PAT-0010479,ADM-00052455,DOC-00048,2026-09-26 12:04:44,Kidney Function Test,Biochemistry,Normal,,Normal,1302.11,False
BATCH-20260925-007,LAB-000157074,PAT-0010479,ADM-00052455,DOC-00048,2026-09-26 18:21:06,Liver Function Test,Biochemistry,Normal,,Normal,1247.63,False
BATCH-20260925-007,LAB-000157075,PAT-0010479,ADM-00052455,DOC-00048,2026-09-26 09:35:07,Kidney Function Test,Biochemistry,Abnormal,,Abnormal,1235.85,True
BATCH-20260925-007,LAB-000157076,PAT-0002937,ADM-00052456,DOC-00022,2026-09-29 17:21:35,Kidney Function Test,Biochemistry,Abnormal,,Abnormal,1170.25,True
BATCH-20260925-007,LAB-000157077,PAT-0002937,ADM-00052456,DOC-00022,2026-09-26 21:09:15,Blood Glucose,Biochemistry,Abnormal,,Abnormal,335.51,True
BATCH-20260925-007,LAB-000157078,PAT-0009733,ADM-00052457,DOC-00064,2026-09-27 14:39:54,Kidney Function Test,Biochemistry,Normal,,Normal,1261.98,False
BATCH-20260925-007,LAB-000157079,PAT-0009733,ADM-00052457,DOC-00064,2026-09-27 22:50:51,Lipid Profile,Biochemistry,Normal,,Normal,958.44,False
BATCH-20260925-007,LAB-000157080,PAT-0009733,ADM-00052457,DOC-00064,2026-09-27 13:08:44,Troponin,Cardiac,Normal,,Normal,1454.02,False
BATCH-20260925-007,LAB-000157081,PAT-0009733,ADM-00052457,DOC-00064,2026-09-26 19:00:07,Complete Blood Count,Hematology,Normal,,Normal,642.62,False
BATCH-20260925-007,LAB-000157082,PAT-0016621,ADM-00052458,DOC-00063,2026-10-05 18:40:39,Kidney Function Test,Biochemistry,Normal,,Normal,1028.07,False
BATCH-20260925-007,LAB-000157083,PAT-0016621,ADM-00052458,DOC-00063,2026-10-05 17:39:32,Thyroid Profile,Endocrinology,Normal,,Normal,999.45,False
BATCH-20260925-007,LAB-000157084,PAT-0008700,ADM-00052459,DOC-00092,2026-09-26 19:21:58,Complete Blood Count,Hematology,Normal,,Normal,647.76,False
BATCH-20260925-007,LAB-000157085,PAT-0008700,ADM-00052459,DOC-00092,2026-10-02 01:02:01,Liver Function Test,Biochemistry,Normal,,Normal,1080.53,False
BATCH-20260925-007,LAB-000157086,PAT-0008700,ADM-00052459,DOC-00092,2026-09-28 23:54:21,Troponin,Cardiac,Abnormal,,Abnormal,1424.58,True
BATCH-20260925-007,LAB-000157087,PAT-0008700,ADM-00052459,DOC-00092,2026-10-02 05:44:08,Kidney Function Test,Biochemistry,Abnormal,,Abnormal,1238.45,True
BATCH-20260925-007,LAB-000157088,PAT-0006189,ADM-00052460,DOC-00072,2026-09-25 20:58:08,Lipid Profile,Biochemistry,Normal,,Normal,816.6,False
BATCH-20260925-007,LAB-000157089,PAT-0006189,ADM-00052460,DOC-00072,2026-09-26 21:14:32,Liver Function Test,Biochemistry,Abnormal,,Abnormal,1148.08,True
BATCH-20260925-007,LAB-000157090,PAT-0006189,ADM-00052460,DOC-00072,2026-09-25 12:04:42,Blood Glucose,Biochemistry,Normal,,Normal,357.15,False
BATCH-20260925-007,LAB-000157091,PAT-0006189,ADM-00052460,DOC-00072,2026-09-27 06:30:21,Liver Function Test,Biochemistry,Normal,,Normal,1099.83,False
BATCH-20260925-007,LAB-000157092,PAT-0006189,ADM-00052460,DOC-00072,2026-09-26 10:39:28,Lipid Profile,Biochemistry,Normal,,Normal,843.12,False
BATCH-20260925-007,LAB-000157093,PAT-0016296,ADM-00052461,DOC-00122,2026-09-28 00:52:00,Blood Glucose,Biochemistry,Normal,,Normal,348.54,False
BATCH-20260925-007,LAB-000157094,PAT-0016141,ADM-00052462,DOC-00134,2026-09-26 01:30:26,Blood Glucose,Biochemistry,Abnormal,,Abnormal,291.13,True
BATCH-20260925-007,LAB-000157095,PAT-0016141,ADM-00052462,DOC-00134,2026-09-27 17:36:00,Complete Blood Count,Hematology,Normal,,Normal,703.32,False
BATCH-20260925-007,LAB-000157096,PAT-0017752,ADM-00052463,DOC-00007,2026-09-29 08:58:46,Troponin,Cardiac,Abnormal,,Abnormal,1332.56,True
BATCH-20260925-007,LAB-000157097,PAT-0001905,ADM-00052464,DOC-00024,2026-09-30 02:25:32,Blood Glucose,Biochemistry,Normal,,Normal,294.8,False
BATCH-20260925-007,LAB-000157098,PAT-0001905,ADM-00052464,DOC-00024,2026-09-27 15:37:41,Blood Glucose,Biochemistry,Normal,,Normal,337.45,False
BATCH-20260925-007,LAB-000157099,PAT-0001905,ADM-00052464,DOC-00024,2026-09-28 08:36:52,Lipid Profile,Biochemistry,Normal,,Normal,896.09,False
BATCH-20260925-007,LAB-000157100,PAT-0001905,ADM-00052464,DOC-00024,2026-09-30 00:59:00,Urine Routine,Pathology,Abnormal,,Abnormal,382.77,True
BATCH-20260925-007,LAB-000157101,PAT-0001905,ADM-00052464,DOC-00024,2026-09-27 08:46:39,Thyroid Profile,Endocrinology,Normal,,Normal,1063.91,False
BATCH-20260925-007,LAB-000157102,PAT-0006538,ADM-00052465,DOC-00067,2026-09-26 05:51:15,Blood Glucose,Biochemistry,Normal,,Normal,286.87,False
BATCH-20260925-007,LAB-000157103,PAT-0006538,ADM-00052465,DOC-00067,2026-09-26 03:14:27,Urine Routine,Pathology,Normal,,Normal,380.16,False
BATCH-20260925-007,LAB-000157104,PAT-0006538,ADM-00052465,DOC-00067,2026-09-25 13:55:09,Complete Blood Count,Hematology,Normal,,Normal,631.65,False
BATCH-20260925-007,LAB-000157105,PAT-0006538,ADM-00052465,DOC-00067,2026-09-25 23:46:48,Liver Function Test,Biochemistry,Abnormal,,Abnormal,1257.02,True
BATCH-20260925-007,LAB-000157106,PAT-0019214,ADM-00052466,DOC-00139,2026-09-25 17:44:16,Lipid Profile,Biochemistry,Normal,,Normal,1010.18,False
BATCH-20260925-007,LAB-000157107,PAT-0019214,ADM-00052466,DOC-00139,2026-09-25 16:40:18,Liver Function Test,Biochemistry,Normal,,Normal,1341.19,False
BATCH-20260925-007,LAB-000157108,PAT-0019214,ADM-00052466,DOC-00139,2026-09-25 16:41:03,Urine Routine,Pathology,Normal,,Normal,330.16,False
BATCH-20260925-007,LAB-000157109,PAT-0019214,ADM-00052466,DOC-00139,2026-09-25 10:25:46,Urine Routine,Pathology,Normal,,Normal,320.57,False
BATCH-20260925-007,LAB-000157110,PAT-0019214,ADM-00052466,DOC-00139,2026-09-25 04:59:38,Kidney Function Test,Biochemistry,Normal,,Normal,1293.89,False
BATCH-20260925-007,LAB-000157111,PAT-0009686,ADM-00052467,DOC-00066,2026-09-25 20:45:50,Complete Blood Count,Hematology,Normal,,Normal,705.07,False
BATCH-20260925-007,LAB-000157112,PAT-0009686,ADM-00052467,DOC-00066,2026-09-25 17:00:04,Lipid Profile,Biochemistry,Abnormal,,Abnormal,1040.02,True
BATCH-20260925-007,LAB-000157113,PAT-0017252,ADM-00052468,DOC-00017,2026-10-01 20:23:22,Complete Blood Count,Hematology,Normal,,Normal,627.19,False
BATCH-20260925-007,LAB-000157114,PAT-0017961,ADM-00052469,DOC-00042,2026-09-26 19:06:24,Liver Function Test,Biochemistry,Normal,,Normal,1262.85,False
BATCH-20260925-007,LAB-000157115,PAT-0013544,ADM-00052470,DOC-00132,2026-10-02 12:44:32,Thyroid Profile,Endocrinology,Normal,,Normal,997.64,False
BATCH-20260925-007,LAB-000157116,PAT-0013544,ADM-00052470,DOC-00132,2026-09-29 10:09:27,Blood Glucose,Biochemistry,Abnormal,,Abnormal,350.35,True
BATCH-20260925-007,LAB-000157117,PAT-0013544,ADM-00052470,DOC-00132,2026-09-26 08:46:40,Liver Function Test,Biochemistry,Normal,,Normal,1123.93,False
BATCH-20260925-007,LAB-000157118,PAT-0013544,ADM-00052470,DOC-00132,2026-10-03 18:29:36,Complete Blood Count,Hematology,Normal,,Normal,766.13,False
BATCH-20260925-007,LAB-000157119,PAT-0024553,ADM-00052471,DOC-00010,2026-09-26 01:45:39,Complete Blood Count,Hematology,Normal,,Normal,756.74,False
BATCH-20260925-007,LAB-000157120,PAT-0000210,ADM-00052472,DOC-00031,2026-09-26 18:16:32,Thyroid Profile,Endocrinology,Normal,,Normal,1183.7,False
BATCH-20260925-007,LAB-000157121,PAT-0000210,ADM-00052472,DOC-00031,2026-09-25 18:11:54,Urine Routine,Pathology,Normal,,Normal,419.33,False
BATCH-20260925-007,LAB-000157122,PAT-0000210,ADM-00052472,DOC-00031,2026-09-25 14:30:07,Blood Glucose,Biochemistry,Normal,,Normal,297.68,False
BATCH-20260925-007,LAB-000157123,PAT-0000210,ADM-00052472,DOC-00031,2026-09-25 18:47:34,Blood Glucose,Biochemistry,Normal,,Normal,339.79,False
BATCH-20260925-007,LAB-000157124,PAT-0025609,ADM-00052473,DOC-00055,2026-09-28 04:55:40,Urine Routine,Pathology,Normal,,Normal,362.07,False
BATCH-20260925-007,LAB-000157125,PAT-0025609,ADM-00052473,DOC-00055,2026-09-26 13:36:54,Lipid Profile,Biochemistry,Abnormal,,Abnormal,1006.51,True
BATCH-20260925-007,LAB-000157126,PAT-0025609,ADM-00052473,DOC-00055,2026-09-28 09:50:34,Blood Glucose,Biochemistry,Normal,,Normal,310.65,False
BATCH-20260925-007,LAB-000157127,PAT-0025609,ADM-00052473,DOC-00055,2026-09-27 16:25:56,Complete Blood Count,Hematology,Normal,,Normal,684.83,False
BATCH-20260925-007,LAB-000157128,PAT-0025609,ADM-00052473,DOC-00055,2026-09-26 13:15:34,Complete Blood Count,Hematology,Normal,,Normal,720.93,False
BATCH-20260925-007,LAB-000157129,PAT-0024453,ADM-00052474,DOC-00048,2026-09-26 07:12:17,Kidney Function Test,Biochemistry,Normal,,Normal,1142.07,False
BATCH-20260925-007,LAB-000157130,PAT-0024453,ADM-00052474,DOC-00048,2026-09-26 23:19:57,Liver Function Test,Biochemistry,Abnormal,,Abnormal,1142.39,True
BATCH-20260925-007,LAB-000157131,PAT-0020157,ADM-00052475,DOC-00047,2026-09-27 06:23:53,Liver Function Test,Biochemistry,Normal,,Normal,1362.41,False
BATCH-20260925-007,LAB-000157132,PAT-0015063,ADM-00052476,DOC-00120,2026-09-27 07:12:22,Troponin,Cardiac,Normal,,Normal,1278.06,False
BATCH-20260925-007,LAB-000157133,PAT-0015063,ADM-00052476,DOC-00120,2026-09-27 22:18:48,Complete Blood Count,Hematology,Normal,,Normal,589.17,False
BATCH-20260925-007,LAB-000157134,PAT-0015063,ADM-00052476,DOC-00120,2026-09-27 23:20:05,Urine Routine,Pathology,Normal,,Normal,330.38,False
BATCH-20260925-007,LAB-000157135,PAT-0005344,ADM-00052477,DOC-00117,2026-09-27 19:40:53,Kidney Function Test,Biochemistry,Normal,,Normal,1213.35,False
BATCH-20260925-007,LAB-000157136,PAT-0005344,ADM-00052477,DOC-00117,2026-09-27 21:33:56,Complete Blood Count,Hematology,Normal,,Normal,676.23,False
BATCH-20260925-007,LAB-000157137,PAT-0005344,ADM-00052477,DOC-00117,2026-09-28 13:35:51,Liver Function Test,Biochemistry,Normal,,Normal,1094.96,False
BATCH-20260925-007,LAB-000157138,PAT-0019948,ADM-00052478,DOC-00150,2026-09-29 02:46:33,Blood Glucose,Biochemistry,Normal,,Normal,294.83,False
BATCH-20260925-007,LAB-000157139,PAT-0019948,ADM-00052478,DOC-00150,2026-09-29 08:00:44,Lipid Profile,Biochemistry,Normal,,Normal,959.91,False
BATCH-20260925-007,LAB-000157140,PAT-0019948,ADM-00052478,DOC-00150,2026-09-26 01:19:11,Troponin,Cardiac,Normal,,Normal,1338.27,False
BATCH-20260925-007,LAB-000157141,PAT-0017432,ADM-00052479,DOC-00019,2026-09-27 07:45:27,Urine Routine,Pathology,Normal,,Normal,392.43,False
BATCH-20260925-007,LAB-000157142,PAT-0017432,ADM-00052479,DOC-00019,2026-09-29 02:40:39,Blood Glucose,Biochemistry,Normal,,Normal,322.18,False
BATCH-20260925-007,LAB-000157143,PAT-0017432,ADM-00052479,DOC-00019,2026-09-25 23:11:11,Lipid Profile,Biochemistry,Normal,,Normal,1068.66,False
BATCH-20260925-007,LAB-000157144,PAT-0007499,ADM-00052480,DOC-00060,2026-09-25 16:09:07,Thyroid Profile,Endocrinology,Normal,,Normal,1036.83,False
BATCH-20260925-007,LAB-000157145,PAT-0007499,ADM-00052480,DOC-00060,2026-10-01 14:47:36,Troponin,Cardiac,Normal,,Normal,1363.8,False
BATCH-20260925-007,LAB-000157146,PAT-0007499,ADM-00052480,DOC-00060,2026-09-26 06:21:36,Lipid Profile,Biochemistry,Abnormal,,Abnormal,826.15,True
BATCH-20260925-007,LAB-000157147,PAT-0007499,ADM-00052480,DOC-00060,2026-09-29 21:07:55,Urine Routine,Pathology,Abnormal,,Abnormal,360.95,True
BATCH-20260925-007,LAB-000157148,PAT-0014809,ADM-00052481,DOC-00105,2026-09-26 09:07:10,Urine Routine,Pathology,Normal,,Normal,323.44,False
BATCH-20260925-007,LAB-000157149,PAT-0014809,ADM-00052481,DOC-00105,2026-09-25 20:54:23,Kidney Function Test,Biochemistry,Normal,,Normal,1251.29,False
BATCH-20260925-007,LAB-000157150,PAT-0014809,ADM-00052481,DOC-00105,2026-09-27 15:34:39,Blood Glucose,Biochemistry,Normal,,Normal,281.27,False
BATCH-20260925-007,LAB-000157151,PAT-0005818,ADM-00052482,DOC-00008,2026-09-26 23:00:27,Blood Glucose,Biochemistry,Normal,,Normal,356.9,False
BATCH-20260925-007,LAB-000157152,PAT-0005818,ADM-00052482,DOC-00008,2026-09-25 10:29:09,Liver Function Test,Biochemistry,Normal,,Normal,1252.86,False
BATCH-20260925-007,LAB-000157153,PAT-0005818,ADM-00052482,DOC-00008,2026-09-26 07:22:30,Urine Routine,Pathology,Normal,,Normal,340.79,False
BATCH-20260925-007,LAB-000157154,PAT-0005818,ADM-00052482,DOC-00008,2026-09-25 17:22:38,Blood Glucose,Biochemistry,Normal,,Normal,348.4,False
BATCH-20260925-007,LAB-000157155,PAT-0021660,ADM-00052483,DOC-00059,2026-09-28 12:10:30,Kidney Function Test,Biochemistry,Normal,,Normal,1136.64,False
BATCH-20260925-007,LAB-000157156,PAT-0019583,ADM-00052484,DOC-00063,2026-09-25 16:03:05,Urine Routine,Pathology,Normal,,Normal,398.21,False
BATCH-20260925-007,LAB-000157157,PAT-0019583,ADM-00052484,DOC-00063,2026-09-26 04:51:36,Thyroid Profile,Endocrinology,Normal,,Normal,973.21,False
BATCH-20260925-007,LAB-000157158,PAT-0019583,ADM-00052484,DOC-00063,2026-09-25 07:29:43,Thyroid Profile,Endocrinology,Normal,,Normal,1197.16,False
BATCH-20260925-007,LAB-000157159,PAT-0000537,ADM-00052485,DOC-00036,2026-09-29 13:46:06,Blood Glucose,Biochemistry,Normal,,Normal,311.52,False
BATCH-20260925-007,LAB-000157160,PAT-0000537,ADM-00052485,DOC-00036,2026-09-30 23:13:58,Liver Function Test,Biochemistry,Normal,,Normal,1372.94,False
BATCH-20260925-007,LAB-000157161,PAT-0000537,ADM-00052485,DOC-00036,2026-09-26 02:58:52,Thyroid Profile,Endocrinology,Normal,,Normal,1156.28,False
BATCH-20260925-007,LAB-000157162,PAT-0018663,ADM-00052486,DOC-00039,2026-09-26 18:04:36,Lipid Profile,Biochemistry,Normal,,Normal,982.38,False
BATCH-20260925-007,LAB-000157163,PAT-0018663,ADM-00052486,DOC-00039,2026-09-28 16:07:40,Thyroid Profile,Endocrinology,Normal,,Normal,1180.03,False
BATCH-20260925-007,LAB-000157164,PAT-0018663,ADM-00052486,DOC-00039,2026-09-26 08:16:13,Lipid Profile,Biochemistry,Normal,,Normal,966.85,False
BATCH-20260925-007,LAB-000157165,PAT-0019194,ADM-00052487,DOC-00037,2026-09-29 21:06:12,Complete Blood Count,Hematology,Normal,,Normal,640.31,False
BATCH-20260925-007,LAB-000157166,PAT-0019194,ADM-00052487,DOC-00037,2026-09-26 16:54:00,Lipid Profile,Biochemistry,Normal,,Normal,995.49,False
BATCH-20260925-007,LAB-000157167,PAT-0019194,ADM-00052487,DOC-00037,2026-09-30 15:45:09,Kidney Function Test,Biochemistry,Normal,,Normal,1191.93,False
BATCH-20260925-007,LAB-000157168,PAT-0011864,ADM-00052488,DOC-00065,2026-09-25 07:04:36,Liver Function Test,Biochemistry,Normal,,Normal,1268.1,False
BATCH-20260925-007,LAB-000157169,PAT-0011864,ADM-00052488,DOC-00065,2026-09-27 21:05:08,Complete Blood Count,Hematology,Normal,,Normal,751.0,False
BATCH-20260925-007,LAB-000157170,PAT-0011864,ADM-00052488,DOC-00065,2026-09-27 06:41:25,Liver Function Test,Biochemistry,Normal,,Normal,1224.21,False
BATCH-20260925-007,LAB-000157171,PAT-0011864,ADM-00052488,DOC-00065,2026-09-27 05:41:40,Complete Blood Count,Hematology,Abnormal,,Abnormal,614.27,True
BATCH-20260925-007,LAB-000157172,PAT-0011864,ADM-00052488,DOC-00065,2026-09-28 23:49:15,Blood Glucose,Biochemistry,Normal,,Normal,282.65,False
BATCH-20260925-007,LAB-000157173,PAT-0014618,ADM-00052489,DOC-00001,2026-09-29 15:44:02,Kidney Function Test,Biochemistry,Abnormal,,Abnormal,1275.23,True
BATCH-20260925-007,LAB-000157174,PAT-0014618,ADM-00052489,DOC-00001,2026-09-28 11:51:19,Thyroid Profile,Endocrinology,Normal,,Normal,1020.3,False
BATCH-20260925-007,LAB-000157175,PAT-0014618,ADM-00052489,DOC-00001,2026-09-25 23:09:20,Complete Blood Count,Hematology,Normal,,Normal,708.66,False
BATCH-20260925-007,LAB-000157176,PAT-0014618,ADM-00052489,DOC-00001,2026-09-30 14:56:54,Liver Function Test,Biochemistry,Normal,,Normal,1231.22,False
BATCH-20260925-007,LAB-000157177,PAT-0014618,ADM-00052489,DOC-00001,2026-09-27 05:15:16,Complete Blood Count,Hematology,Normal,,Normal,689.76,False
BATCH-20260925-007,LAB-000157178,PAT-0002972,ADM-00052490,DOC-00056,2026-09-27 15:46:17,Kidney Function Test,Biochemistry,Normal,,Normal,1173.86,False
BATCH-20260925-007,LAB-000157179,PAT-0002972,ADM-00052490,DOC-00056,2026-09-25 20:58:36,Lipid Profile,Biochemistry,Normal,,Normal,927.26,False
BATCH-20260925-007,LAB-000157180,PAT-0002972,ADM-00052490,DOC-00056,2026-09-28 08:00:10,Lipid Profile,Biochemistry,Normal,,Normal,981.03,False
BATCH-20260925-007,LAB-000157181,PAT-0000008,ADM-00052491,DOC-00105,2026-09-26 16:17:53,Liver Function Test,Biochemistry,Normal,,Normal,1355.7,False
BATCH-20260925-007,LAB-000157182,PAT-0020102,ADM-00052492,DOC-00011,2026-09-26 01:54:15,Complete Blood Count,Hematology,Abnormal,,Abnormal,673.11,True
BATCH-20260925-007,LAB-000157183,PAT-0020102,ADM-00052492,DOC-00011,2026-09-27 14:10:28,Blood Glucose,Biochemistry,Abnormal,,Abnormal,328.37,True
BATCH-20260925-007,LAB-000157184,PAT-0020102,ADM-00052492,DOC-00011,2026-09-27 11:14:05,Thyroid Profile,Endocrinology,Normal,,Normal,1022.89,False
BATCH-20260925-007,LAB-000157185,PAT-0014569,ADM-00052493,DOC-00039,2026-09-26 05:05:59,Thyroid Profile,Endocrinology,Normal,,Normal,1017.54,False
BATCH-20260925-007,LAB-000157186,PAT-0014569,ADM-00052493,DOC-00039,2026-09-26 01:48:20,Troponin,Cardiac,Normal,,Normal,1379.74,False
BATCH-20260925-007,LAB-000157187,PAT-0014569,ADM-00052493,DOC-00039,2026-09-27 13:02:09,Troponin,Cardiac,Normal,,Normal,1359.33,False
BATCH-20260925-007,LAB-000157188,PAT-0014569,ADM-00052493,DOC-00039,2026-09-27 12:49:19,Thyroid Profile,Endocrinology,Abnormal,,Abnormal,1159.35,True
BATCH-20260925-007,LAB-000157189,PAT-0012510,ADM-00052494,DOC-00139,2026-09-27 04:35:58,Liver Function Test,Biochemistry,Abnormal,,Abnormal,1275.88,True
BATCH-20260925-007,LAB-000157190,PAT-0012510,ADM-00052494,DOC-00139,2026-09-25 22:52:24,Liver Function Test,Biochemistry,Normal,,Normal,1192.37,False
BATCH-20260925-007,LAB-000157191,PAT-0000572,ADM-00052495,DOC-00076,2026-09-28 15:12:00,Complete Blood Count,Hematology,Normal,,Normal,623.39,False
BATCH-20260925-007,LAB-000157192,PAT-0000572,ADM-00052495,DOC-00076,2026-09-29 20:32:13,Lipid Profile,Biochemistry,Normal,,Normal,1062.33,False
BATCH-20260925-007,LAB-000157193,PAT-0000572,ADM-00052495,DOC-00076,2026-09-29 17:52:12,Blood Glucose,Biochemistry,Normal,,Normal,283.5,False
BATCH-20260925-007,LAB-000157194,PAT-0000572,ADM-00052495,DOC-00076,2026-09-29 07:27:06,Thyroid Profile,Endocrinology,Normal,,Normal,1136.34,False
BATCH-20260925-007,LAB-000157195,PAT-0000572,ADM-00052495,DOC-00076,2026-09-27 15:51:51,Lipid Profile,Biochemistry,Normal,,Normal,1018.75,False
BATCH-20260925-007,LAB-000157196,PAT-0024008,ADM-00052496,DOC-00009,2026-09-29 22:15:43,Lipid Profile,Biochemistry,Abnormal,,Abnormal,1060.89,True
BATCH-20260925-007,LAB-000157197,PAT-0024008,ADM-00052496,DOC-00009,2026-09-30 17:42:55,Troponin,Cardiac,Normal,,Normal,1297.58,False
BATCH-20260925-007,LAB-000157198,PAT-0024008,ADM-00052496,DOC-00009,2026-10-01 04:09:37,Liver Function Test,Biochemistry,Abnormal,,Abnormal,1243.06,True
BATCH-20260925-007,LAB-000157199,PAT-0009335,ADM-00052497,DOC-00136,2026-09-28 18:55:25,Thyroid Profile,Endocrinology,Normal,,Normal,1065.63,False
BATCH-20260925-007,LAB-000157200,PAT-0009335,ADM-00052497,DOC-00136,2026-09-29 06:50:48,Complete Blood Count,Hematology,Normal,,Normal,641.75,False
BATCH-20260925-007,LAB-000157201,PAT-0009335,ADM-00052497,DOC-00136,2026-09-27 18:57:39,Lipid Profile,Biochemistry,Normal,,Normal,1063.65,False
BATCH-20260925-007,LAB-000157202,PAT-0016381,ADM-00052498,DOC-00129,2026-09-25 13:13:01,Lipid Profile,Biochemistry,Normal,,Normal,841.24,False
BATCH-20260925-007,LAB-000157203,PAT-0016381,ADM-00052498,DOC-00129,2026-09-25 07:17:50,Troponin,Cardiac,Abnormal,,Abnormal,1517.06,True
BATCH-20260925-007,LAB-000157204,PAT-0016381,ADM-00052498,DOC-00129,2026-09-27 05:13:24,Kidney Function Test,Biochemistry,Normal,,Normal,1030.22,False
BATCH-20260925-007,LAB-000157205,PAT-0016381,ADM-00052498,DOC-00129,2026-09-26 06:24:02,Troponin,Cardiac,Abnormal,,Abnormal,1638.01,True
BATCH-20260925-007,LAB-000157206,PAT-0014822,ADM-00052499,DOC-00075,2026-09-27 11:40:38,Troponin,Cardiac,Normal,,Normal,1431.38,False
BATCH-20260925-007,LAB-000157207,PAT-0014822,ADM-00052499,DOC-00075,2026-09-27 13:31:18,Blood Glucose,Biochemistry,Normal,,Normal,299.66,False
BATCH-20260925-007,LAB-000157208,PAT-0014822,ADM-00052499,DOC-00075,2026-09-28 14:26:37,Kidney Function Test,Biochemistry,Normal,,Normal,1098.26,False
BATCH-20260925-007,LAB-000157209,PAT-0007616,ADM-00052500,DOC-00060,2026-09-27 02:32:28,Thyroid Profile,Endocrinology,Normal,,Normal,1191.47,False
BATCH-20260925-007,LAB-000157210,PAT-0007616,ADM-00052500,DOC-00060,2026-09-28 21:23:00,Lipid Profile,Biochemistry,Normal,,Normal,828.01,False
BATCH-20260925-007,LAB-000157211,PAT-0007616,ADM-00052500,DOC-00060,2026-09-26 07:36:47,Lipid Profile,Biochemistry,Normal,,Normal,817.61,False
BATCH-20260925-007,LAB-000157212,PAT-0007616,ADM-00052500,DOC-00060,2026-09-26 07:51:15,Blood Glucose,Biochemistry,Normal,,Normal,306.5,False
BATCH-20260925-007,LAB-000157213,PAT-0001850,ADM-00052501,DOC-00060,2026-09-28 21:35:03,Lipid Profile,Biochemistry,Normal,,Normal,903.27,False
BATCH-20260925-007,LAB-000157214,PAT-0023710,ADM-00052502,DOC-00147,2026-09-27 00:52:19,Liver Function Test,Biochemistry,Normal,,Normal,1235.01,False
BATCH-20260925-007,LAB-000157215,PAT-0023710,ADM-00052502,DOC-00147,2026-09-27 20:30:49,Urine Routine,Pathology,Abnormal,,Abnormal,330.52,True
BATCH-20260925-007,LAB-000157216,PAT-0001514,ADM-00052503,DOC-00085,2026-09-25 18:10:30,Kidney Function Test,Biochemistry,Normal,,Normal,1240.07,False
BATCH-20260925-007,LAB-000157217,PAT-0001514,ADM-00052503,DOC-00085,2026-09-25 22:41:56,Blood Glucose,Biochemistry,Normal,,Normal,323.63,False
BATCH-20260925-007,LAB-000157218,PAT-0001514,ADM-00052503,DOC-00085,2026-09-29 00:28:44,Complete Blood Count,Hematology,Normal,,Normal,721.66,False
BATCH-20260925-007,LAB-000157219,PAT-0001514,ADM-00052503,DOC-00085,2026-09-27 04:07:37,Complete Blood Count,Hematology,Normal,,Normal,702.01,False
BATCH-20260925-007,LAB-000157220,PAT-0003757,ADM-00052504,DOC-00086,2026-09-27 02:24:36,Kidney Function Test,Biochemistry,Normal,,Normal,1152.75,False
BATCH-20260925-007,LAB-000157221,PAT-0003757,ADM-00052504,DOC-00086,2026-09-26 13:11:40,Urine Routine,Pathology,Normal,,Normal,337.54,False
BATCH-20260925-007,LAB-000157222,PAT-0003757,ADM-00052504,DOC-00086,2026-09-26 22:03:20,Troponin,Cardiac,Normal,,Normal,1567.24,False
BATCH-20260925-007,LAB-000157223,PAT-0003757,ADM-00052504,DOC-00086,2026-09-26 10:11:49,Troponin,Cardiac,Normal,,Normal,1292.29,False
BATCH-20260925-007,LAB-000157224,PAT-0014873,ADM-00052505,DOC-00090,2026-09-27 17:14:31,Lipid Profile,Biochemistry,Normal,,Normal,982.06,False
BATCH-20260925-007,LAB-000157225,PAT-0014873,ADM-00052505,DOC-00090,2026-09-30 16:21:34,Blood Glucose,Biochemistry,Normal,,Normal,326.54,False
BATCH-20260925-007,LAB-000157226,PAT-0014873,ADM-00052505,DOC-00090,2026-09-28 05:14:49,Thyroid Profile,Endocrinology,Normal,,Normal,1188.94,False
BATCH-20260925-007,LAB-000157227,PAT-0001546,ADM-00052506,DOC-00092,2026-09-27 06:38:55,Complete Blood Count,Hematology,Abnormal,,Abnormal,619.53,True
BATCH-20260925-007,LAB-000157228,PAT-0008833,ADM-00052507,DOC-00107,2026-10-06 16:36:49,Troponin,Cardiac,Normal,,Normal,1469.07,False
BATCH-20260925-007,LAB-000157229,PAT-0008833,ADM-00052507,DOC-00107,2026-10-03 17:29:08,Troponin,Cardiac,Abnormal,,Abnormal,1326.34,True
BATCH-20260925-007,LAB-000157230,PAT-0008833,ADM-00052507,DOC-00107,2026-09-29 22:49:44,Complete Blood Count,Hematology,Normal,,Normal,691.41,False
BATCH-20260925-007,LAB-000157231,PAT-0020163,ADM-00052508,DOC-00023,2026-09-25 05:05:27,Liver Function Test,Biochemistry,Normal,,Normal,1314.56,False
BATCH-20260925-007,LAB-000157232,PAT-0020163,ADM-00052508,DOC-00023,2026-09-25 07:51:44,Complete Blood Count,Hematology,Normal,,Normal,728.43,False
BATCH-20260925-007,LAB-000157233,PAT-0020163,ADM-00052508,DOC-00023,2026-09-26 22:48:36,Liver Function Test,Biochemistry,Normal,,Normal,1313.31,False
BATCH-20260925-007,LAB-000157234,PAT-0000443,ADM-00052509,DOC-00086,2026-10-03 01:30:30,Lipid Profile,Biochemistry,Abnormal,,Abnormal,999.51,True
BATCH-20260925-007,LAB-000157235,PAT-0000443,ADM-00052509,DOC-00086,2026-10-02 07:11:03,Kidney Function Test,Biochemistry,Normal,,Normal,1285.22,False
BATCH-20260925-007,LAB-000157236,PAT-0006206,ADM-00052510,DOC-00003,2026-09-29 15:22:05,Kidney Function Test,Biochemistry,Abnormal,,Abnormal,1016.66,True
BATCH-20260925-007,LAB-000157237,PAT-0021275,ADM-00052511,DOC-00024,2026-09-28 19:28:20,Liver Function Test,Biochemistry,Normal,,Normal,1416.05,False
BATCH-20260925-007,LAB-000157238,PAT-0021275,ADM-00052511,DOC-00024,2026-09-28 05:32:17,Urine Routine,Pathology,Abnormal,,Abnormal,398.53,True
BATCH-20260925-007,LAB-000157239,PAT-0021275,ADM-00052511,DOC-00024,2026-09-30 04:15:07,Urine Routine,Pathology,Normal,,Normal,340.7,False
BATCH-20260925-007,LAB-000157240,PAT-0021275,ADM-00052511,DOC-00024,2026-09-29 03:24:24,Lipid Profile,Biochemistry,Abnormal,,Abnormal,937.3,True
BATCH-20260925-007,LAB-000157241,PAT-0018606,ADM-00052512,DOC-00087,2026-09-27 21:07:47,Troponin,Cardiac,Normal,,Normal,1370.1,False
BATCH-20260925-007,LAB-000157242,PAT-0018606,ADM-00052512,DOC-00087,2026-09-27 03:21:35,Kidney Function Test,Biochemistry,Normal,,Normal,1261.74,False
BATCH-20260925-007,LAB-000157243,PAT-0018606,ADM-00052512,DOC-00087,2026-09-27 12:29:52,Troponin,Cardiac,Normal,,Normal,1588.19,False
BATCH-20260925-007,LAB-000157244,PAT-0018083,ADM-00052513,DOC-00059,2026-09-28 18:58:17,Lipid Profile,Biochemistry,Normal,,Normal,964.92,False
BATCH-20260925-007,LAB-000157245,PAT-0018083,ADM-00052513,DOC-00059,2026-10-01 03:43:48,Urine Routine,Pathology,Normal,,Normal,363.47,False
BATCH-20260925-007,LAB-000157246,PAT-0017663,ADM-00052514,DOC-00149,2026-09-29 04:39:15,Complete Blood Count,Hematology,Normal,,Normal,701.25,False
BATCH-20260925-007,LAB-000157247,PAT-0011403,ADM-00052515,DOC-00079,2026-09-26 11:34:28,Complete Blood Count,Hematology,Normal,,Normal,668.0,False
BATCH-20260925-007,LAB-000157248,PAT-0011403,ADM-00052515,DOC-00079,2026-09-30 15:22:12,Thyroid Profile,Endocrinology,Normal,,Normal,1026.0,False
BATCH-20260925-007,LAB-000157249,PAT-0011403,ADM-00052515,DOC-00079,2026-09-29 12:22:06,Lipid Profile,Biochemistry,Normal,,Normal,842.67,False
BATCH-20260925-007,LAB-000157250,PAT-0011131,ADM-00052516,DOC-00111,2026-09-27 01:14:17,Complete Blood Count,Hematology,Normal,,Normal,705.02,False
BATCH-20260925-007,LAB-000157251,PAT-0011131,ADM-00052516,DOC-00111,2026-09-25 08:16:57,Kidney Function Test,Biochemistry,Normal,,Normal,1129.09,False
BATCH-20260925-007,LAB-000157252,PAT-0011131,ADM-00052516,DOC-00111,2026-09-25 07:52:46,Complete Blood Count,Hematology,Abnormal,,Abnormal,730.26,True
BATCH-20260925-007,LAB-000157253,PAT-0011131,ADM-00052516,DOC-00111,2026-09-28 16:18:18,Kidney Function Test,Biochemistry,Abnormal,,Abnormal,1269.7,True
BATCH-20260925-007,LAB-000157254,PAT-0015279,ADM-00052517,DOC-00006,2026-09-30 16:33:50,Lipid Profile,Biochemistry,Normal,,Normal,885.24,False
BATCH-20260925-007,LAB-000157255,PAT-0015279,ADM-00052517,DOC-00006,2026-09-27 17:36:05,Urine Routine,Pathology,Abnormal,,Abnormal,412.15,True
BATCH-20260925-007,LAB-000157256,PAT-0015279,ADM-00052517,DOC-00006,2026-09-26 23:28:03,Troponin,Cardiac,Normal,,Normal,1656.58,False
BATCH-20260925-007,LAB-000157257,PAT-0023864,ADM-00052518,DOC-00125,2026-09-25 08:54:10,Liver Function Test,Biochemistry,Abnormal,,Abnormal,1360.81,True
BATCH-20260925-007,LAB-000157258,PAT-0023864,ADM-00052518,DOC-00125,2026-09-25 13:59:52,Urine Routine,Pathology,Normal,,Normal,349.82,False
BATCH-20260925-007,LAB-000157259,PAT-0023864,ADM-00052518,DOC-00125,2026-09-25 03:47:29,Blood Glucose,Biochemistry,Normal,,Normal,324.23,False
BATCH-20260925-007,LAB-000157260,PAT-0023864,ADM-00052518,DOC-00125,2026-09-25 20:50:37,Lipid Profile,Biochemistry,Abnormal,,Abnormal,953.27,True
BATCH-20260925-007,LAB-000157261,PAT-0023864,ADM-00052518,DOC-00125,2026-09-25 13:54:17,Blood Glucose,Biochemistry,Normal,,Normal,326.19,False
BATCH-20260925-007,LAB-000157262,PAT-0012234,ADM-00052519,DOC-00133,2026-09-27 22:10:09,Liver Function Test,Biochemistry,Normal,,Normal,1136.55,False
BATCH-20260925-007,LAB-000157263,PAT-0020884,ADM-00052520,DOC-00128,2026-09-30 08:43:25,Blood Glucose,Biochemistry,Normal,,Normal,309.86,False
BATCH-20260925-007,LAB-000157264,PAT-0020884,ADM-00052520,DOC-00128,2026-09-28 16:27:17,Complete Blood Count,Hematology,Normal,,Normal,723.59,False
BATCH-20260925-007,LAB-000157265,PAT-0020884,ADM-00052520,DOC-00128,2026-09-28 00:26:35,Lipid Profile,Biochemistry,Normal,,Normal,1037.55,False
BATCH-20260925-007,LAB-000157266,PAT-0021222,ADM-00052521,DOC-00097,2026-09-27 11:36:16,Urine Routine,Pathology,Normal,,Normal,418.03,False
BATCH-20260925-007,LAB-000157267,PAT-0021222,ADM-00052521,DOC-00097,2026-09-26 11:02:28,Lipid Profile,Biochemistry,Normal,,Normal,963.69,False
BATCH-20260925-007,LAB-000157268,PAT-0021222,ADM-00052521,DOC-00097,2026-09-26 07:11:38,Troponin,Cardiac,Abnormal,,Abnormal,1554.56,True
BATCH-20260925-007,LAB-000157269,PAT-0021222,ADM-00052521,DOC-00097,2026-09-26 02:24:03,Lipid Profile,Biochemistry,Normal,,Normal,1076.83,False
BATCH-20260925-007,LAB-000157270,PAT-0013876,ADM-00052522,DOC-00137,2026-09-27 22:18:24,Kidney Function Test,Biochemistry,Normal,,Normal,1208.1,False
BATCH-20260925-007,LAB-000157271,PAT-0013876,ADM-00052522,DOC-00137,2026-09-27 08:37:11,Liver Function Test,Biochemistry,Normal,,Normal,1351.07,False
BATCH-20260925-007,LAB-000157272,PAT-0013876,ADM-00052522,DOC-00137,2026-09-27 02:00:32,Urine Routine,Pathology,Normal,,Normal,363.91,False
BATCH-20260925-007,LAB-000157273,PAT-0013876,ADM-00052522,DOC-00137,2026-09-27 09:32:36,Liver Function Test,Biochemistry,Normal,,Normal,1266.41,False
BATCH-20260925-007,LAB-000157274,PAT-0013876,ADM-00052522,DOC-00137,2026-09-26 20:10:55,Blood Glucose,Biochemistry,Abnormal,,Abnormal,286.92,True
BATCH-20260925-007,LAB-000157275,PAT-0001408,ADM-00052523,DOC-00001,2026-09-29 02:21:53,Thyroid Profile,Endocrinology,Normal,,Normal,1170.43,False
BATCH-20260925-007,LAB-000157276,PAT-0001408,ADM-00052523,DOC-00001,2026-09-28 20:19:12,Complete Blood Count,Hematology,Abnormal,,Abnormal,772.02,True
BATCH-20260925-007,LAB-000157277,PAT-0001408,ADM-00052523,DOC-00001,2026-09-30 02:27:55,Kidney Function Test,Biochemistry,Abnormal,,Abnormal,1057.89,True
BATCH-20260925-007,LAB-000157278,PAT-0018732,ADM-00052524,DOC-00034,2026-09-27 22:01:23,Lipid Profile,Biochemistry,Normal,,Normal,895.43,False
BATCH-20260925-007,LAB-000157279,PAT-0018732,ADM-00052524,DOC-00034,2026-09-28 02:41:56,Kidney Function Test,Biochemistry,Normal,,Normal,998.37,False
BATCH-20260925-007,LAB-000157280,PAT-0018732,ADM-00052524,DOC-00034,2026-09-28 00:28:47,Troponin,Cardiac,Normal,,Normal,1564.84,False
BATCH-20260925-007,LAB-000157281,PAT-0018732,ADM-00052524,DOC-00034,2026-09-27 13:11:37,Thyroid Profile,Endocrinology,Normal,,Normal,1061.42,False
BATCH-20260925-007,LAB-000157282,PAT-0018732,ADM-00052524,DOC-00034,2026-09-26 13:14:29,Kidney Function Test,Biochemistry,Normal,,Normal,1295.85,False
BATCH-20260925-007,LAB-000157283,PAT-0007778,ADM-00052525,DOC-00119,2026-10-02 11:08:33,Blood Glucose,Biochemistry,Normal,,Normal,283.91,False
BATCH-20260925-007,LAB-000157284,PAT-0007778,ADM-00052525,DOC-00119,2026-09-30 19:56:04,Kidney Function Test,Biochemistry,Normal,,Normal,1013.39,False
BATCH-20260925-007,LAB-000157285,PAT-0007778,ADM-00052525,DOC-00119,2026-09-29 03:12:01,Liver Function Test,Biochemistry,Abnormal,,Abnormal,1435.9,True
BATCH-20260925-007,LAB-000157286,PAT-0007778,ADM-00052525,DOC-00119,2026-10-01 05:35:02,Blood Glucose,Biochemistry,Normal,,Normal,315.26,False
BATCH-20260925-007,LAB-000157287,PAT-0007778,ADM-00052525,DOC-00119,2026-09-26 18:32:32,Troponin,Cardiac,Normal,,Normal,1435.58,False
BATCH-20260925-007,LAB-000157288,PAT-0022711,ADM-00052526,DOC-00127,2026-09-27 14:23:16,Urine Routine,Pathology,Normal,,Normal,349.33,False
BATCH-20260925-007,LAB-000157289,PAT-0022711,ADM-00052526,DOC-00127,2026-09-26 05:59:19,Kidney Function Test,Biochemistry,Normal,,Normal,1041.12,False
BATCH-20260925-007,LAB-000157290,PAT-0022711,ADM-00052526,DOC-00127,2026-09-30 10:39:09,Urine Routine,Pathology,Normal,,Normal,347.11,False
BATCH-20260925-007,LAB-000157291,PAT-0022711,ADM-00052526,DOC-00127,2026-09-26 12:35:06,Complete Blood Count,Hematology,Normal,,Normal,660.48,False
BATCH-20260925-007,LAB-000157292,PAT-0000258,ADM-00052527,DOC-00020,2026-09-26 16:36:11,Urine Routine,Pathology,Normal,,Normal,316.79,False
BATCH-20260925-007,LAB-000157293,PAT-0019055,ADM-00052528,DOC-00039,2026-09-29 10:03:34,Complete Blood Count,Hematology,Normal,,Normal,683.92,False
BATCH-20260925-007,LAB-000157294,PAT-0008286,ADM-00052529,DOC-00061,2026-09-29 00:00:04,Urine Routine,Pathology,Normal,,Normal,335.2,False
BATCH-20260925-007,LAB-000157295,PAT-0008286,ADM-00052529,DOC-00061,2026-09-28 22:41:51,Complete Blood Count,Hematology,Normal,,Normal,648.19,False
BATCH-20260925-007,LAB-000157296,PAT-0012389,ADM-00052530,DOC-00024,2026-09-29 06:26:31,Thyroid Profile,Endocrinology,Normal,,Normal,1013.98,False
BATCH-20260925-007,LAB-000157297,PAT-0012389,ADM-00052530,DOC-00024,2026-09-26 23:57:59,Thyroid Profile,Endocrinology,Normal,,Normal,1015.86,False
BATCH-20260925-007,LAB-000157298,PAT-0012389,ADM-00052530,DOC-00024,2026-10-01 21:46:22,Lipid Profile,Biochemistry,Normal,,Normal,835.13,False
BATCH-20260925-007,LAB-000157299,PAT-0012389,ADM-00052530,DOC-00024,2026-09-25 08:20:20,Blood Glucose,Biochemistry,Normal,,Normal,274.98,False
BATCH-20260925-007,LAB-000157300,PAT-0012389,ADM-00052530,DOC-00024,2026-09-27 09:11:19,Troponin,Cardiac,Normal,,Normal,1651.32,False
BATCH-20260925-007,LAB-000157301,PAT-0003736,ADM-00052531,DOC-00008,2026-09-27 07:00:16,Liver Function Test,Biochemistry,Normal,,Normal,1281.82,False
BATCH-20260925-007,LAB-000157302,PAT-0003736,ADM-00052531,DOC-00008,2026-09-30 21:06:24,Troponin,Cardiac,Normal,,Normal,1569.24,False
BATCH-20260925-007,LAB-000157303,PAT-0013919,ADM-00052532,DOC-00139,2026-09-26 22:48:09,Complete Blood Count,Hematology,Normal,,Normal,586.9,False
BATCH-20260925-007,LAB-000157304,PAT-0013919,ADM-00052532,DOC-00139,2026-09-27 08:39:23,Thyroid Profile,Endocrinology,Normal,,Normal,1045.81,False
BATCH-20260925-007,LAB-000157305,PAT-0013919,ADM-00052532,DOC-00139,2026-09-26 12:05:32,Liver Function Test,Biochemistry,Normal,,Normal,1084.94,False
BATCH-20260925-007,LAB-000157306,PAT-0013919,ADM-00052532,DOC-00139,2026-09-27 13:53:49,Complete Blood Count,Hematology,Normal,,Normal,709.93,False
BATCH-20260925-007,LAB-000157307,PAT-0013919,ADM-00052532,DOC-00139,2026-09-26 23:18:51,Complete Blood Count,Hematology,Normal,,Normal,649.02,False
BATCH-20260925-007,LAB-000157308,PAT-0016375,ADM-00052533,DOC-00127,2026-09-26 13:36:32,Lipid Profile,Biochemistry,Normal,,Normal,969.42,False
BATCH-20260925-007,LAB-000157309,PAT-0016375,ADM-00052533,DOC-00127,2026-09-26 02:30:54,Thyroid Profile,Endocrinology,Normal,,Normal,1075.09,False
BATCH-20260925-007,LAB-000157310,PAT-0016375,ADM-00052533,DOC-00127,2026-09-25 21:36:10,Thyroid Profile,Endocrinology,Normal,,Normal,946.38,False
BATCH-20260925-007,LAB-000157311,PAT-0016375,ADM-00052533,DOC-00127,2026-09-25 18:03:21,Lipid Profile,Biochemistry,Abnormal,,Abnormal,993.51,True
BATCH-20260925-007,LAB-000157312,PAT-0000984,ADM-00052534,DOC-00120,2026-09-25 09:52:13,Urine Routine,Pathology,Abnormal,,Abnormal,391.46,True
BATCH-20260925-007,LAB-000157313,PAT-0000984,ADM-00052534,DOC-00120,2026-09-26 16:40:02,Urine Routine,Pathology,Normal,,Normal,342.2,False
BATCH-20260925-007,LAB-000157314,PAT-0000984,ADM-00052534,DOC-00120,2026-09-27 02:29:43,Blood Glucose,Biochemistry,Normal,,Normal,300.18,False
BATCH-20260925-007,LAB-000157315,PAT-0000984,ADM-00052534,DOC-00120,2026-09-26 21:37:19,Thyroid Profile,Endocrinology,Normal,,Normal,1186.59,False
BATCH-20260925-007,LAB-000157316,PAT-0000984,ADM-00052534,DOC-00120,2026-09-27 00:52:13,Lipid Profile,Biochemistry,Normal,,Normal,1054.19,False
BATCH-20260925-007,LAB-000157317,PAT-0015397,ADM-00052535,DOC-00008,2026-09-26 02:06:20,Blood Glucose,Biochemistry,Normal,,Normal,279.24,False
BATCH-20260925-007,LAB-000157318,PAT-0015397,ADM-00052535,DOC-00008,2026-09-29 01:47:11,Troponin,Cardiac,Abnormal,,Abnormal,1419.95,True
BATCH-20260925-007,LAB-000157319,PAT-0015331,ADM-00052536,DOC-00139,2026-09-29 02:00:22,Urine Routine,Pathology,Normal,,Normal,415.71,False
BATCH-20260925-007,LAB-000157320,PAT-0015331,ADM-00052536,DOC-00139,2026-09-30 12:53:25,Urine Routine,Pathology,Abnormal,,Abnormal,374.67,True
BATCH-20260925-007,LAB-000157321,PAT-0015331,ADM-00052536,DOC-00139,2026-09-30 07:42:37,Complete Blood Count,Hematology,Normal,,Normal,669.72,False
BATCH-20260925-007,LAB-000157322,PAT-0015331,ADM-00052536,DOC-00139,2026-09-28 22:31:30,Thyroid Profile,Endocrinology,Normal,,Normal,977.06,False
BATCH-20260925-007,LAB-000157323,PAT-0016598,ADM-00052537,DOC-00049,2026-09-30 04:03:25,Lipid Profile,Biochemistry,Abnormal,,Abnormal,1072.77,True
BATCH-20260925-007,LAB-000157324,PAT-0016598,ADM-00052537,DOC-00049,2026-09-28 23:33:52,Complete Blood Count,Hematology,Abnormal,,Abnormal,705.65,True
BATCH-20260925-007,LAB-000157325,PAT-0016598,ADM-00052537,DOC-00049,2026-09-29 07:55:35,Lipid Profile,Biochemistry,Abnormal,,Abnormal,1058.52,True
BATCH-20260925-007,LAB-000157326,PAT-0016598,ADM-00052537,DOC-00049,2026-09-28 06:21:35,Kidney Function Test,Biochemistry,Normal,,Normal,1223.84,False
BATCH-20260925-007,LAB-000157327,PAT-0016598,ADM-00052537,DOC-00049,2026-09-27 13:50:54,Complete Blood Count,Hematology,Normal,,Normal,646.05,False
BATCH-20260925-007,LAB-000157328,PAT-0019884,ADM-00052538,DOC-00139,2026-09-26 15:46:52,Complete Blood Count,Hematology,Abnormal,,Abnormal,615.34,True
BATCH-20260925-007,LAB-000157329,PAT-0019884,ADM-00052538,DOC-00139,2026-09-25 08:25:35,Lipid Profile,Biochemistry,Normal,,Normal,1054.25,False
BATCH-20260925-007,LAB-000157330,PAT-0000914,ADM-00052539,DOC-00072,2026-09-27 05:34:36,Lipid Profile,Biochemistry,Abnormal,,Abnormal,1007.96,True
BATCH-20260925-007,LAB-000157331,PAT-0000914,ADM-00052539,DOC-00072,2026-09-27 20:22:14,Liver Function Test,Biochemistry,Normal,,Normal,1423.62,False
BATCH-20260925-007,LAB-000157332,PAT-0000914,ADM-00052539,DOC-00072,2026-09-28 12:28:18,Kidney Function Test,Biochemistry,Normal,,Normal,1050.69,False
BATCH-20260925-007,LAB-000157333,PAT-0000763,ADM-00052540,DOC-00087,2026-09-26 13:56:28,Kidney Function Test,Biochemistry,Normal,,Normal,1074.07,False
BATCH-20260925-007,LAB-000157334,PAT-0000763,ADM-00052540,DOC-00087,2026-09-29 06:28:05,Kidney Function Test,Biochemistry,Normal,,Normal,1182.22,False
BATCH-20260925-007,LAB-000157335,PAT-0000763,ADM-00052540,DOC-00087,2026-09-26 17:59:40,Troponin,Cardiac,Normal,,Normal,1499.96,False
BATCH-20260925-007,LAB-000157336,PAT-0008260,ADM-00052541,DOC-00032,2026-09-30 22:11:45,Thyroid Profile,Endocrinology,Normal,,Normal,1033.99,False
BATCH-20260925-007,LAB-000157337,PAT-0008260,ADM-00052541,DOC-00032,2026-10-05 23:09:40,Liver Function Test,Biochemistry,Normal,,Normal,1087.31,False
BATCH-20260925-007,LAB-000157338,PAT-0008260,ADM-00052541,DOC-00032,2026-10-02 07:17:16,Troponin,Cardiac,Normal,,Normal,1653.89,False
BATCH-20260925-007,LAB-000157339,PAT-0008216,ADM-00052542,DOC-00116,2026-10-01 01:09:44,Thyroid Profile,Endocrinology,Abnormal,,Abnormal,902.76,True
BATCH-20260925-007,LAB-000157340,PAT-0008216,ADM-00052542,DOC-00116,2026-09-25 14:16:44,Thyroid Profile,Endocrinology,Normal,,Normal,1154.61,False
BATCH-20260925-007,LAB-000157341,PAT-0008216,ADM-00052542,DOC-00116,2026-09-26 17:34:02,Thyroid Profile,Endocrinology,Normal,,Normal,1122.2,False
BATCH-20260925-007,LAB-000157342,PAT-0008216,ADM-00052542,DOC-00116,2026-10-01 04:27:13,Kidney Function Test,Biochemistry,Normal,,Normal,1147.52,False
BATCH-20260925-007,LAB-000157343,PAT-0008216,ADM-00052542,DOC-00116,2026-09-30 12:13:17,Complete Blood Count,Hematology,Normal,,Normal,736.91,False
BATCH-20260925-007,LAB-000157344,PAT-0001089,ADM-00052543,DOC-00104,2026-09-27 11:47:57,Blood Glucose,Biochemistry,Normal,,Normal,275.08,False
BATCH-20260925-007,LAB-000157345,PAT-0015314,ADM-00052544,DOC-00001,2026-09-26 14:06:06,Liver Function Test,Biochemistry,Normal,,Normal,1346.49,False
BATCH-20260925-007,LAB-000157346,PAT-0015314,ADM-00052544,DOC-00001,2026-09-26 22:01:04,Thyroid Profile,Endocrinology,Normal,,Normal,1051.65,False
BATCH-20260925-007,LAB-000157347,PAT-0022184,ADM-00052545,DOC-00133,2026-09-26 08:05:02,Thyroid Profile,Endocrinology,Normal,,Normal,1161.31,False
BATCH-20260925-007,LAB-000157348,PAT-0022184,ADM-00052545,DOC-00133,2026-09-30 15:51:46,Kidney Function Test,Biochemistry,Normal,,Normal,1265.61,False
BATCH-20260925-007,LAB-000157349,PAT-0022184,ADM-00052545,DOC-00133,2026-09-29 12:15:35,Complete Blood Count,Hematology,Normal,,Normal,692.96,False
BATCH-20260925-007,LAB-000157350,PAT-0018918,ADM-00052546,DOC-00006,2026-09-27 22:49:41,Troponin,Cardiac,Normal,,Normal,1433.72,False
BATCH-20260925-007,LAB-000157351,PAT-0014000,ADM-00052547,DOC-00101,2026-09-25 22:48:18,Urine Routine,Pathology,Abnormal,,Abnormal,404.24,True
BATCH-20260925-007,LAB-000157352,PAT-0014000,ADM-00052547,DOC-00101,2026-09-26 10:24:41,Troponin,Cardiac,Normal,,Normal,1574.72,False
BATCH-20260925-007,LAB-000157353,PAT-0014000,ADM-00052547,DOC-00101,2026-09-25 23:06:02,Lipid Profile,Biochemistry,Normal,,Normal,950.84,False
BATCH-20260925-007,LAB-000157354,PAT-0001094,ADM-00052548,DOC-00109,2026-09-29 19:28:40,Blood Glucose,Biochemistry,Normal,,Normal,299.53,False
BATCH-20260925-007,LAB-000157355,PAT-0016235,ADM-00052549,DOC-00059,2026-09-26 13:51:48,Liver Function Test,Biochemistry,Normal,,Normal,1351.03,False
BATCH-20260925-007,LAB-000157356,PAT-0024892,ADM-00052550,DOC-00094,2026-09-25 19:41:54,Blood Glucose,Biochemistry,Normal,,Normal,292.27,False
BATCH-20260925-007,LAB-000157357,PAT-0017224,ADM-00052551,DOC-00071,2026-09-28 02:24:48,Lipid Profile,Biochemistry,Normal,,Normal,866.97,False
BATCH-20260925-007,LAB-000157358,PAT-0017224,ADM-00052551,DOC-00071,2026-09-27 02:51:22,Liver Function Test,Biochemistry,Normal,,Normal,1435.31,False
BATCH-20260925-007,LAB-000157359,PAT-0017224,ADM-00052551,DOC-00071,2026-09-28 07:40:29,Liver Function Test,Biochemistry,Normal,,Normal,1139.24,False
BATCH-20260925-007,LAB-000157360,PAT-0025542,ADM-00052552,DOC-00135,2026-09-28 02:08:21,Liver Function Test,Biochemistry,Normal,,Normal,1392.09,False
BATCH-20260925-007,LAB-000157361,PAT-0025542,ADM-00052552,DOC-00135,2026-09-26 23:17:20,Thyroid Profile,Endocrinology,Normal,,Normal,1068.2,False
BATCH-20260925-007,LAB-000157362,PAT-0025542,ADM-00052552,DOC-00135,2026-09-28 07:43:44,Troponin,Cardiac,Normal,,Normal,1460.13,False
BATCH-20260925-007,LAB-000157363,PAT-0025542,ADM-00052552,DOC-00135,2026-09-28 20:55:01,Complete Blood Count,Hematology,Abnormal,,Abnormal,756.38,True
BATCH-20260925-007,LAB-000157364,PAT-0025542,ADM-00052552,DOC-00135,2026-09-27 07:07:10,Blood Glucose,Biochemistry,Normal,,Normal,335.07,False
BATCH-20260925-007,LAB-000157365,PAT-0004382,ADM-00052553,DOC-00074,2026-09-28 17:31:40,Thyroid Profile,Endocrinology,Abnormal,,Abnormal,1093.89,True
BATCH-20260925-007,LAB-000157366,PAT-0004382,ADM-00052553,DOC-00074,2026-09-26 14:41:31,Urine Routine,Pathology,Normal,,Normal,353.34,False
BATCH-20260925-007,LAB-000157367,PAT-0004382,ADM-00052553,DOC-00074,2026-09-29 10:19:33,Troponin,Cardiac,Normal,,Normal,1374.09,False
BATCH-20260925-007,LAB-000157368,PAT-0004382,ADM-00052553,DOC-00074,2026-09-28 10:46:35,Lipid Profile,Biochemistry,Normal,,Normal,991.02,False
BATCH-20260925-007,LAB-000157369,PAT-0004382,ADM-00052553,DOC-00074,2026-09-27 15:44:24,Blood Glucose,Biochemistry,Normal,,Normal,317.31,False
BATCH-20260925-007,LAB-000157370,PAT-0012473,ADM-00052554,DOC-00138,2026-09-26 15:49:21,Blood Glucose,Biochemistry,Abnormal,,Abnormal,332.85,True
BATCH-20260925-007,LAB-000157371,PAT-0012473,ADM-00052554,DOC-00138,2026-09-25 06:49:23,Liver Function Test,Biochemistry,Abnormal,,Abnormal,1099.39,True
BATCH-20260925-007,LAB-000157372,PAT-0012473,ADM-00052554,DOC-00138,2026-09-26 11:25:03,Liver Function Test,Biochemistry,Abnormal,,Abnormal,1150.54,True
BATCH-20260925-007,LAB-000157373,PAT-0012473,ADM-00052554,DOC-00138,2026-09-27 06:23:55,Complete Blood Count,Hematology,Normal,,Normal,750.54,False
BATCH-20260925-007,LAB-000157374,PAT-0025214,ADM-00052555,DOC-00091,2026-09-26 09:46:05,Lipid Profile,Biochemistry,Normal,,Normal,925.68,False
BATCH-20260925-007,LAB-000157375,PAT-0025214,ADM-00052555,DOC-00091,2026-09-26 07:29:30,Troponin,Cardiac,Normal,,Normal,1342.85,False
BATCH-20260925-007,LAB-000157376,PAT-0023888,ADM-00052556,DOC-00045,2026-09-25 18:21:53,Thyroid Profile,Endocrinology,Normal,,Normal,1157.71,False
BATCH-20260925-007,LAB-000157377,PAT-0023888,ADM-00052556,DOC-00045,2026-09-27 01:04:16,Complete Blood Count,Hematology,Normal,,Normal,720.14,False
BATCH-20260925-007,LAB-000157378,PAT-0023888,ADM-00052556,DOC-00045,2026-09-28 03:03:05,Blood Glucose,Biochemistry,Normal,,Normal,279.88,False
BATCH-20260925-007,LAB-000157379,PAT-0017325,ADM-00052557,DOC-00147,2026-09-28 06:03:48,Kidney Function Test,Biochemistry,Normal,,Normal,1142.09,False
BATCH-20260925-007,LAB-000157380,PAT-0017325,ADM-00052557,DOC-00147,2026-09-29 15:07:59,Kidney Function Test,Biochemistry,Normal,,Normal,1252.43,False
BATCH-20260925-007,LAB-000157381,PAT-0017325,ADM-00052557,DOC-00147,2026-10-02 03:19:37,Urine Routine,Pathology,Normal,,Normal,340.82,False
BATCH-20260925-007,LAB-000157382,PAT-0017325,ADM-00052557,DOC-00147,2026-10-03 21:17:05,Thyroid Profile,Endocrinology,Abnormal,,Abnormal,993.62,True
BATCH-20260925-007,LAB-000157383,PAT-0002920,ADM-00052558,DOC-00083,2026-09-26 23:56:38,Kidney Function Test,Biochemistry,Normal,,Normal,1194.66,False
BATCH-20260925-007,LAB-000157384,PAT-0002920,ADM-00052558,DOC-00083,2026-09-28 08:21:42,Kidney Function Test,Biochemistry,Normal,,Normal,1273.6,False
BATCH-20260925-007,LAB-000157385,PAT-0002920,ADM-00052558,DOC-00083,2026-09-27 16:02:15,Urine Routine,Pathology,Normal,,Normal,363.4,False
BATCH-20260925-007,LAB-000157386,PAT-0013197,ADM-00052559,DOC-00021,2026-09-26 18:41:58,Lipid Profile,Biochemistry,Normal,,Normal,990.09,False
BATCH-20260925-007,LAB-000157387,PAT-0012494,ADM-00052560,DOC-00124,2026-09-25 08:55:54,Blood Glucose,Biochemistry,Abnormal,,Abnormal,315.16,True
BATCH-20260925-007,LAB-000157388,PAT-0012494,ADM-00052560,DOC-00124,2026-09-25 22:46:02,Liver Function Test,Biochemistry,Abnormal,,Abnormal,1129.72,True
BATCH-20260925-007,LAB-000157389,PAT-0012494,ADM-00052560,DOC-00124,2026-09-26 04:02:17,Lipid Profile,Biochemistry,Normal,,Normal,925.94,False
BATCH-20260925-007,LAB-000157390,PAT-0018848,ADM-00052561,DOC-00128,2026-09-26 01:57:53,Thyroid Profile,Endocrinology,Abnormal,,Abnormal,989.2,True
BATCH-20260925-007,LAB-000157391,PAT-0018848,ADM-00052561,DOC-00128,2026-10-03 11:39:59,Troponin,Cardiac,Normal,,Normal,1456.92,False
BATCH-20260925-007,LAB-000157392,PAT-0018848,ADM-00052561,DOC-00128,2026-10-02 12:33:52,Thyroid Profile,Endocrinology,Abnormal,,Abnormal,929.98,True
BATCH-20260925-007,LAB-000157393,PAT-0018848,ADM-00052561,DOC-00128,2026-09-28 00:08:09,Lipid Profile,Biochemistry,Abnormal,,Abnormal,1056.15,True
BATCH-20260925-007,LAB-000157394,PAT-0018848,ADM-00052561,DOC-00128,2026-10-02 02:05:25,Liver Function Test,Biochemistry,Normal,,Normal,1189.65,False
BATCH-20260925-007,LAB-000157395,PAT-0012843,ADM-00052562,DOC-00077,2026-09-25 04:28:16,Thyroid Profile,Endocrinology,Normal,,Normal,1013.87,False
BATCH-20260925-007,LAB-000157396,PAT-0012843,ADM-00052562,DOC-00077,2026-09-28 18:49:39,Complete Blood Count,Hematology,Normal,,Normal,734.43,False
BATCH-20260925-007,LAB-000157397,PAT-0012843,ADM-00052562,DOC-00077,2026-09-28 16:12:54,Complete Blood Count,Hematology,Normal,,Normal,779.68,False
BATCH-20260925-007,LAB-000157398,PAT-0012843,ADM-00052562,DOC-00077,2026-09-26 15:14:03,Thyroid Profile,Endocrinology,Normal,,Normal,1093.21,False
BATCH-20260925-007,LAB-000157399,PAT-0006349,ADM-00052563,DOC-00135,2026-09-30 03:14:59,Liver Function Test,Biochemistry,Abnormal,,Abnormal,1320.71,True
BATCH-20260925-007,LAB-000157400,PAT-0004625,ADM-00052564,DOC-00078,2026-10-02 01:25:55,Complete Blood Count,Hematology,Abnormal,,Abnormal,682.29,True
BATCH-20260925-007,LAB-000157401,PAT-0004625,ADM-00052564,DOC-00078,2026-09-28 11:41:28,Blood Glucose,Biochemistry,Normal,,Normal,313.75,False
BATCH-20260925-007,LAB-000157402,PAT-0004625,ADM-00052564,DOC-00078,2026-09-30 23:05:36,Kidney Function Test,Biochemistry,Normal,,Normal,1300.04,False
BATCH-20260925-007,LAB-000157403,PAT-0004625,ADM-00052564,DOC-00078,2026-09-30 04:29:01,Troponin,Cardiac,Normal,,Normal,1446.21,False
BATCH-20260925-007,LAB-000157404,PAT-0015174,ADM-00052565,DOC-00020,2026-09-26 00:33:44,Complete Blood Count,Hematology,Normal,,Normal,716.51,False
BATCH-20260925-007,LAB-000157405,PAT-0015174,ADM-00052565,DOC-00020,2026-09-25 20:05:22,Complete Blood Count,Hematology,Abnormal,,Abnormal,699.26,True
BATCH-20260925-007,LAB-000157406,PAT-0015174,ADM-00052565,DOC-00020,2026-09-27 13:40:18,Urine Routine,Pathology,Abnormal,,Abnormal,376.36,True
BATCH-20260925-007,LAB-000157407,PAT-0008827,ADM-00052566,DOC-00078,2026-09-30 11:24:11,Complete Blood Count,Hematology,Normal,,Normal,614.07,False
BATCH-20260925-007,LAB-000157408,PAT-0008827,ADM-00052566,DOC-00078,2026-09-25 03:50:51,Complete Blood Count,Hematology,Normal,,Normal,700.57,False
BATCH-20260925-007,LAB-000157409,PAT-0013816,ADM-00052567,DOC-00112,2026-09-27 10:00:08,Urine Routine,Pathology,Normal,,Normal,368.56,False
BATCH-20260925-007,LAB-000157410,PAT-0013816,ADM-00052567,DOC-00112,2026-09-27 02:30:13,Liver Function Test,Biochemistry,Normal,,Normal,1192.3,False
BATCH-20260925-007,LAB-000157411,PAT-0013816,ADM-00052567,DOC-00112,2026-09-25 16:18:44,Troponin,Cardiac,Normal,,Normal,1410.92,False
BATCH-20260925-007,LAB-000157412,PAT-0013816,ADM-00052567,DOC-00112,2026-09-25 18:43:42,Lipid Profile,Biochemistry,Normal,,Normal,849.12,False
BATCH-20260925-007,LAB-000157413,PAT-0017458,ADM-00052568,DOC-00041,2026-09-28 21:43:30,Urine Routine,Pathology,Normal,,Normal,375.3,False
BATCH-20260925-007,LAB-000157414,PAT-0017458,ADM-00052568,DOC-00041,2026-09-28 19:13:58,Complete Blood Count,Hematology,Normal,,Normal,778.25,False
BATCH-20260925-007,LAB-000157415,PAT-0010255,ADM-00052569,DOC-00018,2026-09-27 00:59:01,Thyroid Profile,Endocrinology,Normal,,Normal,987.67,False
BATCH-20260925-007,LAB-000157416,PAT-0010255,ADM-00052569,DOC-00018,2026-09-25 07:30:49,Thyroid Profile,Endocrinology,Normal,,Normal,1040.14,False
BATCH-20260925-007,LAB-000157417,PAT-0010255,ADM-00052569,DOC-00018,2026-09-26 06:48:19,Complete Blood Count,Hematology,Normal,,Normal,674.1,False
BATCH-20260925-007,LAB-000157418,PAT-0002779,ADM-00052570,DOC-00067,2026-09-30 19:23:22,Troponin,Cardiac,Normal,,Normal,1286.59,False
BATCH-20260925-007,LAB-000157419,PAT-0002779,ADM-00052570,DOC-00067,2026-09-30 20:57:02,Liver Function Test,Biochemistry,Abnormal,,Abnormal,1227.26,True
BATCH-20260925-007,LAB-000157420,PAT-0002779,ADM-00052570,DOC-00067,2026-09-27 00:24:18,Troponin,Cardiac,Normal,,Normal,1519.32,False
BATCH-20260925-007,LAB-000157421,PAT-0002779,ADM-00052570,DOC-00067,2026-09-29 07:42:34,Thyroid Profile,Endocrinology,Normal,,Normal,951.83,False
BATCH-20260925-007,LAB-000157422,PAT-0015521,ADM-00052571,DOC-00007,2026-09-29 12:10:46,Urine Routine,Pathology,Abnormal,,Abnormal,391.72,True
BATCH-20260925-007,LAB-000157423,PAT-0015521,ADM-00052571,DOC-00007,2026-09-25 16:35:37,Troponin,Cardiac,Normal,,Normal,1655.95,False
BATCH-20260925-007,LAB-000157424,PAT-0015521,ADM-00052571,DOC-00007,2026-09-25 10:24:55,Complete Blood Count,Hematology,Normal,,Normal,778.0,False
BATCH-20260925-007,LAB-000157425,PAT-0015521,ADM-00052571,DOC-00007,2026-09-30 20:14:24,Liver Function Test,Biochemistry,Normal,,Normal,1235.49,False
BATCH-20260925-007,LAB-000157426,PAT-0015521,ADM-00052571,DOC-00007,2026-09-29 10:04:25,Kidney Function Test,Biochemistry,Abnormal,,Abnormal,1029.6,True
BATCH-20260925-007,LAB-000157427,PAT-0008383,ADM-00052572,DOC-00111,2026-09-26 09:50:01,Thyroid Profile,Endocrinology,Normal,,Normal,984.35,False
BATCH-20260925-007,LAB-000157428,PAT-0008383,ADM-00052572,DOC-00111,2026-09-27 08:50:42,Lipid Profile,Biochemistry,Abnormal,,Abnormal,866.14,True
BATCH-20260925-007,LAB-000157429,PAT-0008383,ADM-00052572,DOC-00111,2026-09-28 18:41:20,Complete Blood Count,Hematology,Normal,,Normal,627.94,False
BATCH-20260925-007,LAB-000157430,PAT-0008383,ADM-00052572,DOC-00111,2026-09-25 21:59:32,Troponin,Cardiac,Abnormal,,Abnormal,1311.73,True
BATCH-20260925-007,LAB-000157431,PAT-0000999,ADM-00052573,DOC-00003,2026-09-26 16:16:10,Kidney Function Test,Biochemistry,Normal,,Normal,1047.13,False
BATCH-20260925-007,LAB-000157432,PAT-0000999,ADM-00052573,DOC-00003,2026-09-25 18:09:49,Thyroid Profile,Endocrinology,Normal,,Normal,1191.52,False
BATCH-20260925-007,LAB-000157433,PAT-0008446,ADM-00052574,DOC-00084,2026-09-26 18:51:46,Thyroid Profile,Endocrinology,Normal,,Normal,1142.28,False
BATCH-20260925-007,LAB-000157434,PAT-0008446,ADM-00052574,DOC-00084,2026-09-27 10:08:59,Lipid Profile,Biochemistry,Normal,,Normal,962.59,False
BATCH-20260925-007,LAB-000157435,PAT-0008446,ADM-00052574,DOC-00084,2026-09-26 06:24:52,Complete Blood Count,Hematology,Normal,,Normal,762.86,False
BATCH-20260925-007,LAB-000157436,PAT-0008446,ADM-00052574,DOC-00084,2026-09-26 18:11:22,Lipid Profile,Biochemistry,Normal,,Normal,866.98,False
BATCH-20260925-007,LAB-000157437,PAT-0017877,ADM-00052575,DOC-00012,2026-10-06 12:47:01,Troponin,Cardiac,Abnormal,,Abnormal,1405.23,True
BATCH-20260925-007,LAB-000157438,PAT-0017877,ADM-00052575,DOC-00012,2026-10-03 06:13:38,Lipid Profile,Biochemistry,Abnormal,,Abnormal,1056.19,True
BATCH-20260925-007,LAB-000157439,PAT-0017877,ADM-00052575,DOC-00012,2026-09-29 00:50:56,Liver Function Test,Biochemistry,Normal,,Normal,1115.09,False
BATCH-20260925-007,LAB-000157440,PAT-0017877,ADM-00052575,DOC-00012,2026-10-01 21:32:22,Lipid Profile,Biochemistry,Normal,,Normal,1050.75,False
BATCH-20260925-007,LAB-000157441,PAT-0010091,ADM-00052576,DOC-00131,2026-09-26 08:44:15,Urine Routine,Pathology,Abnormal,,Abnormal,396.93,True
BATCH-20260925-007,LAB-000157442,PAT-0000688,ADM-00052577,DOC-00049,2026-09-26 13:27:15,Lipid Profile,Biochemistry,Normal,,Normal,998.15,False
BATCH-20260925-007,LAB-000157443,PAT-0002166,ADM-00052578,DOC-00140,2026-09-28 13:11:00,Complete Blood Count,Hematology,Abnormal,,Abnormal,674.66,True
BATCH-20260925-007,LAB-000157444,PAT-0002166,ADM-00052578,DOC-00140,2026-09-26 18:56:50,Blood Glucose,Biochemistry,Normal,,Normal,278.44,False
BATCH-20260925-007,LAB-000157445,PAT-0002166,ADM-00052578,DOC-00140,2026-09-29 01:34:50,Thyroid Profile,Endocrinology,Normal,,Normal,1101.64,False
BATCH-20260925-007,LAB-000157446,PAT-0002166,ADM-00052578,DOC-00140,2026-09-28 09:12:53,Liver Function Test,Biochemistry,Abnormal,,Abnormal,1221.99,True
BATCH-20260925-007,LAB-000157447,PAT-0002560,ADM-00052579,DOC-00119,2026-09-25 12:24:09,Thyroid Profile,Endocrinology,Normal,,Normal,1056.51,False
BATCH-20260925-007,LAB-000157448,PAT-0002560,ADM-00052579,DOC-00119,2026-09-25 18:01:35,Urine Routine,Pathology,Normal,,Normal,390.56,False
BATCH-20260925-007,LAB-000157449,PAT-0002560,ADM-00052579,DOC-00119,2026-09-26 02:28:54,Urine Routine,Pathology,Normal,,Normal,404.46,False
BATCH-20260925-007,LAB-000157450,PAT-0002560,ADM-00052579,DOC-00119,2026-09-25 14:01:38,Urine Routine,Pathology,Normal,,Normal,328.18,False
BATCH-20260925-007,LAB-000157451,PAT-0002560,ADM-00052579,DOC-00119,2026-09-26 04:28:17,Liver Function Test,Biochemistry,Normal,,Normal,1389.89,False
BATCH-20260925-007,LAB-000157452,PAT-0001778,ADM-00052580,DOC-00044,2026-09-27 01:25:28,Troponin,Cardiac,Normal,,Normal,1375.71,False
BATCH-20260925-007,LAB-000157453,PAT-0001778,ADM-00052580,DOC-00044,2026-09-27 10:47:30,Liver Function Test,Biochemistry,Normal,,Normal,1323.51,False
BATCH-20260925-007,LAB-000157454,PAT-0022806,ADM-00052581,DOC-00148,2026-09-27 11:45:48,Complete Blood Count,Hematology,Normal,,Normal,726.3,False
BATCH-20260925-007,LAB-000157455,PAT-0022806,ADM-00052581,DOC-00148,2026-09-26 11:08:23,Blood Glucose,Biochemistry,Abnormal,,Abnormal,291.76,True
BATCH-20260925-007,LAB-000157456,PAT-0022806,ADM-00052581,DOC-00148,2026-09-26 10:21:16,Kidney Function Test,Biochemistry,Normal,,Normal,1296.94,False
BATCH-20260925-007,LAB-000157457,PAT-0022806,ADM-00052581,DOC-00148,2026-09-27 17:40:03,Liver Function Test,Biochemistry,Abnormal,,Abnormal,1212.88,True
BATCH-20260925-007,LAB-000157458,PAT-0022806,ADM-00052581,DOC-00148,2026-09-29 11:36:26,Urine Routine,Pathology,Normal,,Normal,368.67,False
BATCH-20260925-007,LAB-000157459,PAT-0003943,ADM-00052582,DOC-00103,2026-09-27 14:16:30,Liver Function Test,Biochemistry,Normal,,Normal,1298.83,False
BATCH-20260925-007,LAB-000157460,PAT-0003943,ADM-00052582,DOC-00103,2026-09-27 11:27:57,Lipid Profile,Biochemistry,Normal,,Normal,969.66,False
BATCH-20260925-007,LAB-000157461,PAT-0001861,ADM-00052583,DOC-00100,2026-09-27 01:13:09,Blood Glucose,Biochemistry,Normal,,Normal,288.07,False
BATCH-20260925-007,LAB-000157462,PAT-0001861,ADM-00052583,DOC-00100,2026-09-28 10:49:18,Kidney Function Test,Biochemistry,Normal,,Normal,1100.45,False
BATCH-20260925-007,LAB-000157463,PAT-0001861,ADM-00052583,DOC-00100,2026-09-25 17:34:21,Urine Routine,Pathology,Normal,,Normal,379.21,False
BATCH-20260925-007,LAB-000157464,PAT-0001861,ADM-00052583,DOC-00100,2026-09-27 11:36:28,Urine Routine,Pathology,Normal,,Normal,358.97,False
BATCH-20260925-007,LAB-000157465,PAT-0003967,ADM-00052584,DOC-00147,2026-09-25 20:59:21,Urine Routine,Pathology,Normal,,Normal,416.46,False
BATCH-20260925-007,LAB-000157466,PAT-0003967,ADM-00052584,DOC-00147,2026-09-26 10:43:16,Kidney Function Test,Biochemistry,Normal,,Normal,1127.15,False
BATCH-20260925-007,LAB-000157467,PAT-0003967,ADM-00052584,DOC-00147,2026-09-26 14:40:43,Blood Glucose,Biochemistry,Abnormal,,Abnormal,275.51,True
BATCH-20260925-007,LAB-000157468,PAT-0003967,ADM-00052584,DOC-00147,2026-09-26 09:45:02,Kidney Function Test,Biochemistry,Normal,,Normal,1054.71,False
BATCH-20260925-007,LAB-000157469,PAT-0003967,ADM-00052584,DOC-00147,2026-09-26 16:47:13,Blood Glucose,Biochemistry,Normal,,Normal,301.16,False
BATCH-20260925-007,LAB-000157470,PAT-0010750,ADM-00052585,DOC-00051,2026-09-25 16:15:16,Blood Glucose,Biochemistry,Abnormal,,Abnormal,321.4,True
BATCH-20260925-007,LAB-000157471,PAT-0010750,ADM-00052585,DOC-00051,2026-09-29 19:54:51,Thyroid Profile,Endocrinology,Normal,,Normal,1005.71,False
BATCH-20260925-007,LAB-000157472,PAT-0017278,ADM-00052586,DOC-00003,2026-10-01 10:15:19,Complete Blood Count,Hematology,Normal,,Normal,688.01,False
BATCH-20260925-007,LAB-000157473,PAT-0017278,ADM-00052586,DOC-00003,2026-09-26 00:40:56,Troponin,Cardiac,Abnormal,,Abnormal,1290.18,True
BATCH-20260925-007,LAB-000157474,PAT-0017278,ADM-00052586,DOC-00003,2026-09-27 11:13:02,Kidney Function Test,Biochemistry,Abnormal,,Abnormal,1181.9,True
BATCH-20260925-007,LAB-000157475,PAT-0017278,ADM-00052586,DOC-00003,2026-09-29 22:35:58,Complete Blood Count,Hematology,Normal,,Normal,741.33,False
BATCH-20260925-007,LAB-000157476,PAT-0017278,ADM-00052586,DOC-00003,2026-10-06 15:16:37,Urine Routine,Pathology,Abnormal,,Abnormal,403.08,True
BATCH-20260925-007,LAB-000157477,PAT-0008134,ADM-00052587,DOC-00092,2026-09-26 00:06:37,Kidney Function Test,Biochemistry,Normal,,Normal,1041.04,False
BATCH-20260925-007,LAB-000157478,PAT-0008134,ADM-00052587,DOC-00092,2026-09-25 08:23:36,Complete Blood Count,Hematology,Abnormal,,Abnormal,678.84,True
BATCH-20260925-007,LAB-000157479,PAT-0005758,ADM-00052588,DOC-00006,2026-09-27 02:17:25,Liver Function Test,Biochemistry,Normal,,Normal,1157.84,False
BATCH-20260925-007,LAB-000157480,PAT-0005758,ADM-00052588,DOC-00006,2026-09-29 12:52:08,Complete Blood Count,Hematology,Normal,,Normal,764.82,False
BATCH-20260925-007,LAB-000157481,PAT-0005758,ADM-00052588,DOC-00006,2026-09-25 20:11:09,Liver Function Test,Biochemistry,Normal,,Normal,1233.55,False
BATCH-20260925-007,LAB-000157482,PAT-0005758,ADM-00052588,DOC-00006,2026-09-27 13:46:58,Thyroid Profile,Endocrinology,Normal,,Normal,943.97,False
BATCH-20260925-007,LAB-000157483,PAT-0002487,ADM-00052589,DOC-00030,2026-09-27 03:33:08,Blood Glucose,Biochemistry,Normal,,Normal,324.76,False
BATCH-20260925-007,LAB-000157484,PAT-0002487,ADM-00052589,DOC-00030,2026-09-28 08:44:54,Complete Blood Count,Hematology,Abnormal,,Abnormal,718.21,True
BATCH-20260925-007,LAB-000157485,PAT-0023883,ADM-00052590,DOC-00037,2026-09-28 06:30:51,Liver Function Test,Biochemistry,Normal,,Normal,1312.83,False
BATCH-20260925-007,LAB-000157486,PAT-0003330,ADM-00052591,DOC-00037,2026-09-28 14:34:41,Urine Routine,Pathology,Normal,,Normal,370.16,False
BATCH-20260925-007,LAB-000157487,PAT-0003330,ADM-00052591,DOC-00037,2026-09-29 20:47:57,Liver Function Test,Biochemistry,Normal,,Normal,1348.34,False
BATCH-20260925-007,LAB-000157488,PAT-0003330,ADM-00052591,DOC-00037,2026-09-29 17:20:45,Blood Glucose,Biochemistry,Abnormal,,Abnormal,342.91,True
BATCH-20260925-007,LAB-000157489,PAT-0003330,ADM-00052591,DOC-00037,2026-09-26 08:57:33,Liver Function Test,Biochemistry,Normal,,Normal,1244.12,False
BATCH-20260925-007,LAB-000157490,PAT-0005769,ADM-00052592,DOC-00112,2026-09-26 09:08:21,Liver Function Test,Biochemistry,Abnormal,,Abnormal,1082.81,True
BATCH-20260925-007,LAB-000157491,PAT-0005769,ADM-00052592,DOC-00112,2026-09-26 00:44:09,Liver Function Test,Biochemistry,Normal,,Normal,1189.98,False
BATCH-20260925-007,LAB-000157492,PAT-0005769,ADM-00052592,DOC-00112,2026-09-26 00:46:08,Thyroid Profile,Endocrinology,Normal,,Normal,1189.74,False
BATCH-20260925-007,LAB-000157493,PAT-0004288,ADM-00052593,DOC-00018,2026-09-26 06:18:13,Thyroid Profile,Endocrinology,Normal,,Normal,1070.91,False
BATCH-20260925-007,LAB-000157494,PAT-0004288,ADM-00052593,DOC-00018,2026-09-26 18:11:41,Urine Routine,Pathology,Normal,,Normal,369.92,False
BATCH-20260925-007,LAB-000157495,PAT-0004288,ADM-00052593,DOC-00018,2026-09-28 01:06:30,Troponin,Cardiac,Normal,,Normal,1672.65,False
BATCH-20260925-007,LAB-000157496,PAT-0004288,ADM-00052593,DOC-00018,2026-09-28 13:00:25,Thyroid Profile,Endocrinology,Normal,,Normal,901.5,False
BATCH-20260925-007,LAB-000157497,PAT-0008805,ADM-00052594,DOC-00090,2026-09-27 18:24:22,Liver Function Test,Biochemistry,Normal,,Normal,1281.95,False
BATCH-20260925-007,LAB-000157498,PAT-0008805,ADM-00052594,DOC-00090,2026-09-26 12:36:35,Complete Blood Count,Hematology,Normal,,Normal,605.01,False
BATCH-20260925-007,LAB-000157499,PAT-0008805,ADM-00052594,DOC-00090,2026-09-26 09:45:06,Blood Glucose,Biochemistry,Abnormal,,Abnormal,343.57,True
BATCH-20260925-007,LAB-000157500,PAT-0023441,ADM-00052595,DOC-00045,2026-09-26 11:59:53,Thyroid Profile,Endocrinology,Normal,,Normal,1032.76,False
BATCH-20260925-007,LAB-000157501,PAT-0023441,ADM-00052595,DOC-00045,2026-09-25 21:21:13,Troponin,Cardiac,Normal,,Normal,1678.99,False
BATCH-20260925-007,LAB-000157502,PAT-0023441,ADM-00052595,DOC-00045,2026-09-26 03:15:14,Kidney Function Test,Biochemistry,Normal,,Normal,1003.23,False
BATCH-20260925-007,LAB-000157503,PAT-0002131,ADM-00052596,DOC-00029,2026-10-01 08:58:42,Kidney Function Test,Biochemistry,Abnormal,,Abnormal,1220.83,True
BATCH-20260925-007,LAB-000157504,PAT-0002131,ADM-00052596,DOC-00029,2026-09-26 07:01:01,Liver Function Test,Biochemistry,Abnormal,,Abnormal,1229.2,True
BATCH-20260925-007,LAB-000157505,PAT-0013318,ADM-00052597,DOC-00076,2026-09-29 16:06:38,Kidney Function Test,Biochemistry,Normal,,Normal,1010.55,False
BATCH-20260925-007,LAB-000157506,PAT-0002967,ADM-00052598,DOC-00097,2026-09-26 08:07:46,Liver Function Test,Biochemistry,Normal,,Normal,1294.67,False
BATCH-20260925-007,LAB-000157507,PAT-0002967,ADM-00052598,DOC-00097,2026-09-27 06:46:06,Troponin,Cardiac,Normal,,Normal,1416.82,False
BATCH-20260925-007,LAB-000157508,PAT-0020334,ADM-00052599,DOC-00092,2026-09-27 22:18:48,Kidney Function Test,Biochemistry,Normal,,Normal,1214.68,False
BATCH-20260925-007,LAB-000157509,PAT-0020334,ADM-00052599,DOC-00092,2026-09-28 15:29:46,Troponin,Cardiac,Normal,,Normal,1547.59,False
BATCH-20260925-007,LAB-000157510,PAT-0020334,ADM-00052599,DOC-00092,2026-09-27 08:25:08,Urine Routine,Pathology,Normal,,Normal,369.22,False
BATCH-20260925-007,LAB-000157511,PAT-0010810,ADM-00052600,DOC-00071,2026-09-28 12:52:21,Urine Routine,Pathology,Normal,,Normal,350.5,False
BATCH-20260925-007,LAB-000157512,PAT-0020313,ADM-00052601,DOC-00140,2026-09-27 20:32:52,Troponin,Cardiac,Normal,,Normal,1534.6,False
BATCH-20260925-007,LAB-000157513,PAT-0020313,ADM-00052601,DOC-00140,2026-09-28 11:12:31,Kidney Function Test,Biochemistry,Normal,,Normal,993.14,False
BATCH-20260925-007,LAB-000157514,PAT-0020313,ADM-00052601,DOC-00140,2026-09-29 12:55:48,Complete Blood Count,Hematology,Normal,,Normal,592.65,False
BATCH-20260925-007,LAB-000157515,PAT-0006186,ADM-00052602,DOC-00020,2026-09-27 14:09:04,Blood Glucose,Biochemistry,Normal,,Normal,321.67,False
BATCH-20260925-007,LAB-000157516,PAT-0006186,ADM-00052602,DOC-00020,2026-09-27 13:51:49,Lipid Profile,Biochemistry,Normal,,Normal,1079.32,False
BATCH-20260925-007,LAB-000157517,PAT-0006186,ADM-00052602,DOC-00020,2026-09-28 09:10:01,Thyroid Profile,Endocrinology,Normal,,Normal,912.51,False
BATCH-20260925-007,LAB-000157518,PAT-0012930,ADM-00052603,DOC-00032,2026-10-02 10:38:05,Liver Function Test,Biochemistry,Normal,,Normal,1395.52,False
BATCH-20260925-007,LAB-000157519,PAT-0012930,ADM-00052603,DOC-00032,2026-09-27 22:53:05,Kidney Function Test,Biochemistry,Normal,,Normal,1289.02,False
BATCH-20260925-007,LAB-000157520,PAT-0012930,ADM-00052603,DOC-00032,2026-09-26 10:29:27,Troponin,Cardiac,Normal,,Normal,1597.01,False
BATCH-20260925-007,LAB-000157521,PAT-0025409,ADM-00052604,DOC-00032,2026-09-26 09:29:02,Kidney Function Test,Biochemistry,Normal,,Normal,1226.82,False
BATCH-20260925-007,LAB-000157522,PAT-0025409,ADM-00052604,DOC-00032,2026-09-27 15:57:54,Thyroid Profile,Endocrinology,Normal,,Normal,1093.01,False
BATCH-20260925-007,LAB-000157523,PAT-0025409,ADM-00052604,DOC-00032,2026-09-25 22:07:54,Troponin,Cardiac,Normal,,Normal,1536.46,False
BATCH-20260925-007,LAB-000157524,PAT-0025409,ADM-00052604,DOC-00032,2026-09-27 08:19:27,Urine Routine,Pathology,Abnormal,,Abnormal,354.15,True
BATCH-20260925-007,LAB-000157525,PAT-0005005,ADM-00052605,DOC-00061,2026-09-26 14:57:05,Kidney Function Test,Biochemistry,Normal,,Normal,1292.06,False
BATCH-20260925-007,LAB-000157526,PAT-0001262,ADM-00052606,DOC-00107,2026-10-08 07:14:43,Complete Blood Count,Hematology,Normal,,Normal,732.82,False
BATCH-20260925-007,LAB-000157527,PAT-0001262,ADM-00052606,DOC-00107,2026-10-01 06:00:27,Urine Routine,Pathology,Normal,,Normal,408.78,False
BATCH-20260925-007,LAB-000157528,PAT-0001262,ADM-00052606,DOC-00107,2026-10-07 02:36:12,Liver Function Test,Biochemistry,Normal,,Normal,1302.47,False
BATCH-20260925-007,LAB-000157529,PAT-0005225,ADM-00052607,DOC-00021,2026-09-25 21:15:48,Thyroid Profile,Endocrinology,Abnormal,,Abnormal,1191.48,True
BATCH-20260925-007,LAB-000157530,PAT-0005896,ADM-00052608,DOC-00101,2026-09-26 11:13:32,Troponin,Cardiac,Normal,,Normal,1551.16,False
BATCH-20260925-007,LAB-000157531,PAT-0013034,ADM-00052609,DOC-00144,2026-09-25 23:48:40,Liver Function Test,Biochemistry,Normal,,Normal,1147.55,False
BATCH-20260925-007,LAB-000157532,PAT-0013034,ADM-00052609,DOC-00144,2026-09-25 22:55:37,Kidney Function Test,Biochemistry,Normal,,Normal,998.05,False
BATCH-20260925-007,LAB-000157533,PAT-0013034,ADM-00052609,DOC-00144,2026-09-26 17:38:43,Liver Function Test,Biochemistry,Normal,,Normal,1373.29,False
BATCH-20260925-007,LAB-000157534,PAT-0013034,ADM-00052609,DOC-00144,2026-09-25 21:31:47,Liver Function Test,Biochemistry,Abnormal,,Abnormal,1174.49,True
BATCH-20260925-007,LAB-000157535,PAT-0013034,ADM-00052609,DOC-00144,2026-09-26 17:20:07,Kidney Function Test,Biochemistry,Normal,,Normal,1247.37,False
BATCH-20260925-007,LAB-000157536,PAT-0006906,ADM-00052610,DOC-00048,2026-09-30 15:40:32,Kidney Function Test,Biochemistry,Normal,,Normal,1018.22,False
BATCH-20260925-007,LAB-000157537,PAT-0006906,ADM-00052610,DOC-00048,2026-09-28 08:34:05,Urine Routine,Pathology,Normal,,Normal,317.6,False
BATCH-20260925-007,LAB-000157538,PAT-0006906,ADM-00052610,DOC-00048,2026-09-27 21:30:25,Kidney Function Test,Biochemistry,Normal,,Normal,1291.46,False
BATCH-20260925-007,LAB-000157539,PAT-0006906,ADM-00052610,DOC-00048,2026-09-28 20:16:40,Complete Blood Count,Hematology,Normal,,Normal,726.92,False
BATCH-20260925-007,LAB-000157540,PAT-0006906,ADM-00052610,DOC-00048,2026-09-27 06:41:28,Complete Blood Count,Hematology,Abnormal,,Abnormal,684.92,True
BATCH-20260925-007,LAB-000157541,PAT-0013159,ADM-00052611,DOC-00070,2026-09-25 20:21:07,Kidney Function Test,Biochemistry,Normal,,Normal,1220.1,False
BATCH-20260925-007,LAB-000157542,PAT-0013159,ADM-00052611,DOC-00070,2026-09-27 13:50:39,Kidney Function Test,Biochemistry,Abnormal,,Abnormal,991.72,True
BATCH-20260925-007,LAB-000157543,PAT-0013159,ADM-00052611,DOC-00070,2026-09-26 22:11:30,Troponin,Cardiac,Normal,,Normal,1581.32,False
BATCH-20260925-007,LAB-000157544,PAT-0013159,ADM-00052611,DOC-00070,2026-09-27 23:15:54,Kidney Function Test,Biochemistry,Normal,,Normal,1043.07,False
BATCH-20260925-007,LAB-000157545,PAT-0011682,ADM-00052612,DOC-00063,2026-09-25 19:19:09,Complete Blood Count,Hematology,Abnormal,,Abnormal,776.4,True
BATCH-20260925-007,LAB-000157546,PAT-0011682,ADM-00052612,DOC-00063,2026-10-02 09:27:08,Urine Routine,Pathology,Normal,,Normal,383.06,False
BATCH-20260925-007,LAB-000157547,PAT-0011682,ADM-00052612,DOC-00063,2026-09-27 18:25:44,Urine Routine,Pathology,Normal,,Normal,369.36,False
BATCH-20260925-007,LAB-000157548,PAT-0011682,ADM-00052612,DOC-00063,2026-10-04 04:35:43,Urine Routine,Pathology,Normal,,Normal,404.09,False
BATCH-20260925-007,LAB-000157549,PAT-0006274,ADM-00052613,DOC-00093,2026-10-06 01:56:16,Troponin,Cardiac,Normal,,Normal,1430.3,False
BATCH-20260925-007,LAB-000157550,PAT-0006274,ADM-00052613,DOC-00093,2026-10-01 14:28:55,Troponin,Cardiac,Normal,,Normal,1670.19,False
BATCH-20260925-007,LAB-000157551,PAT-0006274,ADM-00052613,DOC-00093,2026-09-29 16:03:00,Blood Glucose,Biochemistry,Normal,,Normal,310.28,False
BATCH-20260925-007,LAB-000157552,PAT-0006274,ADM-00052613,DOC-00093,2026-09-26 20:58:53,Blood Glucose,Biochemistry,Abnormal,,Abnormal,333.09,True
BATCH-20260925-007,LAB-000157553,PAT-0006274,ADM-00052613,DOC-00093,2026-10-02 00:49:19,Kidney Function Test,Biochemistry,Normal,,Normal,1104.73,False
BATCH-20260925-007,LAB-000157554,PAT-0006414,ADM-00052614,DOC-00085,2026-10-08 08:52:10,Blood Glucose,Biochemistry,Normal,,Normal,337.99,False
BATCH-20260925-007,LAB-000157555,PAT-0006414,ADM-00052614,DOC-00085,2026-10-05 11:42:35,Liver Function Test,Biochemistry,Normal,,Normal,1116.74,False
BATCH-20260925-007,LAB-000157556,PAT-0006414,ADM-00052614,DOC-00085,2026-10-01 00:19:34,Urine Routine,Pathology,Abnormal,,Abnormal,379.65,True
BATCH-20260925-007,LAB-000157557,PAT-0018513,ADM-00052615,DOC-00128,2026-09-28 19:09:46,Complete Blood Count,Hematology,Normal,,Normal,754.61,False
BATCH-20260925-007,LAB-000157558,PAT-0024856,ADM-00052616,DOC-00144,2026-10-01 22:07:33,Liver Function Test,Biochemistry,Normal,,Normal,1200.24,False
BATCH-20260925-007,LAB-000157559,PAT-0022494,ADM-00052617,DOC-00099,2026-09-25 11:11:31,Troponin,Cardiac,Normal,,Normal,1466.22,False
BATCH-20260925-007,LAB-000157560,PAT-0022494,ADM-00052617,DOC-00099,2026-09-28 00:35:57,Thyroid Profile,Endocrinology,Normal,,Normal,1059.22,False
BATCH-20260925-007,LAB-000157561,PAT-0022494,ADM-00052617,DOC-00099,2026-09-27 03:19:52,Blood Glucose,Biochemistry,Abnormal,,Abnormal,288.28,True
BATCH-20260925-007,LAB-000157562,PAT-0022494,ADM-00052617,DOC-00099,2026-09-25 07:57:50,Troponin,Cardiac,Normal,,Normal,1457.29,False
BATCH-20260925-007,LAB-000157563,PAT-0017716,ADM-00052618,DOC-00090,2026-09-28 08:25:56,Kidney Function Test,Biochemistry,Abnormal,,Abnormal,1125.35,True
BATCH-20260925-007,LAB-000157564,PAT-0017716,ADM-00052618,DOC-00090,2026-09-26 17:46:49,Kidney Function Test,Biochemistry,Normal,,Normal,1255.08,False
BATCH-20260925-007,LAB-000157565,PAT-0017716,ADM-00052618,DOC-00090,2026-09-27 22:30:36,Kidney Function Test,Biochemistry,Normal,,Normal,1188.28,False
BATCH-20260925-007,LAB-000157566,PAT-0017716,ADM-00052618,DOC-00090,2026-09-26 19:22:52,Troponin,Cardiac,Normal,,Normal,1350.01,False
BATCH-20260925-007,LAB-000157567,PAT-0017716,ADM-00052618,DOC-00090,2026-09-25 20:39:55,Urine Routine,Pathology,Normal,,Normal,337.04,False
BATCH-20260925-007,LAB-000157568,PAT-0023069,ADM-00052619,DOC-00105,2026-09-26 18:51:24,Thyroid Profile,Endocrinology,Normal,,Normal,1061.56,False
BATCH-20260925-007,LAB-000157569,PAT-0023069,ADM-00052619,DOC-00105,2026-09-29 11:52:14,Kidney Function Test,Biochemistry,Normal,,Normal,1115.25,False
BATCH-20260925-007,LAB-000157570,PAT-0023069,ADM-00052619,DOC-00105,2026-09-26 02:56:39,Thyroid Profile,Endocrinology,Normal,,Normal,978.01,False
BATCH-20260925-007,LAB-000157571,PAT-0018456,ADM-00052620,DOC-00021,2026-09-27 16:30:03,Troponin,Cardiac,Normal,,Normal,1591.57,False
BATCH-20260925-007,LAB-000157572,PAT-0018456,ADM-00052620,DOC-00021,2026-09-27 20:23:18,Complete Blood Count,Hematology,Normal,,Normal,622.68,False
BATCH-20260925-007,LAB-000157573,PAT-0024366,ADM-00052621,DOC-00121,2026-09-26 07:35:30,Lipid Profile,Biochemistry,Abnormal,,Abnormal,998.47,True
BATCH-20260925-007,LAB-000157574,PAT-0024366,ADM-00052621,DOC-00121,2026-09-26 14:16:12,Urine Routine,Pathology,Normal,,Normal,382.89,False
BATCH-20260925-007,LAB-000157575,PAT-0024366,ADM-00052621,DOC-00121,2026-09-26 22:11:29,Lipid Profile,Biochemistry,Normal,,Normal,1011.36,False
BATCH-20260925-007,LAB-000157576,PAT-0024366,ADM-00052621,DOC-00121,2026-09-26 05:43:06,Urine Routine,Pathology,Normal,,Normal,318.99,False
BATCH-20260925-007,LAB-000157577,PAT-0005215,ADM-00052622,DOC-00025,2026-09-28 15:52:23,Liver Function Test,Biochemistry,Normal,,Normal,1306.47,False
BATCH-20260925-007,LAB-000157578,PAT-0012500,ADM-00052623,DOC-00030,2026-09-26 15:40:30,Blood Glucose,Biochemistry,Abnormal,,Abnormal,328.61,True
BATCH-20260925-007,LAB-000157579,PAT-0012500,ADM-00052623,DOC-00030,2026-10-04 18:45:44,Lipid Profile,Biochemistry,Normal,,Normal,1076.07,False
BATCH-20260925-007,LAB-000157580,PAT-0012500,ADM-00052623,DOC-00030,2026-09-30 20:03:37,Kidney Function Test,Biochemistry,Abnormal,,Abnormal,1137.57,True
BATCH-20260925-007,LAB-000157581,PAT-0012500,ADM-00052623,DOC-00030,2026-10-02 11:44:40,Kidney Function Test,Biochemistry,Normal,,Normal,1101.95,False
BATCH-20260925-007,LAB-000157582,PAT-0014691,ADM-00052624,DOC-00092,2026-09-27 13:54:38,Kidney Function Test,Biochemistry,Normal,,Normal,1001.26,False
BATCH-20260925-007,LAB-000157583,PAT-0014691,ADM-00052624,DOC-00092,2026-09-28 00:26:32,Lipid Profile,Biochemistry,Abnormal,,Abnormal,1067.76,True
BATCH-20260925-007,LAB-000157584,PAT-0014691,ADM-00052624,DOC-00092,2026-09-27 20:50:29,Urine Routine,Pathology,Normal,,Normal,373.21,False
BATCH-20260925-007,LAB-000157585,PAT-0014691,ADM-00052624,DOC-00092,2026-09-29 15:06:45,Kidney Function Test,Biochemistry,Normal,,Normal,1091.16,False
BATCH-20260925-007,LAB-000157586,PAT-0023002,ADM-00052625,DOC-00036,2026-09-26 22:34:55,Troponin,Cardiac,Normal,,Normal,1544.92,False
BATCH-20260925-007,LAB-000157587,PAT-0023002,ADM-00052625,DOC-00036,2026-09-26 17:00:08,Troponin,Cardiac,Normal,,Normal,1569.88,False
BATCH-20260925-007,LAB-000157588,PAT-0003888,ADM-00052626,DOC-00100,2026-09-27 00:13:46,Complete Blood Count,Hematology,Normal,,Normal,735.83,False
BATCH-20260925-007,LAB-000157589,PAT-0003888,ADM-00052626,DOC-00100,2026-09-27 07:08:31,Complete Blood Count,Hematology,Abnormal,,Abnormal,633.91,True
BATCH-20260925-007,LAB-000157590,PAT-0003888,ADM-00052626,DOC-00100,2026-09-25 17:01:14,Complete Blood Count,Hematology,Abnormal,,Abnormal,695.58,True
BATCH-20260925-007,LAB-000157591,PAT-0003888,ADM-00052626,DOC-00100,2026-09-25 12:28:38,Blood Glucose,Biochemistry,Normal,,Normal,355.06,False
BATCH-20260925-007,LAB-000157592,PAT-0003888,ADM-00052626,DOC-00100,2026-09-27 07:03:16,Liver Function Test,Biochemistry,Normal,,Normal,1310.98,False
BATCH-20260925-007,LAB-000157593,PAT-0003905,ADM-00052627,DOC-00085,2026-09-27 02:22:38,Liver Function Test,Biochemistry,Normal,,Normal,1186.49,False
BATCH-20260925-007,LAB-000157594,PAT-0003905,ADM-00052627,DOC-00085,2026-09-27 10:45:22,Troponin,Cardiac,Normal,,Normal,1502.61,False
BATCH-20260925-007,LAB-000157595,PAT-0000575,ADM-00052628,DOC-00050,2026-09-28 03:31:15,Complete Blood Count,Hematology,Normal,,Normal,732.94,False
BATCH-20260925-007,LAB-000157596,PAT-0000575,ADM-00052628,DOC-00050,2026-09-28 02:40:39,Urine Routine,Pathology,Normal,,Normal,386.19,False
BATCH-20260925-007,LAB-000157597,PAT-0000575,ADM-00052628,DOC-00050,2026-09-28 20:18:13,Thyroid Profile,Endocrinology,Normal,,Normal,1054.18,False
BATCH-20260925-007,LAB-000157598,PAT-0000575,ADM-00052628,DOC-00050,2026-09-27 20:56:23,Liver Function Test,Biochemistry,Abnormal,,Abnormal,1252.14,True
BATCH-20260925-007,LAB-000157599,PAT-0020606,ADM-00052629,DOC-00141,2026-09-27 01:12:50,Kidney Function Test,Biochemistry,Abnormal,,Abnormal,1004.58,True
BATCH-20260925-007,LAB-000157600,PAT-0020606,ADM-00052629,DOC-00141,2026-09-25 18:32:05,Thyroid Profile,Endocrinology,Normal,,Normal,1053.41,False
BATCH-20260925-007,LAB-000157601,PAT-0020606,ADM-00052629,DOC-00141,2026-09-27 01:40:29,Blood Glucose,Biochemistry,Normal,,Normal,328.57,False
BATCH-20260925-007,LAB-000157602,PAT-0020606,ADM-00052629,DOC-00141,2026-09-27 06:12:37,Complete Blood Count,Hematology,Normal,,Normal,623.69,False
BATCH-20260925-007,LAB-000157603,PAT-0020606,ADM-00052629,DOC-00141,2026-09-25 21:51:45,Lipid Profile,Biochemistry,Normal,,Normal,842.02,False
BATCH-20260925-007,LAB-000157604,PAT-0003033,ADM-00052630,DOC-00042,2026-09-27 13:33:51,Troponin,Cardiac,Normal,,Normal,1589.97,False
BATCH-20260925-007,LAB-000157605,PAT-0013471,ADM-00052631,DOC-00073,2026-09-27 13:44:11,Liver Function Test,Biochemistry,Normal,,Normal,1275.08,False
BATCH-20260925-007,LAB-000157606,PAT-0000185,ADM-00052632,DOC-00041,2026-09-25 20:11:58,Liver Function Test,Biochemistry,Normal,,Normal,1254.26,False
BATCH-20260925-007,LAB-000157607,PAT-0000185,ADM-00052632,DOC-00041,2026-09-25 17:43:56,Complete Blood Count,Hematology,Normal,,Normal,690.38,False
BATCH-20260925-007,LAB-000157608,PAT-0000185,ADM-00052632,DOC-00041,2026-09-25 08:36:39,Troponin,Cardiac,Normal,,Normal,1370.34,False
BATCH-20260925-007,LAB-000157609,PAT-0000185,ADM-00052632,DOC-00041,2026-09-25 08:18:42,Kidney Function Test,Biochemistry,Normal,,Normal,1088.86,False
BATCH-20260925-007,LAB-000157610,PAT-0000727,ADM-00052633,DOC-00140,2026-10-02 20:58:48,Thyroid Profile,Endocrinology,Abnormal,,Abnormal,1047.25,True
BATCH-20260925-007,LAB-000157611,PAT-0000727,ADM-00052633,DOC-00140,2026-10-08 09:01:16,Troponin,Cardiac,Abnormal,,Abnormal,1453.0,True
BATCH-20260925-007,LAB-000157612,PAT-0000727,ADM-00052633,DOC-00140,2026-10-03 05:10:19,Troponin,Cardiac,Abnormal,,Abnormal,1621.44,True
BATCH-20260925-007,LAB-000157613,PAT-0000260,ADM-00052634,DOC-00087,2026-09-27 10:08:54,Urine Routine,Pathology,Normal,,Normal,336.79,False
BATCH-20260925-007,LAB-000157614,PAT-0000955,ADM-00052635,DOC-00027,2026-10-01 00:35:35,Kidney Function Test,Biochemistry,Abnormal,,Abnormal,1296.54,True
BATCH-20260925-007,LAB-000157615,PAT-0009060,ADM-00052636,DOC-00079,2026-10-06 18:30:01,Thyroid Profile,Endocrinology,Normal,,Normal,901.41,False
BATCH-20260925-007,LAB-000157616,PAT-0004318,ADM-00052637,DOC-00030,2026-09-25 23:35:52,Complete Blood Count,Hematology,Normal,,Normal,683.97,False
BATCH-20260925-007,LAB-000157617,PAT-0012508,ADM-00052638,DOC-00129,2026-09-26 20:17:25,Troponin,Cardiac,Normal,,Normal,1646.8,False
BATCH-20260925-007,LAB-000157618,PAT-0012508,ADM-00052638,DOC-00129,2026-09-30 01:46:57,Thyroid Profile,Endocrinology,Abnormal,,Abnormal,1064.29,True
BATCH-20260925-007,LAB-000157619,PAT-0012508,ADM-00052638,DOC-00129,2026-09-27 01:10:30,Blood Glucose,Biochemistry,Normal,,Normal,337.83,False
BATCH-20260925-007,LAB-000157620,PAT-0003053,ADM-00052639,DOC-00128,2026-09-25 09:14:37,Liver Function Test,Biochemistry,Normal,,Normal,1162.1,False
BATCH-20260925-007,LAB-000157621,PAT-0009518,ADM-00052640,DOC-00050,2026-10-04 20:22:27,Lipid Profile,Biochemistry,Abnormal,,Abnormal,882.85,True
BATCH-20260925-007,LAB-000157622,PAT-0009518,ADM-00052640,DOC-00050,2026-10-06 07:55:06,Complete Blood Count,Hematology,Normal,,Normal,684.7,False
BATCH-20260925-007,LAB-000157623,PAT-0009518,ADM-00052640,DOC-00050,2026-10-03 16:38:38,Blood Glucose,Biochemistry,Abnormal,,Abnormal,335.03,True
BATCH-20260925-007,LAB-000157624,PAT-0009518,ADM-00052640,DOC-00050,2026-10-04 14:15:56,Liver Function Test,Biochemistry,Normal,,Normal,1381.09,False
BATCH-20260925-007,LAB-000157625,PAT-0009518,ADM-00052640,DOC-00050,2026-09-29 23:35:55,Troponin,Cardiac,Normal,,Normal,1531.91,False
BATCH-20260925-007,LAB-000157626,PAT-0021320,ADM-00052641,DOC-00054,2026-09-25 14:02:46,Complete Blood Count,Hematology,Normal,,Normal,743.34,False
BATCH-20260925-007,LAB-000157627,PAT-0021320,ADM-00052641,DOC-00054,2026-09-26 03:01:23,Complete Blood Count,Hematology,Abnormal,,Abnormal,729.82,True
BATCH-20260925-007,LAB-000157628,PAT-0021320,ADM-00052641,DOC-00054,2026-09-27 06:44:05,Thyroid Profile,Endocrinology,Normal,,Normal,906.63,False
BATCH-20260925-007,LAB-000157629,PAT-0021320,ADM-00052641,DOC-00054,2026-09-26 11:09:55,Kidney Function Test,Biochemistry,Normal,,Normal,1096.93,False
BATCH-20260925-007,LAB-000157630,PAT-0021320,ADM-00052641,DOC-00054,2026-09-28 23:39:03,Blood Glucose,Biochemistry,Normal,,Normal,346.93,False
BATCH-20260925-007,LAB-000157631,PAT-0002378,ADM-00052642,DOC-00061,2026-09-26 20:48:45,Complete Blood Count,Hematology,Normal,,Normal,649.87,False
BATCH-20260925-007,LAB-000157632,PAT-0002378,ADM-00052642,DOC-00061,2026-09-25 14:57:49,Thyroid Profile,Endocrinology,Normal,,Normal,1053.38,False
BATCH-20260925-007,LAB-000157633,PAT-0002378,ADM-00052642,DOC-00061,2026-09-26 10:05:12,Thyroid Profile,Endocrinology,Normal,,Normal,980.09,False
BATCH-20260925-007,LAB-000157634,PAT-0002378,ADM-00052642,DOC-00061,2026-09-26 14:59:15,Urine Routine,Pathology,Normal,,Normal,418.53,False
BATCH-20260925-007,LAB-000157635,PAT-0002378,ADM-00052642,DOC-00061,2026-09-26 00:32:17,Liver Function Test,Biochemistry,Normal,,Normal,1321.81,False
BATCH-20260925-007,LAB-000157636,PAT-0025563,ADM-00052643,DOC-00083,2026-09-26 11:35:40,Complete Blood Count,Hematology,Normal,,Normal,610.66,False
BATCH-20260925-007,LAB-000157637,PAT-0025563,ADM-00052643,DOC-00083,2026-09-25 14:05:15,Liver Function Test,Biochemistry,Normal,,Normal,1124.87,False
BATCH-20260925-007,LAB-000157638,PAT-0025563,ADM-00052643,DOC-00083,2026-09-25 11:37:31,Troponin,Cardiac,Normal,,Normal,1327.18,False
BATCH-20260925-007,LAB-000157639,PAT-0025563,ADM-00052643,DOC-00083,2026-09-26 16:02:08,Lipid Profile,Biochemistry,Normal,,Normal,1052.45,False
BATCH-20260925-007,LAB-000157640,PAT-0025563,ADM-00052643,DOC-00083,2026-09-25 13:15:02,Troponin,Cardiac,Normal,,Normal,1451.58,False
BATCH-20260925-007,LAB-000157641,PAT-0023577,ADM-00052644,DOC-00138,2026-09-29 13:27:30,Blood Glucose,Biochemistry,Normal,,Normal,354.83,False
BATCH-20260925-007,LAB-000157642,PAT-0023577,ADM-00052644,DOC-00138,2026-09-27 21:07:14,Thyroid Profile,Endocrinology,Normal,,Normal,929.71,False
BATCH-20260925-007,LAB-000157643,PAT-0003826,ADM-00052645,DOC-00070,2026-09-29 08:19:14,Urine Routine,Pathology,Normal,,Normal,336.59,False
BATCH-20260925-007,LAB-000157644,PAT-0003826,ADM-00052645,DOC-00070,2026-09-25 17:22:59,Complete Blood Count,Hematology,Normal,,Normal,664.03,False
BATCH-20260925-007,LAB-000157645,PAT-0021647,ADM-00052646,DOC-00147,2026-09-27 07:15:22,Kidney Function Test,Biochemistry,Abnormal,,Abnormal,1110.22,True
BATCH-20260925-007,LAB-000157646,PAT-0021647,ADM-00052646,DOC-00147,2026-09-26 00:33:28,Thyroid Profile,Endocrinology,Normal,,Normal,970.22,False
BATCH-20260925-007,LAB-000157647,PAT-0021647,ADM-00052646,DOC-00147,2026-09-27 04:56:01,Blood Glucose,Biochemistry,Normal,,Normal,317.53,False
BATCH-20260925-007,LAB-000157648,PAT-0023904,ADM-00052647,DOC-00098,2026-09-28 19:29:14,Liver Function Test,Biochemistry,Normal,,Normal,1195.48,False
BATCH-20260925-007,LAB-000157649,PAT-0023904,ADM-00052647,DOC-00098,2026-09-29 00:35:02,Kidney Function Test,Biochemistry,Normal,,Normal,1127.11,False
BATCH-20260925-007,LAB-000157650,PAT-0023904,ADM-00052647,DOC-00098,2026-09-30 07:47:00,Complete Blood Count,Hematology,Normal,,Normal,742.95,False
BATCH-20260925-007,LAB-000157651,PAT-0007257,ADM-00052648,DOC-00114,2026-09-26 00:58:56,Kidney Function Test,Biochemistry,Normal,,Normal,1199.17,False
BATCH-20260925-007,LAB-000157652,PAT-0007257,ADM-00052648,DOC-00114,2026-09-28 13:48:16,Thyroid Profile,Endocrinology,Normal,,Normal,927.66,False
BATCH-20260925-007,LAB-000157653,PAT-0007257,ADM-00052648,DOC-00114,2026-09-28 03:42:18,Thyroid Profile,Endocrinology,Normal,,Normal,1031.29,False
BATCH-20260925-007,LAB-000157654,PAT-0007257,ADM-00052648,DOC-00114,2026-09-27 12:27:36,Lipid Profile,Biochemistry,Normal,,Normal,913.48,False
BATCH-20260925-007,LAB-000157655,PAT-0007257,ADM-00052648,DOC-00114,2026-09-27 03:36:08,Liver Function Test,Biochemistry,Normal,,Normal,1237.52,False
BATCH-20260925-007,LAB-000157656,PAT-0014494,ADM-00052649,DOC-00046,2026-09-25 12:22:45,Urine Routine,Pathology,Normal,,Normal,319.44,False
BATCH-20260925-007,LAB-000157657,PAT-0014494,ADM-00052649,DOC-00046,2026-09-25 05:29:23,Lipid Profile,Biochemistry,Normal,,Normal,1011.56,False
BATCH-20260925-007,LAB-000157658,PAT-0014494,ADM-00052649,DOC-00046,2026-09-26 23:35:35,Lipid Profile,Biochemistry,Abnormal,,Abnormal,862.99,True
BATCH-20260925-007,LAB-000157659,PAT-0014494,ADM-00052649,DOC-00046,2026-09-26 12:34:19,Complete Blood Count,Hematology,Normal,,Normal,618.54,False
BATCH-20260925-007,LAB-000157660,PAT-0002782,ADM-00052650,DOC-00128,2026-09-26 16:10:21,Liver Function Test,Biochemistry,Normal,,Normal,1392.69,False
BATCH-20260925-007,LAB-000157661,PAT-0002782,ADM-00052650,DOC-00128,2026-09-26 22:36:06,Urine Routine,Pathology,Normal,,Normal,346.59,False
BATCH-20260925-007,LAB-000157662,PAT-0015567,ADM-00052651,DOC-00102,2026-09-26 10:31:08,Kidney Function Test,Biochemistry,Normal,,Normal,1276.7,False
BATCH-20260925-007,LAB-000157663,PAT-0015567,ADM-00052651,DOC-00102,2026-09-25 13:31:38,Blood Glucose,Biochemistry,Normal,,Normal,294.28,False
BATCH-20260925-007,LAB-000157664,PAT-0015567,ADM-00052651,DOC-00102,2026-09-27 07:34:30,Lipid Profile,Biochemistry,Normal,,Normal,942.41,False
BATCH-20260925-007,LAB-000157665,PAT-0002961,ADM-00052652,DOC-00039,2026-09-25 22:29:48,Urine Routine,Pathology,Normal,,Normal,409.07,False
BATCH-20260925-007,LAB-000157666,PAT-0002961,ADM-00052652,DOC-00039,2026-09-27 20:15:44,Troponin,Cardiac,Normal,,Normal,1470.08,False
BATCH-20260925-007,LAB-000157667,PAT-0002961,ADM-00052652,DOC-00039,2026-09-28 15:56:36,Urine Routine,Pathology,Normal,,Normal,376.77,False
BATCH-20260925-007,LAB-000157668,PAT-0024578,ADM-00052653,DOC-00126,2026-09-25 16:32:13,Urine Routine,Pathology,Normal,,Normal,380.46,False
BATCH-20260925-007,LAB-000157669,PAT-0008638,ADM-00052654,DOC-00069,2026-09-29 22:07:24,Thyroid Profile,Endocrinology,Normal,,Normal,968.39,False
BATCH-20260925-007,LAB-000157670,PAT-0008638,ADM-00052654,DOC-00069,2026-10-01 02:46:23,Liver Function Test,Biochemistry,Normal,,Normal,1409.94,False
BATCH-20260925-007,LAB-000157671,PAT-0008638,ADM-00052654,DOC-00069,2026-09-28 22:35:58,Liver Function Test,Biochemistry,Normal,,Normal,1418.86,False
BATCH-20260925-007,LAB-000157672,PAT-0019787,ADM-00052655,DOC-00047,2026-10-01 06:55:40,Troponin,Cardiac,Abnormal,,Abnormal,1616.12,True
BATCH-20260925-007,LAB-000157673,PAT-0019787,ADM-00052655,DOC-00047,2026-09-25 13:25:24,Liver Function Test,Biochemistry,Normal,,Normal,1256.85,False
BATCH-20260925-007,LAB-000157674,PAT-0019787,ADM-00052655,DOC-00047,2026-09-26 21:47:29,Thyroid Profile,Endocrinology,Normal,,Normal,906.67,False
BATCH-20260925-007,LAB-000157675,PAT-0005480,ADM-00052656,DOC-00031,2026-09-25 05:58:55,Blood Glucose,Biochemistry,Normal,,Normal,302.44,False
BATCH-20260925-007,LAB-000157676,PAT-0005480,ADM-00052656,DOC-00031,2026-09-25 18:48:31,Troponin,Cardiac,Normal,,Normal,1494.3,False
BATCH-20260925-007,LAB-000157677,PAT-0025533,ADM-00052657,DOC-00041,2026-09-27 15:01:14,Urine Routine,Pathology,Normal,,Normal,325.44,False
BATCH-20260925-007,LAB-000157678,PAT-0005752,ADM-00052658,DOC-00134,2026-09-29 17:32:47,Urine Routine,Pathology,Normal,,Normal,348.09,False
BATCH-20260925-007,LAB-000157679,PAT-0005752,ADM-00052658,DOC-00134,2026-09-28 10:14:26,Complete Blood Count,Hematology,Normal,,Normal,632.96,False
BATCH-20260925-007,LAB-000157680,PAT-0005752,ADM-00052658,DOC-00134,2026-09-30 06:01:43,Blood Glucose,Biochemistry,Normal,,Normal,306.15,False
BATCH-20260925-007,LAB-000157681,PAT-0005752,ADM-00052658,DOC-00134,2026-09-29 07:58:42,Thyroid Profile,Endocrinology,Normal,,Normal,1198.91,False
BATCH-20260925-007,LAB-000157682,PAT-0005752,ADM-00052658,DOC-00134,2026-09-30 11:17:00,Urine Routine,Pathology,Normal,,Normal,360.44,False
BATCH-20260925-007,LAB-000157683,PAT-0011190,ADM-00052659,DOC-00029,2026-09-26 13:15:43,Urine Routine,Pathology,Normal,,Normal,332.93,False
BATCH-20260925-007,LAB-000157684,PAT-0011190,ADM-00052659,DOC-00029,2026-09-26 20:00:25,Thyroid Profile,Endocrinology,Normal,,Normal,1099.81,False
BATCH-20260925-007,LAB-000157685,PAT-0011190,ADM-00052659,DOC-00029,2026-09-27 08:45:58,Liver Function Test,Biochemistry,Abnormal,,Abnormal,1398.45,True
BATCH-20260925-007,LAB-000157686,PAT-0009749,ADM-00052660,DOC-00094,2026-09-29 20:43:55,Troponin,Cardiac,Normal,,Normal,1323.93,False
BATCH-20260925-007,LAB-000157687,PAT-0009749,ADM-00052660,DOC-00094,2026-09-27 15:01:04,Thyroid Profile,Endocrinology,Abnormal,,Abnormal,1130.41,True
BATCH-20260925-007,LAB-000157688,PAT-0009749,ADM-00052660,DOC-00094,2026-09-30 00:01:33,Complete Blood Count,Hematology,Abnormal,,Abnormal,644.04,True
BATCH-20260925-007,LAB-000157689,PAT-0009749,ADM-00052660,DOC-00094,2026-09-27 13:53:31,Kidney Function Test,Biochemistry,Normal,,Normal,1039.15,False
BATCH-20260925-007,LAB-000157690,PAT-0009749,ADM-00052660,DOC-00094,2026-09-25 10:28:22,Complete Blood Count,Hematology,Abnormal,,Abnormal,756.61,True
BATCH-20260925-007,LAB-000157691,PAT-0024226,ADM-00052661,DOC-00100,2026-10-02 07:14:35,Troponin,Cardiac,Normal,,Normal,1444.7,False
BATCH-20260925-007,LAB-000157692,PAT-0011277,ADM-00052662,DOC-00048,2026-09-28 03:12:46,Liver Function Test,Biochemistry,Normal,,Normal,1150.19,False
BATCH-20260925-007,LAB-000157693,PAT-0011277,ADM-00052662,DOC-00048,2026-10-04 20:22:43,Complete Blood Count,Hematology,Normal,,Normal,719.35,False
BATCH-20260925-007,LAB-000157694,PAT-0017500,ADM-00052663,DOC-00139,2026-09-25 23:20:25,Complete Blood Count,Hematology,Normal,,Normal,757.23,False
BATCH-20260925-007,LAB-000157695,PAT-0017500,ADM-00052663,DOC-00139,2026-09-26 00:36:49,Complete Blood Count,Hematology,Abnormal,,Abnormal,609.64,True
BATCH-20260925-007,LAB-000157696,PAT-0017500,ADM-00052663,DOC-00139,2026-09-25 16:44:05,Blood Glucose,Biochemistry,Normal,,Normal,314.69,False
BATCH-20260925-007,LAB-000157697,PAT-0017500,ADM-00052663,DOC-00139,2026-09-26 02:51:47,Urine Routine,Pathology,Normal,,Normal,356.25,False
BATCH-20260925-007,LAB-000157698,PAT-0017500,ADM-00052663,DOC-00139,2026-09-25 23:54:17,Urine Routine,Pathology,Normal,,Normal,385.45,False
BATCH-20260925-007,LAB-000157699,PAT-0003878,ADM-00052664,DOC-00001,2026-09-26 18:00:45,Kidney Function Test,Biochemistry,Abnormal,,Abnormal,1297.41,True
BATCH-20260925-007,LAB-000157700,PAT-0003878,ADM-00052664,DOC-00001,2026-09-26 22:27:13,Lipid Profile,Biochemistry,Normal,,Normal,1061.23,False
BATCH-20260925-007,LAB-000157701,PAT-0003878,ADM-00052664,DOC-00001,2026-09-26 09:24:32,Lipid Profile,Biochemistry,Normal,,Normal,980.58,False
BATCH-20260925-007,LAB-000157702,PAT-0003878,ADM-00052664,DOC-00001,2026-09-25 12:36:51,Complete Blood Count,Hematology,Normal,,Normal,634.37,False
BATCH-20260925-007,LAB-000157703,PAT-0019793,ADM-00052665,DOC-00066,2026-09-25 07:23:53,Urine Routine,Pathology,Abnormal,,Abnormal,383.08,True
BATCH-20260925-007,LAB-000157704,PAT-0000577,ADM-00052666,DOC-00029,2026-09-30 02:26:43,Troponin,Cardiac,Normal,,Normal,1390.84,False
BATCH-20260925-007,LAB-000157705,PAT-0000577,ADM-00052666,DOC-00029,2026-09-27 20:50:42,Blood Glucose,Biochemistry,Normal,,Normal,337.97,False
BATCH-20260925-007,LAB-000157706,PAT-0008265,ADM-00052667,DOC-00071,2026-09-29 23:45:33,Lipid Profile,Biochemistry,Normal,,Normal,969.86,False
BATCH-20260925-007,LAB-000157707,PAT-0008265,ADM-00052667,DOC-00071,2026-09-27 02:10:30,Thyroid Profile,Endocrinology,Abnormal,,Abnormal,1059.81,True
BATCH-20260925-007,LAB-000157708,PAT-0008265,ADM-00052667,DOC-00071,2026-09-28 04:43:25,Thyroid Profile,Endocrinology,Abnormal,,Abnormal,1064.76,True
BATCH-20260925-007,LAB-000157709,PAT-0016831,ADM-00052668,DOC-00052,2026-09-25 23:00:19,Liver Function Test,Biochemistry,Normal,,Normal,1088.31,False
BATCH-20260925-007,LAB-000157710,PAT-0016831,ADM-00052668,DOC-00052,2026-09-25 10:23:26,Kidney Function Test,Biochemistry,Normal,,Normal,1083.11,False
BATCH-20260925-007,LAB-000157711,PAT-0005216,ADM-00052669,DOC-00134,2026-09-26 03:44:11,Complete Blood Count,Hematology,Normal,,Normal,621.47,False
BATCH-20260925-007,LAB-000157712,PAT-0005216,ADM-00052669,DOC-00134,2026-09-30 02:52:51,Complete Blood Count,Hematology,Normal,,Normal,760.49,False
BATCH-20260925-007,LAB-000157713,PAT-0005216,ADM-00052669,DOC-00134,2026-09-30 17:24:34,Urine Routine,Pathology,Normal,,Normal,347.12,False
BATCH-20260925-007,LAB-000157714,PAT-0005216,ADM-00052669,DOC-00134,2026-09-29 08:35:25,Blood Glucose,Biochemistry,Normal,,Normal,296.79,False
BATCH-20260925-007,LAB-000157715,PAT-0003596,ADM-00052670,DOC-00134,2026-09-28 15:03:23,Thyroid Profile,Endocrinology,Normal,,Normal,1003.31,False
BATCH-20260925-007,LAB-000157716,PAT-0003596,ADM-00052670,DOC-00134,2026-09-27 01:12:07,Urine Routine,Pathology,Normal,,Normal,402.16,False
BATCH-20260925-007,LAB-000157717,PAT-0003596,ADM-00052670,DOC-00134,2026-09-28 17:39:54,Thyroid Profile,Endocrinology,Normal,,Normal,1090.78,False
BATCH-20260925-007,LAB-000157718,PAT-0003596,ADM-00052670,DOC-00134,2026-09-27 06:10:31,Thyroid Profile,Endocrinology,Normal,,Normal,1175.7,False
BATCH-20260925-007,LAB-000157719,PAT-0017762,ADM-00052671,DOC-00001,2026-09-25 10:48:38,Lipid Profile,Biochemistry,Abnormal,,Abnormal,1079.91,True
BATCH-20260925-007,LAB-000157720,PAT-0017762,ADM-00052671,DOC-00001,2026-09-26 00:50:24,Troponin,Cardiac,Normal,,Normal,1308.02,False
BATCH-20260925-007,LAB-000157721,PAT-0017762,ADM-00052671,DOC-00001,2026-09-26 06:39:48,Thyroid Profile,Endocrinology,Normal,,Normal,979.97,False
BATCH-20260925-007,LAB-000157722,PAT-0017762,ADM-00052671,DOC-00001,2026-09-25 10:09:59,Liver Function Test,Biochemistry,Normal,,Normal,1222.31,False
BATCH-20260925-007,LAB-000157723,PAT-0018029,ADM-00052672,DOC-00066,2026-09-28 02:21:02,Liver Function Test,Biochemistry,Normal,,Normal,1250.43,False
BATCH-20260925-007,LAB-000157724,PAT-0018029,ADM-00052672,DOC-00066,2026-09-28 16:36:16,Complete Blood Count,Hematology,Normal,,Normal,679.4,False
BATCH-20260925-007,LAB-000157725,PAT-0018029,ADM-00052672,DOC-00066,2026-09-25 22:56:13,Troponin,Cardiac,Normal,,Normal,1455.84,False
BATCH-20260925-007,LAB-000157726,PAT-0006952,ADM-00052673,DOC-00067,2026-09-26 04:39:59,Complete Blood Count,Hematology,Normal,,Normal,600.51,False
BATCH-20260925-007,LAB-000157727,PAT-0006952,ADM-00052673,DOC-00067,2026-09-26 20:58:39,Thyroid Profile,Endocrinology,Normal,,Normal,972.23,False
BATCH-20260925-007,LAB-000157728,PAT-0006952,ADM-00052673,DOC-00067,2026-09-27 15:01:33,Thyroid Profile,Endocrinology,Normal,,Normal,1074.71,False
BATCH-20260925-007,LAB-000157729,PAT-0006952,ADM-00052673,DOC-00067,2026-09-28 16:43:31,Blood Glucose,Biochemistry,Normal,,Normal,288.48,False
BATCH-20260925-007,LAB-000157730,PAT-0006952,ADM-00052673,DOC-00067,2026-09-28 10:31:15,Thyroid Profile,Endocrinology,Normal,,Normal,969.8,False
BATCH-20260925-007,LAB-000157731,PAT-0009562,ADM-00052674,DOC-00114,2026-09-30 02:05:41,Lipid Profile,Biochemistry,Normal,,Normal,1027.45,False
BATCH-20260925-007,LAB-000157732,PAT-0009562,ADM-00052674,DOC-00114,2026-09-29 22:28:49,Lipid Profile,Biochemistry,Normal,,Normal,833.69,False
BATCH-20260925-007,LAB-000157733,PAT-0009562,ADM-00052674,DOC-00114,2026-10-01 05:22:40,Troponin,Cardiac,Normal,,Normal,1618.08,False
BATCH-20260925-007,LAB-000157734,PAT-0018136,ADM-00052675,DOC-00105,2026-09-26 06:15:33,Blood Glucose,Biochemistry,Normal,,Normal,347.39,False
BATCH-20260925-007,LAB-000157735,PAT-0018136,ADM-00052675,DOC-00105,2026-09-26 03:47:26,Lipid Profile,Biochemistry,Normal,,Normal,849.97,False
BATCH-20260925-007,LAB-000157736,PAT-0018136,ADM-00052675,DOC-00105,2026-09-25 19:19:36,Urine Routine,Pathology,Normal,,Normal,365.71,False
BATCH-20260925-007,LAB-000157737,PAT-0018417,ADM-00052676,DOC-00067,2026-09-25 08:23:15,Blood Glucose,Biochemistry,Abnormal,,Abnormal,272.26,True
BATCH-20260925-007,LAB-000157738,PAT-0018417,ADM-00052676,DOC-00067,2026-09-26 00:38:48,Kidney Function Test,Biochemistry,Normal,,Normal,1150.29,False
BATCH-20260925-007,LAB-000157739,PAT-0018417,ADM-00052676,DOC-00067,2026-09-27 00:22:26,Urine Routine,Pathology,Abnormal,,Abnormal,386.37,True
BATCH-20260925-007,LAB-000157740,PAT-0018417,ADM-00052676,DOC-00067,2026-09-25 07:08:42,Liver Function Test,Biochemistry,Normal,,Normal,1322.89,False
BATCH-20260925-007,LAB-000157741,PAT-0012227,ADM-00052677,DOC-00007,2026-09-27 07:26:49,Complete Blood Count,Hematology,Normal,,Normal,702.12,False
BATCH-20260925-007,LAB-000157742,PAT-0012227,ADM-00052677,DOC-00007,2026-09-30 14:28:20,Kidney Function Test,Biochemistry,Normal,,Normal,1069.13,False
BATCH-20260925-007,LAB-000157743,PAT-0012227,ADM-00052677,DOC-00007,2026-09-30 22:02:11,Kidney Function Test,Biochemistry,Normal,,Normal,1169.62,False
BATCH-20260925-007,LAB-000157744,PAT-0003914,ADM-00052678,DOC-00079,2026-09-26 09:29:15,Thyroid Profile,Endocrinology,Normal,,Normal,1174.95,False
BATCH-20260925-007,LAB-000157745,PAT-0003914,ADM-00052678,DOC-00079,2026-09-25 19:27:30,Thyroid Profile,Endocrinology,Normal,,Normal,908.48,False
BATCH-20260925-007,LAB-000157746,PAT-0003914,ADM-00052678,DOC-00079,2026-09-26 07:37:28,Blood Glucose,Biochemistry,Normal,,Normal,286.38,False
BATCH-20260925-007,LAB-000157747,PAT-0003914,ADM-00052678,DOC-00079,2026-09-26 05:13:25,Lipid Profile,Biochemistry,Normal,,Normal,876.62,False
BATCH-20260925-007,LAB-000157748,PAT-0003914,ADM-00052678,DOC-00079,2026-09-26 01:26:59,Urine Routine,Pathology,Abnormal,,Abnormal,365.36,True
BATCH-20260925-007,LAB-000157749,PAT-0015409,ADM-00052679,DOC-00011,2026-09-26 08:26:27,Complete Blood Count,Hematology,Normal,,Normal,713.55,False
BATCH-20260925-007,LAB-000157750,PAT-0015409,ADM-00052679,DOC-00011,2026-09-27 12:52:56,Kidney Function Test,Biochemistry,Normal,,Normal,1086.36,False
BATCH-20260925-007,LAB-000157751,PAT-0015409,ADM-00052679,DOC-00011,2026-09-25 21:51:53,Urine Routine,Pathology,Abnormal,,Abnormal,331.88,True
BATCH-20260925-007,LAB-000157752,PAT-0015409,ADM-00052679,DOC-00011,2026-09-28 02:34:37,Urine Routine,Pathology,Normal,,Normal,398.06,False
BATCH-20260925-007,LAB-000157753,PAT-0010021,ADM-00052680,DOC-00028,2026-09-30 19:41:08,Urine Routine,Pathology,Normal,,Normal,346.02,False
BATCH-20260925-007,LAB-000157754,PAT-0010021,ADM-00052680,DOC-00028,2026-09-29 22:50:06,Complete Blood Count,Hematology,Abnormal,,Abnormal,682.5,True
BATCH-20260925-007,LAB-000157755,PAT-0010021,ADM-00052680,DOC-00028,2026-09-28 21:27:50,Complete Blood Count,Hematology,Normal,,Normal,621.16,False
BATCH-20260925-007,LAB-000157756,PAT-0010021,ADM-00052680,DOC-00028,2026-09-27 21:06:51,Lipid Profile,Biochemistry,Normal,,Normal,1066.63,False
BATCH-20260925-007,LAB-000157757,PAT-0002826,ADM-00052681,DOC-00030,2026-09-30 02:48:09,Complete Blood Count,Hematology,Normal,,Normal,775.61,False
BATCH-20260925-007,LAB-000157758,PAT-0002826,ADM-00052681,DOC-00030,2026-09-25 20:08:49,Liver Function Test,Biochemistry,Normal,,Normal,1150.12,False
BATCH-20260925-007,LAB-000157759,PAT-0002826,ADM-00052681,DOC-00030,2026-09-30 12:52:02,Troponin,Cardiac,Normal,,Normal,1468.21,False
BATCH-20260925-007,LAB-000157760,PAT-0002826,ADM-00052681,DOC-00030,2026-09-30 20:24:09,Troponin,Cardiac,Normal,,Normal,1506.55,False
BATCH-20260925-007,LAB-000157761,PAT-0023232,ADM-00052682,DOC-00124,2026-09-25 19:55:42,Blood Glucose,Biochemistry,Normal,,Normal,323.38,False
BATCH-20260925-007,LAB-000157762,PAT-0023232,ADM-00052682,DOC-00124,2026-09-25 13:52:20,Lipid Profile,Biochemistry,Normal,,Normal,890.75,False
BATCH-20260925-007,LAB-000157763,PAT-0023232,ADM-00052682,DOC-00124,2026-09-25 14:06:55,Troponin,Cardiac,Normal,,Normal,1472.63,False
BATCH-20260925-007,LAB-000157764,PAT-0023232,ADM-00052682,DOC-00124,2026-09-26 20:56:54,Kidney Function Test,Biochemistry,Normal,,Normal,1123.19,False
BATCH-20260925-007,LAB-000157765,PAT-0022966,ADM-00052683,DOC-00140,2026-09-27 19:36:34,Liver Function Test,Biochemistry,Normal,,Normal,1257.71,False
BATCH-20260925-007,LAB-000157766,PAT-0022966,ADM-00052683,DOC-00140,2026-09-28 14:46:26,Troponin,Cardiac,Normal,,Normal,1348.2,False
BATCH-20260925-007,LAB-000157767,PAT-0022966,ADM-00052683,DOC-00140,2026-09-26 05:38:57,Blood Glucose,Biochemistry,Normal,,Normal,352.87,False
BATCH-20260925-007,LAB-000157768,PAT-0022966,ADM-00052683,DOC-00140,2026-09-26 02:28:34,Liver Function Test,Biochemistry,Normal,,Normal,1304.49,False
BATCH-20260925-007,LAB-000157769,PAT-0022966,ADM-00052683,DOC-00140,2026-09-27 09:56:09,Liver Function Test,Biochemistry,Normal,,Normal,1345.42,False
BATCH-20260925-007,LAB-000157770,PAT-0000976,ADM-00052684,DOC-00099,2026-09-27 00:10:54,Urine Routine,Pathology,Abnormal,,Abnormal,349.21,True
BATCH-20260925-007,LAB-000157771,PAT-0000976,ADM-00052684,DOC-00099,2026-09-26 01:13:07,Blood Glucose,Biochemistry,Abnormal,,Abnormal,349.97,True
BATCH-20260925-007,LAB-000157772,PAT-0000976,ADM-00052684,DOC-00099,2026-09-28 08:13:40,Urine Routine,Pathology,Normal,,Normal,377.79,False
BATCH-20260925-007,LAB-000157773,PAT-0000976,ADM-00052684,DOC-00099,2026-09-26 15:58:44,Troponin,Cardiac,Normal,,Normal,1528.94,False
BATCH-20260925-007,LAB-000157774,PAT-0025505,ADM-00052685,DOC-00105,2026-09-26 11:30:01,Complete Blood Count,Hematology,Normal,,Normal,665.11,False
BATCH-20260925-007,LAB-000157775,PAT-0011759,ADM-00052686,DOC-00096,2026-09-25 23:59:28,Troponin,Cardiac,Normal,,Normal,1500.91,False
BATCH-20260925-007,LAB-000157776,PAT-0017823,ADM-00052687,DOC-00109,2026-10-04 10:33:09,Liver Function Test,Biochemistry,Normal,,Normal,1111.66,False
BATCH-20260925-007,LAB-000157777,PAT-0017823,ADM-00052687,DOC-00109,2026-10-01 03:56:11,Lipid Profile,Biochemistry,Abnormal,,Abnormal,1049.79,True
BATCH-20260925-007,LAB-000157778,PAT-0017823,ADM-00052687,DOC-00109,2026-09-28 08:11:12,Blood Glucose,Biochemistry,Normal,,Normal,335.49,False
BATCH-20260925-007,LAB-000157779,PAT-0017823,ADM-00052687,DOC-00109,2026-10-04 10:34:32,Troponin,Cardiac,Normal,,Normal,1652.17,False
BATCH-20260925-007,LAB-000157780,PAT-0012024,ADM-00052688,DOC-00100,2026-09-26 10:50:17,Thyroid Profile,Endocrinology,Abnormal,,Abnormal,1188.62,True
BATCH-20260925-007,LAB-000157781,PAT-0019202,ADM-00052689,DOC-00004,2026-09-28 11:59:20,Troponin,Cardiac,Normal,,Normal,1388.44,False
BATCH-20260925-007,LAB-000157782,PAT-0019202,ADM-00052689,DOC-00004,2026-09-28 06:22:34,Lipid Profile,Biochemistry,Normal,,Normal,988.09,False
BATCH-20260925-007,LAB-000157783,PAT-0019202,ADM-00052689,DOC-00004,2026-10-05 15:22:54,Lipid Profile,Biochemistry,Normal,,Normal,993.09,False
BATCH-20260925-007,LAB-000157784,PAT-0019202,ADM-00052689,DOC-00004,2026-09-25 09:18:02,Kidney Function Test,Biochemistry,Normal,,Normal,1089.94,False
BATCH-20260925-007,LAB-000157785,PAT-0012033,ADM-00052690,DOC-00031,2026-09-27 15:33:15,Liver Function Test,Biochemistry,Normal,,Normal,1315.93,False
BATCH-20260925-007,LAB-000157786,PAT-0012033,ADM-00052690,DOC-00031,2026-09-26 01:17:34,Liver Function Test,Biochemistry,Abnormal,,Abnormal,1327.06,True
BATCH-20260925-007,LAB-000157787,PAT-0000589,ADM-00052691,DOC-00036,2026-09-28 09:32:15,Complete Blood Count,Hematology,Abnormal,,Abnormal,671.87,True
BATCH-20260925-007,LAB-000157788,PAT-0008443,ADM-00052692,DOC-00112,2026-09-26 14:13:59,Kidney Function Test,Biochemistry,Normal,,Normal,1318.2,False
BATCH-20260925-007,LAB-000157789,PAT-0008443,ADM-00052692,DOC-00112,2026-09-27 23:59:15,Complete Blood Count,Hematology,Normal,,Normal,738.63,False
BATCH-20260925-007,LAB-000157790,PAT-0008443,ADM-00052692,DOC-00112,2026-09-25 15:16:52,Kidney Function Test,Biochemistry,Abnormal,,Abnormal,1150.38,True
BATCH-20260925-007,LAB-000157791,PAT-0008443,ADM-00052692,DOC-00112,2026-09-28 19:39:52,Lipid Profile,Biochemistry,Normal,,Normal,1007.41,False
BATCH-20260925-007,LAB-000157792,PAT-0008443,ADM-00052692,DOC-00112,2026-09-28 20:18:25,Thyroid Profile,Endocrinology,Normal,,Normal,920.16,False
BATCH-20260925-007,LAB-000157793,PAT-0020014,ADM-00052693,DOC-00054,2026-09-27 10:01:02,Troponin,Cardiac,Normal,,Normal,1495.72,False
BATCH-20260925-007,LAB-000157794,PAT-0020014,ADM-00052693,DOC-00054,2026-09-27 18:34:29,Troponin,Cardiac,Normal,,Normal,1665.17,False
BATCH-20260925-007,LAB-000157795,PAT-0020014,ADM-00052693,DOC-00054,2026-10-01 21:13:51,Troponin,Cardiac,Normal,,Normal,1511.32,False
BATCH-20260925-007,LAB-000157796,PAT-0020014,ADM-00052693,DOC-00054,2026-09-26 19:32:55,Lipid Profile,Biochemistry,Abnormal,,Abnormal,1060.94,True
BATCH-20260925-007,LAB-000157797,PAT-0020014,ADM-00052693,DOC-00054,2026-10-01 04:39:06,Thyroid Profile,Endocrinology,Abnormal,,Abnormal,1094.78,True
BATCH-20260925-007,LAB-000157798,PAT-0004957,ADM-00052694,DOC-00145,2026-09-25 22:26:08,Kidney Function Test,Biochemistry,Abnormal,,Abnormal,1279.66,True
BATCH-20260925-007,LAB-000157799,PAT-0004957,ADM-00052694,DOC-00145,2026-09-26 13:47:50,Kidney Function Test,Biochemistry,Abnormal,,Abnormal,1233.2,True
BATCH-20260925-007,LAB-000157800,PAT-0004957,ADM-00052694,DOC-00145,2026-09-27 15:51:37,Urine Routine,Pathology,Abnormal,,Abnormal,413.11,True
BATCH-20260925-007,LAB-000157801,PAT-0004957,ADM-00052694,DOC-00145,2026-09-26 21:07:35,Troponin,Cardiac,Abnormal,,Abnormal,1510.52,True
BATCH-20260925-007,LAB-000157802,PAT-0018653,ADM-00052695,DOC-00065,2026-09-26 09:34:36,Liver Function Test,Biochemistry,Normal,,Normal,1391.34,False
BATCH-20260925-007,LAB-000157803,PAT-0018653,ADM-00052695,DOC-00065,2026-09-25 13:33:36,Thyroid Profile,Endocrinology,Normal,,Normal,1193.22,False
BATCH-20260925-007,LAB-000157804,PAT-0018653,ADM-00052695,DOC-00065,2026-09-26 01:59:46,Blood Glucose,Biochemistry,Abnormal,,Abnormal,279.58,True
BATCH-20260925-007,LAB-000157805,PAT-0019992,ADM-00052696,DOC-00059,2026-09-29 14:10:21,Blood Glucose,Biochemistry,Normal,,Normal,314.37,False
BATCH-20260925-007,LAB-000157806,PAT-0019992,ADM-00052696,DOC-00059,2026-09-29 04:11:21,Urine Routine,Pathology,Normal,,Normal,405.72,False
BATCH-20260925-007,LAB-000157807,PAT-0005757,ADM-00052697,DOC-00107,2026-09-27 10:16:38,Troponin,Cardiac,Abnormal,,Abnormal,1451.39,True
