batch_id,lab_test_id,patient_id,admission_id,doctor_id,test_date,test_name,test_category,result_value,result_unit,result_status,test_cost,abnormal_flag
BATCH-20260925-001,LAB-000150301,PAT-0020688,ADM-00050181,DOC-00046,2026-09-25 15:51:13,Troponin,Cardiac,Normal,,Normal,1536.79,False
BATCH-20260925-001,LAB-000150302,PAT-0010320,ADM-00050182,DOC-00065,2026-09-25 21:43:01,Kidney Function Test,Biochemistry,Abnormal,,Abnormal,1194.13,True
BATCH-20260925-001,LAB-000150303,PAT-0010320,ADM-00050182,DOC-00065,2026-09-25 21:43:01,Thyroid Profile,Endocrinology,Normal,,Normal,1017.15,False
BATCH-20260925-001,LAB-000150304,PAT-0009564,ADM-00050183,DOC-00133,2026-09-25 14:51:45,Thyroid Profile,Endocrinology,Normal,,Normal,1035.53,False
BATCH-20260925-001,LAB-000150305,PAT-0009564,ADM-00050183,DOC-00133,2026-09-25 14:51:45,Kidney Function Test,Biochemistry,Normal,,Normal,1103.78,False
BATCH-20260925-001,LAB-000150306,PAT-0009564,ADM-00050183,DOC-00133,2026-09-25 14:51:45,Troponin,Cardiac,Normal,,Normal,1491.37,False
BATCH-20260925-001,LAB-000150307,PAT-0009564,ADM-00050183,DOC-00133,2026-09-25 14:51:45,Thyroid Profile,Endocrinology,Normal,,Normal,920.77,False
BATCH-20260925-001,LAB-000150308,PAT-0022494,ADM-00050184,DOC-00109,2026-09-25 09:31:15,Thyroid Profile,Endocrinology,Normal,,Normal,1030.72,False
BATCH-20260925-001,LAB-000150309,PAT-0022494,ADM-00050184,DOC-00109,2026-09-25 09:31:15,Complete Blood Count,Hematology,Normal,,Normal,611.15,False
BATCH-20260925-001,LAB-000150310,PAT-0022494,ADM-00050184,DOC-00109,2026-09-25 09:31:15,Liver Function Test,Biochemistry,Normal,,Normal,1218.21,False
BATCH-20260925-001,LAB-000150311,PAT-0022494,ADM-00050184,DOC-00109,2026-09-25 09:31:15,Troponin,Cardiac,Normal,,Normal,1553.92,False
BATCH-20260925-001,LAB-000150312,PAT-0022494,ADM-00050184,DOC-00109,2026-09-25 09:31:15,Urine Routine,Pathology,Normal,,Normal,393.46,False
BATCH-20260925-001,LAB-000150313,PAT-0011290,ADM-00050185,DOC-00042,2026-09-25 11:40:23,Urine Routine,Pathology,Normal,,Normal,362.14,False
BATCH-20260925-001,LAB-000150314,PAT-0011290,ADM-00050185,DOC-00042,2026-09-25 11:40:23,Lipid Profile,Biochemistry,Normal,,Normal,1002.73,False
BATCH-20260925-001,LAB-000150315,PAT-0011290,ADM-00050185,DOC-00042,2026-09-25 11:40:23,Thyroid Profile,Endocrinology,Abnormal,,Abnormal,1049.43,True
BATCH-20260925-001,LAB-000150316,PAT-0011290,ADM-00050185,DOC-00042,2026-09-25 11:40:23,Lipid Profile,Biochemistry,Abnormal,,Abnormal,1072.53,True
BATCH-20260925-001,LAB-000150317,PAT-0004821,ADM-00050186,DOC-00059,2026-09-25 01:41:21,Troponin,Cardiac,Normal,,Normal,1313.76,False
BATCH-20260925-001,LAB-000150318,PAT-0004821,ADM-00050186,DOC-00059,2026-09-25 01:41:21,Urine Routine,Pathology,Abnormal,,Abnormal,403.74,True
BATCH-20260925-001,LAB-000150319,PAT-0023866,ADM-00050187,DOC-00146,2026-09-25 03:58:42,Thyroid Profile,Endocrinology,Normal,,Normal,905.81,False
BATCH-20260925-001,LAB-000150320,PAT-0023866,ADM-00050187,DOC-00146,2026-09-25 03:58:42,Complete Blood Count,Hematology,Normal,,Normal,693.96,False
BATCH-20260925-001,LAB-000150321,PAT-0022432,ADM-00050188,DOC-00053,2026-09-25 15:51:38,Liver Function Test,Biochemistry,Abnormal,,Abnormal,1120.26,True
BATCH-20260925-001,LAB-000150322,PAT-0022432,ADM-00050188,DOC-00053,2026-09-25 15:51:38,Blood Glucose,Biochemistry,Normal,,Normal,284.37,False
BATCH-20260925-001,LAB-000150323,PAT-0024715,ADM-00050189,DOC-00098,2026-09-25 22:38:10,Lipid Profile,Biochemistry,Normal,,Normal,886.22,False
BATCH-20260925-001,LAB-000150324,PAT-0024715,ADM-00050189,DOC-00098,2026-09-25 22:38:10,Troponin,Cardiac,Abnormal,,Abnormal,1474.0,True
BATCH-20260925-001,LAB-000150325,PAT-0024715,ADM-00050189,DOC-00098,2026-09-25 22:38:10,Thyroid Profile,Endocrinology,Abnormal,,Abnormal,1128.97,True
BATCH-20260925-001,LAB-000150326,PAT-0024715,ADM-00050189,DOC-00098,2026-09-25 22:38:10,Kidney Function Test,Biochemistry,Normal,,Normal,1269.88,False
BATCH-20260925-001,LAB-000150327,PAT-0024715,ADM-00050189,DOC-00098,2026-09-25 22:38:10,Blood Glucose,Biochemistry,Abnormal,,Abnormal,299.23,True
BATCH-20260925-001,LAB-000150328,PAT-0009475,ADM-00050190,DOC-00083,2026-09-25 17:53:43,Blood Glucose,Biochemistry,Abnormal,,Abnormal,336.66,True
BATCH-20260925-001,LAB-000150329,PAT-0009475,ADM-00050190,DOC-00083,2026-09-25 17:53:43,Complete Blood Count,Hematology,Normal,,Normal,603.62,False
BATCH-20260925-001,LAB-000150330,PAT-0009475,ADM-00050190,DOC-00083,2026-09-25 17:53:43,Urine Routine,Pathology,Normal,,Normal,333.44,False
BATCH-20260925-001,LAB-000150331,PAT-0009475,ADM-00050190,DOC-00083,2026-09-25 17:53:43,Thyroid Profile,Endocrinology,Normal,,Normal,1184.16,False
BATCH-20260925-001,LAB-000150332,PAT-0003916,ADM-00050191,DOC-00082,2026-09-25 06:37:05,Lipid Profile,Biochemistry,Normal,,Normal,897.37,False
BATCH-20260925-001,LAB-000150333,PAT-0003916,ADM-00050191,DOC-00082,2026-09-25 06:37:05,Troponin,Cardiac,Normal,,Normal,1359.44,False
BATCH-20260925-001,LAB-000150334,PAT-0003916,ADM-00050191,DOC-00082,2026-09-25 06:37:05,Lipid Profile,Biochemistry,Normal,,Normal,875.37,False
BATCH-20260925-001,LAB-000150335,PAT-0021208,ADM-00050192,DOC-00062,2026-09-25 20:06:54,Troponin,Cardiac,Normal,,Normal,1538.05,False
BATCH-20260925-001,LAB-000150336,PAT-0021208,ADM-00050192,DOC-00062,2026-09-25 20:06:54,Liver Function Test,Biochemistry,Abnormal,,Abnormal,1129.0,True
BATCH-20260925-001,LAB-000150337,PAT-0021208,ADM-00050192,DOC-00062,2026-09-25 20:06:54,Troponin,Cardiac,Normal,,Normal,1545.46,False
BATCH-20260925-001,LAB-000150338,PAT-0016138,ADM-00050193,DOC-00120,2026-09-25 16:54:15,Troponin,Cardiac,Normal,,Normal,1616.76,False
BATCH-20260925-001,LAB-000150339,PAT-0016138,ADM-00050193,DOC-00120,2026-09-25 16:54:15,Complete Blood Count,Hematology,Abnormal,,Abnormal,688.03,True
BATCH-20260925-001,LAB-000150340,PAT-0016138,ADM-00050193,DOC-00120,2026-09-25 16:54:15,Urine Routine,Pathology,Normal,,Normal,365.81,False
BATCH-20260925-001,LAB-000150341,PAT-0002387,ADM-00050194,DOC-00061,2026-09-25 02:23:44,Troponin,Cardiac,Normal,,Normal,1263.34,False
BATCH-20260925-001,LAB-000150342,PAT-0002387,ADM-00050194,DOC-00061,2026-09-25 02:23:44,Kidney Function Test,Biochemistry,Normal,,Normal,1278.82,False
BATCH-20260925-001,LAB-000150343,PAT-0002387,ADM-00050194,DOC-00061,2026-09-25 02:23:44,Lipid Profile,Biochemistry,Normal,,Normal,1072.62,False
BATCH-20260925-001,LAB-000150344,PAT-0002387,ADM-00050194,DOC-00061,2026-09-25 02:23:44,Kidney Function Test,Biochemistry,Normal,,Normal,1063.95,False
BATCH-20260925-001,LAB-000150345,PAT-0009954,ADM-00050195,DOC-00142,2026-09-25 01:49:47,Liver Function Test,Biochemistry,Abnormal,,Abnormal,1187.74,True
BATCH-20260925-001,LAB-000150346,PAT-0009954,ADM-00050195,DOC-00142,2026-09-25 01:49:47,Thyroid Profile,Endocrinology,Abnormal,,Abnormal,1124.39,True
BATCH-20260925-001,LAB-000150347,PAT-0008902,ADM-00050196,DOC-00044,2026-09-25 03:16:41,Urine Routine,Pathology,Normal,,Normal,352.37,False
BATCH-20260925-001,LAB-000150348,PAT-0008902,ADM-00050196,DOC-00044,2026-09-25 03:16:41,Complete Blood Count,Hematology,Abnormal,,Abnormal,750.37,True
BATCH-20260925-001,LAB-000150349,PAT-0020331,ADM-00050197,DOC-00084,2026-09-25 09:43:23,Thyroid Profile,Endocrinology,Normal,,Normal,1053.0,False
BATCH-20260925-001,LAB-000150350,PAT-0006949,ADM-00050198,DOC-00133,2026-09-25 14:06:48,Urine Routine,Pathology,Normal,,Normal,412.08,False
BATCH-20260925-001,LAB-000150351,PAT-0006949,ADM-00050198,DOC-00133,2026-09-25 14:06:48,Thyroid Profile,Endocrinology,Normal,,Normal,1128.61,False
BATCH-20260925-001,LAB-000150352,PAT-0006949,ADM-00050198,DOC-00133,2026-09-25 14:06:48,Blood Glucose,Biochemistry,Abnormal,,Abnormal,290.89,True
BATCH-20260925-001,LAB-000150353,PAT-0006949,ADM-00050198,DOC-00133,2026-09-25 14:06:48,Urine Routine,Pathology,Normal,,Normal,404.6,False
BATCH-20260925-001,LAB-000150354,PAT-0002213,ADM-00050199,DOC-00008,2026-09-25 05:11:05,Blood Glucose,Biochemistry,Normal,,Normal,282.75,False
BATCH-20260925-001,LAB-000150355,PAT-0002213,ADM-00050199,DOC-00008,2026-09-25 05:11:05,Troponin,Cardiac,Normal,,Normal,1283.17,False
BATCH-20260925-001,LAB-000150356,PAT-0002213,ADM-00050199,DOC-00008,2026-09-25 05:11:05,Troponin,Cardiac,Normal,,Normal,1339.55,False
BATCH-20260925-001,LAB-000150357,PAT-0002213,ADM-00050199,DOC-00008,2026-09-25 05:11:05,Lipid Profile,Biochemistry,Normal,,Normal,1025.08,False
BATCH-20260925-001,LAB-000150358,PAT-0018404,ADM-00050200,DOC-00135,2026-09-25 18:06:59,Blood Glucose,Biochemistry,Normal,,Normal,312.9,False
BATCH-20260925-001,LAB-000150359,PAT-0018404,ADM-00050200,DOC-00135,2026-09-25 18:06:59,Complete Blood Count,Hematology,Normal,,Normal,621.9,False
BATCH-20260925-001,LAB-000150360,PAT-0018404,ADM-00050200,DOC-00135,2026-09-25 18:06:59,Liver Function Test,Biochemistry,Normal,,Normal,1210.74,False
BATCH-20260925-001,LAB-000150361,PAT-0023947,ADM-00050201,DOC-00108,2026-09-25 21:20:06,Liver Function Test,Biochemistry,Normal,,Normal,1086.85,False
BATCH-20260925-001,LAB-000150362,PAT-0023947,ADM-00050201,DOC-00108,2026-09-25 21:20:06,Blood Glucose,Biochemistry,Normal,,Normal,345.92,False
BATCH-20260925-001,LAB-000150363,PAT-0023947,ADM-00050201,DOC-00108,2026-09-25 21:20:06,Complete Blood Count,Hematology,Normal,,Normal,685.3,False
BATCH-20260925-001,LAB-000150364,PAT-0023947,ADM-00050201,DOC-00108,2026-09-25 21:20:06,Liver Function Test,Biochemistry,Normal,,Normal,1405.3,False
BATCH-20260925-001,LAB-000150365,PAT-0023947,ADM-00050201,DOC-00108,2026-09-25 21:20:06,Kidney Function Test,Biochemistry,Normal,,Normal,1164.2,False
BATCH-20260925-001,LAB-000150366,PAT-0010476,ADM-00050202,DOC-00113,2026-09-25 09:23:27,Complete Blood Count,Hematology,Abnormal,,Abnormal,765.51,True
BATCH-20260925-001,LAB-000150367,PAT-0001510,ADM-00050203,DOC-00003,2026-09-25 13:14:41,Liver Function Test,Biochemistry,Normal,,Normal,1393.71,False
BATCH-20260925-001,LAB-000150368,PAT-0020651,ADM-00050204,DOC-00093,2026-09-25 08:24:14,Blood Glucose,Biochemistry,Normal,,Normal,283.83,False
BATCH-20260925-001,LAB-000150369,PAT-0020651,ADM-00050204,DOC-00093,2026-09-25 08:24:14,Complete Blood Count,Hematology,Normal,,Normal,600.37,False
BATCH-20260925-001,LAB-000150370,PAT-0020651,ADM-00050204,DOC-00093,2026-09-25 08:24:14,Blood Glucose,Biochemistry,Normal,,Normal,273.91,False
BATCH-20260925-001,LAB-000150371,PAT-0020651,ADM-00050204,DOC-00093,2026-09-25 08:24:14,Lipid Profile,Biochemistry,Normal,,Normal,824.32,False
BATCH-20260925-001,LAB-000150372,PAT-0012553,ADM-00050205,DOC-00061,2026-09-25 08:20:33,Kidney Function Test,Biochemistry,Normal,,Normal,1157.48,False
BATCH-20260925-001,LAB-000150373,PAT-0015375,ADM-00050206,DOC-00070,2026-09-25 01:23:33,Urine Routine,Pathology,Abnormal,,Abnormal,416.79,True
BATCH-20260925-001,LAB-000150374,PAT-0015375,ADM-00050206,DOC-00070,2026-09-25 01:23:33,Troponin,Cardiac,Normal,,Normal,1518.1,False
BATCH-20260925-001,LAB-000150375,PAT-0015375,ADM-00050206,DOC-00070,2026-09-25 01:23:33,Complete Blood Count,Hematology,Normal,,Normal,665.51,False
BATCH-20260925-001,LAB-000150376,PAT-0015375,ADM-00050206,DOC-00070,2026-09-25 01:23:33,Urine Routine,Pathology,Normal,,Normal,315.6,False
BATCH-20260925-001,LAB-000150377,PAT-0020333,ADM-00050207,DOC-00097,2026-09-25 11:39:49,Thyroid Profile,Endocrinology,Normal,,Normal,1056.49,False
BATCH-20260925-001,LAB-000150378,PAT-0020333,ADM-00050207,DOC-00097,2026-09-25 11:39:49,Thyroid Profile,Endocrinology,Abnormal,,Abnormal,951.31,True
BATCH-20260925-001,LAB-000150379,PAT-0023921,ADM-00050208,DOC-00056,2026-09-25 03:41:31,Urine Routine,Pathology,Normal,,Normal,317.67,False
BATCH-20260925-001,LAB-000150380,PAT-0023921,ADM-00050208,DOC-00056,2026-09-25 03:41:31,Blood Glucose,Biochemistry,Normal,,Normal,356.14,False
BATCH-20260925-001,LAB-000150381,PAT-0023921,ADM-00050208,DOC-00056,2026-09-25 03:41:31,Complete Blood Count,Hematology,Normal,,Normal,645.48,False
BATCH-20260925-001,LAB-000150382,PAT-0023921,ADM-00050208,DOC-00056,2026-09-25 03:41:31,Urine Routine,Pathology,Normal,,Normal,354.31,False
BATCH-20260925-001,LAB-000150383,PAT-0012385,ADM-00050209,DOC-00101,2026-09-25 06:24:50,Troponin,Cardiac,Normal,,Normal,1495.55,False
BATCH-20260925-001,LAB-000150384,PAT-0012385,ADM-00050209,DOC-00101,2026-09-25 06:24:50,Kidney Function Test,Biochemistry,Normal,,Normal,1066.3,False
BATCH-20260925-001,LAB-000150385,PAT-0012385,ADM-00050209,DOC-00101,2026-09-25 06:24:50,Thyroid Profile,Endocrinology,Normal,,Normal,937.26,False
BATCH-20260925-001,LAB-000150386,PAT-0012385,ADM-00050209,DOC-00101,2026-09-25 06:24:50,Blood Glucose,Biochemistry,Normal,,Normal,290.53,False
BATCH-20260925-001,LAB-000150387,PAT-0012385,ADM-00050209,DOC-00101,2026-09-25 06:24:50,Urine Routine,Pathology,Normal,,Normal,350.12,False
BATCH-20260925-001,LAB-000150388,PAT-0000233,ADM-00050210,DOC-00050,2026-09-25 22:28:43,Troponin,Cardiac,Normal,,Normal,1679.05,False
BATCH-20260925-001,LAB-000150389,PAT-0000233,ADM-00050210,DOC-00050,2026-09-25 22:28:43,Complete Blood Count,Hematology,Normal,,Normal,642.62,False
BATCH-20260925-001,LAB-000150390,PAT-0000233,ADM-00050210,DOC-00050,2026-09-25 22:28:43,Lipid Profile,Biochemistry,Normal,,Normal,910.17,False
BATCH-20260925-001,LAB-000150391,PAT-0000233,ADM-00050210,DOC-00050,2026-09-25 22:28:43,Blood Glucose,Biochemistry,Normal,,Normal,325.36,False
BATCH-20260925-001,LAB-000150392,PAT-0000233,ADM-00050210,DOC-00050,2026-09-25 22:28:43,Thyroid Profile,Endocrinology,Normal,,Normal,1060.85,False
BATCH-20260925-001,LAB-000150393,PAT-0021083,ADM-00050211,DOC-00133,2026-09-25 23:54:27,Thyroid Profile,Endocrinology,Normal,,Normal,1024.2,False
BATCH-20260925-001,LAB-000150394,PAT-0009642,ADM-00050212,DOC-00118,2026-09-25 08:29:08,Complete Blood Count,Hematology,Normal,,Normal,725.71,False
BATCH-20260925-001,LAB-000150395,PAT-0009642,ADM-00050212,DOC-00118,2026-09-25 08:29:08,Urine Routine,Pathology,Normal,,Normal,348.38,False
BATCH-20260925-001,LAB-000150396,PAT-0009642,ADM-00050212,DOC-00118,2026-09-25 08:29:08,Lipid Profile,Biochemistry,Normal,,Normal,816.6,False
BATCH-20260925-001,LAB-000150397,PAT-0009642,ADM-00050212,DOC-00118,2026-09-25 08:29:08,Liver Function Test,Biochemistry,Abnormal,,Abnormal,1234.55,True
BATCH-20260925-001,LAB-000150398,PAT-0009642,ADM-00050212,DOC-00118,2026-09-25 08:29:08,Thyroid Profile,Endocrinology,Abnormal,,Abnormal,1131.48,True
BATCH-20260925-001,LAB-000150399,PAT-0007626,ADM-00050213,DOC-00089,2026-09-25 16:51:55,Liver Function Test,Biochemistry,Normal,,Normal,1432.22,False
BATCH-20260925-001,LAB-000150400,PAT-0007626,ADM-00050213,DOC-00089,2026-09-25 16:51:55,Kidney Function Test,Biochemistry,Normal,,Normal,1059.17,False
BATCH-20260925-001,LAB-000150401,PAT-0007626,ADM-00050213,DOC-00089,2026-09-25 16:51:55,Blood Glucose,Biochemistry,Normal,,Normal,348.54,False
BATCH-20260925-001,LAB-000150402,PAT-0007626,ADM-00050213,DOC-00089,2026-09-25 16:51:55,Lipid Profile,Biochemistry,Abnormal,,Abnormal,873.38,True
BATCH-20260925-001,LAB-000150403,PAT-0007626,ADM-00050213,DOC-00089,2026-09-25 16:51:55,Complete Blood Count,Hematology,Normal,,Normal,703.32,False
BATCH-20260925-001,LAB-000150404,PAT-0002937,ADM-00050214,DOC-00022,2026-09-25 19:49:56,Troponin,Cardiac,Normal,,Normal,1332.56,False
BATCH-20260925-001,LAB-000150405,PAT-0015539,ADM-00050215,DOC-00103,2026-09-25 01:03:49,Blood Glucose,Biochemistry,Normal,,Normal,340.31,False
BATCH-20260925-001,LAB-000150406,PAT-0015539,ADM-00050215,DOC-00103,2026-09-25 01:03:49,Liver Function Test,Biochemistry,Normal,,Normal,1337.89,False
BATCH-20260925-001,LAB-000150407,PAT-0015539,ADM-00050215,DOC-00103,2026-09-25 01:03:49,Thyroid Profile,Endocrinology,Abnormal,,Abnormal,943.89,True
BATCH-20260925-001,LAB-000150408,PAT-0015539,ADM-00050215,DOC-00103,2026-09-25 01:03:49,Liver Function Test,Biochemistry,Normal,,Normal,1217.1,False
BATCH-20260925-001,LAB-000150409,PAT-0015539,ADM-00050215,DOC-00103,2026-09-25 01:03:49,Lipid Profile,Biochemistry,Normal,,Normal,998.0,False
BATCH-20260925-001,LAB-000150410,PAT-0007334,ADM-00050216,DOC-00019,2026-09-25 17:11:08,Urine Routine,Pathology,Normal,,Normal,391.37,False
BATCH-20260925-001,LAB-000150411,PAT-0007334,ADM-00050216,DOC-00019,2026-09-25 17:11:08,Kidney Function Test,Biochemistry,Normal,,Normal,992.27,False
BATCH-20260925-001,LAB-000150412,PAT-0001102,ADM-00050217,DOC-00014,2026-09-25 19:44:15,Troponin,Cardiac,Normal,,Normal,1410.67,False
BATCH-20260925-001,LAB-000150413,PAT-0001102,ADM-00050217,DOC-00014,2026-09-25 19:44:15,Thyroid Profile,Endocrinology,Normal,,Normal,1127.35,False
BATCH-20260925-001,LAB-000150414,PAT-0001102,ADM-00050217,DOC-00014,2026-09-25 19:44:15,Thyroid Profile,Endocrinology,Normal,,Normal,1117.32,False
BATCH-20260925-001,LAB-000150415,PAT-0001102,ADM-00050217,DOC-00014,2026-09-25 19:44:15,Thyroid Profile,Endocrinology,Abnormal,,Abnormal,1055.45,True
BATCH-20260925-001,LAB-000150416,PAT-0005889,ADM-00050218,DOC-00110,2026-09-25 09:04:33,Complete Blood Count,Hematology,Normal,,Normal,589.17,False
BATCH-20260925-001,LAB-000150417,PAT-0005889,ADM-00050218,DOC-00110,2026-09-25 09:04:33,Lipid Profile,Biochemistry,Abnormal,,Abnormal,976.25,True
BATCH-20260925-001,LAB-000150418,PAT-0015723,ADM-00050219,DOC-00032,2026-09-25 09:31:49,Complete Blood Count,Hematology,Normal,,Normal,586.15,False
BATCH-20260925-001,LAB-000150419,PAT-0015723,ADM-00050219,DOC-00032,2026-09-25 09:31:49,Kidney Function Test,Biochemistry,Normal,,Normal,1075.07,False
BATCH-20260925-001,LAB-000150420,PAT-0014779,ADM-00050220,DOC-00038,2026-09-25 05:00:11,Kidney Function Test,Biochemistry,Normal,,Normal,1232.71,False
BATCH-20260925-001,LAB-000150421,PAT-0014779,ADM-00050220,DOC-00038,2026-09-25 05:00:11,Lipid Profile,Biochemistry,Normal,,Normal,832.72,False
BATCH-20260925-001,LAB-000150422,PAT-0014779,ADM-00050220,DOC-00038,2026-09-25 05:00:11,Blood Glucose,Biochemistry,Normal,,Normal,350.35,False
BATCH-20260925-001,LAB-000150423,PAT-0010642,ADM-00050221,DOC-00135,2026-09-25 19:03:07,Urine Routine,Pathology,Normal,,Normal,338.12,False
BATCH-20260925-001,LAB-000150424,PAT-0010642,ADM-00050221,DOC-00135,2026-09-25 19:03:07,Troponin,Cardiac,Normal,,Normal,1478.3,False
BATCH-20260925-001,LAB-000150425,PAT-0010642,ADM-00050221,DOC-00135,2026-09-25 19:03:07,Liver Function Test,Biochemistry,Normal,,Normal,1195.3,False
BATCH-20260925-001,LAB-000150426,PAT-0020974,ADM-00050222,DOC-00073,2026-09-25 07:15:50,Troponin,Cardiac,Normal,,Normal,1630.05,False
BATCH-20260925-001,LAB-000150427,PAT-0020974,ADM-00050222,DOC-00073,2026-09-25 07:15:50,Lipid Profile,Biochemistry,Normal,,Normal,911.52,False
BATCH-20260925-001,LAB-000150428,PAT-0020974,ADM-00050222,DOC-00073,2026-09-25 07:15:50,Blood Glucose,Biochemistry,Normal,,Normal,326.62,False
BATCH-20260925-001,LAB-000150429,PAT-0020974,ADM-00050222,DOC-00073,2026-09-25 07:15:50,Lipid Profile,Biochemistry,Normal,,Normal,1056.59,False
BATCH-20260925-001,LAB-000150430,PAT-0020974,ADM-00050222,DOC-00073,2026-09-25 07:15:50,Troponin,Cardiac,Normal,,Normal,1602.57,False
BATCH-20260925-001,LAB-000150431,PAT-0011113,ADM-00050223,DOC-00140,2026-09-25 17:13:51,Blood Glucose,Biochemistry,Normal,,Normal,285.43,False
BATCH-20260925-001,LAB-000150432,PAT-0011113,ADM-00050223,DOC-00140,2026-09-25 17:13:51,Complete Blood Count,Hematology,Normal,,Normal,719.58,False
BATCH-20260925-001,LAB-000150433,PAT-0011113,ADM-00050223,DOC-00140,2026-09-25 17:13:51,Complete Blood Count,Hematology,Normal,,Normal,720.93,False
BATCH-20260925-001,LAB-000150434,PAT-0011113,ADM-00050223,DOC-00140,2026-09-25 17:13:51,Lipid Profile,Biochemistry,Normal,,Normal,934.42,False
BATCH-20260925-001,LAB-000150435,PAT-0011113,ADM-00050223,DOC-00140,2026-09-25 17:13:51,Liver Function Test,Biochemistry,Abnormal,,Abnormal,1359.0,True
BATCH-20260925-001,LAB-000150436,PAT-0004550,ADM-00050224,DOC-00097,2026-09-25 10:45:42,Liver Function Test,Biochemistry,Normal,,Normal,1186.79,False
BATCH-20260925-001,LAB-000150437,PAT-0004550,ADM-00050224,DOC-00097,2026-09-25 10:45:42,Liver Function Test,Biochemistry,Abnormal,,Abnormal,1366.79,True
BATCH-20260925-001,LAB-000150438,PAT-0004550,ADM-00050224,DOC-00097,2026-09-25 10:45:42,Thyroid Profile,Endocrinology,Abnormal,,Abnormal,1135.11,True
BATCH-20260925-001,LAB-000150439,PAT-0021442,ADM-00050225,DOC-00101,2026-09-25 23:37:23,Lipid Profile,Biochemistry,Abnormal,,Abnormal,960.77,True
BATCH-20260925-001,LAB-000150440,PAT-0021442,ADM-00050225,DOC-00101,2026-09-25 23:37:23,Urine Routine,Pathology,Normal,,Normal,406.34,False
BATCH-20260925-001,LAB-000150441,PAT-0021442,ADM-00050225,DOC-00101,2026-09-25 23:37:23,Urine Routine,Pathology,Normal,,Normal,365.54,False
BATCH-20260925-001,LAB-000150442,PAT-0021099,ADM-00050226,DOC-00147,2026-09-25 18:20:52,Complete Blood Count,Hematology,Normal,,Normal,771.66,False
BATCH-20260925-001,LAB-000150443,PAT-0021099,ADM-00050226,DOC-00147,2026-09-25 18:20:52,Liver Function Test,Biochemistry,Normal,,Normal,1419.85,False
BATCH-20260925-001,LAB-000150444,PAT-0021099,ADM-00050226,DOC-00147,2026-09-25 18:20:52,Liver Function Test,Biochemistry,Normal,,Normal,1208.23,False
BATCH-20260925-001,LAB-000150445,PAT-0021099,ADM-00050226,DOC-00147,2026-09-25 18:20:52,Complete Blood Count,Hematology,Normal,,Normal,659.91,False
BATCH-20260925-001,LAB-000150446,PAT-0021099,ADM-00050226,DOC-00147,2026-09-25 18:20:52,Thyroid Profile,Endocrinology,Normal,,Normal,1126.86,False
BATCH-20260925-001,LAB-000150447,PAT-0009999,ADM-00050227,DOC-00095,2026-09-25 03:07:17,Lipid Profile,Biochemistry,Normal,,Normal,1068.66,False
BATCH-20260925-001,LAB-000150448,PAT-0009999,ADM-00050227,DOC-00095,2026-09-25 03:07:17,Urine Routine,Pathology,Normal,,Normal,351.96,False
BATCH-20260925-001,LAB-000150449,PAT-0009999,ADM-00050227,DOC-00095,2026-09-25 03:07:17,Complete Blood Count,Hematology,Normal,,Normal,736.54,False
BATCH-20260925-001,LAB-000150450,PAT-0009999,ADM-00050227,DOC-00095,2026-09-25 03:07:17,Kidney Function Test,Biochemistry,Abnormal,,Abnormal,1081.96,True
BATCH-20260925-001,LAB-000150451,PAT-0009999,ADM-00050227,DOC-00095,2026-09-25 03:07:17,Complete Blood Count,Hematology,Normal,,Normal,636.42,False
BATCH-20260925-001,LAB-000150452,PAT-0005467,ADM-00050228,DOC-00056,2026-09-25 19:46:56,Troponin,Cardiac,Normal,,Normal,1420.12,False
BATCH-20260925-001,LAB-000150453,PAT-0005467,ADM-00050228,DOC-00056,2026-09-25 19:46:56,Kidney Function Test,Biochemistry,Normal,,Normal,1304.06,False
BATCH-20260925-001,LAB-000150454,PAT-0005467,ADM-00050228,DOC-00056,2026-09-25 19:46:56,Kidney Function Test,Biochemistry,Normal,,Normal,1251.29,False
BATCH-20260925-001,LAB-000150455,PAT-0005467,ADM-00050228,DOC-00056,2026-09-25 19:46:56,Blood Glucose,Biochemistry,Normal,,Normal,310.24,False
BATCH-20260925-001,LAB-000150456,PAT-0002757,ADM-00050229,DOC-00053,2026-09-25 22:31:55,Troponin,Cardiac,Normal,,Normal,1375.65,False
BATCH-20260925-001,LAB-000150457,PAT-0016691,ADM-00050230,DOC-00009,2026-09-25 09:15:32,Troponin,Cardiac,Normal,,Normal,1640.29,False
BATCH-20260925-001,LAB-000150458,PAT-0006951,ADM-00050231,DOC-00076,2026-09-25 01:29:25,Blood Glucose,Biochemistry,Normal,,Normal,348.4,False
BATCH-20260925-001,LAB-000150459,PAT-0006951,ADM-00050231,DOC-00076,2026-09-25 01:29:25,Blood Glucose,Biochemistry,Normal,,Normal,329.49,False
BATCH-20260925-001,LAB-000150460,PAT-0002725,ADM-00050232,DOC-00005,2026-09-25 12:57:52,Thyroid Profile,Endocrinology,Normal,,Normal,1137.74,False
BATCH-20260925-001,LAB-000150461,PAT-0002725,ADM-00050232,DOC-00005,2026-09-25 12:57:52,Thyroid Profile,Endocrinology,Normal,,Normal,973.21,False
BATCH-20260925-001,LAB-000150462,PAT-0002725,ADM-00050232,DOC-00005,2026-09-25 12:57:52,Thyroid Profile,Endocrinology,Normal,,Normal,1197.16,False
BATCH-20260925-001,LAB-000150463,PAT-0002725,ADM-00050232,DOC-00005,2026-09-25 12:57:52,Liver Function Test,Biochemistry,Normal,,Normal,1392.82,False
BATCH-20260925-001,LAB-000150464,PAT-0006175,ADM-00050233,DOC-00002,2026-09-25 14:11:19,Kidney Function Test,Biochemistry,Normal,,Normal,1140.69,False
BATCH-20260925-001,LAB-000150465,PAT-0006175,ADM-00050233,DOC-00002,2026-09-25 14:11:19,Complete Blood Count,Hematology,Normal,,Normal,756.93,False
BATCH-20260925-001,LAB-000150466,PAT-0006175,ADM-00050233,DOC-00002,2026-09-25 14:11:19,Lipid Profile,Biochemistry,Normal,,Normal,982.38,False
BATCH-20260925-001,LAB-000150467,PAT-0024155,ADM-00050234,DOC-00132,2026-09-25 22:38:42,Troponin,Cardiac,Normal,,Normal,1652.04,False
BATCH-20260925-001,LAB-000150468,PAT-0024155,ADM-00050234,DOC-00132,2026-09-25 22:38:42,Lipid Profile,Biochemistry,Normal,,Normal,966.85,False
BATCH-20260925-001,LAB-000150469,PAT-0024155,ADM-00050234,DOC-00132,2026-09-25 22:38:42,Thyroid Profile,Endocrinology,Abnormal,,Abnormal,1154.63,True
BATCH-20260925-001,LAB-000150470,PAT-0012387,ADM-00050235,DOC-00074,2026-09-25 06:55:06,Lipid Profile,Biochemistry,Normal,,Normal,995.49,False
BATCH-20260925-001,LAB-000150471,PAT-0012387,ADM-00050235,DOC-00074,2026-09-25 06:55:06,Kidney Function Test,Biochemistry,Normal,,Normal,1278.44,False
BATCH-20260925-001,LAB-000150472,PAT-0012387,ADM-00050235,DOC-00074,2026-09-25 06:55:06,Liver Function Test,Biochemistry,Normal,,Normal,1268.1,False
BATCH-20260925-001,LAB-000150473,PAT-0012387,ADM-00050235,DOC-00074,2026-09-25 06:55:06,Complete Blood Count,Hematology,Normal,,Normal,751.0,False
BATCH-20260925-001,LAB-000150474,PAT-0012387,ADM-00050235,DOC-00074,2026-09-25 06:55:06,Liver Function Test,Biochemistry,Normal,,Normal,1224.21,False
BATCH-20260925-001,LAB-000150475,PAT-0023001,ADM-00050236,DOC-00067,2026-09-25 06:30:18,Complete Blood Count,Hematology,Abnormal,,Abnormal,614.27,True
BATCH-20260925-001,LAB-000150476,PAT-0023001,ADM-00050236,DOC-00067,2026-09-25 06:30:18,Blood Glucose,Biochemistry,Normal,,Normal,354.39,False
BATCH-20260925-001,LAB-000150477,PAT-0023001,ADM-00050236,DOC-00067,2026-09-25 06:30:18,Kidney Function Test,Biochemistry,Abnormal,,Abnormal,1123.7,True
BATCH-20260925-001,LAB-000150478,PAT-0023001,ADM-00050236,DOC-00067,2026-09-25 06:30:18,Urine Routine,Pathology,Abnormal,,Abnormal,330.66,True
BATCH-20260925-001,LAB-000150479,PAT-0023001,ADM-00050236,DOC-00067,2026-09-25 06:30:18,Troponin,Cardiac,Normal,,Normal,1645.09,False
BATCH-20260925-001,LAB-000150480,PAT-0017432,ADM-00050237,DOC-00019,2026-09-25 09:59:29,Thyroid Profile,Endocrinology,Normal,,Normal,1170.83,False
BATCH-20260925-001,LAB-000150481,PAT-0017432,ADM-00050237,DOC-00019,2026-09-25 09:59:29,Thyroid Profile,Endocrinology,Normal,,Normal,1179.82,False
BATCH-20260925-001,LAB-000150482,PAT-0017432,ADM-00050237,DOC-00019,2026-09-25 09:59:29,Thyroid Profile,Endocrinology,Normal,,Normal,1032.66,False
BATCH-20260925-001,LAB-000150483,PAT-0017432,ADM-00050237,DOC-00019,2026-09-25 09:59:29,Complete Blood Count,Hematology,Normal,,Normal,704.98,False
BATCH-20260925-001,LAB-000150484,PAT-0010232,ADM-00050238,DOC-00019,2026-09-25 16:37:49,Lipid Profile,Biochemistry,Abnormal,,Abnormal,880.94,True
BATCH-20260925-001,LAB-000150485,PAT-0010232,ADM-00050238,DOC-00019,2026-09-25 16:37:49,Thyroid Profile,Endocrinology,Normal,,Normal,1011.02,False
BATCH-20260925-001,LAB-000150486,PAT-0010232,ADM-00050238,DOC-00019,2026-09-25 16:37:49,Troponin,Cardiac,Normal,,Normal,1667.62,False
BATCH-20260925-001,LAB-000150487,PAT-0010232,ADM-00050238,DOC-00019,2026-09-25 16:37:49,Thyroid Profile,Endocrinology,Normal,,Normal,1054.89,False
BATCH-20260925-001,LAB-000150488,PAT-0003161,ADM-00050239,DOC-00027,2026-09-25 02:12:08,Urine Routine,Pathology,Normal,,Normal,403.45,False
BATCH-20260925-001,LAB-000150489,PAT-0003161,ADM-00050239,DOC-00027,2026-09-25 02:12:08,Blood Glucose,Biochemistry,Normal,,Normal,324.01,False
BATCH-20260925-001,LAB-000150490,PAT-0003161,ADM-00050239,DOC-00027,2026-09-25 02:12:08,Blood Glucose,Biochemistry,Normal,,Normal,338.99,False
BATCH-20260925-001,LAB-000150491,PAT-0002028,ADM-00050240,DOC-00121,2026-09-25 12:20:24,Kidney Function Test,Biochemistry,Abnormal,,Abnormal,1029.17,True
BATCH-20260925-001,LAB-000150492,PAT-0002028,ADM-00050240,DOC-00121,2026-09-25 12:20:24,Kidney Function Test,Biochemistry,Normal,,Normal,1020.71,False
BATCH-20260925-001,LAB-000150493,PAT-0002028,ADM-00050240,DOC-00121,2026-09-25 12:20:24,Liver Function Test,Biochemistry,Normal,,Normal,1192.37,False
BATCH-20260925-001,LAB-000150494,PAT-0002028,ADM-00050240,DOC-00121,2026-09-25 12:20:24,Complete Blood Count,Hematology,Normal,,Normal,623.39,False
BATCH-20260925-001,LAB-000150495,PAT-0002028,ADM-00050240,DOC-00121,2026-09-25 12:20:24,Lipid Profile,Biochemistry,Normal,,Normal,953.83,False
BATCH-20260925-001,LAB-000150496,PAT-0008857,ADM-00050241,DOC-00012,2026-09-25 00:15:17,Lipid Profile,Biochemistry,Normal,,Normal,996.34,False
BATCH-20260925-001,LAB-000150497,PAT-0008857,ADM-00050241,DOC-00012,2026-09-25 00:15:17,Lipid Profile,Biochemistry,Normal,,Normal,1018.75,False
BATCH-20260925-001,LAB-000150498,PAT-0008857,ADM-00050241,DOC-00012,2026-09-25 00:15:17,Thyroid Profile,Endocrinology,Abnormal,,Abnormal,1008.74,True
BATCH-20260925-001,LAB-000150499,PAT-0008857,ADM-00050241,DOC-00012,2026-09-25 00:15:17,Liver Function Test,Biochemistry,Normal,,Normal,1234.54,False
BATCH-20260925-001,LAB-000150500,PAT-0008857,ADM-00050241,DOC-00012,2026-09-25 00:15:17,Liver Function Test,Biochemistry,Abnormal,,Abnormal,1243.06,True
BATCH-20260925-001,LAB-000150501,PAT-0006334,ADM-00050242,DOC-00056,2026-09-25 00:28:02,Thyroid Profile,Endocrinology,Normal,,Normal,1073.32,False
BATCH-20260925-001,LAB-000150502,PAT-0006334,ADM-00050242,DOC-00056,2026-09-25 00:28:02,Liver Function Test,Biochemistry,Abnormal,,Abnormal,1396.69,True
BATCH-20260925-001,LAB-000150503,PAT-0006334,ADM-00050242,DOC-00056,2026-09-25 00:28:02,Troponin,Cardiac,Normal,,Normal,1314.86,False
BATCH-20260925-001,LAB-000150504,PAT-0021316,ADM-00050243,DOC-00150,2026-09-25 12:54:10,Blood Glucose,Biochemistry,Normal,,Normal,342.0,False
BATCH-20260925-001,LAB-000150505,PAT-0018663,ADM-00050244,DOC-00039,2026-09-25 20:52:55,Thyroid Profile,Endocrinology,Normal,,Normal,1095.23,False
BATCH-20260925-001,LAB-000150506,PAT-0018663,ADM-00050244,DOC-00039,2026-09-25 20:52:55,Troponin,Cardiac,Abnormal,,Abnormal,1638.01,True
BATCH-20260925-001,LAB-000150507,PAT-0018663,ADM-00050244,DOC-00039,2026-09-25 20:52:55,Liver Function Test,Biochemistry,Normal,,Normal,1226.9,False
BATCH-20260925-001,LAB-000150508,PAT-0018663,ADM-00050244,DOC-00039,2026-09-25 20:52:55,Blood Glucose,Biochemistry,Normal,,Normal,299.66,False
BATCH-20260925-001,LAB-000150509,PAT-0018663,ADM-00050244,DOC-00039,2026-09-25 20:52:55,Kidney Function Test,Biochemistry,Normal,,Normal,1098.26,False
BATCH-20260925-001,LAB-000150510,PAT-0019011,ADM-00050245,DOC-00081,2026-09-25 07:56:08,Thyroid Profile,Endocrinology,Normal,,Normal,1191.47,False
BATCH-20260925-001,LAB-000150511,PAT-0019011,ADM-00050245,DOC-00081,2026-09-25 07:56:08,Lipid Profile,Biochemistry,Normal,,Normal,1053.23,False
BATCH-20260925-001,LAB-000150512,PAT-0019011,ADM-00050245,DOC-00081,2026-09-25 07:56:08,Lipid Profile,Biochemistry,Normal,,Normal,817.61,False
BATCH-20260925-001,LAB-000150513,PAT-0019011,ADM-00050245,DOC-00081,2026-09-25 07:56:08,Blood Glucose,Biochemistry,Normal,,Normal,306.5,False
BATCH-20260925-001,LAB-000150514,PAT-0000374,ADM-00050246,DOC-00081,2026-09-25 21:23:19,Lipid Profile,Biochemistry,Normal,,Normal,1075.83,False
BATCH-20260925-001,LAB-000150515,PAT-0020523,ADM-00050247,DOC-00006,2026-09-25 08:16:24,Liver Function Test,Biochemistry,Normal,,Normal,1422.1,False
BATCH-20260925-001,LAB-000150516,PAT-0020523,ADM-00050247,DOC-00006,2026-09-25 08:16:24,Complete Blood Count,Hematology,Normal,,Normal,699.82,False
BATCH-20260925-001,LAB-000150517,PAT-0007007,ADM-00050248,DOC-00127,2026-09-25 02:26:33,Kidney Function Test,Biochemistry,Normal,,Normal,1240.07,False
BATCH-20260925-001,LAB-000150518,PAT-0007007,ADM-00050248,DOC-00127,2026-09-25 02:26:33,Blood Glucose,Biochemistry,Normal,,Normal,323.63,False
BATCH-20260925-001,LAB-000150519,PAT-0007007,ADM-00050248,DOC-00127,2026-09-25 02:26:33,Complete Blood Count,Hematology,Normal,,Normal,591.37,False
BATCH-20260925-001,LAB-000150520,PAT-0007007,ADM-00050248,DOC-00127,2026-09-25 02:26:33,Blood Glucose,Biochemistry,Normal,,Normal,351.1,False
BATCH-20260925-001,LAB-000150521,PAT-0019818,ADM-00050249,DOC-00048,2026-09-25 12:08:14,Urine Routine,Pathology,Abnormal,,Abnormal,366.78,True
BATCH-20260925-001,LAB-000150522,PAT-0019818,ADM-00050249,DOC-00048,2026-09-25 12:08:14,Urine Routine,Pathology,Abnormal,,Abnormal,337.54,True
BATCH-20260925-001,LAB-000150523,PAT-0019476,ADM-00050250,DOC-00140,2026-09-25 05:34:43,Liver Function Test,Biochemistry,Normal,,Normal,1226.26,False
BATCH-20260925-001,LAB-000150524,PAT-0019476,ADM-00050250,DOC-00140,2026-09-25 05:34:43,Lipid Profile,Biochemistry,Abnormal,,Abnormal,847.63,True
BATCH-20260925-001,LAB-000150525,PAT-0019476,ADM-00050250,DOC-00140,2026-09-25 05:34:43,Blood Glucose,Biochemistry,Abnormal,,Abnormal,328.09,True
BATCH-20260925-001,LAB-000150526,PAT-0019476,ADM-00050250,DOC-00140,2026-09-25 05:34:43,Thyroid Profile,Endocrinology,Normal,,Normal,1188.94,False
BATCH-20260925-001,LAB-000150527,PAT-0003642,ADM-00050251,DOC-00144,2026-09-25 20:29:44,Complete Blood Count,Hematology,Abnormal,,Abnormal,767.47,True
BATCH-20260925-001,LAB-000150528,PAT-0012510,ADM-00050252,DOC-00139,2026-09-25 07:38:00,Troponin,Cardiac,Normal,,Normal,1644.39,False
BATCH-20260925-001,LAB-000150529,PAT-0012510,ADM-00050252,DOC-00139,2026-09-25 07:38:00,Complete Blood Count,Hematology,Normal,,Normal,658.23,False
BATCH-20260925-001,LAB-000150530,PAT-0012510,ADM-00050252,DOC-00139,2026-09-25 07:38:00,Complete Blood Count,Hematology,Normal,,Normal,691.41,False
BATCH-20260925-001,LAB-000150531,PAT-0015272,ADM-00050253,DOC-00025,2026-09-25 10:05:23,Liver Function Test,Biochemistry,Normal,,Normal,1314.56,False
BATCH-20260925-001,LAB-000150532,PAT-0015272,ADM-00050253,DOC-00025,2026-09-25 10:05:23,Complete Blood Count,Hematology,Normal,,Normal,728.43,False
BATCH-20260925-001,LAB-000150533,PAT-0015272,ADM-00050253,DOC-00025,2026-09-25 10:05:23,Liver Function Test,Biochemistry,Normal,,Normal,1155.46,False
BATCH-20260925-001,LAB-000150534,PAT-0024008,ADM-00050254,DOC-00009,2026-09-25 12:40:54,Complete Blood Count,Hematology,Abnormal,,Abnormal,628.91,True
BATCH-20260925-001,LAB-000150535,PAT-0024008,ADM-00050254,DOC-00009,2026-09-25 12:40:54,Troponin,Cardiac,Normal,,Normal,1566.09,False
BATCH-20260925-001,LAB-000150536,PAT-0009335,ADM-00050255,DOC-00136,2026-09-25 01:06:02,Blood Glucose,Biochemistry,Normal,,Normal,277.27,False
BATCH-20260925-001,LAB-000150537,PAT-0009335,ADM-00050255,DOC-00136,2026-09-25 01:06:02,Troponin,Cardiac,Normal,,Normal,1391.59,False
BATCH-20260925-001,LAB-000150538,PAT-0013271,ADM-00050256,DOC-00132,2026-09-25 14:35:42,Kidney Function Test,Biochemistry,Normal,,Normal,1126.14,False
BATCH-20260925-001,LAB-000150539,PAT-0013271,ADM-00050256,DOC-00132,2026-09-25 14:35:42,Troponin,Cardiac,Normal,,Normal,1416.83,False
BATCH-20260925-001,LAB-000150540,PAT-0013271,ADM-00050256,DOC-00132,2026-09-25 14:35:42,Lipid Profile,Biochemistry,Abnormal,,Abnormal,940.49,True
BATCH-20260925-001,LAB-000150541,PAT-0013271,ADM-00050256,DOC-00132,2026-09-25 14:35:42,Troponin,Cardiac,Normal,,Normal,1530.39,False
BATCH-20260925-001,LAB-000150542,PAT-0013271,ADM-00050256,DOC-00132,2026-09-25 14:35:42,Troponin,Cardiac,Normal,,Normal,1542.99,False
BATCH-20260925-001,LAB-000150543,PAT-0021596,ADM-00050257,DOC-00113,2026-09-25 16:28:04,Lipid Profile,Biochemistry,Normal,,Normal,1023.35,False
BATCH-20260925-001,LAB-000150544,PAT-0021596,ADM-00050257,DOC-00113,2026-09-25 16:28:04,Liver Function Test,Biochemistry,Normal,,Normal,1390.94,False
BATCH-20260925-001,LAB-000150545,PAT-0021596,ADM-00050257,DOC-00113,2026-09-25 16:28:04,Troponin,Cardiac,Normal,,Normal,1642.73,False
BATCH-20260925-001,LAB-000150546,PAT-0021596,ADM-00050257,DOC-00113,2026-09-25 16:28:04,Thyroid Profile,Endocrinology,Abnormal,,Abnormal,933.4,True
BATCH-20260925-001,LAB-000150547,PAT-0021596,ADM-00050257,DOC-00113,2026-09-25 16:28:04,Thyroid Profile,Endocrinology,Normal,,Normal,1026.0,False
BATCH-20260925-001,LAB-000150548,PAT-0007616,ADM-00050258,DOC-00060,2026-09-25 17:35:52,Thyroid Profile,Endocrinology,Abnormal,,Abnormal,900.28,True
BATCH-20260925-001,LAB-000150549,PAT-0007616,ADM-00050258,DOC-00060,2026-09-25 17:35:52,Liver Function Test,Biochemistry,Normal,,Normal,1151.18,False
BATCH-20260925-001,LAB-000150550,PAT-0021951,ADM-00050259,DOC-00060,2026-09-25 02:55:30,Complete Blood Count,Hematology,Normal,,Normal,634.03,False
BATCH-20260925-001,LAB-000150551,PAT-0008195,ADM-00050260,DOC-00147,2026-09-25 05:41:30,Kidney Function Test,Biochemistry,Normal,,Normal,1032.16,False
BATCH-20260925-001,LAB-000150552,PAT-0001188,ADM-00050261,DOC-00027,2026-09-25 12:20:25,Liver Function Test,Biochemistry,Abnormal,,Abnormal,1143.27,True
BATCH-20260925-001,LAB-000150553,PAT-0001188,ADM-00050261,DOC-00027,2026-09-25 12:20:25,Thyroid Profile,Endocrinology,Normal,,Normal,1042.78,False
BATCH-20260925-001,LAB-000150554,PAT-0001188,ADM-00050261,DOC-00027,2026-09-25 12:20:25,Kidney Function Test,Biochemistry,Normal,,Normal,1034.76,False
BATCH-20260925-001,LAB-000150555,PAT-0001188,ADM-00050261,DOC-00027,2026-09-25 12:20:25,Kidney Function Test,Biochemistry,Normal,,Normal,1205.51,False
BATCH-20260925-001,LAB-000150556,PAT-0001188,ADM-00050261,DOC-00027,2026-09-25 12:20:25,Thyroid Profile,Endocrinology,Abnormal,,Abnormal,991.58,True
BATCH-20260925-001,LAB-000150557,PAT-0003757,ADM-00050262,DOC-00086,2026-09-25 23:30:36,Lipid Profile,Biochemistry,Abnormal,,Abnormal,984.75,True
BATCH-20260925-001,LAB-000150558,PAT-0009750,ADM-00050263,DOC-00037,2026-09-25 20:58:56,Complete Blood Count,Hematology,Normal,,Normal,766.23,False
BATCH-20260925-001,LAB-000150559,PAT-0009750,ADM-00050263,DOC-00037,2026-09-25 20:58:56,Thyroid Profile,Endocrinology,Abnormal,,Abnormal,1194.73,True
BATCH-20260925-001,LAB-000150560,PAT-0009750,ADM-00050263,DOC-00037,2026-09-25 20:58:56,Thyroid Profile,Endocrinology,Normal,,Normal,1078.13,False
BATCH-20260925-001,LAB-000150561,PAT-0006895,ADM-00050264,DOC-00038,2026-09-25 05:33:56,Liver Function Test,Biochemistry,Normal,,Normal,1429.96,False
BATCH-20260925-001,LAB-000150562,PAT-0006895,ADM-00050264,DOC-00038,2026-09-25 05:33:56,Kidney Function Test,Biochemistry,Normal,,Normal,1131.01,False
BATCH-20260925-001,LAB-000150563,PAT-0006895,ADM-00050264,DOC-00038,2026-09-25 05:33:56,Lipid Profile,Biochemistry,Normal,,Normal,1038.5,False
BATCH-20260925-001,LAB-000150564,PAT-0006895,ADM-00050264,DOC-00038,2026-09-25 05:33:56,Kidney Function Test,Biochemistry,Normal,,Normal,1146.05,False
BATCH-20260925-001,LAB-000150565,PAT-0006895,ADM-00050264,DOC-00038,2026-09-25 05:33:56,Lipid Profile,Biochemistry,Normal,,Normal,945.6,False
BATCH-20260925-001,LAB-000150566,PAT-0008833,ADM-00050265,DOC-00107,2026-09-25 11:20:35,Kidney Function Test,Biochemistry,Normal,,Normal,1097.28,False
BATCH-20260925-001,LAB-000150567,PAT-0020163,ADM-00050266,DOC-00023,2026-09-25 03:30:00,Liver Function Test,Biochemistry,Normal,,Normal,1170.63,False
BATCH-20260925-001,LAB-000150568,PAT-0020163,ADM-00050266,DOC-00023,2026-09-25 03:30:00,Thyroid Profile,Endocrinology,Normal,,Normal,1053.65,False
BATCH-20260925-001,LAB-000150569,PAT-0020163,ADM-00050266,DOC-00023,2026-09-25 03:30:00,Troponin,Cardiac,Normal,,Normal,1282.42,False
BATCH-20260925-001,LAB-000150570,PAT-0020163,ADM-00050266,DOC-00023,2026-09-25 03:30:00,Liver Function Test,Biochemistry,Normal,,Normal,1213.21,False
BATCH-20260925-001,LAB-000150571,PAT-0001467,ADM-00050267,DOC-00066,2026-09-25 18:26:45,Complete Blood Count,Hematology,Abnormal,,Abnormal,772.02,True
BATCH-20260925-001,LAB-000150572,PAT-0001467,ADM-00050267,DOC-00066,2026-09-25 18:26:45,Kidney Function Test,Biochemistry,Abnormal,,Abnormal,1057.89,True
BATCH-20260925-001,LAB-000150573,PAT-0001467,ADM-00050267,DOC-00066,2026-09-25 18:26:45,Lipid Profile,Biochemistry,Normal,,Normal,856.35,False
BATCH-20260925-001,LAB-000150574,PAT-0006206,ADM-00050268,DOC-00003,2026-09-25 15:10:15,Kidney Function Test,Biochemistry,Normal,,Normal,1148.48,False
BATCH-20260925-001,LAB-000150575,PAT-0006206,ADM-00050268,DOC-00003,2026-09-25 15:10:15,Thyroid Profile,Endocrinology,Normal,,Normal,1098.4,False
BATCH-20260925-001,LAB-000150576,PAT-0021275,ADM-00050269,DOC-00024,2026-09-25 17:27:22,Blood Glucose,Biochemistry,Normal,,Normal,305.23,False
BATCH-20260925-001,LAB-000150577,PAT-0021275,ADM-00050269,DOC-00024,2026-09-25 17:27:22,Urine Routine,Pathology,Abnormal,,Abnormal,329.24,True
BATCH-20260925-001,LAB-000150578,PAT-0021275,ADM-00050269,DOC-00024,2026-09-25 17:27:22,Liver Function Test,Biochemistry,Normal,,Normal,1191.26,False
BATCH-20260925-001,LAB-000150579,PAT-0018606,ADM-00050270,DOC-00087,2026-09-25 22:16:56,Liver Function Test,Biochemistry,Normal,,Normal,1108.71,False
BATCH-20260925-001,LAB-000150580,PAT-0018606,ADM-00050270,DOC-00087,2026-09-25 22:16:56,Liver Function Test,Biochemistry,Normal,,Normal,1191.94,False
BATCH-20260925-001,LAB-000150581,PAT-0018606,ADM-00050270,DOC-00087,2026-09-25 22:16:56,Troponin,Cardiac,Normal,,Normal,1280.16,False
BATCH-20260925-001,LAB-000150582,PAT-0018606,ADM-00050270,DOC-00087,2026-09-25 22:16:56,Lipid Profile,Biochemistry,Normal,,Normal,867.18,False
BATCH-20260925-001,LAB-000150583,PAT-0008223,ADM-00050271,DOC-00014,2026-09-25 06:10:47,Complete Blood Count,Hematology,Normal,,Normal,660.48,False
BATCH-20260925-001,LAB-000150584,PAT-0008223,ADM-00050271,DOC-00014,2026-09-25 06:10:47,Complete Blood Count,Hematology,Normal,,Normal,698.22,False
BATCH-20260925-001,LAB-000150585,PAT-0008223,ADM-00050271,DOC-00014,2026-09-25 06:10:47,Complete Blood Count,Hematology,Normal,,Normal,616.15,False
BATCH-20260925-001,LAB-000150586,PAT-0008223,ADM-00050271,DOC-00014,2026-09-25 06:10:47,Troponin,Cardiac,Normal,,Normal,1482.73,False
BATCH-20260925-001,LAB-000150587,PAT-0008223,ADM-00050271,DOC-00014,2026-09-25 06:10:47,Complete Blood Count,Hematology,Normal,,Normal,588.91,False
BATCH-20260925-001,LAB-000150588,PAT-0017795,ADM-00050272,DOC-00042,2026-09-25 20:31:21,Thyroid Profile,Endocrinology,Normal,,Normal,1013.98,False
BATCH-20260925-001,LAB-000150589,PAT-0017795,ADM-00050272,DOC-00042,2026-09-25 20:31:21,Thyroid Profile,Endocrinology,Normal,,Normal,1015.86,False
BATCH-20260925-001,LAB-000150590,PAT-0017795,ADM-00050272,DOC-00042,2026-09-25 20:31:21,Lipid Profile,Biochemistry,Abnormal,,Abnormal,965.76,True
BATCH-20260925-001,LAB-000150591,PAT-0017795,ADM-00050272,DOC-00042,2026-09-25 20:31:21,Liver Function Test,Biochemistry,Normal,,Normal,1212.39,False
BATCH-20260925-001,LAB-000150592,PAT-0017795,ADM-00050272,DOC-00042,2026-09-25 20:31:21,Blood Glucose,Biochemistry,Abnormal,,Abnormal,349.79,True
BATCH-20260925-001,LAB-000150593,PAT-0024825,ADM-00050273,DOC-00098,2026-09-25 00:39:47,Liver Function Test,Biochemistry,Normal,,Normal,1281.82,False
BATCH-20260925-001,LAB-000150594,PAT-0024825,ADM-00050273,DOC-00098,2026-09-25 00:39:47,Troponin,Cardiac,Normal,,Normal,1513.93,False
BATCH-20260925-001,LAB-000150595,PAT-0003965,ADM-00050274,DOC-00064,2026-09-25 16:50:11,Thyroid Profile,Endocrinology,Normal,,Normal,902.93,False
BATCH-20260925-001,LAB-000150596,PAT-0001286,ADM-00050275,DOC-00079,2026-09-25 20:58:59,Thyroid Profile,Endocrinology,Normal,,Normal,1059.04,False
BATCH-20260925-001,LAB-000150597,PAT-0001286,ADM-00050275,DOC-00079,2026-09-25 20:58:59,Liver Function Test,Biochemistry,Abnormal,,Abnormal,1247.2,True
BATCH-20260925-001,LAB-000150598,PAT-0001286,ADM-00050275,DOC-00079,2026-09-25 20:58:59,Complete Blood Count,Hematology,Normal,,Normal,649.02,False
BATCH-20260925-001,LAB-000150599,PAT-0001286,ADM-00050275,DOC-00079,2026-09-25 20:58:59,Urine Routine,Pathology,Normal,,Normal,344.38,False
BATCH-20260925-001,LAB-000150600,PAT-0001286,ADM-00050275,DOC-00079,2026-09-25 20:58:59,Urine Routine,Pathology,Normal,,Normal,362.21,False
BATCH-20260925-001,LAB-000150601,PAT-0002519,ADM-00050276,DOC-00051,2026-09-25 11:28:24,Troponin,Cardiac,Normal,,Normal,1324.93,False
BATCH-20260925-001,LAB-000150602,PAT-0002519,ADM-00050276,DOC-00051,2026-09-25 11:28:24,Lipid Profile,Biochemistry,Abnormal,,Abnormal,993.51,True
BATCH-20260925-001,LAB-000150603,PAT-0002519,ADM-00050276,DOC-00051,2026-09-25 11:28:24,Urine Routine,Pathology,Abnormal,,Abnormal,391.46,True
BATCH-20260925-001,LAB-000150604,PAT-0002519,ADM-00050276,DOC-00051,2026-09-25 11:28:24,Urine Routine,Pathology,Normal,,Normal,342.2,False
BATCH-20260925-001,LAB-000150605,PAT-0002519,ADM-00050276,DOC-00051,2026-09-25 11:28:24,Blood Glucose,Biochemistry,Normal,,Normal,293.64,False
BATCH-20260925-001,LAB-000150606,PAT-0018031,ADM-00050277,DOC-00066,2026-09-25 14:23:40,Complete Blood Count,Hematology,Normal,,Normal,626.24,False
BATCH-20260925-001,LAB-000150607,PAT-0018031,ADM-00050277,DOC-00066,2026-09-25 14:23:40,Lipid Profile,Biochemistry,Abnormal,,Abnormal,968.15,True
BATCH-20260925-001,LAB-000150608,PAT-0018031,ADM-00050277,DOC-00066,2026-09-25 14:23:40,Lipid Profile,Biochemistry,Abnormal,,Abnormal,813.31,True
BATCH-20260925-001,LAB-000150609,PAT-0017309,ADM-00050278,DOC-00035,2026-09-25 02:05:28,Troponin,Cardiac,Normal,,Normal,1290.12,False
BATCH-20260925-001,LAB-000150610,PAT-0017309,ADM-00050278,DOC-00035,2026-09-25 02:05:28,Urine Routine,Pathology,Abnormal,,Abnormal,396.63,True
BATCH-20260925-001,LAB-000150611,PAT-0017309,ADM-00050278,DOC-00035,2026-09-25 02:05:28,Thyroid Profile,Endocrinology,Normal,,Normal,1184.99,False
BATCH-20260925-001,LAB-000150612,PAT-0017309,ADM-00050278,DOC-00035,2026-09-25 02:05:28,Lipid Profile,Biochemistry,Normal,,Normal,1072.77,False
BATCH-20260925-001,LAB-000150613,PAT-0016412,ADM-00050279,DOC-00115,2026-09-25 10:04:45,Complete Blood Count,Hematology,Abnormal,,Abnormal,705.65,True
BATCH-20260925-001,LAB-000150614,PAT-0016412,ADM-00050279,DOC-00115,2026-09-25 10:04:45,Lipid Profile,Biochemistry,Abnormal,,Abnormal,1058.52,True
BATCH-20260925-001,LAB-000150615,PAT-0016412,ADM-00050279,DOC-00115,2026-09-25 10:04:45,Kidney Function Test,Biochemistry,Normal,,Normal,1223.84,False
BATCH-20260925-001,LAB-000150616,PAT-0016412,ADM-00050279,DOC-00115,2026-09-25 10:04:45,Complete Blood Count,Hematology,Normal,,Normal,646.05,False
BATCH-20260925-001,LAB-000150617,PAT-0016412,ADM-00050279,DOC-00115,2026-09-25 10:04:45,Lipid Profile,Biochemistry,Normal,,Normal,822.75,False
BATCH-20260925-001,LAB-000150618,PAT-0001583,ADM-00050280,DOC-00037,2026-09-25 20:15:39,Lipid Profile,Biochemistry,Normal,,Normal,825.31,False
BATCH-20260925-001,LAB-000150619,PAT-0001583,ADM-00050280,DOC-00037,2026-09-25 20:15:39,Lipid Profile,Biochemistry,Normal,,Normal,857.33,False
BATCH-20260925-001,LAB-000150620,PAT-0001583,ADM-00050280,DOC-00037,2026-09-25 20:15:39,Lipid Profile,Biochemistry,Normal,,Normal,879.81,False
BATCH-20260925-001,LAB-000150621,PAT-0001583,ADM-00050280,DOC-00037,2026-09-25 20:15:39,Troponin,Cardiac,Normal,,Normal,1494.9,False
BATCH-20260925-001,LAB-000150622,PAT-0012093,ADM-00050281,DOC-00116,2026-09-25 15:04:00,Lipid Profile,Biochemistry,Normal,,Normal,992.94,False
BATCH-20260925-001,LAB-000150623,PAT-0012093,ADM-00050281,DOC-00116,2026-09-25 15:04:00,Lipid Profile,Biochemistry,Normal,,Normal,1028.9,False
BATCH-20260925-001,LAB-000150624,PAT-0012093,ADM-00050281,DOC-00116,2026-09-25 15:04:00,Troponin,Cardiac,Normal,,Normal,1499.96,False
BATCH-20260925-001,LAB-000150625,PAT-0012093,ADM-00050281,DOC-00116,2026-09-25 15:04:00,Liver Function Test,Biochemistry,Normal,,Normal,1323.36,False
BATCH-20260925-001,LAB-000150626,PAT-0012093,ADM-00050281,DOC-00116,2026-09-25 15:04:00,Urine Routine,Pathology,Normal,,Normal,352.3,False
BATCH-20260925-001,LAB-000150627,PAT-0003254,ADM-00050282,DOC-00068,2026-09-25 17:18:46,Troponin,Cardiac,Normal,,Normal,1279.05,False
BATCH-20260925-001,LAB-000150628,PAT-0014200,ADM-00050283,DOC-00141,2026-09-25 20:21:09,Troponin,Cardiac,Abnormal,,Abnormal,1428.25,True
BATCH-20260925-001,LAB-000150629,PAT-0014200,ADM-00050283,DOC-00141,2026-09-25 20:21:09,Complete Blood Count,Hematology,Normal,,Normal,625.96,False
BATCH-20260925-001,LAB-000150630,PAT-0014200,ADM-00050283,DOC-00141,2026-09-25 20:21:09,Blood Glucose,Biochemistry,Normal,,Normal,340.53,False
BATCH-20260925-001,LAB-000150631,PAT-0014200,ADM-00050283,DOC-00141,2026-09-25 20:21:09,Troponin,Cardiac,Normal,,Normal,1339.83,False
BATCH-20260925-001,LAB-000150632,PAT-0014200,ADM-00050283,DOC-00141,2026-09-25 20:21:09,Urine Routine,Pathology,Normal,,Normal,404.38,False
BATCH-20260925-001,LAB-000150633,PAT-0003201,ADM-00050284,DOC-00008,2026-09-25 10:29:28,Urine Routine,Pathology,Abnormal,,Abnormal,341.71,True
BATCH-20260925-001,LAB-000150634,PAT-0001860,ADM-00050285,DOC-00004,2026-09-25 15:17:00,Urine Routine,Pathology,Normal,,Normal,380.16,False
BATCH-20260925-001,LAB-000150635,PAT-0001860,ADM-00050285,DOC-00004,2026-09-25 15:17:00,Troponin,Cardiac,Normal,,Normal,1538.04,False
BATCH-20260925-001,LAB-000150636,PAT-0001860,ADM-00050285,DOC-00004,2026-09-25 15:17:00,Thyroid Profile,Endocrinology,Normal,,Normal,1161.31,False
BATCH-20260925-001,LAB-000150637,PAT-0001860,ADM-00050285,DOC-00004,2026-09-25 15:17:00,Kidney Function Test,Biochemistry,Normal,,Normal,1265.61,False
BATCH-20260925-001,LAB-000150638,PAT-0001860,ADM-00050285,DOC-00004,2026-09-25 15:17:00,Complete Blood Count,Hematology,Normal,,Normal,692.96,False
BATCH-20260925-001,LAB-000150639,PAT-0000638,ADM-00050286,DOC-00127,2026-09-25 09:26:51,Troponin,Cardiac,Normal,,Normal,1566.81,False
BATCH-20260925-001,LAB-000150640,PAT-0004277,ADM-00050287,DOC-00015,2026-09-25 20:46:03,Lipid Profile,Biochemistry,Abnormal,,Abnormal,969.28,True
BATCH-20260925-001,LAB-000150641,PAT-0004277,ADM-00050287,DOC-00015,2026-09-25 20:46:03,Troponin,Cardiac,Normal,,Normal,1574.72,False
BATCH-20260925-001,LAB-000150642,PAT-0004277,ADM-00050287,DOC-00015,2026-09-25 20:46:03,Lipid Profile,Biochemistry,Normal,,Normal,950.84,False
BATCH-20260925-001,LAB-000150643,PAT-0004277,ADM-00050287,DOC-00015,2026-09-25 20:46:03,Complete Blood Count,Hematology,Normal,,Normal,721.97,False
BATCH-20260925-001,LAB-000150644,PAT-0011782,ADM-00050288,DOC-00055,2026-09-25 11:19:02,Blood Glucose,Biochemistry,Normal,,Normal,349.86,False
BATCH-20260925-001,LAB-000150645,PAT-0011782,ADM-00050288,DOC-00055,2026-09-25 11:19:02,Urine Routine,Pathology,Normal,,Normal,323.61,False
BATCH-20260925-001,LAB-000150646,PAT-0011782,ADM-00050288,DOC-00055,2026-09-25 11:19:02,Thyroid Profile,Endocrinology,Normal,,Normal,937.71,False
BATCH-20260925-001,LAB-000150647,PAT-0006234,ADM-00050289,DOC-00026,2026-09-25 16:00:09,Thyroid Profile,Endocrinology,Normal,,Normal,976.84,False
BATCH-20260925-001,LAB-000150648,PAT-0006234,ADM-00050289,DOC-00026,2026-09-25 16:00:09,Kidney Function Test,Biochemistry,Normal,,Normal,1235.47,False
BATCH-20260925-001,LAB-000150649,PAT-0006234,ADM-00050289,DOC-00026,2026-09-25 16:00:09,Urine Routine,Pathology,Abnormal,,Abnormal,392.09,True
BATCH-20260925-001,LAB-000150650,PAT-0009444,ADM-00050290,DOC-00092,2026-09-25 18:12:54,Complete Blood Count,Hematology,Normal,,Normal,758.57,False
BATCH-20260925-001,LAB-000150651,PAT-0009444,ADM-00050290,DOC-00092,2026-09-25 18:12:54,Troponin,Cardiac,Normal,,Normal,1529.31,False
BATCH-20260925-001,LAB-000150652,PAT-0009444,ADM-00050290,DOC-00092,2026-09-25 18:12:54,Blood Glucose,Biochemistry,Normal,,Normal,307.87,False
BATCH-20260925-001,LAB-000150653,PAT-0009444,ADM-00050290,DOC-00092,2026-09-25 18:12:54,Urine Routine,Pathology,Normal,,Normal,331.79,False
BATCH-20260925-001,LAB-000150654,PAT-0009444,ADM-00050290,DOC-00092,2026-09-25 18:12:54,Thyroid Profile,Endocrinology,Normal,,Normal,1009.55,False
BATCH-20260925-001,LAB-000150655,PAT-0024983,ADM-00050291,DOC-00121,2026-09-25 13:43:29,Liver Function Test,Biochemistry,Normal,,Normal,1242.16,False
BATCH-20260925-001,LAB-000150656,PAT-0024983,ADM-00050291,DOC-00121,2026-09-25 13:43:29,Lipid Profile,Biochemistry,Normal,,Normal,991.02,False
BATCH-20260925-001,LAB-000150657,PAT-0024983,ADM-00050291,DOC-00121,2026-09-25 13:43:29,Blood Glucose,Biochemistry,Normal,,Normal,317.31,False
BATCH-20260925-001,LAB-000150658,PAT-0024983,ADM-00050291,DOC-00121,2026-09-25 13:43:29,Troponin,Cardiac,Abnormal,,Abnormal,1479.52,True
BATCH-20260925-001,LAB-000150659,PAT-0003995,ADM-00050292,DOC-00024,2026-09-25 21:52:45,Liver Function Test,Biochemistry,Abnormal,,Abnormal,1099.39,True
BATCH-20260925-001,LAB-000150660,PAT-0003995,ADM-00050292,DOC-00024,2026-09-25 21:52:45,Liver Function Test,Biochemistry,Abnormal,,Abnormal,1150.54,True
BATCH-20260925-001,LAB-000150661,PAT-0003995,ADM-00050292,DOC-00024,2026-09-25 21:52:45,Complete Blood Count,Hematology,Normal,,Normal,765.01,False
BATCH-20260925-001,LAB-000150662,PAT-0003995,ADM-00050292,DOC-00024,2026-09-25 21:52:45,Troponin,Cardiac,Normal,,Normal,1439.94,False
BATCH-20260925-001,LAB-000150663,PAT-0003995,ADM-00050292,DOC-00024,2026-09-25 21:52:45,Troponin,Cardiac,Normal,,Normal,1342.85,False
BATCH-20260925-001,LAB-000150664,PAT-0015503,ADM-00050293,DOC-00068,2026-09-25 20:52:24,Thyroid Profile,Endocrinology,Normal,,Normal,1157.71,False
BATCH-20260925-001,LAB-000150665,PAT-0015503,ADM-00050293,DOC-00068,2026-09-25 20:52:24,Complete Blood Count,Hematology,Normal,,Normal,762.91,False
BATCH-20260925-001,LAB-000150666,PAT-0015503,ADM-00050293,DOC-00068,2026-09-25 20:52:24,Blood Glucose,Biochemistry,Normal,,Normal,287.54,False
BATCH-20260925-001,LAB-000150667,PAT-0004306,ADM-00050294,DOC-00094,2026-09-25 20:08:45,Kidney Function Test,Biochemistry,Normal,,Normal,1168.44,False
BATCH-20260925-001,LAB-000150668,PAT-0004306,ADM-00050294,DOC-00094,2026-09-25 20:08:45,Thyroid Profile,Endocrinology,Normal,,Normal,1187.28,False
BATCH-20260925-001,LAB-000150669,PAT-0019884,ADM-00050295,DOC-00139,2026-09-25 04:17:52,Kidney Function Test,Biochemistry,Abnormal,,Abnormal,1133.04,True
BATCH-20260925-001,LAB-000150670,PAT-0019884,ADM-00050295,DOC-00139,2026-09-25 04:17:52,Liver Function Test,Biochemistry,Normal,,Normal,1377.09,False
BATCH-20260925-001,LAB-000150671,PAT-0019884,ADM-00050295,DOC-00139,2026-09-25 04:17:52,Troponin,Cardiac,Normal,,Normal,1660.11,False
BATCH-20260925-001,LAB-000150672,PAT-0019884,ADM-00050295,DOC-00139,2026-09-25 04:17:52,Kidney Function Test,Biochemistry,Normal,,Normal,1273.6,False
BATCH-20260925-001,LAB-000150673,PAT-0019884,ADM-00050295,DOC-00139,2026-09-25 04:17:52,Urine Routine,Pathology,Normal,,Normal,363.4,False
BATCH-20260925-001,LAB-000150674,PAT-0010702,ADM-00050296,DOC-00080,2026-09-25 05:54:24,Lipid Profile,Biochemistry,Normal,,Normal,990.09,False
BATCH-20260925-001,LAB-000150675,PAT-0022541,ADM-00050297,DOC-00018,2026-09-25 00:50:49,Blood Glucose,Biochemistry,Abnormal,,Abnormal,315.16,True
BATCH-20260925-001,LAB-000150676,PAT-0022541,ADM-00050297,DOC-00018,2026-09-25 00:50:49,Liver Function Test,Biochemistry,Abnormal,,Abnormal,1129.72,True
BATCH-20260925-001,LAB-000150677,PAT-0022541,ADM-00050297,DOC-00018,2026-09-25 00:50:49,Lipid Profile,Biochemistry,Normal,,Normal,817.07,False
BATCH-20260925-001,LAB-000150678,PAT-0000087,ADM-00050298,DOC-00093,2026-09-25 06:28:07,Lipid Profile,Biochemistry,Normal,,Normal,899.07,False
BATCH-20260925-001,LAB-000150679,PAT-0000087,ADM-00050298,DOC-00093,2026-09-25 06:28:07,Urine Routine,Pathology,Normal,,Normal,364.23,False
BATCH-20260925-001,LAB-000150680,PAT-0000087,ADM-00050298,DOC-00093,2026-09-25 06:28:07,Thyroid Profile,Endocrinology,Abnormal,,Abnormal,929.98,True
BATCH-20260925-001,LAB-000150681,PAT-0019895,ADM-00050299,DOC-00138,2026-09-25 09:07:43,Complete Blood Count,Hematology,Abnormal,,Abnormal,762.78,True
BATCH-20260925-001,LAB-000150682,PAT-0019895,ADM-00050299,DOC-00138,2026-09-25 09:07:43,Liver Function Test,Biochemistry,Normal,,Normal,1189.65,False
BATCH-20260925-001,LAB-000150683,PAT-0004216,ADM-00050300,DOC-00138,2026-09-25 01:12:33,Thyroid Profile,Endocrinology,Normal,,Normal,1013.87,False
BATCH-20260925-001,LAB-000150684,PAT-0004216,ADM-00050300,DOC-00138,2026-09-25 01:12:33,Complete Blood Count,Hematology,Normal,,Normal,756.82,False
BATCH-20260925-001,LAB-000150685,PAT-0004216,ADM-00050300,DOC-00138,2026-09-25 01:12:33,Complete Blood Count,Hematology,Normal,,Normal,715.07,False
BATCH-20260925-001,LAB-000150686,PAT-0004216,ADM-00050300,DOC-00138,2026-09-25 01:12:33,Kidney Function Test,Biochemistry,Normal,,Normal,1161.2,False
BATCH-20260925-001,LAB-000150687,PAT-0017454,ADM-00050301,DOC-00095,2026-09-25 04:22:21,Blood Glucose,Biochemistry,Abnormal,,Abnormal,346.67,True
BATCH-20260925-001,LAB-000150688,PAT-0017454,ADM-00050301,DOC-00095,2026-09-25 04:22:21,Blood Glucose,Biochemistry,Normal,,Normal,316.58,False
BATCH-20260925-001,LAB-000150689,PAT-0017454,ADM-00050301,DOC-00095,2026-09-25 04:22:21,Blood Glucose,Biochemistry,Normal,,Normal,313.75,False
BATCH-20260925-001,LAB-000150690,PAT-0018863,ADM-00050302,DOC-00133,2026-09-25 07:28:25,Lipid Profile,Biochemistry,Normal,,Normal,1063.67,False
BATCH-20260925-001,LAB-000150691,PAT-0018863,ADM-00050302,DOC-00133,2026-09-25 07:28:25,Troponin,Cardiac,Normal,,Normal,1446.21,False
BATCH-20260925-001,LAB-000150692,PAT-0001159,ADM-00050303,DOC-00035,2026-09-25 11:43:44,Complete Blood Count,Hematology,Normal,,Normal,716.51,False
BATCH-20260925-001,LAB-000150693,PAT-0001159,ADM-00050303,DOC-00035,2026-09-25 11:43:44,Complete Blood Count,Hematology,Abnormal,,Abnormal,699.26,True
BATCH-20260925-001,LAB-000150694,PAT-0001159,ADM-00050303,DOC-00035,2026-09-25 11:43:44,Urine Routine,Pathology,Abnormal,,Abnormal,400.5,True
BATCH-20260925-001,LAB-000150695,PAT-0017617,ADM-00050304,DOC-00053,2026-09-25 17:09:20,Troponin,Cardiac,Abnormal,,Abnormal,1422.33,True
BATCH-20260925-001,LAB-000150696,PAT-0012027,ADM-00050305,DOC-00096,2026-09-25 18:17:54,Blood Glucose,Biochemistry,Normal,,Normal,330.58,False
BATCH-20260925-001,LAB-000150697,PAT-0008140,ADM-00050306,DOC-00147,2026-09-25 23:38:05,Liver Function Test,Biochemistry,Normal,,Normal,1199.11,False
BATCH-20260925-001,LAB-000150698,PAT-0008140,ADM-00050306,DOC-00147,2026-09-25 23:38:05,Blood Glucose,Biochemistry,Normal,,Normal,348.89,False
BATCH-20260925-001,LAB-000150699,PAT-0008140,ADM-00050306,DOC-00147,2026-09-25 23:38:05,Lipid Profile,Biochemistry,Abnormal,,Abnormal,927.69,True
BATCH-20260925-001,LAB-000150700,PAT-0005473,ADM-00050307,DOC-00089,2026-09-25 16:00:28,Lipid Profile,Biochemistry,Abnormal,,Abnormal,879.36,True
BATCH-20260925-001,LAB-000150701,PAT-0005473,ADM-00050307,DOC-00089,2026-09-25 16:00:28,Thyroid Profile,Endocrinology,Normal,,Normal,1016.51,False
BATCH-20260925-001,LAB-000150702,PAT-0005473,ADM-00050307,DOC-00089,2026-09-25 16:00:28,Thyroid Profile,Endocrinology,Abnormal,,Abnormal,1127.01,True
BATCH-20260925-001,LAB-000150703,PAT-0005473,ADM-00050307,DOC-00089,2026-09-25 16:00:28,Urine Routine,Pathology,Normal,,Normal,366.77,False
BATCH-20260925-001,LAB-000150704,PAT-0005473,ADM-00050307,DOC-00089,2026-09-25 16:00:28,Thyroid Profile,Endocrinology,Normal,,Normal,909.19,False
BATCH-20260925-001,LAB-000150705,PAT-0000028,ADM-00050308,DOC-00082,2026-09-25 10:41:51,Kidney Function Test,Biochemistry,Normal,,Normal,1060.59,False
BATCH-20260925-001,LAB-000150706,PAT-0000028,ADM-00050308,DOC-00082,2026-09-25 10:41:51,Kidney Function Test,Biochemistry,Normal,,Normal,1017.69,False
BATCH-20260925-001,LAB-000150707,PAT-0000028,ADM-00050308,DOC-00082,2026-09-25 10:41:51,Urine Routine,Pathology,Abnormal,,Abnormal,391.72,True
BATCH-20260925-001,LAB-000150708,PAT-0000028,ADM-00050308,DOC-00082,2026-09-25 10:41:51,Troponin,Cardiac,Normal,,Normal,1655.95,False
BATCH-20260925-001,LAB-000150709,PAT-0001156,ADM-00050309,DOC-00119,2026-09-25 16:45:39,Complete Blood Count,Hematology,Normal,,Normal,778.0,False
BATCH-20260925-001,LAB-000150710,PAT-0001156,ADM-00050309,DOC-00119,2026-09-25 16:45:39,Liver Function Test,Biochemistry,Normal,,Normal,1235.49,False
BATCH-20260925-001,LAB-000150711,PAT-0001156,ADM-00050309,DOC-00119,2026-09-25 16:45:39,Kidney Function Test,Biochemistry,Normal,,Normal,1029.6,False
BATCH-20260925-001,LAB-000150712,PAT-0001156,ADM-00050309,DOC-00119,2026-09-25 16:45:39,Troponin,Cardiac,Normal,,Normal,1640.29,False
BATCH-20260925-001,LAB-000150713,PAT-0001156,ADM-00050309,DOC-00119,2026-09-25 16:45:39,Lipid Profile,Biochemistry,Normal,,Normal,841.57,False
BATCH-20260925-001,LAB-000150714,PAT-0002084,ADM-00050310,DOC-00087,2026-09-25 21:29:00,Kidney Function Test,Biochemistry,Abnormal,,Abnormal,999.16,True
BATCH-20260925-001,LAB-000150715,PAT-0002084,ADM-00050310,DOC-00087,2026-09-25 21:29:00,Kidney Function Test,Biochemistry,Normal,,Normal,1014.47,False
BATCH-20260925-001,LAB-000150716,PAT-0002084,ADM-00050310,DOC-00087,2026-09-25 21:29:00,Blood Glucose,Biochemistry,Abnormal,,Abnormal,349.66,True
BATCH-20260925-001,LAB-000150717,PAT-0012151,ADM-00050311,DOC-00084,2026-09-25 11:04:56,Kidney Function Test,Biochemistry,Normal,,Normal,1309.94,False
BATCH-20260925-001,LAB-000150718,PAT-0012151,ADM-00050311,DOC-00084,2026-09-25 11:04:56,Thyroid Profile,Endocrinology,Normal,,Normal,1191.52,False
BATCH-20260925-001,LAB-000150719,PAT-0012151,ADM-00050311,DOC-00084,2026-09-25 11:04:56,Urine Routine,Pathology,Normal,,Normal,328.82,False
BATCH-20260925-001,LAB-000150720,PAT-0012151,ADM-00050311,DOC-00084,2026-09-25 11:04:56,Lipid Profile,Biochemistry,Normal,,Normal,962.59,False
BATCH-20260925-001,LAB-000150721,PAT-0012151,ADM-00050311,DOC-00084,2026-09-25 11:04:56,Complete Blood Count,Hematology,Normal,,Normal,762.86,False
BATCH-20260925-001,LAB-000150722,PAT-0024466,ADM-00050312,DOC-00073,2026-09-25 11:19:59,Lipid Profile,Biochemistry,Normal,,Normal,866.98,False
BATCH-20260925-001,LAB-000150723,PAT-0024466,ADM-00050312,DOC-00073,2026-09-25 11:19:59,Urine Routine,Pathology,Normal,,Normal,318.62,False
BATCH-20260925-001,LAB-000150724,PAT-0024466,ADM-00050312,DOC-00073,2026-09-25 11:19:59,Thyroid Profile,Endocrinology,Normal,,Normal,1166.15,False
BATCH-20260925-001,LAB-000150725,PAT-0024466,ADM-00050312,DOC-00073,2026-09-25 11:19:59,Lipid Profile,Biochemistry,Normal,,Normal,971.1,False
BATCH-20260925-001,LAB-000150726,PAT-0024466,ADM-00050312,DOC-00073,2026-09-25 11:19:59,Liver Function Test,Biochemistry,Abnormal,,Abnormal,1222.89,True
BATCH-20260925-001,LAB-000150727,PAT-0000764,ADM-00050313,DOC-00122,2026-09-25 02:51:38,Complete Blood Count,Hematology,Normal,,Normal,616.6,False
BATCH-20260925-001,LAB-000150728,PAT-0000764,ADM-00050313,DOC-00122,2026-09-25 02:51:38,Blood Glucose,Biochemistry,Normal,,Normal,283.33,False
BATCH-20260925-001,LAB-000150729,PAT-0000764,ADM-00050313,DOC-00122,2026-09-25 02:51:38,Lipid Profile,Biochemistry,Normal,,Normal,817.55,False
BATCH-20260925-001,LAB-000150730,PAT-0000764,ADM-00050313,DOC-00122,2026-09-25 02:51:38,Blood Glucose,Biochemistry,Normal,,Normal,355.36,False
BATCH-20260925-001,LAB-000150731,PAT-0023159,ADM-00050314,DOC-00052,2026-09-25 05:46:47,Urine Routine,Pathology,Abnormal,,Abnormal,376.72,True
BATCH-20260925-001,LAB-000150732,PAT-0009313,ADM-00050315,DOC-00136,2026-09-25 23:58:54,Kidney Function Test,Biochemistry,Normal,,Normal,1245.57,False
BATCH-20260925-001,LAB-000150733,PAT-0009313,ADM-00050315,DOC-00136,2026-09-25 23:58:54,Urine Routine,Pathology,Abnormal,,Abnormal,370.94,True
BATCH-20260925-001,LAB-000150734,PAT-0009313,ADM-00050315,DOC-00136,2026-09-25 23:58:54,Lipid Profile,Biochemistry,Normal,,Normal,978.18,False
BATCH-20260925-001,LAB-000150735,PAT-0009313,ADM-00050315,DOC-00136,2026-09-25 23:58:54,Thyroid Profile,Endocrinology,Normal,,Normal,989.61,False
BATCH-20260925-001,LAB-000150736,PAT-0009313,ADM-00050315,DOC-00136,2026-09-25 23:58:54,Urine Routine,Pathology,Normal,,Normal,328.18,False
BATCH-20260925-001,LAB-000150737,PAT-0021270,ADM-00050316,DOC-00068,2026-09-25 08:46:19,Thyroid Profile,Endocrinology,Normal,,Normal,960.73,False
BATCH-20260925-001,LAB-000150738,PAT-0021270,ADM-00050316,DOC-00068,2026-09-25 08:46:19,Blood Glucose,Biochemistry,Normal,,Normal,355.79,False
BATCH-20260925-001,LAB-000150739,PAT-0021270,ADM-00050316,DOC-00068,2026-09-25 08:46:19,Lipid Profile,Biochemistry,Normal,,Normal,904.61,False
BATCH-20260925-001,LAB-000150740,PAT-0019959,ADM-00050317,DOC-00042,2026-09-25 02:48:15,Blood Glucose,Biochemistry,Abnormal,,Abnormal,291.76,True
BATCH-20260925-001,LAB-000150741,PAT-0019959,ADM-00050317,DOC-00042,2026-09-25 02:48:15,Kidney Function Test,Biochemistry,Normal,,Normal,1296.94,False
BATCH-20260925-001,LAB-000150742,PAT-0021881,ADM-00050318,DOC-00089,2026-09-25 23:08:30,Complete Blood Count,Hematology,Abnormal,,Abnormal,656.98,True
BATCH-20260925-001,LAB-000150743,PAT-0021881,ADM-00050318,DOC-00089,2026-09-25 23:08:30,Urine Routine,Pathology,Normal,,Normal,368.67,False
BATCH-20260925-001,LAB-000150744,PAT-0021881,ADM-00050318,DOC-00089,2026-09-25 23:08:30,Kidney Function Test,Biochemistry,Normal,,Normal,1108.53,False
BATCH-20260925-001,LAB-000150745,PAT-0010017,ADM-00050319,DOC-00053,2026-09-25 09:31:14,Kidney Function Test,Biochemistry,Normal,,Normal,1185.13,False
BATCH-20260925-001,LAB-000150746,PAT-0010017,ADM-00050319,DOC-00053,2026-09-25 09:31:14,Troponin,Cardiac,Normal,,Normal,1447.07,False
BATCH-20260925-001,LAB-000150747,PAT-0010017,ADM-00050319,DOC-00053,2026-09-25 09:31:14,Liver Function Test,Biochemistry,Normal,,Normal,1400.58,False
BATCH-20260925-001,LAB-000150748,PAT-0015785,ADM-00050320,DOC-00020,2026-09-25 15:16:16,Thyroid Profile,Endocrinology,Normal,,Normal,979.03,False
BATCH-20260925-001,LAB-000150749,PAT-0015785,ADM-00050320,DOC-00020,2026-09-25 15:16:16,Blood Glucose,Biochemistry,Normal,,Normal,299.47,False
BATCH-20260925-001,LAB-000150750,PAT-0015785,ADM-00050320,DOC-00020,2026-09-25 15:16:16,Urine Routine,Pathology,Normal,,Normal,349.43,False
BATCH-20260925-001,LAB-000150751,PAT-0015785,ADM-00050320,DOC-00020,2026-09-25 15:16:16,Blood Glucose,Biochemistry,Normal,,Normal,342.5,False
BATCH-20260925-001,LAB-000150752,PAT-0002886,ADM-00050321,DOC-00097,2026-09-25 11:19:15,Urine Routine,Pathology,Normal,,Normal,407.76,False
BATCH-20260925-001,LAB-000150753,PAT-0002886,ADM-00050321,DOC-00097,2026-09-25 11:19:15,Complete Blood Count,Hematology,Normal,,Normal,731.42,False
BATCH-20260925-001,LAB-000150754,PAT-0002886,ADM-00050321,DOC-00097,2026-09-25 11:19:15,Kidney Function Test,Biochemistry,Normal,,Normal,1061.05,False
BATCH-20260925-001,LAB-000150755,PAT-0002886,ADM-00050321,DOC-00097,2026-09-25 11:19:15,Thyroid Profile,Endocrinology,Normal,,Normal,905.13,False
BATCH-20260925-001,LAB-000150756,PAT-0014060,ADM-00050322,DOC-00099,2026-09-25 07:51:08,Thyroid Profile,Endocrinology,Normal,,Normal,1005.71,False
BATCH-20260925-001,LAB-000150757,PAT-0002549,ADM-00050323,DOC-00135,2026-09-25 15:36:38,Complete Blood Count,Hematology,Normal,,Normal,688.01,False
BATCH-20260925-001,LAB-000150758,PAT-0002549,ADM-00050323,DOC-00135,2026-09-25 15:36:38,Troponin,Cardiac,Abnormal,,Abnormal,1290.18,True
BATCH-20260925-001,LAB-000150759,PAT-0002549,ADM-00050323,DOC-00135,2026-09-25 15:36:38,Kidney Function Test,Biochemistry,Abnormal,,Abnormal,1181.9,True
BATCH-20260925-001,LAB-000150760,PAT-0002549,ADM-00050323,DOC-00135,2026-09-25 15:36:38,Complete Blood Count,Hematology,Normal,,Normal,741.33,False
BATCH-20260925-001,LAB-000150761,PAT-0002549,ADM-00050323,DOC-00135,2026-09-25 15:36:38,Urine Routine,Pathology,Normal,,Normal,403.08,False
BATCH-20260925-001,LAB-000150762,PAT-0020204,ADM-00050324,DOC-00075,2026-09-25 11:40:28,Kidney Function Test,Biochemistry,Normal,,Normal,1041.04,False
BATCH-20260925-001,LAB-000150763,PAT-0020204,ADM-00050324,DOC-00075,2026-09-25 11:40:28,Complete Blood Count,Hematology,Abnormal,,Abnormal,678.84,True
BATCH-20260925-001,LAB-000150764,PAT-0017458,ADM-00050325,DOC-00041,2026-09-25 09:41:16,Liver Function Test,Biochemistry,Normal,,Normal,1157.84,False
BATCH-20260925-001,LAB-000150765,PAT-0017458,ADM-00050325,DOC-00041,2026-09-25 09:41:16,Complete Blood Count,Hematology,Normal,,Normal,698.86,False
BATCH-20260925-001,LAB-000150766,PAT-0017458,ADM-00050325,DOC-00041,2026-09-25 09:41:16,Complete Blood Count,Hematology,Normal,,Normal,723.63,False
BATCH-20260925-001,LAB-000150767,PAT-0017458,ADM-00050325,DOC-00041,2026-09-25 09:41:16,Thyroid Profile,Endocrinology,Abnormal,,Abnormal,1160.66,True
BATCH-20260925-001,LAB-000150768,PAT-0013787,ADM-00050326,DOC-00098,2026-09-25 20:08:15,Blood Glucose,Biochemistry,Abnormal,,Abnormal,324.76,True
BATCH-20260925-001,LAB-000150769,PAT-0013787,ADM-00050326,DOC-00098,2026-09-25 20:08:15,Complete Blood Count,Hematology,Abnormal,,Abnormal,718.21,True
BATCH-20260925-001,LAB-000150770,PAT-0013787,ADM-00050326,DOC-00098,2026-09-25 20:08:15,Blood Glucose,Biochemistry,Abnormal,,Abnormal,328.21,True
BATCH-20260925-001,LAB-000150771,PAT-0013787,ADM-00050326,DOC-00098,2026-09-25 20:08:15,Troponin,Cardiac,Normal,,Normal,1480.63,False
BATCH-20260925-001,LAB-000150772,PAT-0013787,ADM-00050326,DOC-00098,2026-09-25 20:08:15,Liver Function Test,Biochemistry,Normal,,Normal,1412.1,False
BATCH-20260925-001,LAB-000150773,PAT-0023296,ADM-00050327,DOC-00039,2026-09-25 03:05:13,Liver Function Test,Biochemistry,Normal,,Normal,1244.12,False
BATCH-20260925-001,LAB-000150774,PAT-0000743,ADM-00050328,DOC-00120,2026-09-25 20:32:27,Liver Function Test,Biochemistry,Abnormal,,Abnormal,1306.42,True
BATCH-20260925-001,LAB-000150775,PAT-0000743,ADM-00050328,DOC-00120,2026-09-25 20:32:27,Liver Function Test,Biochemistry,Normal,,Normal,1189.98,False
BATCH-20260925-001,LAB-000150776,PAT-0000743,ADM-00050328,DOC-00120,2026-09-25 20:32:27,Thyroid Profile,Endocrinology,Normal,,Normal,1189.74,False
BATCH-20260925-001,LAB-000150777,PAT-0005641,ADM-00050329,DOC-00087,2026-09-25 09:18:48,Thyroid Profile,Endocrinology,Normal,,Normal,1070.91,False
BATCH-20260925-001,LAB-000150778,PAT-0005641,ADM-00050329,DOC-00087,2026-09-25 09:18:48,Urine Routine,Pathology,Normal,,Normal,369.92,False
BATCH-20260925-001,LAB-000150779,PAT-0005641,ADM-00050329,DOC-00087,2026-09-25 09:18:48,Troponin,Cardiac,Normal,,Normal,1672.65,False
BATCH-20260925-001,LAB-000150780,PAT-0005641,ADM-00050329,DOC-00087,2026-09-25 09:18:48,Thyroid Profile,Endocrinology,Normal,,Normal,901.5,False
BATCH-20260925-001,LAB-000150781,PAT-0000999,ADM-00050330,DOC-00003,2026-09-25 02:03:48,Liver Function Test,Biochemistry,Normal,,Normal,1092.41,False
BATCH-20260925-001,LAB-000150782,PAT-0000999,ADM-00050330,DOC-00003,2026-09-25 02:03:48,Thyroid Profile,Endocrinology,Normal,,Normal,1035.96,False
BATCH-20260925-001,LAB-000150783,PAT-0000999,ADM-00050330,DOC-00003,2026-09-25 02:03:48,Lipid Profile,Biochemistry,Normal,,Normal,903.33,False
BATCH-20260925-001,LAB-000150784,PAT-0008446,ADM-00050331,DOC-00084,2026-09-25 04:32:12,Urine Routine,Pathology,Normal,,Normal,361.47,False
BATCH-20260925-001,LAB-000150785,PAT-0008446,ADM-00050331,DOC-00084,2026-09-25 04:32:12,Troponin,Cardiac,Normal,,Normal,1678.99,False
BATCH-20260925-001,LAB-000150786,PAT-0008446,ADM-00050331,DOC-00084,2026-09-25 04:32:12,Kidney Function Test,Biochemistry,Normal,,Normal,1003.23,False
BATCH-20260925-001,LAB-000150787,PAT-0017877,ADM-00050332,DOC-00012,2026-09-25 23:06:27,Kidney Function Test,Biochemistry,Abnormal,,Abnormal,1220.83,True
BATCH-20260925-001,LAB-000150788,PAT-0017877,ADM-00050332,DOC-00012,2026-09-25 23:06:27,Liver Function Test,Biochemistry,Abnormal,,Abnormal,1229.2,True
BATCH-20260925-001,LAB-000150789,PAT-0010091,ADM-00050333,DOC-00131,2026-09-25 04:57:27,Kidney Function Test,Biochemistry,Normal,,Normal,1135.64,False
BATCH-20260925-001,LAB-000150790,PAT-0000688,ADM-00050334,DOC-00049,2026-09-25 13:22:36,Lipid Profile,Biochemistry,Normal,,Normal,908.0,False
BATCH-20260925-001,LAB-000150791,PAT-0000688,ADM-00050334,DOC-00049,2026-09-25 13:22:36,Troponin,Cardiac,Normal,,Normal,1670.49,False
BATCH-20260925-001,LAB-000150792,PAT-0000688,ADM-00050334,DOC-00049,2026-09-25 13:22:36,Kidney Function Test,Biochemistry,Normal,,Normal,1214.68,False
BATCH-20260925-001,LAB-000150793,PAT-0002166,ADM-00050335,DOC-00140,2026-09-25 19:28:03,Troponin,Cardiac,Normal,,Normal,1547.59,False
BATCH-20260925-001,LAB-000150794,PAT-0002166,ADM-00050335,DOC-00140,2026-09-25 19:28:03,Urine Routine,Pathology,Normal,,Normal,369.22,False
BATCH-20260925-001,LAB-000150795,PAT-0002166,ADM-00050335,DOC-00140,2026-09-25 19:28:03,Complete Blood Count,Hematology,Normal,,Normal,650.94,False
BATCH-20260925-001,LAB-000150796,PAT-0002166,ADM-00050335,DOC-00140,2026-09-25 19:28:03,Thyroid Profile,Endocrinology,Normal,,Normal,1096.15,False
BATCH-20260925-001,LAB-000150797,PAT-0002166,ADM-00050335,DOC-00140,2026-09-25 19:28:03,Kidney Function Test,Biochemistry,Normal,,Normal,993.14,False
BATCH-20260925-001,LAB-000150798,PAT-0002560,ADM-00050336,DOC-00119,2026-09-25 06:14:38,Liver Function Test,Biochemistry,Normal,,Normal,1239.82,False
BATCH-20260925-001,LAB-000150799,PAT-0000395,ADM-00050337,DOC-00147,2026-09-25 09:34:06,Troponin,Cardiac,Normal,,Normal,1466.5,False
BATCH-20260925-001,LAB-000150800,PAT-0015680,ADM-00050338,DOC-00126,2026-09-25 13:28:03,Thyroid Profile,Endocrinology,Normal,,Normal,1135.95,False
BATCH-20260925-001,LAB-000150801,PAT-0015680,ADM-00050338,DOC-00126,2026-09-25 13:28:03,Liver Function Test,Biochemistry,Normal,,Normal,1263.93,False
BATCH-20260925-001,LAB-000150802,PAT-0015680,ADM-00050338,DOC-00126,2026-09-25 13:28:03,Kidney Function Test,Biochemistry,Normal,,Normal,1289.02,False
BATCH-20260925-001,LAB-000150803,PAT-0015680,ADM-00050338,DOC-00126,2026-09-25 13:28:03,Troponin,Cardiac,Normal,,Normal,1597.01,False
BATCH-20260925-001,LAB-000150804,PAT-0015680,ADM-00050338,DOC-00126,2026-09-25 13:28:03,Urine Routine,Pathology,Normal,,Normal,390.35,False
BATCH-20260925-001,LAB-000150805,PAT-0003943,ADM-00050339,DOC-00103,2026-09-25 13:41:19,Thyroid Profile,Endocrinology,Normal,,Normal,961.99,False
BATCH-20260925-001,LAB-000150806,PAT-0003943,ADM-00050339,DOC-00103,2026-09-25 13:41:19,Complete Blood Count,Hematology,Normal,,Normal,618.85,False
BATCH-20260925-001,LAB-000150807,PAT-0003943,ADM-00050339,DOC-00103,2026-09-25 13:41:19,Thyroid Profile,Endocrinology,Normal,,Normal,1089.92,False
BATCH-20260925-001,LAB-000150808,PAT-0003943,ADM-00050339,DOC-00103,2026-09-25 13:41:19,Kidney Function Test,Biochemistry,Normal,,Normal,994.21,False
BATCH-20260925-001,LAB-000150809,PAT-0003943,ADM-00050339,DOC-00103,2026-09-25 13:41:19,Urine Routine,Pathology,Normal,,Normal,355.14,False
BATCH-20260925-001,LAB-000150810,PAT-0001861,ADM-00050340,DOC-00100,2026-09-25 11:54:57,Kidney Function Test,Biochemistry,Normal,,Normal,1200.89,False
BATCH-20260925-001,LAB-000150811,PAT-0003967,ADM-00050341,DOC-00147,2026-09-25 18:00:27,Lipid Profile,Biochemistry,Normal,,Normal,953.7,False
BATCH-20260925-001,LAB-000150812,PAT-0003967,ADM-00050341,DOC-00147,2026-09-25 18:00:27,Complete Blood Count,Hematology,Normal,,Normal,774.46,False
BATCH-20260925-001,LAB-000150813,PAT-0003967,ADM-00050341,DOC-00147,2026-09-25 18:00:27,Complete Blood Count,Hematology,Normal,,Normal,779.26,False
BATCH-20260925-001,LAB-000150814,PAT-0003967,ADM-00050341,DOC-00147,2026-09-25 18:00:27,Kidney Function Test,Biochemistry,Normal,,Normal,1069.04,False
BATCH-20260925-001,LAB-000150815,PAT-0010750,ADM-00050342,DOC-00051,2026-09-25 05:09:54,Kidney Function Test,Biochemistry,Abnormal,,Abnormal,1286.51,True
BATCH-20260925-001,LAB-000150816,PAT-0010750,ADM-00050342,DOC-00051,2026-09-25 05:09:54,Kidney Function Test,Biochemistry,Abnormal,,Abnormal,1100.8,True
BATCH-20260925-001,LAB-000150817,PAT-0000993,ADM-00050343,DOC-00101,2026-09-25 15:39:09,Complete Blood Count,Hematology,Abnormal,,Abnormal,636.18,True
BATCH-20260925-001,LAB-000150818,PAT-0000993,ADM-00050343,DOC-00101,2026-09-25 15:39:09,Kidney Function Test,Biochemistry,Normal,,Normal,1247.37,False
BATCH-20260925-001,LAB-000150819,PAT-0000993,ADM-00050343,DOC-00101,2026-09-25 15:39:09,Kidney Function Test,Biochemistry,Abnormal,,Abnormal,1102.41,True
BATCH-20260925-001,LAB-000150820,PAT-0000993,ADM-00050343,DOC-00101,2026-09-25 15:39:09,Urine Routine,Pathology,Normal,,Normal,317.6,False
BATCH-20260925-001,LAB-000150821,PAT-0008134,ADM-00050344,DOC-00092,2026-09-25 03:33:43,Blood Glucose,Biochemistry,Normal,,Normal,286.66,False
BATCH-20260925-001,LAB-000150822,PAT-0008134,ADM-00050344,DOC-00092,2026-09-25 03:33:43,Troponin,Cardiac,Normal,,Normal,1296.67,False
BATCH-20260925-001,LAB-000150823,PAT-0019109,ADM-00050345,DOC-00013,2026-09-25 01:22:55,Kidney Function Test,Biochemistry,Normal,,Normal,1209.48,False
BATCH-20260925-001,LAB-000150824,PAT-0019109,ADM-00050345,DOC-00013,2026-09-25 01:22:55,Complete Blood Count,Hematology,Normal,,Normal,616.05,False
BATCH-20260925-001,LAB-000150825,PAT-0002487,ADM-00050346,DOC-00030,2026-09-25 12:31:04,Complete Blood Count,Hematology,Normal,,Normal,695.07,False
BATCH-20260925-001,LAB-000150826,PAT-0002487,ADM-00050346,DOC-00030,2026-09-25 12:31:04,Urine Routine,Pathology,Normal,,Normal,354.99,False
BATCH-20260925-001,LAB-000150827,PAT-0002487,ADM-00050346,DOC-00030,2026-09-25 12:31:04,Lipid Profile,Biochemistry,Normal,,Normal,822.59,False
BATCH-20260925-001,LAB-000150828,PAT-0002487,ADM-00050346,DOC-00030,2026-09-25 12:31:04,Complete Blood Count,Hematology,Normal,,Normal,724.97,False
BATCH-20260925-001,LAB-000150829,PAT-0002487,ADM-00050346,DOC-00030,2026-09-25 12:31:04,Liver Function Test,Biochemistry,Normal,,Normal,1138.31,False
BATCH-20260925-001,LAB-000150830,PAT-0020419,ADM-00050347,DOC-00128,2026-09-25 05:42:17,Urine Routine,Pathology,Normal,,Normal,377.34,False
BATCH-20260925-001,LAB-000150831,PAT-0020419,ADM-00050347,DOC-00128,2026-09-25 05:42:17,Troponin,Cardiac,Normal,,Normal,1525.36,False
BATCH-20260925-001,LAB-000150832,PAT-0004665,ADM-00050348,DOC-00035,2026-09-25 22:29:12,Liver Function Test,Biochemistry,Abnormal,,Abnormal,1211.73,True
BATCH-20260925-001,LAB-000150833,PAT-0004665,ADM-00050348,DOC-00035,2026-09-25 22:29:12,Blood Glucose,Biochemistry,Abnormal,,Abnormal,333.09,True
BATCH-20260925-001,LAB-000150834,PAT-0009644,ADM-00050349,DOC-00024,2026-09-25 01:51:22,Thyroid Profile,Endocrinology,Abnormal,,Abnormal,1075.71,True
BATCH-20260925-001,LAB-000150835,PAT-0009644,ADM-00050349,DOC-00024,2026-09-25 01:51:22,Thyroid Profile,Endocrinology,Normal,,Normal,945.18,False
BATCH-20260925-001,LAB-000150836,PAT-0003968,ADM-00050350,DOC-00082,2026-09-25 17:56:30,Liver Function Test,Biochemistry,Normal,,Normal,1116.74,False
BATCH-20260925-001,LAB-000150837,PAT-0003968,ADM-00050350,DOC-00082,2026-09-25 17:56:30,Urine Routine,Pathology,Abnormal,,Abnormal,379.65,True
BATCH-20260925-001,LAB-000150838,PAT-0003968,ADM-00050350,DOC-00082,2026-09-25 17:56:30,Complete Blood Count,Hematology,Abnormal,,Abnormal,754.61,True
BATCH-20260925-001,LAB-000150839,PAT-0003968,ADM-00050350,DOC-00082,2026-09-25 17:56:30,Complete Blood Count,Hematology,Normal,,Normal,713.77,False
BATCH-20260925-001,LAB-000150840,PAT-0003968,ADM-00050350,DOC-00082,2026-09-25 17:56:30,Troponin,Cardiac,Normal,,Normal,1460.31,False
BATCH-20260925-001,LAB-000150841,PAT-0024803,ADM-00050351,DOC-00046,2026-09-25 06:26:30,Blood Glucose,Biochemistry,Normal,,Normal,349.39,False
BATCH-20260925-001,LAB-000150842,PAT-0024803,ADM-00050351,DOC-00046,2026-09-25 06:26:30,Thyroid Profile,Endocrinology,Normal,,Normal,942.48,False
BATCH-20260925-001,LAB-000150843,PAT-0024803,ADM-00050351,DOC-00046,2026-09-25 06:26:30,Kidney Function Test,Biochemistry,Normal,,Normal,1224.56,False
BATCH-20260925-001,LAB-000150844,PAT-0000365,ADM-00050352,DOC-00044,2026-09-25 16:44:43,Troponin,Cardiac,Normal,,Normal,1332.22,False
BATCH-20260925-001,LAB-000150845,PAT-0012841,ADM-00050353,DOC-00067,2026-09-25 05:45:54,Kidney Function Test,Biochemistry,Abnormal,,Abnormal,1255.08,True
BATCH-20260925-001,LAB-000150846,PAT-0012841,ADM-00050353,DOC-00067,2026-09-25 05:45:54,Kidney Function Test,Biochemistry,Normal,,Normal,1170.03,False
BATCH-20260925-001,LAB-000150847,PAT-0012841,ADM-00050353,DOC-00067,2026-09-25 05:45:54,Thyroid Profile,Endocrinology,Abnormal,,Abnormal,1171.0,True
BATCH-20260925-001,LAB-000150848,PAT-0012841,ADM-00050353,DOC-00067,2026-09-25 05:45:54,Complete Blood Count,Hematology,Abnormal,,Abnormal,756.19,True
BATCH-20260925-001,LAB-000150849,PAT-0011256,ADM-00050354,DOC-00116,2026-09-25 21:34:21,Kidney Function Test,Biochemistry,Normal,,Normal,1059.11,False
BATCH-20260925-001,LAB-000150850,PAT-0011256,ADM-00050354,DOC-00116,2026-09-25 21:34:21,Urine Routine,Pathology,Normal,,Normal,364.17,False
BATCH-20260925-001,LAB-000150851,PAT-0011256,ADM-00050354,DOC-00116,2026-09-25 21:34:21,Lipid Profile,Biochemistry,Normal,,Normal,1056.88,False
BATCH-20260925-001,LAB-000150852,PAT-0005387,ADM-00050355,DOC-00028,2026-09-25 11:59:00,Troponin,Cardiac,Normal,,Normal,1264.96,False
BATCH-20260925-001,LAB-000150853,PAT-0005387,ADM-00050355,DOC-00028,2026-09-25 11:59:00,Kidney Function Test,Biochemistry,Normal,,Normal,1032.89,False
BATCH-20260925-001,LAB-000150854,PAT-0005387,ADM-00050355,DOC-00028,2026-09-25 11:59:00,Kidney Function Test,Biochemistry,Normal,,Normal,1307.73,False
BATCH-20260925-001,LAB-000150855,PAT-0005387,ADM-00050355,DOC-00028,2026-09-25 11:59:00,Thyroid Profile,Endocrinology,Normal,,Normal,1030.62,False
BATCH-20260925-001,LAB-000150856,PAT-0005387,ADM-00050355,DOC-00028,2026-09-25 11:59:00,Troponin,Cardiac,Normal,,Normal,1564.73,False
BATCH-20260925-001,LAB-000150857,PAT-0019035,ADM-00050356,DOC-00005,2026-09-25 17:17:49,Complete Blood Count,Hematology,Normal,,Normal,732.37,False
BATCH-20260925-001,LAB-000150858,PAT-0019035,ADM-00050356,DOC-00005,2026-09-25 17:17:49,Troponin,Cardiac,Abnormal,,Abnormal,1533.51,True
BATCH-20260925-001,LAB-000150859,PAT-0011704,ADM-00050357,DOC-00104,2026-09-25 18:48:42,Urine Routine,Pathology,Normal,,Normal,361.95,False
BATCH-20260925-001,LAB-000150860,PAT-0011704,ADM-00050357,DOC-00104,2026-09-25 18:48:42,Kidney Function Test,Biochemistry,Normal,,Normal,1255.71,False
BATCH-20260925-001,LAB-000150861,PAT-0020958,ADM-00050358,DOC-00011,2026-09-25 00:55:59,Troponin,Cardiac,Normal,,Normal,1636.59,False
BATCH-20260925-001,LAB-000150862,PAT-0020958,ADM-00050358,DOC-00011,2026-09-25 00:55:59,Lipid Profile,Biochemistry,Abnormal,,Abnormal,1067.76,True
BATCH-20260925-001,LAB-000150863,PAT-0010146,ADM-00050359,DOC-00069,2026-09-25 18:44:56,Urine Routine,Pathology,Abnormal,,Abnormal,379.79,True
BATCH-20260925-001,LAB-000150864,PAT-0010146,ADM-00050359,DOC-00069,2026-09-25 18:44:56,Liver Function Test,Biochemistry,Abnormal,,Abnormal,1306.73,True
BATCH-20260925-001,LAB-000150865,PAT-0010146,ADM-00050359,DOC-00069,2026-09-25 18:44:56,Urine Routine,Pathology,Normal,,Normal,403.5,False
BATCH-20260925-001,LAB-000150866,PAT-0010146,ADM-00050359,DOC-00069,2026-09-25 18:44:56,Thyroid Profile,Endocrinology,Normal,,Normal,1182.84,False
BATCH-20260925-001,LAB-000150867,PAT-0015123,ADM-00050360,DOC-00140,2026-09-25 10:47:53,Kidney Function Test,Biochemistry,Abnormal,,Abnormal,1197.69,True
BATCH-20260925-001,LAB-000150868,PAT-0015123,ADM-00050360,DOC-00140,2026-09-25 10:47:53,Complete Blood Count,Hematology,Abnormal,,Abnormal,695.58,True
BATCH-20260925-001,LAB-000150869,PAT-0015123,ADM-00050360,DOC-00140,2026-09-25 10:47:53,Blood Glucose,Biochemistry,Normal,,Normal,355.06,False
BATCH-20260925-001,LAB-000150870,PAT-0015123,ADM-00050360,DOC-00140,2026-09-25 10:47:53,Liver Function Test,Biochemistry,Normal,,Normal,1178.02,False
BATCH-20260925-001,LAB-000150871,PAT-0015123,ADM-00050360,DOC-00140,2026-09-25 10:47:53,Blood Glucose,Biochemistry,Normal,,Normal,345.27,False
BATCH-20260925-001,LAB-000150872,PAT-0015995,ADM-00050361,DOC-00111,2026-09-25 03:30:00,Liver Function Test,Biochemistry,Normal,,Normal,1436.75,False
BATCH-20260925-001,LAB-000150873,PAT-0015995,ADM-00050361,DOC-00111,2026-09-25 03:30:00,Complete Blood Count,Hematology,Normal,,Normal,682.22,False
BATCH-20260925-001,LAB-000150874,PAT-0015995,ADM-00050361,DOC-00111,2026-09-25 03:30:00,Troponin,Cardiac,Normal,,Normal,1646.16,False
BATCH-20260925-001,LAB-000150875,PAT-0015995,ADM-00050361,DOC-00111,2026-09-25 03:30:00,Thyroid Profile,Endocrinology,Normal,,Normal,925.2,False
BATCH-20260925-001,LAB-000150876,PAT-0016833,ADM-00050362,DOC-00033,2026-09-25 14:49:43,Kidney Function Test,Biochemistry,Abnormal,,Abnormal,1004.58,True
BATCH-20260925-001,LAB-000150877,PAT-0016833,ADM-00050362,DOC-00033,2026-09-25 14:49:43,Thyroid Profile,Endocrinology,Normal,,Normal,1053.41,False
BATCH-20260925-001,LAB-000150878,PAT-0016833,ADM-00050362,DOC-00033,2026-09-25 14:49:43,Blood Glucose,Biochemistry,Normal,,Normal,328.57,False
BATCH-20260925-001,LAB-000150879,PAT-0016833,ADM-00050362,DOC-00033,2026-09-25 14:49:43,Complete Blood Count,Hematology,Normal,,Normal,623.69,False
BATCH-20260925-001,LAB-000150880,PAT-0016833,ADM-00050362,DOC-00033,2026-09-25 14:49:43,Lipid Profile,Biochemistry,Normal,,Normal,842.02,False
BATCH-20260925-001,LAB-000150881,PAT-0009865,ADM-00050363,DOC-00085,2026-09-25 05:20:37,Troponin,Cardiac,Normal,,Normal,1589.97,False
BATCH-20260925-001,LAB-000150882,PAT-0004341,ADM-00050364,DOC-00101,2026-09-25 11:09:24,Liver Function Test,Biochemistry,Normal,,Normal,1275.08,False
BATCH-20260925-001,LAB-000150883,PAT-0012092,ADM-00050365,DOC-00147,2026-09-25 11:37:42,Liver Function Test,Biochemistry,Normal,,Normal,1246.92,False
BATCH-20260925-001,LAB-000150884,PAT-0012092,ADM-00050365,DOC-00147,2026-09-25 11:37:42,Blood Glucose,Biochemistry,Normal,,Normal,313.78,False
BATCH-20260925-001,LAB-000150885,PAT-0012092,ADM-00050365,DOC-00147,2026-09-25 11:37:42,Lipid Profile,Biochemistry,Normal,,Normal,909.99,False
BATCH-20260925-001,LAB-000150886,PAT-0012092,ADM-00050365,DOC-00147,2026-09-25 11:37:42,Lipid Profile,Biochemistry,Normal,,Normal,895.52,False
BATCH-20260925-001,LAB-000150887,PAT-0018440,ADM-00050366,DOC-00028,2026-09-25 07:11:11,Liver Function Test,Biochemistry,Normal,,Normal,1138.6,False
BATCH-20260925-001,LAB-000150888,PAT-0007370,ADM-00050367,DOC-00025,2026-09-25 12:38:15,Troponin,Cardiac,Normal,,Normal,1342.28,False
BATCH-20260925-001,LAB-000150889,PAT-0007370,ADM-00050367,DOC-00025,2026-09-25 12:38:15,Thyroid Profile,Endocrinology,Normal,,Normal,1013.89,False
BATCH-20260925-001,LAB-000150890,PAT-0007370,ADM-00050367,DOC-00025,2026-09-25 12:38:15,Troponin,Cardiac,Normal,,Normal,1650.39,False
BATCH-20260925-001,LAB-000150891,PAT-0007370,ADM-00050367,DOC-00025,2026-09-25 12:38:15,Lipid Profile,Biochemistry,Normal,,Normal,839.14,False
BATCH-20260925-001,LAB-000150892,PAT-0007370,ADM-00050367,DOC-00025,2026-09-25 12:38:15,Thyroid Profile,Endocrinology,Normal,,Normal,932.46,False
BATCH-20260925-001,LAB-000150893,PAT-0018360,ADM-00050368,DOC-00144,2026-09-25 08:03:07,Complete Blood Count,Hematology,Normal,,Normal,683.97,False
BATCH-20260925-001,LAB-000150894,PAT-0015529,ADM-00050369,DOC-00131,2026-09-25 05:22:54,Troponin,Cardiac,Normal,,Normal,1646.8,False
BATCH-20260925-001,LAB-000150895,PAT-0015529,ADM-00050369,DOC-00131,2026-09-25 05:22:54,Thyroid Profile,Endocrinology,Abnormal,,Abnormal,1064.29,True
BATCH-20260925-001,LAB-000150896,PAT-0015529,ADM-00050369,DOC-00131,2026-09-25 05:22:54,Blood Glucose,Biochemistry,Normal,,Normal,337.83,False
BATCH-20260925-001,LAB-000150897,PAT-0013111,ADM-00050370,DOC-00095,2026-09-25 07:07:32,Liver Function Test,Biochemistry,Normal,,Normal,1162.1,False
BATCH-20260925-001,LAB-000150898,PAT-0008288,ADM-00050371,DOC-00055,2026-09-25 20:34:10,Lipid Profile,Biochemistry,Normal,,Normal,945.59,False
BATCH-20260925-001,LAB-000150899,PAT-0008288,ADM-00050371,DOC-00055,2026-09-25 20:34:10,Complete Blood Count,Hematology,Normal,,Normal,713.39,False
BATCH-20260925-001,LAB-000150900,PAT-0008288,ADM-00050371,DOC-00055,2026-09-25 20:34:10,Complete Blood Count,Hematology,Abnormal,,Abnormal,767.24,True
BATCH-20260925-001,LAB-000150901,PAT-0008288,ADM-00050371,DOC-00055,2026-09-25 20:34:10,Blood Glucose,Biochemistry,Normal,,Normal,300.81,False
BATCH-20260925-001,LAB-000150902,PAT-0008288,ADM-00050371,DOC-00055,2026-09-25 20:34:10,Complete Blood Count,Hematology,Normal,,Normal,743.34,False
BATCH-20260925-001,LAB-000150903,PAT-0020867,ADM-00050372,DOC-00127,2026-09-25 03:38:08,Blood Glucose,Biochemistry,Abnormal,,Abnormal,299.01,True
BATCH-20260925-001,LAB-000150904,PAT-0012262,ADM-00050373,DOC-00006,2026-09-25 03:58:18,Thyroid Profile,Endocrinology,Abnormal,,Abnormal,979.64,True
BATCH-20260925-001,LAB-000150905,PAT-0012262,ADM-00050373,DOC-00006,2026-09-25 03:58:18,Kidney Function Test,Biochemistry,Normal,,Normal,1254.77,False
BATCH-20260925-001,LAB-000150906,PAT-0020897,ADM-00050374,DOC-00035,2026-09-25 08:15:23,Complete Blood Count,Hematology,Normal,,Normal,738.2,False
BATCH-20260925-001,LAB-000150907,PAT-0020897,ADM-00050374,DOC-00035,2026-09-25 08:15:23,Liver Function Test,Biochemistry,Abnormal,,Abnormal,1362.55,True
BATCH-20260925-001,LAB-000150908,PAT-0020897,ADM-00050374,DOC-00035,2026-09-25 08:15:23,Thyroid Profile,Endocrinology,Normal,,Normal,1134.08,False
BATCH-20260925-001,LAB-000150909,PAT-0020897,ADM-00050374,DOC-00035,2026-09-25 08:15:23,Urine Routine,Pathology,Normal,,Normal,347.25,False
BATCH-20260925-001,LAB-000150910,PAT-0020897,ADM-00050374,DOC-00035,2026-09-25 08:15:23,Kidney Function Test,Biochemistry,Normal,,Normal,1152.88,False
BATCH-20260925-001,LAB-000150911,PAT-0012834,ADM-00050375,DOC-00122,2026-09-25 10:50:47,Lipid Profile,Biochemistry,Normal,,Normal,843.65,False
BATCH-20260925-001,LAB-000150912,PAT-0012834,ADM-00050375,DOC-00122,2026-09-25 10:50:47,Troponin,Cardiac,Normal,,Normal,1327.18,False
BATCH-20260925-001,LAB-000150913,PAT-0012834,ADM-00050375,DOC-00122,2026-09-25 10:50:47,Lipid Profile,Biochemistry,Normal,,Normal,1052.45,False
BATCH-20260925-001,LAB-000150914,PAT-0012834,ADM-00050375,DOC-00122,2026-09-25 10:50:47,Troponin,Cardiac,Normal,,Normal,1451.58,False
BATCH-20260925-001,LAB-000150915,PAT-0000544,ADM-00050376,DOC-00100,2026-09-25 17:28:26,Blood Glucose,Biochemistry,Normal,,Normal,354.83,False
BATCH-20260925-001,LAB-000150916,PAT-0000544,ADM-00050376,DOC-00100,2026-09-25 17:28:26,Thyroid Profile,Endocrinology,Normal,,Normal,929.71,False
BATCH-20260925-001,LAB-000150917,PAT-0011519,ADM-00050377,DOC-00054,2026-09-25 21:27:20,Urine Routine,Pathology,Normal,,Normal,361.7,False
BATCH-20260925-001,LAB-000150918,PAT-0011519,ADM-00050377,DOC-00054,2026-09-25 21:27:20,Complete Blood Count,Hematology,Normal,,Normal,664.03,False
BATCH-20260925-001,LAB-000150919,PAT-0015580,ADM-00050378,DOC-00130,2026-09-25 09:27:12,Kidney Function Test,Biochemistry,Abnormal,,Abnormal,1175.62,True
BATCH-20260925-001,LAB-000150920,PAT-0015580,ADM-00050378,DOC-00130,2026-09-25 09:27:12,Kidney Function Test,Biochemistry,Abnormal,,Abnormal,1261.06,True
BATCH-20260925-001,LAB-000150921,PAT-0015580,ADM-00050378,DOC-00130,2026-09-25 09:27:12,Thyroid Profile,Endocrinology,Abnormal,,Abnormal,1147.84,True
BATCH-20260925-001,LAB-000150922,PAT-0017137,ADM-00050379,DOC-00004,2026-09-25 03:27:42,Urine Routine,Pathology,Abnormal,,Abnormal,338.16,True
BATCH-20260925-001,LAB-000150923,PAT-0017137,ADM-00050379,DOC-00004,2026-09-25 03:27:42,Kidney Function Test,Biochemistry,Normal,,Normal,1199.17,False
BATCH-20260925-001,LAB-000150924,PAT-0017137,ADM-00050379,DOC-00004,2026-09-25 03:27:42,Thyroid Profile,Endocrinology,Normal,,Normal,1193.65,False
BATCH-20260925-001,LAB-000150925,PAT-0017137,ADM-00050379,DOC-00004,2026-09-25 03:27:42,Kidney Function Test,Biochemistry,Normal,,Normal,1166.81,False
BATCH-20260925-001,LAB-000150926,PAT-0017137,ADM-00050379,DOC-00004,2026-09-25 03:27:42,Urine Routine,Pathology,Normal,,Normal,356.38,False
BATCH-20260925-001,LAB-000150927,PAT-0019414,ADM-00050380,DOC-00012,2026-09-25 15:02:57,Troponin,Cardiac,Normal,,Normal,1551.94,False
BATCH-20260925-001,LAB-000150928,PAT-0019414,ADM-00050380,DOC-00012,2026-09-25 15:02:57,Lipid Profile,Biochemistry,Abnormal,,Abnormal,1057.9,True
BATCH-20260925-001,LAB-000150929,PAT-0019414,ADM-00050380,DOC-00012,2026-09-25 15:02:57,Complete Blood Count,Hematology,Normal,,Normal,594.42,False
BATCH-20260925-001,LAB-000150930,PAT-0019414,ADM-00050380,DOC-00012,2026-09-25 15:02:57,Kidney Function Test,Biochemistry,Normal,,Normal,1084.47,False
BATCH-20260925-001,LAB-000150931,PAT-0009167,ADM-00050381,DOC-00110,2026-09-25 15:30:45,Lipid Profile,Biochemistry,Normal,,Normal,985.73,False
BATCH-20260925-001,LAB-000150932,PAT-0009167,ADM-00050381,DOC-00110,2026-09-25 15:30:45,Kidney Function Test,Biochemistry,Normal,,Normal,1114.55,False
BATCH-20260925-001,LAB-000150933,PAT-0009167,ADM-00050381,DOC-00110,2026-09-25 15:30:45,Liver Function Test,Biochemistry,Normal,,Normal,1417.36,False
BATCH-20260925-001,LAB-000150934,PAT-0009167,ADM-00050381,DOC-00110,2026-09-25 15:30:45,Thyroid Profile,Endocrinology,Normal,,Normal,1134.28,False
BATCH-20260925-001,LAB-000150935,PAT-0014302,ADM-00050382,DOC-00020,2026-09-25 06:58:10,Liver Function Test,Biochemistry,Abnormal,,Abnormal,1199.07,True
BATCH-20260925-001,LAB-000150936,PAT-0021242,ADM-00050383,DOC-00104,2026-09-25 04:36:54,Liver Function Test,Biochemistry,Abnormal,,Abnormal,1303.11,True
BATCH-20260925-001,LAB-000150937,PAT-0021242,ADM-00050383,DOC-00104,2026-09-25 04:36:54,Blood Glucose,Biochemistry,Normal,,Normal,287.11,False
BATCH-20260925-001,LAB-000150938,PAT-0021242,ADM-00050383,DOC-00104,2026-09-25 04:36:54,Kidney Function Test,Biochemistry,Normal,,Normal,1098.35,False
BATCH-20260925-001,LAB-000150939,PAT-0021242,ADM-00050383,DOC-00104,2026-09-25 04:36:54,Liver Function Test,Biochemistry,Normal,,Normal,1229.19,False
BATCH-20260925-001,LAB-000150940,PAT-0015406,ADM-00050384,DOC-00131,2026-09-25 14:46:07,Liver Function Test,Biochemistry,Normal,,Normal,1101.92,False
BATCH-20260925-001,LAB-000150941,PAT-0018266,ADM-00050385,DOC-00140,2026-09-25 03:08:15,Liver Function Test,Biochemistry,Normal,,Normal,1360.03,False
BATCH-20260925-001,LAB-000150942,PAT-0018266,ADM-00050385,DOC-00140,2026-09-25 03:08:15,Liver Function Test,Biochemistry,Normal,,Normal,1203.8,False
BATCH-20260925-001,LAB-000150943,PAT-0018266,ADM-00050385,DOC-00140,2026-09-25 03:08:15,Troponin,Cardiac,Normal,,Normal,1616.12,False
BATCH-20260925-001,LAB-000150944,PAT-0018266,ADM-00050385,DOC-00140,2026-09-25 03:08:15,Liver Function Test,Biochemistry,Normal,,Normal,1256.85,False
BATCH-20260925-001,LAB-000150945,PAT-0018266,ADM-00050385,DOC-00140,2026-09-25 03:08:15,Thyroid Profile,Endocrinology,Normal,,Normal,906.67,False
BATCH-20260925-001,LAB-000150946,PAT-0011117,ADM-00050386,DOC-00148,2026-09-25 06:07:12,Blood Glucose,Biochemistry,Normal,,Normal,302.44,False
BATCH-20260925-001,LAB-000150947,PAT-0011117,ADM-00050386,DOC-00148,2026-09-25 06:07:12,Troponin,Cardiac,Normal,,Normal,1494.3,False
BATCH-20260925-001,LAB-000150948,PAT-0016463,ADM-00050387,DOC-00038,2026-09-25 19:42:48,Urine Routine,Pathology,Normal,,Normal,331.11,False
BATCH-20260925-001,LAB-000150949,PAT-0011192,ADM-00050388,DOC-00051,2026-09-25 17:59:33,Liver Function Test,Biochemistry,Abnormal,,Abnormal,1438.58,True
BATCH-20260925-001,LAB-000150950,PAT-0011192,ADM-00050388,DOC-00051,2026-09-25 17:59:33,Kidney Function Test,Biochemistry,Normal,,Normal,1285.99,False
BATCH-20260925-001,LAB-000150951,PAT-0011192,ADM-00050388,DOC-00051,2026-09-25 17:59:33,Blood Glucose,Biochemistry,Normal,,Normal,306.15,False
BATCH-20260925-001,LAB-000150952,PAT-0011192,ADM-00050388,DOC-00051,2026-09-25 17:59:33,Thyroid Profile,Endocrinology,Normal,,Normal,1198.91,False
BATCH-20260925-001,LAB-000150953,PAT-0001620,ADM-00050389,DOC-00134,2026-09-25 02:32:43,Blood Glucose,Biochemistry,Normal,,Normal,289.77,False
BATCH-20260925-001,LAB-000150954,PAT-0001620,ADM-00050389,DOC-00134,2026-09-25 02:32:43,Thyroid Profile,Endocrinology,Normal,,Normal,1014.74,False
BATCH-20260925-001,LAB-000150955,PAT-0001620,ADM-00050389,DOC-00134,2026-09-25 02:32:43,Kidney Function Test,Biochemistry,Abnormal,,Abnormal,1119.1,True
BATCH-20260925-001,LAB-000150956,PAT-0001620,ADM-00050389,DOC-00134,2026-09-25 02:32:43,Liver Function Test,Biochemistry,Normal,,Normal,1080.63,False
BATCH-20260925-001,LAB-000150957,PAT-0008047,ADM-00050390,DOC-00008,2026-09-25 11:46:15,Troponin,Cardiac,Normal,,Normal,1486.57,False
BATCH-20260925-001,LAB-000150958,PAT-0008047,ADM-00050390,DOC-00008,2026-09-25 11:46:15,Thyroid Profile,Endocrinology,Abnormal,,Abnormal,1130.41,True
BATCH-20260925-001,LAB-000150959,PAT-0008047,ADM-00050390,DOC-00008,2026-09-25 11:46:15,Complete Blood Count,Hematology,Abnormal,,Abnormal,676.56,True
BATCH-20260925-001,LAB-000150960,PAT-0008991,ADM-00050391,DOC-00028,2026-09-25 04:07:17,Urine Routine,Pathology,Abnormal,,Abnormal,332.19,True
BATCH-20260925-001,LAB-000150961,PAT-0008991,ADM-00050391,DOC-00028,2026-09-25 04:07:17,Complete Blood Count,Hematology,Normal,,Normal,763.63,False
BATCH-20260925-001,LAB-000150962,PAT-0008991,ADM-00050391,DOC-00028,2026-09-25 04:07:17,Troponin,Cardiac,Normal,,Normal,1403.38,False
BATCH-20260925-001,LAB-000150963,PAT-0008991,ADM-00050391,DOC-00028,2026-09-25 04:07:17,Liver Function Test,Biochemistry,Normal,,Normal,1150.19,False
BATCH-20260925-001,LAB-000150964,PAT-0000955,ADM-00050392,DOC-00027,2026-09-25 08:45:58,Complete Blood Count,Hematology,Normal,,Normal,684.76,False
BATCH-20260925-001,LAB-000150965,PAT-0000955,ADM-00050392,DOC-00027,2026-09-25 08:45:58,Complete Blood Count,Hematology,Abnormal,,Abnormal,714.32,True
BATCH-20260925-001,LAB-000150966,PAT-0000955,ADM-00050392,DOC-00027,2026-09-25 08:45:58,Blood Glucose,Biochemistry,Normal,,Normal,314.69,False
BATCH-20260925-001,LAB-000150967,PAT-0000955,ADM-00050392,DOC-00027,2026-09-25 08:45:58,Urine Routine,Pathology,Normal,,Normal,343.94,False
BATCH-20260925-001,LAB-000150968,PAT-0000955,ADM-00050392,DOC-00027,2026-09-25 08:45:58,Urine Routine,Pathology,Normal,,Normal,384.24,False
BATCH-20260925-001,LAB-000150969,PAT-0016162,ADM-00050393,DOC-00092,2026-09-25 00:45:35,Troponin,Cardiac,Normal,,Normal,1477.44,False
BATCH-20260925-001,LAB-000150970,PAT-0005058,ADM-00050394,DOC-00023,2026-09-25 11:56:29,Troponin,Cardiac,Abnormal,,Abnormal,1398.43,True
BATCH-20260925-001,LAB-000150971,PAT-0005058,ADM-00050394,DOC-00023,2026-09-25 11:56:29,Thyroid Profile,Endocrinology,Normal,,Normal,1123.17,False
BATCH-20260925-001,LAB-000150972,PAT-0005058,ADM-00050394,DOC-00023,2026-09-25 11:56:29,Complete Blood Count,Hematology,Abnormal,,Abnormal,659.47,True
BATCH-20260925-001,LAB-000150973,PAT-0005058,ADM-00050394,DOC-00023,2026-09-25 11:56:29,Kidney Function Test,Biochemistry,Abnormal,,Abnormal,1299.6,True
BATCH-20260925-001,LAB-000150974,PAT-0005058,ADM-00050394,DOC-00023,2026-09-25 11:56:29,Troponin,Cardiac,Normal,,Normal,1500.28,False
BATCH-20260925-001,LAB-000150975,PAT-0022107,ADM-00050395,DOC-00020,2026-09-25 14:25:50,Thyroid Profile,Endocrinology,Normal,,Normal,952.79,False
BATCH-20260925-001,LAB-000150976,PAT-0013290,ADM-00050396,DOC-00123,2026-09-25 14:30:46,Kidney Function Test,Biochemistry,Normal,,Normal,1031.76,False
BATCH-20260925-001,LAB-000150977,PAT-0013290,ADM-00050396,DOC-00123,2026-09-25 14:30:46,Thyroid Profile,Endocrinology,Normal,,Normal,920.65,False
BATCH-20260925-001,LAB-000150978,PAT-0018412,ADM-00050397,DOC-00086,2026-09-25 18:14:55,Lipid Profile,Biochemistry,Normal,,Normal,854.34,False
BATCH-20260925-001,LAB-000150979,PAT-0018412,ADM-00050397,DOC-00086,2026-09-25 18:14:55,Complete Blood Count,Hematology,Normal,,Normal,687.99,False
BATCH-20260925-001,LAB-000150980,PAT-0018412,ADM-00050397,DOC-00086,2026-09-25 18:14:55,Complete Blood Count,Hematology,Normal,,Normal,587.3,False
BATCH-20260925-001,LAB-000150981,PAT-0018412,ADM-00050397,DOC-00086,2026-09-25 18:14:55,Complete Blood Count,Hematology,Normal,,Normal,749.93,False
BATCH-20260925-001,LAB-000150982,PAT-0018412,ADM-00050397,DOC-00086,2026-09-25 18:14:55,Liver Function Test,Biochemistry,Normal,,Normal,1356.99,False
BATCH-20260925-001,LAB-000150983,PAT-0021871,ADM-00050398,DOC-00118,2026-09-25 17:51:35,Lipid Profile,Biochemistry,Normal,,Normal,890.81,False
BATCH-20260925-001,LAB-000150984,PAT-0021871,ADM-00050398,DOC-00118,2026-09-25 17:51:35,Liver Function Test,Biochemistry,Normal,,Normal,1304.16,False
BATCH-20260925-001,LAB-000150985,PAT-0021871,ADM-00050398,DOC-00118,2026-09-25 17:51:35,Thyroid Profile,Endocrinology,Normal,,Normal,1149.03,False
BATCH-20260925-001,LAB-000150986,PAT-0018187,ADM-00050399,DOC-00081,2026-09-25 06:38:10,Urine Routine,Pathology,Normal,,Normal,351.77,False
BATCH-20260925-001,LAB-000150987,PAT-0018187,ADM-00050399,DOC-00081,2026-09-25 06:38:10,Thyroid Profile,Endocrinology,Normal,,Normal,1041.64,False
BATCH-20260925-001,LAB-000150988,PAT-0018187,ADM-00050399,DOC-00081,2026-09-25 06:38:10,Blood Glucose,Biochemistry,Normal,,Normal,287.16,False
BATCH-20260925-001,LAB-000150989,PAT-0003862,ADM-00050400,DOC-00087,2026-09-25 23:15:21,Blood Glucose,Biochemistry,Normal,,Normal,272.85,False
BATCH-20260925-001,LAB-000150990,PAT-0003862,ADM-00050400,DOC-00087,2026-09-25 23:15:21,Liver Function Test,Biochemistry,Normal,,Normal,1222.31,False
BATCH-20260925-001,LAB-000150991,PAT-0003862,ADM-00050400,DOC-00087,2026-09-25 23:15:21,Thyroid Profile,Endocrinology,Normal,,Normal,1018.71,False
BATCH-20260925-001,LAB-000150992,PAT-0003862,ADM-00050400,DOC-00087,2026-09-25 23:15:21,Complete Blood Count,Hematology,Normal,,Normal,679.4,False
BATCH-20260925-001,LAB-000150993,PAT-0013034,ADM-00050401,DOC-00109,2026-09-25 16:44:33,Complete Blood Count,Hematology,Normal,,Normal,653.12,False
BATCH-20260925-001,LAB-000150994,PAT-0013034,ADM-00050401,DOC-00109,2026-09-25 16:44:33,Lipid Profile,Biochemistry,Abnormal,,Abnormal,942.6,True
BATCH-20260925-001,LAB-000150995,PAT-0013034,ADM-00050401,DOC-00109,2026-09-25 16:44:33,Liver Function Test,Biochemistry,Abnormal,,Abnormal,1324.95,True
BATCH-20260925-001,LAB-000150996,PAT-0013034,ADM-00050401,DOC-00109,2026-09-25 16:44:33,Urine Routine,Pathology,Normal,,Normal,336.13,False
BATCH-20260925-001,LAB-000150997,PAT-0019173,ADM-00050402,DOC-00096,2026-09-25 08:21:07,Kidney Function Test,Biochemistry,Normal,,Normal,1283.58,False
BATCH-20260925-001,LAB-000150998,PAT-0019173,ADM-00050402,DOC-00096,2026-09-25 08:21:07,Kidney Function Test,Biochemistry,Normal,,Normal,1218.45,False
BATCH-20260925-001,LAB-000150999,PAT-0019173,ADM-00050402,DOC-00096,2026-09-25 08:21:07,Thyroid Profile,Endocrinology,Normal,,Normal,1172.58,False
BATCH-20260925-001,LAB-000151000,PAT-0019173,ADM-00050402,DOC-00096,2026-09-25 08:21:07,Thyroid Profile,Endocrinology,Abnormal,,Abnormal,1049.76,True
BATCH-20260925-001,LAB-000151001,PAT-0019173,ADM-00050402,DOC-00096,2026-09-25 08:21:07,Troponin,Cardiac,Normal,,Normal,1515.0,False
BATCH-20260925-001,LAB-000151002,PAT-0011466,ADM-00050403,DOC-00098,2026-09-25 14:50:41,Urine Routine,Pathology,Normal,,Normal,329.79,False
BATCH-20260925-001,LAB-000151003,PAT-0011466,ADM-00050403,DOC-00098,2026-09-25 14:50:41,Blood Glucose,Biochemistry,Normal,,Normal,304.31,False
BATCH-20260925-001,LAB-000151004,PAT-0011466,ADM-00050403,DOC-00098,2026-09-25 14:50:41,Lipid Profile,Biochemistry,Normal,,Normal,987.92,False
BATCH-20260925-001,LAB-000151005,PAT-0011466,ADM-00050403,DOC-00098,2026-09-25 14:50:41,Blood Glucose,Biochemistry,Abnormal,,Abnormal,272.26,True
BATCH-20260925-001,LAB-000151006,PAT-0007257,ADM-00050404,DOC-00114,2026-09-25 14:47:18,Lipid Profile,Biochemistry,Normal,,Normal,990.25,False
BATCH-20260925-001,LAB-000151007,PAT-0007257,ADM-00050404,DOC-00114,2026-09-25 14:47:18,Urine Routine,Pathology,Abnormal,,Abnormal,343.39,True
BATCH-20260925-001,LAB-000151008,PAT-0003942,ADM-00050405,DOC-00014,2026-09-25 10:55:12,Thyroid Profile,Endocrinology,Abnormal,,Abnormal,1080.19,True
BATCH-20260925-001,LAB-000151009,PAT-0024165,ADM-00050406,DOC-00014,2026-09-25 02:24:21,Kidney Function Test,Biochemistry,Normal,,Normal,1069.13,False
BATCH-20260925-001,LAB-000151010,PAT-0024165,ADM-00050406,DOC-00014,2026-09-25 02:24:21,Kidney Function Test,Biochemistry,Normal,,Normal,1169.62,False
BATCH-20260925-001,LAB-000151011,PAT-0024165,ADM-00050406,DOC-00014,2026-09-25 02:24:21,Thyroid Profile,Endocrinology,Normal,,Normal,1174.95,False
BATCH-20260925-001,LAB-000151012,PAT-0024165,ADM-00050406,DOC-00014,2026-09-25 02:24:21,Thyroid Profile,Endocrinology,Normal,,Normal,908.48,False
BATCH-20260925-001,LAB-000151013,PAT-0024165,ADM-00050406,DOC-00014,2026-09-25 02:24:21,Blood Glucose,Biochemistry,Normal,,Normal,286.38,False
BATCH-20260925-001,LAB-000151014,PAT-0003219,ADM-00050407,DOC-00097,2026-09-25 04:33:32,Kidney Function Test,Biochemistry,Abnormal,,Abnormal,1253.54,True
BATCH-20260925-001,LAB-000151015,PAT-0003219,ADM-00050407,DOC-00097,2026-09-25 04:33:32,Lipid Profile,Biochemistry,Normal,,Normal,812.46,False
BATCH-20260925-001,LAB-000151016,PAT-0001795,ADM-00050408,DOC-00060,2026-09-25 13:49:14,Complete Blood Count,Hematology,Normal,,Normal,713.55,False
BATCH-20260925-001,LAB-000151017,PAT-0001795,ADM-00050408,DOC-00060,2026-09-25 13:49:14,Kidney Function Test,Biochemistry,Normal,,Normal,1292.99,False
BATCH-20260925-001,LAB-000151018,PAT-0001795,ADM-00050408,DOC-00060,2026-09-25 13:49:14,Urine Routine,Pathology,Abnormal,,Abnormal,331.88,True
BATCH-20260925-001,LAB-000151019,PAT-0001795,ADM-00050408,DOC-00060,2026-09-25 13:49:14,Urine Routine,Pathology,Normal,,Normal,356.92,False
BATCH-20260925-001,LAB-000151020,PAT-0020384,ADM-00050409,DOC-00116,2026-09-25 13:54:22,Complete Blood Count,Hematology,Abnormal,,Abnormal,693.6,True
BATCH-20260925-001,LAB-000151021,PAT-0020384,ADM-00050409,DOC-00116,2026-09-25 13:54:22,Complete Blood Count,Hematology,Normal,,Normal,733.86,False
BATCH-20260925-001,LAB-000151022,PAT-0020384,ADM-00050409,DOC-00116,2026-09-25 13:54:22,Lipid Profile,Biochemistry,Normal,,Normal,930.33,False
BATCH-20260925-001,LAB-000151023,PAT-0014324,ADM-00050410,DOC-00134,2026-09-25 21:44:57,Liver Function Test,Biochemistry,Normal,,Normal,1396.83,False
BATCH-20260925-001,LAB-000151024,PAT-0014324,ADM-00050410,DOC-00134,2026-09-25 21:44:57,Complete Blood Count,Hematology,Normal,,Normal,673.18,False
BATCH-20260925-001,LAB-000151025,PAT-0007177,ADM-00050411,DOC-00025,2026-09-25 12:17:39,Troponin,Cardiac,Normal,,Normal,1452.53,False
BATCH-20260925-001,LAB-000151026,PAT-0007177,ADM-00050411,DOC-00025,2026-09-25 12:17:39,Troponin,Cardiac,Normal,,Normal,1382.09,False
BATCH-20260925-001,LAB-000151027,PAT-0007177,ADM-00050411,DOC-00025,2026-09-25 12:17:39,Blood Glucose,Biochemistry,Normal,,Normal,302.14,False
BATCH-20260925-001,LAB-000151028,PAT-0007177,ADM-00050411,DOC-00025,2026-09-25 12:17:39,Complete Blood Count,Hematology,Normal,,Normal,654.64,False
BATCH-20260925-001,LAB-000151029,PAT-0019042,ADM-00050412,DOC-00039,2026-09-25 03:15:16,Kidney Function Test,Biochemistry,Normal,,Normal,1123.19,False
BATCH-20260925-001,LAB-000151030,PAT-0002783,ADM-00050413,DOC-00058,2026-09-25 01:26:09,Liver Function Test,Biochemistry,Normal,,Normal,1240.39,False
BATCH-20260925-001,LAB-000151031,PAT-0002783,ADM-00050413,DOC-00058,2026-09-25 01:26:09,Troponin,Cardiac,Normal,,Normal,1565.32,False
BATCH-20260925-001,LAB-000151032,PAT-0002783,ADM-00050413,DOC-00058,2026-09-25 01:26:09,Kidney Function Test,Biochemistry,Abnormal,,Abnormal,1206.21,True
BATCH-20260925-001,LAB-000151033,PAT-0002783,ADM-00050413,DOC-00058,2026-09-25 01:26:09,Complete Blood Count,Hematology,Normal,,Normal,622.06,False
BATCH-20260925-001,LAB-000151034,PAT-0002783,ADM-00050413,DOC-00058,2026-09-25 01:26:09,Troponin,Cardiac,Normal,,Normal,1665.41,False
BATCH-20260925-001,LAB-000151035,PAT-0021981,ADM-00050414,DOC-00048,2026-09-25 21:38:22,Blood Glucose,Biochemistry,Normal,,Normal,350.2,False
BATCH-20260925-001,LAB-000151036,PAT-0021981,ADM-00050414,DOC-00048,2026-09-25 21:38:22,Complete Blood Count,Hematology,Abnormal,,Abnormal,741.2,True
BATCH-20260925-001,LAB-000151037,PAT-0021981,ADM-00050414,DOC-00048,2026-09-25 21:38:22,Troponin,Cardiac,Normal,,Normal,1368.09,False
BATCH-20260925-001,LAB-000151038,PAT-0021981,ADM-00050414,DOC-00048,2026-09-25 21:38:22,Kidney Function Test,Biochemistry,Normal,,Normal,1232.58,False
BATCH-20260925-001,LAB-000151039,PAT-0003346,ADM-00050415,DOC-00056,2026-09-25 22:24:13,Liver Function Test,Biochemistry,Abnormal,,Abnormal,1118.26,True
BATCH-20260925-001,LAB-000151040,PAT-0024237,ADM-00050416,DOC-00008,2026-09-25 18:06:15,Kidney Function Test,Biochemistry,Normal,,Normal,1085.23,False
BATCH-20260925-001,LAB-000151041,PAT-0024237,ADM-00050416,DOC-00008,2026-09-25 18:06:15,Complete Blood Count,Hematology,Normal,,Normal,615.31,False
BATCH-20260925-001,LAB-000151042,PAT-0024237,ADM-00050416,DOC-00008,2026-09-25 18:06:15,Lipid Profile,Biochemistry,Normal,,Normal,1049.79,False
BATCH-20260925-001,LAB-000151043,PAT-0024237,ADM-00050416,DOC-00008,2026-09-25 18:06:15,Blood Glucose,Biochemistry,Normal,,Normal,335.49,False
BATCH-20260925-001,LAB-000151044,PAT-0019727,ADM-00050417,DOC-00038,2026-09-25 06:50:05,Troponin,Cardiac,Normal,,Normal,1404.01,False
BATCH-20260925-001,LAB-000151045,PAT-0019727,ADM-00050417,DOC-00038,2026-09-25 06:50:05,Kidney Function Test,Biochemistry,Normal,,Normal,1144.45,False
BATCH-20260925-001,LAB-000151046,PAT-0019727,ADM-00050417,DOC-00038,2026-09-25 06:50:05,Complete Blood Count,Hematology,Normal,,Normal,708.18,False
BATCH-20260925-001,LAB-000151047,PAT-0019727,ADM-00050417,DOC-00038,2026-09-25 06:50:05,Liver Function Test,Biochemistry,Normal,,Normal,1263.74,False
BATCH-20260925-001,LAB-000151048,PAT-0019727,ADM-00050417,DOC-00038,2026-09-25 06:50:05,Thyroid Profile,Endocrinology,Normal,,Normal,906.38,False
BATCH-20260925-001,LAB-000151049,PAT-0006470,ADM-00050418,DOC-00074,2026-09-25 16:22:51,Lipid Profile,Biochemistry,Normal,,Normal,986.94,False
BATCH-20260925-001,LAB-000151050,PAT-0006470,ADM-00050418,DOC-00074,2026-09-25 16:22:51,Liver Function Test,Biochemistry,Abnormal,,Abnormal,1327.06,True
BATCH-20260925-001,LAB-000151051,PAT-0009186,ADM-00050419,DOC-00086,2026-09-25 08:18:08,Complete Blood Count,Hematology,Abnormal,,Abnormal,671.87,True
BATCH-20260925-001,LAB-000151052,PAT-0005019,ADM-00050420,DOC-00113,2026-09-25 17:37:25,Kidney Function Test,Biochemistry,Normal,,Normal,1318.2,False
BATCH-20260925-001,LAB-000151053,PAT-0005019,ADM-00050420,DOC-00113,2026-09-25 17:37:25,Complete Blood Count,Hematology,Normal,,Normal,738.63,False
BATCH-20260925-001,LAB-000151054,PAT-0005019,ADM-00050420,DOC-00113,2026-09-25 17:37:25,Kidney Function Test,Biochemistry,Abnormal,,Abnormal,1150.38,True
BATCH-20260925-001,LAB-000151055,PAT-0005019,ADM-00050420,DOC-00113,2026-09-25 17:37:25,Lipid Profile,Biochemistry,Normal,,Normal,885.77,False
BATCH-20260925-001,LAB-000151056,PAT-0005019,ADM-00050420,DOC-00113,2026-09-25 17:37:25,Blood Glucose,Biochemistry,Normal,,Normal,350.05,False
BATCH-20260925-001,LAB-000151057,PAT-0004083,ADM-00050421,DOC-00043,2026-09-25 14:54:34,Kidney Function Test,Biochemistry,Normal,,Normal,1158.45,False
BATCH-20260925-001,LAB-000151058,PAT-0022414,ADM-00050422,DOC-00148,2026-09-25 09:10:56,Blood Glucose,Biochemistry,Normal,,Normal,323.85,False
BATCH-20260925-001,LAB-000151059,PAT-0022414,ADM-00050422,DOC-00148,2026-09-25 09:10:56,Lipid Profile,Biochemistry,Abnormal,,Abnormal,1060.94,True
BATCH-20260925-001,LAB-000151060,PAT-0003575,ADM-00050423,DOC-00105,2026-09-25 18:42:02,Blood Glucose,Biochemistry,Abnormal,,Abnormal,291.17,True
BATCH-20260925-001,LAB-000151061,PAT-0003575,ADM-00050423,DOC-00105,2026-09-25 18:42:02,Complete Blood Count,Hematology,Normal,,Normal,586.33,False
BATCH-20260925-001,LAB-000151062,PAT-0003575,ADM-00050423,DOC-00105,2026-09-25 18:42:02,Liver Function Test,Biochemistry,Normal,,Normal,1122.03,False
BATCH-20260925-001,LAB-000151063,PAT-0020635,ADM-00050424,DOC-00146,2026-09-25 05:32:58,Blood Glucose,Biochemistry,Normal,,Normal,323.68,False
BATCH-20260925-001,LAB-000151064,PAT-0020635,ADM-00050424,DOC-00146,2026-09-25 05:32:58,Thyroid Profile,Endocrinology,Normal,,Normal,1148.74,False
BATCH-20260925-001,LAB-000151065,PAT-0020635,ADM-00050424,DOC-00146,2026-09-25 05:32:58,Urine Routine,Pathology,Normal,,Normal,357.14,False
BATCH-20260925-001,LAB-000151066,PAT-0020635,ADM-00050424,DOC-00146,2026-09-25 05:32:58,Complete Blood Count,Hematology,Normal,,Normal,594.66,False
BATCH-20260925-001,LAB-000151067,PAT-0020635,ADM-00050424,DOC-00146,2026-09-25 05:32:58,Thyroid Profile,Endocrinology,Abnormal,,Abnormal,926.55,True
BATCH-20260925-001,LAB-000151068,PAT-0008994,ADM-00050425,DOC-00142,2026-09-25 19:55:15,Urine Routine,Pathology,Normal,,Normal,322.72,False
BATCH-20260925-001,LAB-000151069,PAT-0008994,ADM-00050425,DOC-00142,2026-09-25 19:55:15,Troponin,Cardiac,Abnormal,,Abnormal,1451.39,True
BATCH-20260925-001,LAB-000151070,PAT-0008994,ADM-00050425,DOC-00142,2026-09-25 19:55:15,Kidney Function Test,Biochemistry,Abnormal,,Abnormal,1159.34,True
BATCH-20260925-001,LAB-000151071,PAT-0008994,ADM-00050425,DOC-00142,2026-09-25 19:55:15,Liver Function Test,Biochemistry,Normal,,Normal,1248.9,False
BATCH-20260925-001,LAB-000151072,PAT-0000469,ADM-00050426,DOC-00134,2026-09-25 17:35:13,Lipid Profile,Biochemistry,Normal,,Normal,849.58,False
BATCH-20260925-001,LAB-000151073,PAT-0000469,ADM-00050426,DOC-00134,2026-09-25 17:35:13,Blood Glucose,Biochemistry,Normal,,Normal,304.0,False
BATCH-20260925-001,LAB-000151074,PAT-0000469,ADM-00050426,DOC-00134,2026-09-25 17:35:13,Complete Blood Count,Hematology,Normal,,Normal,682.37,False
BATCH-20260925-001,LAB-000151075,PAT-0000469,ADM-00050426,DOC-00134,2026-09-25 17:35:13,Liver Function Test,Biochemistry,Normal,,Normal,1176.52,False
BATCH-20260925-001,LAB-000151076,PAT-0000469,ADM-00050426,DOC-00134,2026-09-25 17:35:13,Urine Routine,Pathology,Normal,,Normal,340.77,False
BATCH-20260925-001,LAB-000151077,PAT-0011779,ADM-00050427,DOC-00097,2026-09-25 10:47:25,Complete Blood Count,Hematology,Normal,,Normal,594.01,False
BATCH-20260925-001,LAB-000151078,PAT-0011779,ADM-00050427,DOC-00097,2026-09-25 10:47:25,Liver Function Test,Biochemistry,Abnormal,,Abnormal,1271.01,True
BATCH-20260925-001,LAB-000151079,PAT-0011779,ADM-00050427,DOC-00097,2026-09-25 10:47:25,Lipid Profile,Biochemistry,Normal,,Normal,1029.24,False
BATCH-20260925-001,LAB-000151080,PAT-0011779,ADM-00050427,DOC-00097,2026-09-25 10:47:25,Blood Glucose,Biochemistry,Normal,,Normal,310.16,False
BATCH-20260925-001,LAB-000151081,PAT-0011779,ADM-00050427,DOC-00097,2026-09-25 10:47:25,Kidney Function Test,Biochemistry,Normal,,Normal,1123.55,False
BATCH-20260925-001,LAB-000151082,PAT-0014622,ADM-00050428,DOC-00041,2026-09-25 09:50:08,Urine Routine,Pathology,Abnormal,,Abnormal,325.61,True
BATCH-20260925-001,LAB-000151083,PAT-0021743,ADM-00050429,DOC-00114,2026-09-25 14:50:38,Liver Function Test,Biochemistry,Normal,,Normal,1218.13,False
BATCH-20260925-001,LAB-000151084,PAT-0021743,ADM-00050429,DOC-00114,2026-09-25 14:50:38,Urine Routine,Pathology,Normal,,Normal,399.87,False
BATCH-20260925-001,LAB-000151085,PAT-0021743,ADM-00050429,DOC-00114,2026-09-25 14:50:38,Troponin,Cardiac,Normal,,Normal,1495.21,False
BATCH-20260925-001,LAB-000151086,PAT-0018136,ADM-00050430,DOC-00105,2026-09-25 13:40:54,Complete Blood Count,Hematology,Abnormal,,Abnormal,660.61,True
BATCH-20260925-001,LAB-000151087,PAT-0018136,ADM-00050430,DOC-00105,2026-09-25 13:40:54,Troponin,Cardiac,Normal,,Normal,1516.36,False
BATCH-20260925-001,LAB-000151088,PAT-0018136,ADM-00050430,DOC-00105,2026-09-25 13:40:54,Complete Blood Count,Hematology,Normal,,Normal,650.43,False
BATCH-20260925-001,LAB-000151089,PAT-0018730,ADM-00050431,DOC-00095,2026-09-25 05:42:13,Troponin,Cardiac,Abnormal,,Abnormal,1455.62,True
BATCH-20260925-001,LAB-000151090,PAT-0012227,ADM-00050432,DOC-00007,2026-09-25 10:00:02,Thyroid Profile,Endocrinology,Normal,,Normal,1029.95,False
BATCH-20260925-001,LAB-000151091,PAT-0012227,ADM-00050432,DOC-00007,2026-09-25 10:00:02,Kidney Function Test,Biochemistry,Normal,,Normal,1293.47,False
BATCH-20260925-001,LAB-000151092,PAT-0012227,ADM-00050432,DOC-00007,2026-09-25 10:00:02,Urine Routine,Pathology,Normal,,Normal,338.79,False
BATCH-20260925-001,LAB-000151093,PAT-0012227,ADM-00050432,DOC-00007,2026-09-25 10:00:02,Urine Routine,Pathology,Normal,,Normal,347.53,False
BATCH-20260925-001,LAB-000151094,PAT-0012227,ADM-00050432,DOC-00007,2026-09-25 10:00:02,Lipid Profile,Biochemistry,Normal,,Normal,908.59,False
BATCH-20260925-001,LAB-000151095,PAT-0002993,ADM-00050433,DOC-00133,2026-09-25 06:54:24,Blood Glucose,Biochemistry,Normal,,Normal,347.65,False
BATCH-20260925-001,LAB-000151096,PAT-0002993,ADM-00050433,DOC-00133,2026-09-25 06:54:24,Kidney Function Test,Biochemistry,Normal,,Normal,1175.76,False
BATCH-20260925-001,LAB-000151097,PAT-0002993,ADM-00050433,DOC-00133,2026-09-25 06:54:24,Kidney Function Test,Biochemistry,Normal,,Normal,1121.99,False
BATCH-20260925-001,LAB-000151098,PAT-0002993,ADM-00050433,DOC-00133,2026-09-25 06:54:24,Liver Function Test,Biochemistry,Abnormal,,Abnormal,1338.91,True
BATCH-20260925-001,LAB-000151099,PAT-0013908,ADM-00050434,DOC-00075,2026-09-25 13:17:38,Lipid Profile,Biochemistry,Normal,,Normal,907.3,False
BATCH-20260925-001,LAB-000151100,PAT-0013908,ADM-00050434,DOC-00075,2026-09-25 13:17:38,Urine Routine,Pathology,Normal,,Normal,333.19,False
BATCH-20260925-001,LAB-000151101,PAT-0000251,ADM-00050435,DOC-00102,2026-09-25 00:52:50,Lipid Profile,Biochemistry,Normal,,Normal,1010.75,False
BATCH-20260925-001,LAB-000151102,PAT-0000251,ADM-00050435,DOC-00102,2026-09-25 00:52:50,Kidney Function Test,Biochemistry,Normal,,Normal,1073.47,False
BATCH-20260925-001,LAB-000151103,PAT-0007109,ADM-00050436,DOC-00075,2026-09-25 14:16:39,Blood Glucose,Biochemistry,Normal,,Normal,305.38,False
BATCH-20260925-001,LAB-000151104,PAT-0007109,ADM-00050436,DOC-00075,2026-09-25 14:16:39,Blood Glucose,Biochemistry,Normal,,Normal,315.21,False
BATCH-20260925-001,LAB-000151105,PAT-0000286,ADM-00050437,DOC-00009,2026-09-25 09:03:13,Lipid Profile,Biochemistry,Normal,,Normal,1038.98,False
BATCH-20260925-001,LAB-000151106,PAT-0000286,ADM-00050437,DOC-00009,2026-09-25 09:03:13,Kidney Function Test,Biochemistry,Normal,,Normal,1317.75,False
BATCH-20260925-001,LAB-000151107,PAT-0000286,ADM-00050437,DOC-00009,2026-09-25 09:03:13,Lipid Profile,Biochemistry,Normal,,Normal,929.76,False
BATCH-20260925-001,LAB-000151108,PAT-0000286,ADM-00050437,DOC-00009,2026-09-25 09:03:13,Troponin,Cardiac,Normal,,Normal,1359.95,False
BATCH-20260925-001,LAB-000151109,PAT-0020450,ADM-00050438,DOC-00138,2026-09-25 21:13:12,Thyroid Profile,Endocrinology,Normal,,Normal,932.2,False
BATCH-20260925-001,LAB-000151110,PAT-0020450,ADM-00050438,DOC-00138,2026-09-25 21:13:12,Troponin,Cardiac,Abnormal,,Abnormal,1382.01,True
BATCH-20260925-001,LAB-000151111,PAT-0020450,ADM-00050438,DOC-00138,2026-09-25 21:13:12,Urine Routine,Pathology,Abnormal,,Abnormal,355.97,True
BATCH-20260925-001,LAB-000151112,PAT-0024541,ADM-00050439,DOC-00031,2026-09-25 16:18:54,Troponin,Cardiac,Normal,,Normal,1310.68,False
BATCH-20260925-001,LAB-000151113,PAT-0024541,ADM-00050439,DOC-00031,2026-09-25 16:18:54,Complete Blood Count,Hematology,Abnormal,,Abnormal,669.03,True
BATCH-20260925-001,LAB-000151114,PAT-0024541,ADM-00050439,DOC-00031,2026-09-25 16:18:54,Troponin,Cardiac,Abnormal,,Abnormal,1282.4,True
BATCH-20260925-001,LAB-000151115,PAT-0020919,ADM-00050440,DOC-00100,2026-09-25 05:30:45,Blood Glucose,Biochemistry,Normal,,Normal,280.07,False
BATCH-20260925-001,LAB-000151116,PAT-0020919,ADM-00050440,DOC-00100,2026-09-25 05:30:45,Blood Glucose,Biochemistry,Normal,,Normal,344.58,False
BATCH-20260925-001,LAB-000151117,PAT-0011094,ADM-00050441,DOC-00051,2026-09-25 22:31:43,Complete Blood Count,Hematology,Normal,,Normal,621.26,False
BATCH-20260925-001,LAB-000151118,PAT-0011094,ADM-00050441,DOC-00051,2026-09-25 22:31:43,Blood Glucose,Biochemistry,Normal,,Normal,332.22,False
BATCH-20260925-001,LAB-000151119,PAT-0011094,ADM-00050441,DOC-00051,2026-09-25 22:31:43,Troponin,Cardiac,Normal,,Normal,1429.1,False
BATCH-20260925-001,LAB-000151120,PAT-0011094,ADM-00050441,DOC-00051,2026-09-25 22:31:43,Urine Routine,Pathology,Normal,,Normal,327.9,False
BATCH-20260925-001,LAB-000151121,PAT-0011094,ADM-00050441,DOC-00051,2026-09-25 22:31:43,Thyroid Profile,Endocrinology,Normal,,Normal,1028.91,False
BATCH-20260925-001,LAB-000151122,PAT-0013324,ADM-00050442,DOC-00016,2026-09-25 05:06:14,Thyroid Profile,Endocrinology,Normal,,Normal,1171.37,False
BATCH-20260925-001,LAB-000151123,PAT-0013324,ADM-00050442,DOC-00016,2026-09-25 05:06:14,Lipid Profile,Biochemistry,Normal,,Normal,1062.04,False
BATCH-20260925-001,LAB-000151124,PAT-0013324,ADM-00050442,DOC-00016,2026-09-25 05:06:14,Thyroid Profile,Endocrinology,Normal,,Normal,1007.8,False
BATCH-20260925-001,LAB-000151125,PAT-0013324,ADM-00050442,DOC-00016,2026-09-25 05:06:14,Kidney Function Test,Biochemistry,Normal,,Normal,1021.89,False
BATCH-20260925-001,LAB-000151126,PAT-0013324,ADM-00050442,DOC-00016,2026-09-25 05:06:14,Blood Glucose,Biochemistry,Normal,,Normal,331.73,False
BATCH-20260925-001,LAB-000151127,PAT-0009575,ADM-00050443,DOC-00028,2026-09-25 18:50:29,Complete Blood Count,Hematology,Normal,,Normal,598.51,False
BATCH-20260925-001,LAB-000151128,PAT-0009575,ADM-00050443,DOC-00028,2026-09-25 18:50:29,Thyroid Profile,Endocrinology,Normal,,Normal,1031.69,False
BATCH-20260925-001,LAB-000151129,PAT-0009575,ADM-00050443,DOC-00028,2026-09-25 18:50:29,Complete Blood Count,Hematology,Normal,,Normal,768.48,False
BATCH-20260925-001,LAB-000151130,PAT-0002792,ADM-00050444,DOC-00116,2026-09-25 10:16:49,Liver Function Test,Biochemistry,Normal,,Normal,1258.02,False
BATCH-20260925-001,LAB-000151131,PAT-0002792,ADM-00050444,DOC-00116,2026-09-25 10:16:49,Troponin,Cardiac,Abnormal,,Abnormal,1672.58,True
BATCH-20260925-001,LAB-000151132,PAT-0002266,ADM-00050445,DOC-00039,2026-09-25 23:22:22,Complete Blood Count,Hematology,Normal,,Normal,599.33,False
BATCH-20260925-001,LAB-000151133,PAT-0002266,ADM-00050445,DOC-00039,2026-09-25 23:22:22,Troponin,Cardiac,Normal,,Normal,1360.35,False
BATCH-20260925-001,LAB-000151134,PAT-0002266,ADM-00050445,DOC-00039,2026-09-25 23:22:22,Lipid Profile,Biochemistry,Normal,,Normal,946.41,False
BATCH-20260925-001,LAB-000151135,PAT-0002617,ADM-00050446,DOC-00105,2026-09-25 00:06:39,Kidney Function Test,Biochemistry,Normal,,Normal,1136.43,False
BATCH-20260925-001,LAB-000151136,PAT-0002617,ADM-00050446,DOC-00105,2026-09-25 00:06:39,Lipid Profile,Biochemistry,Normal,,Normal,870.93,False
BATCH-20260925-001,LAB-000151137,PAT-0002617,ADM-00050446,DOC-00105,2026-09-25 00:06:39,Thyroid Profile,Endocrinology,Normal,,Normal,1042.98,False
BATCH-20260925-001,LAB-000151138,PAT-0002617,ADM-00050446,DOC-00105,2026-09-25 00:06:39,Complete Blood Count,Hematology,Abnormal,,Abnormal,735.92,True
BATCH-20260925-001,LAB-000151139,PAT-0002617,ADM-00050446,DOC-00105,2026-09-25 00:06:39,Troponin,Cardiac,Normal,,Normal,1290.22,False
BATCH-20260925-001,LAB-000151140,PAT-0023840,ADM-00050447,DOC-00027,2026-09-25 08:35:09,Thyroid Profile,Endocrinology,Normal,,Normal,999.75,False
BATCH-20260925-001,LAB-000151141,PAT-0023840,ADM-00050447,DOC-00027,2026-09-25 08:35:09,Kidney Function Test,Biochemistry,Normal,,Normal,1230.6,False
BATCH-20260925-001,LAB-000151142,PAT-0009163,ADM-00050448,DOC-00110,2026-09-25 06:26:44,Troponin,Cardiac,Abnormal,,Abnormal,1391.47,True
BATCH-20260925-001,LAB-000151143,PAT-0009163,ADM-00050448,DOC-00110,2026-09-25 06:26:44,Complete Blood Count,Hematology,Normal,,Normal,636.83,False
BATCH-20260925-001,LAB-000151144,PAT-0004957,ADM-00050449,DOC-00145,2026-09-25 18:38:11,Urine Routine,Pathology,Abnormal,,Abnormal,341.64,True
BATCH-20260925-001,LAB-000151145,PAT-0004957,ADM-00050449,DOC-00145,2026-09-25 18:38:11,Kidney Function Test,Biochemistry,Normal,,Normal,1023.8,False
BATCH-20260925-001,LAB-000151146,PAT-0004957,ADM-00050449,DOC-00145,2026-09-25 18:38:11,Lipid Profile,Biochemistry,Normal,,Normal,881.09,False
BATCH-20260925-001,LAB-000151147,PAT-0007550,ADM-00050450,DOC-00070,2026-09-25 06:42:50,Thyroid Profile,Endocrinology,Normal,,Normal,1174.4,False
BATCH-20260925-001,LAB-000151148,PAT-0007550,ADM-00050450,DOC-00070,2026-09-25 06:42:50,Blood Glucose,Biochemistry,Normal,,Normal,288.14,False
BATCH-20260925-001,LAB-000151149,PAT-0007550,ADM-00050450,DOC-00070,2026-09-25 06:42:50,Blood Glucose,Biochemistry,Abnormal,,Abnormal,290.93,True
BATCH-20260925-001,LAB-000151150,PAT-0007550,ADM-00050450,DOC-00070,2026-09-25 06:42:50,Lipid Profile,Biochemistry,Normal,,Normal,867.24,False
BATCH-20260925-001,LAB-000151151,PAT-0006772,ADM-00050451,DOC-00069,2026-09-25 07:00:10,Complete Blood Count,Hematology,Abnormal,,Abnormal,703.19,True
BATCH-20260925-001,LAB-000151152,PAT-0006772,ADM-00050451,DOC-00069,2026-09-25 07:00:10,Complete Blood Count,Hematology,Normal,,Normal,644.88,False
BATCH-20260925-001,LAB-000151153,PAT-0001567,ADM-00050452,DOC-00013,2026-09-25 08:39:40,Kidney Function Test,Biochemistry,Normal,,Normal,1092.18,False
BATCH-20260925-001,LAB-000151154,PAT-0001567,ADM-00050452,DOC-00013,2026-09-25 08:39:40,Urine Routine,Pathology,Normal,,Normal,392.3,False
BATCH-20260925-001,LAB-000151155,PAT-0001567,ADM-00050452,DOC-00013,2026-09-25 08:39:40,Lipid Profile,Biochemistry,Normal,,Normal,1055.05,False
BATCH-20260925-001,LAB-000151156,PAT-0022995,ADM-00050453,DOC-00134,2026-09-25 21:07:02,Kidney Function Test,Biochemistry,Abnormal,,Abnormal,1228.59,True
BATCH-20260925-001,LAB-000151157,PAT-0022995,ADM-00050453,DOC-00134,2026-09-25 21:07:02,Urine Routine,Pathology,Normal,,Normal,317.79,False
BATCH-20260925-001,LAB-000151158,PAT-0022549,ADM-00050454,DOC-00060,2026-09-25 11:14:15,Blood Glucose,Biochemistry,Normal,,Normal,342.36,False
BATCH-20260925-001,LAB-000151159,PAT-0022549,ADM-00050454,DOC-00060,2026-09-25 11:14:15,Complete Blood Count,Hematology,Normal,,Normal,646.95,False
BATCH-20260925-001,LAB-000151160,PAT-0022549,ADM-00050454,DOC-00060,2026-09-25 11:14:15,Complete Blood Count,Hematology,Normal,,Normal,699.01,False
BATCH-20260925-001,LAB-000151161,PAT-0022549,ADM-00050454,DOC-00060,2026-09-25 11:14:15,Liver Function Test,Biochemistry,Normal,,Normal,1286.62,False
BATCH-20260925-001,LAB-000151162,PAT-0022549,ADM-00050454,DOC-00060,2026-09-25 11:14:15,Liver Function Test,Biochemistry,Abnormal,,Abnormal,1421.16,True
BATCH-20260925-001,LAB-000151163,PAT-0006129,ADM-00050455,DOC-00149,2026-09-25 00:52:56,Urine Routine,Pathology,Abnormal,,Abnormal,400.39,True
BATCH-20260925-001,LAB-000151164,PAT-0006129,ADM-00050455,DOC-00149,2026-09-25 00:52:56,Thyroid Profile,Endocrinology,Normal,,Normal,1070.32,False
BATCH-20260925-001,LAB-000151165,PAT-0006129,ADM-00050455,DOC-00149,2026-09-25 00:52:56,Kidney Function Test,Biochemistry,Normal,,Normal,1177.4,False
BATCH-20260925-001,LAB-000151166,PAT-0006129,ADM-00050455,DOC-00149,2026-09-25 00:52:56,Troponin,Cardiac,Normal,,Normal,1438.34,False
BATCH-20260925-001,LAB-000151167,PAT-0015815,ADM-00050456,DOC-00141,2026-09-25 14:53:48,Lipid Profile,Biochemistry,Normal,,Normal,981.72,False
BATCH-20260925-001,LAB-000151168,PAT-0015815,ADM-00050456,DOC-00141,2026-09-25 14:53:48,Kidney Function Test,Biochemistry,Abnormal,,Abnormal,1161.53,True
BATCH-20260925-001,LAB-000151169,PAT-0015815,ADM-00050456,DOC-00141,2026-09-25 14:53:48,Troponin,Cardiac,Normal,,Normal,1649.48,False
BATCH-20260925-001,LAB-000151170,PAT-0015815,ADM-00050456,DOC-00141,2026-09-25 14:53:48,Complete Blood Count,Hematology,Normal,,Normal,733.62,False
BATCH-20260925-001,LAB-000151171,PAT-0015815,ADM-00050456,DOC-00141,2026-09-25 14:53:48,Blood Glucose,Biochemistry,Normal,,Normal,302.53,False
