batch_id,lab_test_id,patient_id,admission_id,doctor_id,test_date,test_name,test_category,result_value,result_unit,result_status,test_cost,abnormal_flag
BATCH-20260925-005,LAB-000155322,PAT-0020688,ADM-00051870,DOC-00046,2026-09-29 07:25:58,Troponin,Cardiac,Normal,,Normal,1331.43,False
BATCH-20260925-005,LAB-000155323,PAT-0020688,ADM-00051870,DOC-00046,2026-09-26 21:11:36,Complete Blood Count,Hematology,Abnormal,,Abnormal,740.97,True
BATCH-20260925-005,LAB-000155324,PAT-0017470,ADM-00051871,DOC-00149,2026-10-02 17:09:42,Blood Glucose,Biochemistry,Normal,,Normal,344.15,False
BATCH-20260925-005,LAB-000155325,PAT-0017470,ADM-00051871,DOC-00149,2026-09-26 04:00:52,Liver Function Test,Biochemistry,Normal,,Normal,1101.37,False
BATCH-20260925-005,LAB-000155326,PAT-0017470,ADM-00051871,DOC-00149,2026-09-28 12:57:25,Urine Routine,Pathology,Normal,,Normal,324.94,False
BATCH-20260925-005,LAB-000155327,PAT-0017470,ADM-00051871,DOC-00149,2026-10-02 00:10:37,Lipid Profile,Biochemistry,Normal,,Normal,855.24,False
BATCH-20260925-005,LAB-000155328,PAT-0017470,ADM-00051871,DOC-00149,2026-09-26 23:11:38,Kidney Function Test,Biochemistry,Normal,,Normal,1299.52,False
BATCH-20260925-005,LAB-000155329,PAT-0006925,ADM-00051872,DOC-00134,2026-09-28 21:16:36,Liver Function Test,Biochemistry,Normal,,Normal,1226.24,False
BATCH-20260925-005,LAB-000155330,PAT-0006925,ADM-00051872,DOC-00134,2026-09-25 13:50:20,Blood Glucose,Biochemistry,Normal,,Normal,339.63,False
BATCH-20260925-005,LAB-000155331,PAT-0014480,ADM-00051873,DOC-00109,2026-09-25 20:33:46,Blood Glucose,Biochemistry,Normal,,Normal,286.43,False
BATCH-20260925-005,LAB-000155332,PAT-0014480,ADM-00051873,DOC-00109,2026-09-25 14:03:38,Blood Glucose,Biochemistry,Normal,,Normal,273.85,False
BATCH-20260925-005,LAB-000155333,PAT-0014480,ADM-00051873,DOC-00109,2026-09-26 07:33:44,Complete Blood Count,Hematology,Normal,,Normal,620.04,False
BATCH-20260925-005,LAB-000155334,PAT-0011290,ADM-00051874,DOC-00042,2026-09-28 03:31:24,Thyroid Profile,Endocrinology,Abnormal,,Abnormal,1186.3,True
BATCH-20260925-005,LAB-000155335,PAT-0004821,ADM-00051875,DOC-00059,2026-09-25 06:56:18,Kidney Function Test,Biochemistry,Normal,,Normal,1206.3,False
BATCH-20260925-005,LAB-000155336,PAT-0004821,ADM-00051875,DOC-00059,2026-09-26 00:10:40,Liver Function Test,Biochemistry,Normal,,Normal,1117.89,False
BATCH-20260925-005,LAB-000155337,PAT-0004821,ADM-00051875,DOC-00059,2026-09-25 06:57:20,Blood Glucose,Biochemistry,Normal,,Normal,295.49,False
BATCH-20260925-005,LAB-000155338,PAT-0023866,ADM-00051876,DOC-00146,2026-09-29 10:00:09,Liver Function Test,Biochemistry,Normal,,Normal,1361.63,False
BATCH-20260925-005,LAB-000155339,PAT-0022432,ADM-00051877,DOC-00053,2026-09-30 15:02:03,Complete Blood Count,Hematology,Normal,,Normal,747.42,False
BATCH-20260925-005,LAB-000155340,PAT-0022432,ADM-00051877,DOC-00053,2026-09-29 01:53:47,Kidney Function Test,Biochemistry,Normal,,Normal,1058.74,False
BATCH-20260925-005,LAB-000155341,PAT-0022432,ADM-00051877,DOC-00053,2026-09-27 21:28:17,Thyroid Profile,Endocrinology,Normal,,Normal,1017.15,False
BATCH-20260925-005,LAB-000155342,PAT-0016059,ADM-00051878,DOC-00116,2026-09-26 14:06:35,Thyroid Profile,Endocrinology,Normal,,Normal,1035.53,False
BATCH-20260925-005,LAB-000155343,PAT-0016059,ADM-00051878,DOC-00116,2026-09-26 16:48:31,Kidney Function Test,Biochemistry,Normal,,Normal,1103.78,False
BATCH-20260925-005,LAB-000155344,PAT-0016059,ADM-00051878,DOC-00116,2026-09-26 05:56:37,Troponin,Cardiac,Normal,,Normal,1491.37,False
BATCH-20260925-005,LAB-000155345,PAT-0016059,ADM-00051878,DOC-00116,2026-09-26 11:45:52,Thyroid Profile,Endocrinology,Normal,,Normal,920.77,False
BATCH-20260925-005,LAB-000155346,PAT-0009475,ADM-00051879,DOC-00083,2026-09-25 19:03:03,Thyroid Profile,Endocrinology,Normal,,Normal,1030.72,False
BATCH-20260925-005,LAB-000155347,PAT-0009475,ADM-00051879,DOC-00083,2026-09-27 20:37:44,Complete Blood Count,Hematology,Normal,,Normal,611.15,False
BATCH-20260925-005,LAB-000155348,PAT-0009475,ADM-00051879,DOC-00083,2026-09-30 07:52:18,Liver Function Test,Biochemistry,Normal,,Normal,1218.21,False
BATCH-20260925-005,LAB-000155349,PAT-0009475,ADM-00051879,DOC-00083,2026-09-28 06:16:58,Troponin,Cardiac,Normal,,Normal,1553.92,False
BATCH-20260925-005,LAB-000155350,PAT-0009475,ADM-00051879,DOC-00083,2026-09-27 10:41:59,Urine Routine,Pathology,Normal,,Normal,393.46,False
BATCH-20260925-005,LAB-000155351,PAT-0001140,ADM-00051880,DOC-00096,2026-09-28 06:00:04,Urine Routine,Pathology,Normal,,Normal,362.14,False
BATCH-20260925-005,LAB-000155352,PAT-0001140,ADM-00051880,DOC-00096,2026-09-29 18:34:17,Lipid Profile,Biochemistry,Normal,,Normal,937.45,False
BATCH-20260925-005,LAB-000155353,PAT-0001140,ADM-00051880,DOC-00096,2026-09-27 10:03:43,Thyroid Profile,Endocrinology,Abnormal,,Abnormal,1049.43,True
BATCH-20260925-005,LAB-000155354,PAT-0001140,ADM-00051880,DOC-00096,2026-09-26 06:35:42,Lipid Profile,Biochemistry,Abnormal,,Abnormal,1072.53,True
BATCH-20260925-005,LAB-000155355,PAT-0001335,ADM-00051881,DOC-00085,2026-09-26 20:46:12,Troponin,Cardiac,Normal,,Normal,1313.76,False
BATCH-20260925-005,LAB-000155356,PAT-0001335,ADM-00051881,DOC-00085,2026-09-27 04:42:11,Urine Routine,Pathology,Abnormal,,Abnormal,403.74,True
BATCH-20260925-005,LAB-000155357,PAT-0020608,ADM-00051882,DOC-00054,2026-10-01 03:03:32,Thyroid Profile,Endocrinology,Normal,,Normal,905.81,False
BATCH-20260925-005,LAB-000155358,PAT-0020608,ADM-00051882,DOC-00054,2026-10-02 10:27:39,Complete Blood Count,Hematology,Normal,,Normal,602.41,False
BATCH-20260925-005,LAB-000155359,PAT-0006898,ADM-00051883,DOC-00132,2026-09-28 04:55:44,Liver Function Test,Biochemistry,Abnormal,,Abnormal,1309.28,True
BATCH-20260925-005,LAB-000155360,PAT-0006898,ADM-00051883,DOC-00132,2026-09-26 22:17:48,Blood Glucose,Biochemistry,Abnormal,,Abnormal,356.49,True
BATCH-20260925-005,LAB-000155361,PAT-0016764,ADM-00051884,DOC-00079,2026-10-02 11:02:36,Liver Function Test,Biochemistry,Normal,,Normal,1435.46,False
BATCH-20260925-005,LAB-000155362,PAT-0016764,ADM-00051884,DOC-00079,2026-09-27 22:56:43,Lipid Profile,Biochemistry,Normal,,Normal,886.22,False
BATCH-20260925-005,LAB-000155363,PAT-0004270,ADM-00051885,DOC-00107,2026-09-30 16:36:00,Troponin,Cardiac,Abnormal,,Abnormal,1577.02,True
BATCH-20260925-005,LAB-000155364,PAT-0004270,ADM-00051885,DOC-00107,2026-09-27 01:49:09,Thyroid Profile,Endocrinology,Abnormal,,Abnormal,1128.97,True
BATCH-20260925-005,LAB-000155365,PAT-0004270,ADM-00051885,DOC-00107,2026-09-28 05:01:09,Kidney Function Test,Biochemistry,Abnormal,,Abnormal,1040.06,True
BATCH-20260925-005,LAB-000155366,PAT-0004270,ADM-00051885,DOC-00107,2026-09-25 08:45:12,Blood Glucose,Biochemistry,Abnormal,,Abnormal,299.23,True
BATCH-20260925-005,LAB-000155367,PAT-0004270,ADM-00051885,DOC-00107,2026-09-29 06:53:32,Troponin,Cardiac,Normal,,Normal,1612.08,False
BATCH-20260925-005,LAB-000155368,PAT-0000352,ADM-00051886,DOC-00026,2026-09-30 18:03:06,Lipid Profile,Biochemistry,Normal,,Normal,1009.97,False
BATCH-20260925-005,LAB-000155369,PAT-0023968,ADM-00051887,DOC-00088,2026-09-30 06:06:57,Blood Glucose,Biochemistry,Abnormal,,Abnormal,335.7,True
BATCH-20260925-005,LAB-000155370,PAT-0000275,ADM-00051888,DOC-00036,2026-09-30 06:11:59,Lipid Profile,Biochemistry,Abnormal,,Abnormal,992.57,True
BATCH-20260925-005,LAB-000155371,PAT-0000275,ADM-00051888,DOC-00036,2026-10-03 01:31:02,Liver Function Test,Biochemistry,Normal,,Normal,1135.21,False
BATCH-20260925-005,LAB-000155372,PAT-0000275,ADM-00051888,DOC-00036,2026-10-08 17:25:43,Thyroid Profile,Endocrinology,Abnormal,,Abnormal,1036.79,True
BATCH-20260925-005,LAB-000155373,PAT-0000275,ADM-00051888,DOC-00036,2026-10-06 06:39:28,Urine Routine,Pathology,Abnormal,,Abnormal,333.21,True
BATCH-20260925-005,LAB-000155374,PAT-0009326,ADM-00051889,DOC-00106,2026-09-27 07:37:28,Kidney Function Test,Biochemistry,Normal,,Normal,1084.36,False
BATCH-20260925-005,LAB-000155375,PAT-0009326,ADM-00051889,DOC-00106,2026-09-27 19:49:31,Liver Function Test,Biochemistry,Normal,,Normal,1170.69,False
BATCH-20260925-005,LAB-000155376,PAT-0009326,ADM-00051889,DOC-00106,2026-09-27 15:55:15,Thyroid Profile,Endocrinology,Abnormal,,Abnormal,1043.1,True
BATCH-20260925-005,LAB-000155377,PAT-0009326,ADM-00051889,DOC-00106,2026-09-26 07:30:35,Urine Routine,Pathology,Normal,,Normal,386.37,False
BATCH-20260925-005,LAB-000155378,PAT-0022182,ADM-00051890,DOC-00041,2026-09-30 04:12:09,Troponin,Cardiac,Normal,,Normal,1575.69,False
BATCH-20260925-005,LAB-000155379,PAT-0022182,ADM-00051890,DOC-00041,2026-09-29 01:11:23,Blood Glucose,Biochemistry,Normal,,Normal,358.48,False
BATCH-20260925-005,LAB-000155380,PAT-0022182,ADM-00051890,DOC-00041,2026-09-28 06:58:25,Complete Blood Count,Hematology,Abnormal,,Abnormal,688.03,True
BATCH-20260925-005,LAB-000155381,PAT-0023837,ADM-00051891,DOC-00121,2026-09-26 17:55:34,Thyroid Profile,Endocrinology,Normal,,Normal,1093.88,False
BATCH-20260925-005,LAB-000155382,PAT-0023837,ADM-00051891,DOC-00121,2026-09-25 20:48:03,Thyroid Profile,Endocrinology,Abnormal,,Abnormal,1019.26,True
BATCH-20260925-005,LAB-000155383,PAT-0023837,ADM-00051891,DOC-00121,2026-09-25 19:10:14,Complete Blood Count,Hematology,Normal,,Normal,673.37,False
BATCH-20260925-005,LAB-000155384,PAT-0023837,ADM-00051891,DOC-00121,2026-09-25 22:14:23,Urine Routine,Pathology,Normal,,Normal,376.61,False
BATCH-20260925-005,LAB-000155385,PAT-0022035,ADM-00051892,DOC-00133,2026-09-27 18:04:22,Kidney Function Test,Biochemistry,Abnormal,,Abnormal,1053.4,True
BATCH-20260925-005,LAB-000155386,PAT-0022035,ADM-00051892,DOC-00133,2026-09-26 20:31:38,Liver Function Test,Biochemistry,Abnormal,,Abnormal,1332.45,True
BATCH-20260925-005,LAB-000155387,PAT-0022035,ADM-00051892,DOC-00133,2026-09-27 11:43:11,Liver Function Test,Biochemistry,Normal,,Normal,1200.6,False
BATCH-20260925-005,LAB-000155388,PAT-0017687,ADM-00051893,DOC-00127,2026-09-25 21:31:43,Lipid Profile,Biochemistry,Normal,,Normal,927.36,False
BATCH-20260925-005,LAB-000155389,PAT-0017687,ADM-00051893,DOC-00127,2026-09-25 15:34:24,Liver Function Test,Biochemistry,Normal,,Normal,1088.75,False
BATCH-20260925-005,LAB-000155390,PAT-0017687,ADM-00051893,DOC-00127,2026-09-25 20:57:51,Liver Function Test,Biochemistry,Normal,,Normal,1436.48,False
BATCH-20260925-005,LAB-000155391,PAT-0009850,ADM-00051894,DOC-00103,2026-09-27 04:37:15,Kidney Function Test,Biochemistry,Normal,,Normal,1124.11,False
BATCH-20260925-005,LAB-000155392,PAT-0009850,ADM-00051894,DOC-00103,2026-09-27 21:17:32,Urine Routine,Pathology,Normal,,Normal,348.23,False
BATCH-20260925-005,LAB-000155393,PAT-0009850,ADM-00051894,DOC-00103,2026-09-26 07:44:29,Kidney Function Test,Biochemistry,Normal,,Normal,1025.74,False
BATCH-20260925-005,LAB-000155394,PAT-0024432,ADM-00051895,DOC-00024,2026-09-29 17:41:15,Kidney Function Test,Biochemistry,Normal,,Normal,1243.05,False
BATCH-20260925-005,LAB-000155395,PAT-0024432,ADM-00051895,DOC-00024,2026-09-30 14:13:10,Thyroid Profile,Endocrinology,Normal,,Normal,922.81,False
BATCH-20260925-005,LAB-000155396,PAT-0024432,ADM-00051895,DOC-00024,2026-10-01 07:04:55,Lipid Profile,Biochemistry,Abnormal,,Abnormal,1051.04,True
BATCH-20260925-005,LAB-000155397,PAT-0024432,ADM-00051895,DOC-00024,2026-09-30 20:11:27,Lipid Profile,Biochemistry,Abnormal,,Abnormal,960.85,True
BATCH-20260925-005,LAB-000155398,PAT-0024432,ADM-00051895,DOC-00024,2026-09-26 21:01:53,Kidney Function Test,Biochemistry,Normal,,Normal,1147.26,False
BATCH-20260925-005,LAB-000155399,PAT-0022017,ADM-00051896,DOC-00041,2026-09-29 01:59:39,Thyroid Profile,Endocrinology,Abnormal,,Abnormal,1043.0,True
BATCH-20260925-005,LAB-000155400,PAT-0005291,ADM-00051897,DOC-00107,2026-09-29 14:00:40,Liver Function Test,Biochemistry,Normal,,Normal,1282.71,False
BATCH-20260925-005,LAB-000155401,PAT-0024398,ADM-00051898,DOC-00048,2026-09-27 20:29:26,Troponin,Cardiac,Normal,,Normal,1557.11,False
BATCH-20260925-005,LAB-000155402,PAT-0024398,ADM-00051898,DOC-00048,2026-09-27 01:51:27,Liver Function Test,Biochemistry,Normal,,Normal,1086.85,False
BATCH-20260925-005,LAB-000155403,PAT-0024398,ADM-00051898,DOC-00048,2026-09-25 20:54:42,Blood Glucose,Biochemistry,Normal,,Normal,345.92,False
BATCH-20260925-005,LAB-000155404,PAT-0013869,ADM-00051899,DOC-00101,2026-09-29 16:53:55,Thyroid Profile,Endocrinology,Abnormal,,Abnormal,1054.3,True
BATCH-20260925-005,LAB-000155405,PAT-0010278,ADM-00051900,DOC-00005,2026-09-26 09:46:59,Kidney Function Test,Biochemistry,Normal,,Normal,1067.1,False
BATCH-20260925-005,LAB-000155406,PAT-0010278,ADM-00051900,DOC-00005,2026-09-25 12:25:15,Troponin,Cardiac,Normal,,Normal,1262.6,False
BATCH-20260925-005,LAB-000155407,PAT-0010278,ADM-00051900,DOC-00005,2026-09-25 14:58:42,Liver Function Test,Biochemistry,Normal,,Normal,1413.21,False
BATCH-20260925-005,LAB-000155408,PAT-0004443,ADM-00051901,DOC-00146,2026-09-28 11:04:54,Complete Blood Count,Hematology,Normal,,Normal,725.52,False
BATCH-20260925-005,LAB-000155409,PAT-0004443,ADM-00051901,DOC-00146,2026-09-27 20:22:19,Blood Glucose,Biochemistry,Normal,,Normal,283.83,False
BATCH-20260925-005,LAB-000155410,PAT-0004443,ADM-00051901,DOC-00146,2026-09-29 23:34:40,Complete Blood Count,Hematology,Normal,,Normal,732.11,False
BATCH-20260925-005,LAB-000155411,PAT-0024738,ADM-00051902,DOC-00100,2026-10-02 09:43:25,Troponin,Cardiac,Normal,,Normal,1278.24,False
BATCH-20260925-005,LAB-000155412,PAT-0010479,ADM-00051903,DOC-00048,2026-09-26 15:40:53,Lipid Profile,Biochemistry,Normal,,Normal,886.77,False
BATCH-20260925-005,LAB-000155413,PAT-0010479,ADM-00051903,DOC-00048,2026-09-26 10:42:50,Kidney Function Test,Biochemistry,Abnormal,,Abnormal,1150.46,True
BATCH-20260925-005,LAB-000155414,PAT-0010479,ADM-00051903,DOC-00048,2026-09-26 11:02:37,Lipid Profile,Biochemistry,Normal,,Normal,818.08,False
BATCH-20260925-005,LAB-000155415,PAT-0010479,ADM-00051903,DOC-00048,2026-09-26 13:07:45,Complete Blood Count,Hematology,Normal,,Normal,660.21,False
BATCH-20260925-005,LAB-000155416,PAT-0010479,ADM-00051903,DOC-00048,2026-09-25 21:22:45,Liver Function Test,Biochemistry,Normal,,Normal,1267.87,False
BATCH-20260925-005,LAB-000155417,PAT-0002937,ADM-00051904,DOC-00022,2026-09-30 20:55:23,Urine Routine,Pathology,Normal,,Normal,365.61,False
BATCH-20260925-005,LAB-000155418,PAT-0009733,ADM-00051905,DOC-00064,2026-09-27 01:26:51,Complete Blood Count,Hematology,Normal,,Normal,677.55,False
BATCH-20260925-005,LAB-000155419,PAT-0009733,ADM-00051905,DOC-00064,2026-09-27 17:27:04,Lipid Profile,Biochemistry,Normal,,Normal,896.21,False
BATCH-20260925-005,LAB-000155420,PAT-0016621,ADM-00051906,DOC-00063,2026-10-05 21:24:27,Kidney Function Test,Biochemistry,Abnormal,,Abnormal,1238.65,True
BATCH-20260925-005,LAB-000155421,PAT-0016621,ADM-00051906,DOC-00063,2026-09-30 03:10:52,Troponin,Cardiac,Normal,,Normal,1356.11,False
BATCH-20260925-005,LAB-000155422,PAT-0016621,ADM-00051906,DOC-00063,2026-09-26 06:23:06,Kidney Function Test,Biochemistry,Abnormal,,Abnormal,1270.43,True
BATCH-20260925-005,LAB-000155423,PAT-0016621,ADM-00051906,DOC-00063,2026-09-25 08:09:48,Blood Glucose,Biochemistry,Normal,,Normal,336.39,False
BATCH-20260925-005,LAB-000155424,PAT-0016621,ADM-00051906,DOC-00063,2026-09-30 12:17:50,Kidney Function Test,Biochemistry,Abnormal,,Abnormal,1302.11,True
BATCH-20260925-005,LAB-000155425,PAT-0008700,ADM-00051907,DOC-00092,2026-10-01 12:47:24,Thyroid Profile,Endocrinology,Normal,,Normal,1078.89,False
BATCH-20260925-005,LAB-000155426,PAT-0008700,ADM-00051907,DOC-00092,2026-09-28 18:45:10,Complete Blood Count,Hematology,Normal,,Normal,720.56,False
BATCH-20260925-005,LAB-000155427,PAT-0008700,ADM-00051907,DOC-00092,2026-09-29 18:41:19,Kidney Function Test,Biochemistry,Abnormal,,Abnormal,1170.25,True
BATCH-20260925-005,LAB-000155428,PAT-0006189,ADM-00051908,DOC-00072,2026-09-27 11:07:53,Blood Glucose,Biochemistry,Normal,,Normal,342.39,False
BATCH-20260925-005,LAB-000155429,PAT-0016296,ADM-00051909,DOC-00122,2026-09-26 21:02:26,Urine Routine,Pathology,Normal,,Normal,350.12,False
BATCH-20260925-005,LAB-000155430,PAT-0016296,ADM-00051909,DOC-00122,2026-09-29 02:58:27,Troponin,Cardiac,Normal,,Normal,1454.02,False
BATCH-20260925-005,LAB-000155431,PAT-0016141,ADM-00051910,DOC-00134,2026-09-27 16:22:42,Complete Blood Count,Hematology,Normal,,Normal,689.11,False
BATCH-20260925-005,LAB-000155432,PAT-0017752,ADM-00051911,DOC-00007,2026-10-02 20:13:23,Thyroid Profile,Endocrinology,Normal,,Normal,1010.76,False
BATCH-20260925-005,LAB-000155433,PAT-0017752,ADM-00051911,DOC-00007,2026-10-01 16:23:06,Kidney Function Test,Biochemistry,Normal,,Normal,1247.27,False
BATCH-20260925-005,LAB-000155434,PAT-0017752,ADM-00051911,DOC-00007,2026-09-29 19:17:37,Troponin,Cardiac,Normal,,Normal,1648.43,False
BATCH-20260925-005,LAB-000155435,PAT-0017752,ADM-00051911,DOC-00007,2026-10-02 01:25:09,Liver Function Test,Biochemistry,Normal,,Normal,1080.53,False
BATCH-20260925-005,LAB-000155436,PAT-0001905,ADM-00051912,DOC-00024,2026-09-27 10:23:05,Liver Function Test,Biochemistry,Normal,,Normal,1357.52,False
BATCH-20260925-005,LAB-000155437,PAT-0001905,ADM-00051912,DOC-00024,2026-09-28 05:36:14,Kidney Function Test,Biochemistry,Normal,,Normal,1238.45,False
BATCH-20260925-005,LAB-000155438,PAT-0001905,ADM-00051912,DOC-00024,2026-09-26 06:59:52,Lipid Profile,Biochemistry,Normal,,Normal,816.6,False
BATCH-20260925-005,LAB-000155439,PAT-0001905,ADM-00051912,DOC-00024,2026-09-28 07:32:41,Liver Function Test,Biochemistry,Abnormal,,Abnormal,1148.08,True
BATCH-20260925-005,LAB-000155440,PAT-0006538,ADM-00051913,DOC-00067,2026-09-25 10:32:10,Thyroid Profile,Endocrinology,Abnormal,,Abnormal,1131.48,True
BATCH-20260925-005,LAB-000155441,PAT-0019214,ADM-00051914,DOC-00139,2026-09-25 06:13:10,Liver Function Test,Biochemistry,Normal,,Normal,1432.22,False
BATCH-20260925-005,LAB-000155442,PAT-0019214,ADM-00051914,DOC-00139,2026-09-25 08:40:52,Kidney Function Test,Biochemistry,Normal,,Normal,1059.17,False
BATCH-20260925-005,LAB-000155443,PAT-0019214,ADM-00051914,DOC-00139,2026-09-25 16:31:26,Blood Glucose,Biochemistry,Normal,,Normal,348.54,False
BATCH-20260925-005,LAB-000155444,PAT-0019214,ADM-00051914,DOC-00139,2026-09-25 23:47:50,Lipid Profile,Biochemistry,Abnormal,,Abnormal,821.01,True
BATCH-20260925-005,LAB-000155445,PAT-0019214,ADM-00051914,DOC-00139,2026-09-26 03:04:04,Complete Blood Count,Hematology,Normal,,Normal,619.79,False
BATCH-20260925-005,LAB-000155446,PAT-0009686,ADM-00051915,DOC-00066,2026-09-25 18:30:09,Complete Blood Count,Hematology,Normal,,Normal,772.97,False
BATCH-20260925-005,LAB-000155447,PAT-0009686,ADM-00051915,DOC-00066,2026-09-26 03:03:15,Liver Function Test,Biochemistry,Abnormal,,Abnormal,1403.37,True
BATCH-20260925-005,LAB-000155448,PAT-0009686,ADM-00051915,DOC-00066,2026-09-25 17:40:57,Troponin,Cardiac,Normal,,Normal,1588.1,False
BATCH-20260925-005,LAB-000155449,PAT-0009686,ADM-00051915,DOC-00066,2026-09-25 13:59:03,Liver Function Test,Biochemistry,Normal,,Normal,1337.89,False
BATCH-20260925-005,LAB-000155450,PAT-0017252,ADM-00051916,DOC-00017,2026-09-26 02:28:31,Thyroid Profile,Endocrinology,Abnormal,,Abnormal,943.89,True
BATCH-20260925-005,LAB-000155451,PAT-0017252,ADM-00051916,DOC-00017,2026-09-28 11:47:26,Liver Function Test,Biochemistry,Normal,,Normal,1217.1,False
BATCH-20260925-005,LAB-000155452,PAT-0017252,ADM-00051916,DOC-00017,2026-09-29 12:01:23,Lipid Profile,Biochemistry,Normal,,Normal,840.2,False
BATCH-20260925-005,LAB-000155453,PAT-0017252,ADM-00051916,DOC-00017,2026-09-28 06:54:20,Lipid Profile,Biochemistry,Normal,,Normal,1026.16,False
BATCH-20260925-005,LAB-000155454,PAT-0017252,ADM-00051916,DOC-00017,2026-10-01 07:41:41,Complete Blood Count,Hematology,Normal,,Normal,730.68,False
BATCH-20260925-005,LAB-000155455,PAT-0017961,ADM-00051917,DOC-00042,2026-09-25 10:52:40,Thyroid Profile,Endocrinology,Normal,,Normal,921.12,False
BATCH-20260925-005,LAB-000155456,PAT-0017961,ADM-00051917,DOC-00042,2026-09-28 22:55:07,Troponin,Cardiac,Normal,,Normal,1320.18,False
BATCH-20260925-005,LAB-000155457,PAT-0013544,ADM-00051918,DOC-00132,2026-10-02 19:28:56,Complete Blood Count,Hematology,Normal,,Normal,651.72,False
BATCH-20260925-005,LAB-000155458,PAT-0013544,ADM-00051918,DOC-00132,2026-09-29 04:39:41,Blood Glucose,Biochemistry,Normal,,Normal,300.82,False
BATCH-20260925-005,LAB-000155459,PAT-0013544,ADM-00051918,DOC-00132,2026-09-28 00:04:23,Urine Routine,Pathology,Normal,,Normal,320.57,False
BATCH-20260925-005,LAB-000155460,PAT-0024553,ADM-00051919,DOC-00010,2026-09-25 09:16:12,Liver Function Test,Biochemistry,Abnormal,,Abnormal,1095.15,True
BATCH-20260925-005,LAB-000155461,PAT-0024553,ADM-00051919,DOC-00010,2026-09-25 10:34:13,Thyroid Profile,Endocrinology,Normal,,Normal,912.79,False
BATCH-20260925-005,LAB-000155462,PAT-0000210,ADM-00051920,DOC-00031,2026-09-27 11:25:41,Complete Blood Count,Hematology,Abnormal,,Abnormal,773.92,True
BATCH-20260925-005,LAB-000155463,PAT-0000210,ADM-00051920,DOC-00031,2026-09-26 05:37:47,Blood Glucose,Biochemistry,Normal,,Normal,290.53,False
BATCH-20260925-005,LAB-000155464,PAT-0000210,ADM-00051920,DOC-00031,2026-09-26 11:19:07,Troponin,Cardiac,Normal,,Normal,1568.91,False
BATCH-20260925-005,LAB-000155465,PAT-0012917,ADM-00051921,DOC-00115,2026-09-25 18:00:48,Thyroid Profile,Endocrinology,Abnormal,,Abnormal,963.18,True
BATCH-20260925-005,LAB-000155466,PAT-0012917,ADM-00051921,DOC-00115,2026-09-27 04:38:40,Liver Function Test,Biochemistry,Normal,,Normal,1224.74,False
BATCH-20260925-005,LAB-000155467,PAT-0024453,ADM-00051922,DOC-00048,2026-09-26 16:15:59,Blood Glucose,Biochemistry,Normal,,Normal,320.8,False
BATCH-20260925-005,LAB-000155468,PAT-0020157,ADM-00051923,DOC-00047,2026-09-28 19:22:47,Complete Blood Count,Hematology,Normal,,Normal,756.74,False
BATCH-20260925-005,LAB-000155469,PAT-0020157,ADM-00051923,DOC-00047,2026-09-28 18:55:34,Troponin,Cardiac,Normal,,Normal,1676.06,False
BATCH-20260925-005,LAB-000155470,PAT-0020157,ADM-00051923,DOC-00047,2026-09-25 21:07:55,Thyroid Profile,Endocrinology,Normal,,Normal,942.9,False
BATCH-20260925-005,LAB-000155471,PAT-0020157,ADM-00051923,DOC-00047,2026-09-25 20:17:40,Blood Glucose,Biochemistry,Normal,,Normal,297.68,False
BATCH-20260925-005,LAB-000155472,PAT-0020157,ADM-00051923,DOC-00047,2026-09-26 04:52:35,Blood Glucose,Biochemistry,Normal,,Normal,339.79,False
BATCH-20260925-005,LAB-000155473,PAT-0015063,ADM-00051924,DOC-00120,2026-09-28 10:12:02,Urine Routine,Pathology,Normal,,Normal,403.16,False
BATCH-20260925-005,LAB-000155474,PAT-0015063,ADM-00051924,DOC-00120,2026-09-30 02:54:44,Complete Blood Count,Hematology,Normal,,Normal,696.01,False
BATCH-20260925-005,LAB-000155475,PAT-0015063,ADM-00051924,DOC-00120,2026-09-25 19:13:54,Troponin,Cardiac,Abnormal,,Abnormal,1446.27,True
BATCH-20260925-005,LAB-000155476,PAT-0015063,ADM-00051924,DOC-00120,2026-09-30 00:28:44,Kidney Function Test,Biochemistry,Normal,,Normal,991.18,False
BATCH-20260925-005,LAB-000155477,PAT-0015063,ADM-00051924,DOC-00120,2026-09-27 12:08:56,Complete Blood Count,Hematology,Normal,,Normal,725.93,False
BATCH-20260925-005,LAB-000155478,PAT-0005344,ADM-00051925,DOC-00117,2026-09-27 03:58:38,Thyroid Profile,Endocrinology,Normal,,Normal,943.96,False
BATCH-20260925-005,LAB-000155479,PAT-0005344,ADM-00051925,DOC-00117,2026-09-30 09:45:40,Lipid Profile,Biochemistry,Normal,,Normal,878.8,False
BATCH-20260925-005,LAB-000155480,PAT-0019948,ADM-00051926,DOC-00150,2026-10-03 02:09:08,Kidney Function Test,Biochemistry,Abnormal,,Abnormal,1076.76,True
BATCH-20260925-005,LAB-000155481,PAT-0019948,ADM-00051926,DOC-00150,2026-09-30 03:22:32,Complete Blood Count,Hematology,Normal,,Normal,589.17,False
BATCH-20260925-005,LAB-000155482,PAT-0019948,ADM-00051926,DOC-00150,2026-09-30 05:25:07,Urine Routine,Pathology,Normal,,Normal,330.38,False
BATCH-20260925-005,LAB-000155483,PAT-0017432,ADM-00051927,DOC-00019,2026-09-27 22:41:30,Kidney Function Test,Biochemistry,Normal,,Normal,1213.35,False
BATCH-20260925-005,LAB-000155484,PAT-0017432,ADM-00051927,DOC-00019,2026-09-28 00:34:33,Complete Blood Count,Hematology,Normal,,Normal,676.23,False
BATCH-20260925-005,LAB-000155485,PAT-0017432,ADM-00051927,DOC-00019,2026-09-28 16:36:28,Liver Function Test,Biochemistry,Normal,,Normal,1094.96,False
BATCH-20260925-005,LAB-000155486,PAT-0007499,ADM-00051928,DOC-00060,2026-09-28 15:39:56,Blood Glucose,Biochemistry,Normal,,Normal,294.83,False
BATCH-20260925-005,LAB-000155487,PAT-0007499,ADM-00051928,DOC-00060,2026-09-28 20:54:07,Lipid Profile,Biochemistry,Normal,,Normal,959.91,False
BATCH-20260925-005,LAB-000155488,PAT-0007499,ADM-00051928,DOC-00060,2026-09-25 14:12:34,Troponin,Cardiac,Normal,,Normal,1338.27,False
BATCH-20260925-005,LAB-000155489,PAT-0014809,ADM-00051929,DOC-00105,2026-09-26 00:54:09,Urine Routine,Pathology,Normal,,Normal,392.43,False
BATCH-20260925-005,LAB-000155490,PAT-0014809,ADM-00051929,DOC-00105,2026-09-26 22:21:45,Blood Glucose,Biochemistry,Normal,,Normal,322.18,False
BATCH-20260925-005,LAB-000155491,PAT-0014809,ADM-00051929,DOC-00105,2026-09-25 08:37:01,Lipid Profile,Biochemistry,Normal,,Normal,1068.66,False
BATCH-20260925-005,LAB-000155492,PAT-0005818,ADM-00051930,DOC-00008,2026-09-25 11:27:59,Thyroid Profile,Endocrinology,Normal,,Normal,1036.83,False
BATCH-20260925-005,LAB-000155493,PAT-0005818,ADM-00051930,DOC-00008,2026-09-26 23:07:36,Troponin,Cardiac,Normal,,Normal,1363.8,False
BATCH-20260925-005,LAB-000155494,PAT-0005818,ADM-00051930,DOC-00008,2026-09-25 15:01:06,Lipid Profile,Biochemistry,Normal,,Normal,826.15,False
BATCH-20260925-005,LAB-000155495,PAT-0005818,ADM-00051930,DOC-00008,2026-09-26 12:42:41,Urine Routine,Pathology,Normal,,Normal,360.95,False
BATCH-20260925-005,LAB-000155496,PAT-0021660,ADM-00051931,DOC-00059,2026-09-27 15:10:33,Urine Routine,Pathology,Normal,,Normal,323.44,False
BATCH-20260925-005,LAB-000155497,PAT-0021660,ADM-00051931,DOC-00059,2026-09-26 14:44:59,Kidney Function Test,Biochemistry,Abnormal,,Abnormal,1251.29,True
BATCH-20260925-005,LAB-000155498,PAT-0021660,ADM-00051931,DOC-00059,2026-09-25 19:12:29,Blood Glucose,Biochemistry,Normal,,Normal,310.24,False
BATCH-20260925-005,LAB-000155499,PAT-0019583,ADM-00051932,DOC-00063,2026-09-26 21:06:58,Troponin,Cardiac,Normal,,Normal,1665.55,False
BATCH-20260925-005,LAB-000155500,PAT-0000537,ADM-00051933,DOC-00036,2026-09-28 16:27:13,Troponin,Cardiac,Normal,,Normal,1663.21,False
BATCH-20260925-005,LAB-000155501,PAT-0000537,ADM-00051933,DOC-00036,2026-09-27 06:17:37,Troponin,Cardiac,Normal,,Normal,1598.52,False
BATCH-20260925-005,LAB-000155502,PAT-0000537,ADM-00051933,DOC-00036,2026-09-26 04:02:21,Blood Glucose,Biochemistry,Normal,,Normal,326.97,False
BATCH-20260925-005,LAB-000155503,PAT-0018663,ADM-00051934,DOC-00039,2026-09-30 14:52:52,Troponin,Cardiac,Normal,,Normal,1668.57,False
BATCH-20260925-005,LAB-000155504,PAT-0018663,ADM-00051934,DOC-00039,2026-09-30 03:15:05,Lipid Profile,Biochemistry,Normal,,Normal,1063.24,False
BATCH-20260925-005,LAB-000155505,PAT-0018663,ADM-00051934,DOC-00039,2026-10-02 04:42:45,Liver Function Test,Biochemistry,Normal,,Normal,1193.15,False
BATCH-20260925-005,LAB-000155506,PAT-0018663,ADM-00051934,DOC-00039,2026-09-29 00:57:50,Complete Blood Count,Hematology,Normal,,Normal,706.15,False
BATCH-20260925-005,LAB-000155507,PAT-0019194,ADM-00051935,DOC-00037,2026-09-30 17:02:45,Liver Function Test,Biochemistry,Normal,,Normal,1372.94,False
BATCH-20260925-005,LAB-000155508,PAT-0019194,ADM-00051935,DOC-00037,2026-09-25 20:47:39,Thyroid Profile,Endocrinology,Normal,,Normal,1156.28,False
BATCH-20260925-005,LAB-000155509,PAT-0019194,ADM-00051935,DOC-00037,2026-09-26 07:28:11,Liver Function Test,Biochemistry,Normal,,Normal,1166.52,False
BATCH-20260925-005,LAB-000155510,PAT-0019194,ADM-00051935,DOC-00037,2026-09-27 18:53:01,Blood Glucose,Biochemistry,Normal,,Normal,343.74,False
BATCH-20260925-005,LAB-000155511,PAT-0011864,ADM-00051936,DOC-00065,2026-09-25 06:06:31,Lipid Profile,Biochemistry,Normal,,Normal,966.85,False
BATCH-20260925-005,LAB-000155512,PAT-0011864,ADM-00051936,DOC-00065,2026-09-29 21:42:44,Thyroid Profile,Endocrinology,Abnormal,,Abnormal,1115.81,True
BATCH-20260925-005,LAB-000155513,PAT-0014618,ADM-00051937,DOC-00001,2026-09-26 06:00:17,Lipid Profile,Biochemistry,Normal,,Normal,995.49,False
BATCH-20260925-005,LAB-000155514,PAT-0014618,ADM-00051937,DOC-00001,2026-09-30 04:51:26,Kidney Function Test,Biochemistry,Normal,,Normal,1191.93,False
BATCH-20260925-005,LAB-000155515,PAT-0014618,ADM-00051937,DOC-00001,2026-09-25 08:06:12,Liver Function Test,Biochemistry,Normal,,Normal,1268.1,False
BATCH-20260925-005,LAB-000155516,PAT-0014618,ADM-00051937,DOC-00001,2026-09-27 22:06:44,Complete Blood Count,Hematology,Normal,,Normal,751.0,False
BATCH-20260925-005,LAB-000155517,PAT-0014618,ADM-00051937,DOC-00001,2026-09-27 07:43:01,Liver Function Test,Biochemistry,Normal,,Normal,1224.21,False
BATCH-20260925-005,LAB-000155518,PAT-0002972,ADM-00051938,DOC-00056,2026-09-27 21:35:53,Complete Blood Count,Hematology,Abnormal,,Abnormal,614.27,True
BATCH-20260925-005,LAB-000155519,PAT-0002972,ADM-00051938,DOC-00056,2026-09-29 15:43:28,Blood Glucose,Biochemistry,Normal,,Normal,282.65,False
BATCH-20260925-005,LAB-000155520,PAT-0002972,ADM-00051938,DOC-00056,2026-09-29 12:13:07,Kidney Function Test,Biochemistry,Abnormal,,Abnormal,1096.32,True
BATCH-20260925-005,LAB-000155521,PAT-0002972,ADM-00051938,DOC-00056,2026-09-26 03:54:33,Liver Function Test,Biochemistry,Normal,,Normal,1094.88,False
BATCH-20260925-005,LAB-000155522,PAT-0002972,ADM-00051938,DOC-00056,2026-09-28 16:23:36,Lipid Profile,Biochemistry,Abnormal,,Abnormal,1040.29,True
BATCH-20260925-005,LAB-000155523,PAT-0000008,ADM-00051939,DOC-00105,2026-09-26 10:22:36,Thyroid Profile,Endocrinology,Normal,,Normal,1058.47,False
BATCH-20260925-005,LAB-000155524,PAT-0000008,ADM-00051939,DOC-00105,2026-09-26 10:58:22,Complete Blood Count,Hematology,Normal,,Normal,689.76,False
BATCH-20260925-005,LAB-000155525,PAT-0000008,ADM-00051939,DOC-00105,2026-09-26 09:52:58,Liver Function Test,Biochemistry,Normal,,Normal,1280.58,False
BATCH-20260925-005,LAB-000155526,PAT-0020102,ADM-00051940,DOC-00011,2026-09-28 01:57:23,Lipid Profile,Biochemistry,Normal,,Normal,818.64,False
BATCH-20260925-005,LAB-000155527,PAT-0020102,ADM-00051940,DOC-00011,2026-09-28 15:49:02,Lipid Profile,Biochemistry,Normal,,Normal,928.07,False
BATCH-20260925-005,LAB-000155528,PAT-0020102,ADM-00051940,DOC-00011,2026-09-28 07:10:36,Lipid Profile,Biochemistry,Abnormal,,Abnormal,888.49,True
BATCH-20260925-005,LAB-000155529,PAT-0020102,ADM-00051940,DOC-00011,2026-09-27 10:11:48,Kidney Function Test,Biochemistry,Normal,,Normal,1242.72,False
BATCH-20260925-005,LAB-000155530,PAT-0020102,ADM-00051940,DOC-00011,2026-09-26 07:26:09,Thyroid Profile,Endocrinology,Normal,,Normal,1011.02,False
BATCH-20260925-005,LAB-000155531,PAT-0014569,ADM-00051941,DOC-00039,2026-09-27 13:40:27,Kidney Function Test,Biochemistry,Abnormal,,Abnormal,1204.01,True
BATCH-20260925-005,LAB-000155532,PAT-0014569,ADM-00051941,DOC-00039,2026-09-27 10:44:04,Thyroid Profile,Endocrinology,Normal,,Normal,1022.89,False
BATCH-20260925-005,LAB-000155533,PAT-0014569,ADM-00051941,DOC-00039,2026-09-26 21:06:39,Urine Routine,Pathology,Normal,,Normal,403.45,False
BATCH-20260925-005,LAB-000155534,PAT-0014569,ADM-00051941,DOC-00039,2026-09-27 08:14:00,Blood Glucose,Biochemistry,Normal,,Normal,324.01,False
BATCH-20260925-005,LAB-000155535,PAT-0012510,ADM-00051942,DOC-00139,2026-09-26 02:29:49,Liver Function Test,Biochemistry,Normal,,Normal,1355.66,False
BATCH-20260925-005,LAB-000155536,PAT-0000572,ADM-00051943,DOC-00076,2026-09-28 01:06:46,Blood Glucose,Biochemistry,Normal,,Normal,280.68,False
BATCH-20260925-005,LAB-000155537,PAT-0000572,ADM-00051943,DOC-00076,2026-09-26 05:20:37,Kidney Function Test,Biochemistry,Normal,,Normal,1020.71,False
BATCH-20260925-005,LAB-000155538,PAT-0024008,ADM-00051944,DOC-00009,2026-09-28 01:38:31,Liver Function Test,Biochemistry,Normal,,Normal,1192.37,False
BATCH-20260925-005,LAB-000155539,PAT-0024008,ADM-00051944,DOC-00009,2026-09-30 19:59:11,Complete Blood Count,Hematology,Normal,,Normal,623.39,False
BATCH-20260925-005,LAB-000155540,PAT-0024008,ADM-00051944,DOC-00009,2026-10-03 06:39:37,Lipid Profile,Biochemistry,Normal,,Normal,1062.33,False
BATCH-20260925-005,LAB-000155541,PAT-0024008,ADM-00051944,DOC-00009,2026-10-03 01:19:35,Blood Glucose,Biochemistry,Normal,,Normal,283.5,False
BATCH-20260925-005,LAB-000155542,PAT-0024008,ADM-00051944,DOC-00009,2026-10-02 04:29:23,Thyroid Profile,Endocrinology,Normal,,Normal,1136.34,False
BATCH-20260925-005,LAB-000155543,PAT-0009335,ADM-00051945,DOC-00136,2026-09-30 01:29:32,Lipid Profile,Biochemistry,Normal,,Normal,884.74,False
BATCH-20260925-005,LAB-000155544,PAT-0009335,ADM-00051945,DOC-00136,2026-09-27 05:21:58,Thyroid Profile,Endocrinology,Normal,,Normal,953.44,False
BATCH-20260925-005,LAB-000155545,PAT-0009335,ADM-00051945,DOC-00136,2026-09-26 19:50:26,Troponin,Cardiac,Normal,,Normal,1466.57,False
BATCH-20260925-005,LAB-000155546,PAT-0009335,ADM-00051945,DOC-00136,2026-09-30 16:18:50,Lipid Profile,Biochemistry,Normal,,Normal,970.64,False
BATCH-20260925-005,LAB-000155547,PAT-0009335,ADM-00051945,DOC-00136,2026-09-27 19:03:49,Lipid Profile,Biochemistry,Normal,,Normal,1077.1,False
BATCH-20260925-005,LAB-000155548,PAT-0016381,ADM-00051946,DOC-00129,2026-09-27 02:44:48,Thyroid Profile,Endocrinology,Normal,,Normal,1065.63,False
BATCH-20260925-005,LAB-000155549,PAT-0016381,ADM-00051946,DOC-00129,2026-09-26 03:01:32,Complete Blood Count,Hematology,Normal,,Normal,620.96,False
BATCH-20260925-005,LAB-000155550,PAT-0016381,ADM-00051946,DOC-00129,2026-09-26 14:45:55,Lipid Profile,Biochemistry,Normal,,Normal,1063.65,False
BATCH-20260925-005,LAB-000155551,PAT-0016381,ADM-00051946,DOC-00129,2026-09-25 13:13:01,Urine Routine,Pathology,Abnormal,,Abnormal,327.15,True
BATCH-20260925-005,LAB-000155552,PAT-0016381,ADM-00051946,DOC-00129,2026-09-25 07:17:50,Troponin,Cardiac,Abnormal,,Abnormal,1517.06,True
BATCH-20260925-005,LAB-000155553,PAT-0014822,ADM-00051947,DOC-00075,2026-09-28 10:01:07,Liver Function Test,Biochemistry,Normal,,Normal,1143.17,False
BATCH-20260925-005,LAB-000155554,PAT-0014822,ADM-00051947,DOC-00075,2026-09-27 08:10:58,Thyroid Profile,Endocrinology,Normal,,Normal,1033.41,False
BATCH-20260925-005,LAB-000155555,PAT-0007616,ADM-00051948,DOC-00060,2026-09-29 16:42:41,Urine Routine,Pathology,Normal,,Normal,327.34,False
BATCH-20260925-005,LAB-000155556,PAT-0007616,ADM-00051948,DOC-00060,2026-09-27 03:27:09,Lipid Profile,Biochemistry,Normal,,Normal,913.83,False
BATCH-20260925-005,LAB-000155557,PAT-0007616,ADM-00051948,DOC-00060,2026-09-28 09:57:59,Troponin,Cardiac,Normal,,Normal,1512.01,False
BATCH-20260925-005,LAB-000155558,PAT-0001850,ADM-00051949,DOC-00060,2026-09-25 19:12:51,Thyroid Profile,Endocrinology,Normal,,Normal,1194.56,False
BATCH-20260925-005,LAB-000155559,PAT-0001850,ADM-00051949,DOC-00060,2026-09-26 03:03:57,Blood Glucose,Biochemistry,Normal,,Normal,359.55,False
BATCH-20260925-005,LAB-000155560,PAT-0001850,ADM-00051949,DOC-00060,2026-09-25 15:59:23,Blood Glucose,Biochemistry,Abnormal,,Abnormal,352.23,True
BATCH-20260925-005,LAB-000155561,PAT-0023710,ADM-00051950,DOC-00147,2026-09-28 01:59:31,Urine Routine,Pathology,Normal,,Normal,405.94,False
BATCH-20260925-005,LAB-000155562,PAT-0001514,ADM-00051951,DOC-00085,2026-09-29 11:07:01,Lipid Profile,Biochemistry,Normal,,Normal,903.27,False
BATCH-20260925-005,LAB-000155563,PAT-0003757,ADM-00051952,DOC-00086,2026-09-27 18:41:25,Liver Function Test,Biochemistry,Normal,,Normal,1235.01,False
BATCH-20260925-005,LAB-000155564,PAT-0003757,ADM-00051952,DOC-00086,2026-09-26 10:16:28,Urine Routine,Pathology,Abnormal,,Abnormal,376.83,True
BATCH-20260925-005,LAB-000155565,PAT-0014873,ADM-00051953,DOC-00090,2026-09-25 23:51:41,Kidney Function Test,Biochemistry,Normal,,Normal,1240.07,False
BATCH-20260925-005,LAB-000155566,PAT-0014873,ADM-00051953,DOC-00090,2026-09-26 04:23:07,Blood Glucose,Biochemistry,Normal,,Normal,323.63,False
BATCH-20260925-005,LAB-000155567,PAT-0014873,ADM-00051953,DOC-00090,2026-09-30 04:12:28,Complete Blood Count,Hematology,Normal,,Normal,692.15,False
BATCH-20260925-005,LAB-000155568,PAT-0014873,ADM-00051953,DOC-00090,2026-09-26 11:13:14,Urine Routine,Pathology,Abnormal,,Abnormal,406.05,True
BATCH-20260925-005,LAB-000155569,PAT-0001546,ADM-00051954,DOC-00092,2026-09-26 05:58:31,Troponin,Cardiac,Normal,,Normal,1436.42,False
BATCH-20260925-005,LAB-000155570,PAT-0001546,ADM-00051954,DOC-00092,2026-09-26 19:43:45,Thyroid Profile,Endocrinology,Normal,,Normal,976.68,False
BATCH-20260925-005,LAB-000155571,PAT-0001546,ADM-00051954,DOC-00092,2026-09-27 00:58:53,Kidney Function Test,Biochemistry,Normal,,Normal,1221.23,False
BATCH-20260925-005,LAB-000155572,PAT-0001546,ADM-00051954,DOC-00092,2026-09-26 23:31:13,Liver Function Test,Biochemistry,Normal,,Normal,1226.26,False
BATCH-20260925-005,LAB-000155573,PAT-0001546,ADM-00051954,DOC-00092,2026-09-26 10:27:31,Lipid Profile,Biochemistry,Abnormal,,Abnormal,847.63,True
BATCH-20260925-005,LAB-000155574,PAT-0008833,ADM-00051955,DOC-00107,2026-10-03 07:20:29,Liver Function Test,Biochemistry,Normal,,Normal,1121.27,False
BATCH-20260925-005,LAB-000155575,PAT-0020163,ADM-00051956,DOC-00023,2026-09-25 15:10:12,Kidney Function Test,Biochemistry,Normal,,Normal,1009.79,False
BATCH-20260925-005,LAB-000155576,PAT-0020163,ADM-00051956,DOC-00023,2026-09-27 15:30:23,Complete Blood Count,Hematology,Abnormal,,Abnormal,770.32,True
BATCH-20260925-005,LAB-000155577,PAT-0020163,ADM-00051956,DOC-00023,2026-09-27 03:29:51,Lipid Profile,Biochemistry,Normal,,Normal,889.0,False
BATCH-20260925-005,LAB-000155578,PAT-0000443,ADM-00051957,DOC-00086,2026-09-25 15:21:22,Troponin,Cardiac,Normal,,Normal,1519.99,False
BATCH-20260925-005,LAB-000155579,PAT-0006206,ADM-00051958,DOC-00003,2026-10-02 10:54:19,Urine Routine,Pathology,Normal,,Normal,374.0,False
BATCH-20260925-005,LAB-000155580,PAT-0006206,ADM-00051958,DOC-00003,2026-09-29 04:23:36,Troponin,Cardiac,Normal,,Normal,1626.56,False
BATCH-20260925-005,LAB-000155581,PAT-0021275,ADM-00051959,DOC-00024,2026-09-26 02:10:51,Complete Blood Count,Hematology,Normal,,Normal,728.43,False
BATCH-20260925-005,LAB-000155582,PAT-0018606,ADM-00051960,DOC-00087,2026-09-27 21:28:26,Kidney Function Test,Biochemistry,Normal,,Normal,1103.09,False
BATCH-20260925-005,LAB-000155583,PAT-0018606,ADM-00051960,DOC-00087,2026-09-27 19:31:21,Lipid Profile,Biochemistry,Abnormal,,Abnormal,999.51,True
BATCH-20260925-005,LAB-000155584,PAT-0018606,ADM-00051960,DOC-00087,2026-09-27 14:56:30,Kidney Function Test,Biochemistry,Normal,,Normal,1285.22,False
BATCH-20260925-005,LAB-000155585,PAT-0018083,ADM-00051961,DOC-00059,2026-09-29 02:07:17,Kidney Function Test,Biochemistry,Abnormal,,Abnormal,1016.66,True
BATCH-20260925-005,LAB-000155586,PAT-0017663,ADM-00051962,DOC-00149,2026-09-28 21:47:16,Liver Function Test,Biochemistry,Normal,,Normal,1416.05,False
BATCH-20260925-005,LAB-000155587,PAT-0017663,ADM-00051962,DOC-00149,2026-09-28 07:51:13,Urine Routine,Pathology,Abnormal,,Abnormal,398.53,True
BATCH-20260925-005,LAB-000155588,PAT-0017663,ADM-00051962,DOC-00149,2026-09-27 07:25:22,Urine Routine,Pathology,Normal,,Normal,354.21,False
BATCH-20260925-005,LAB-000155589,PAT-0017663,ADM-00051962,DOC-00149,2026-09-29 05:43:20,Lipid Profile,Biochemistry,Abnormal,,Abnormal,937.3,True
BATCH-20260925-005,LAB-000155590,PAT-0011403,ADM-00051963,DOC-00079,2026-09-28 07:30:04,Troponin,Cardiac,Normal,,Normal,1530.39,False
BATCH-20260925-005,LAB-000155591,PAT-0011403,ADM-00051963,DOC-00079,2026-10-01 02:44:43,Troponin,Cardiac,Normal,,Normal,1542.99,False
BATCH-20260925-005,LAB-000155592,PAT-0011403,ADM-00051963,DOC-00079,2026-09-27 08:01:30,Lipid Profile,Biochemistry,Normal,,Normal,1023.35,False
BATCH-20260925-005,LAB-000155593,PAT-0011131,ADM-00051964,DOC-00111,2026-09-30 03:04:43,Liver Function Test,Biochemistry,Normal,,Normal,1224.09,False
BATCH-20260925-005,LAB-000155594,PAT-0011131,ADM-00051964,DOC-00111,2026-09-25 08:26:09,Troponin,Cardiac,Abnormal,,Abnormal,1642.73,True
BATCH-20260925-005,LAB-000155595,PAT-0011131,ADM-00051964,DOC-00111,2026-09-26 19:43:27,Thyroid Profile,Endocrinology,Abnormal,,Abnormal,933.4,True
BATCH-20260925-005,LAB-000155596,PAT-0011131,ADM-00051964,DOC-00111,2026-09-28 20:46:58,Thyroid Profile,Endocrinology,Normal,,Normal,1036.19,False
BATCH-20260925-005,LAB-000155597,PAT-0011131,ADM-00051964,DOC-00111,2026-09-27 10:34:55,Lipid Profile,Biochemistry,Normal,,Normal,842.67,False
BATCH-20260925-005,LAB-000155598,PAT-0015279,ADM-00051965,DOC-00006,2026-09-27 12:16:24,Complete Blood Count,Hematology,Normal,,Normal,705.02,False
BATCH-20260925-005,LAB-000155599,PAT-0015279,ADM-00051965,DOC-00006,2026-09-25 19:19:04,Kidney Function Test,Biochemistry,Normal,,Normal,1129.09,False
BATCH-20260925-005,LAB-000155600,PAT-0015279,ADM-00051965,DOC-00006,2026-09-25 18:54:53,Complete Blood Count,Hematology,Normal,,Normal,730.26,False
BATCH-20260925-005,LAB-000155601,PAT-0015279,ADM-00051965,DOC-00006,2026-09-29 03:20:25,Kidney Function Test,Biochemistry,Normal,,Normal,1269.7,False
BATCH-20260925-005,LAB-000155602,PAT-0023864,ADM-00051966,DOC-00125,2026-09-25 10:54:06,Lipid Profile,Biochemistry,Normal,,Normal,865.66,False
BATCH-20260925-005,LAB-000155603,PAT-0023864,ADM-00051966,DOC-00125,2026-09-25 12:54:17,Urine Routine,Pathology,Abnormal,,Abnormal,412.15,True
BATCH-20260925-005,LAB-000155604,PAT-0023864,ADM-00051966,DOC-00125,2026-09-25 08:22:17,Troponin,Cardiac,Normal,,Normal,1656.58,False
BATCH-20260925-005,LAB-000155605,PAT-0012234,ADM-00051967,DOC-00133,2026-09-27 07:54:26,Liver Function Test,Biochemistry,Abnormal,,Abnormal,1360.81,True
BATCH-20260925-005,LAB-000155606,PAT-0012234,ADM-00051967,DOC-00133,2026-09-28 04:17:16,Urine Routine,Pathology,Normal,,Normal,349.82,False
BATCH-20260925-005,LAB-000155607,PAT-0012234,ADM-00051967,DOC-00133,2026-09-26 11:27:42,Blood Glucose,Biochemistry,Normal,,Normal,324.23,False
BATCH-20260925-005,LAB-000155608,PAT-0012234,ADM-00051967,DOC-00133,2026-09-29 07:40:13,Lipid Profile,Biochemistry,Abnormal,,Abnormal,953.27,True
BATCH-20260925-005,LAB-000155609,PAT-0012234,ADM-00051967,DOC-00133,2026-09-28 03:54:56,Blood Glucose,Biochemistry,Normal,,Normal,326.19,False
BATCH-20260925-005,LAB-000155610,PAT-0020884,ADM-00051968,DOC-00128,2026-09-29 08:56:54,Liver Function Test,Biochemistry,Normal,,Normal,1136.55,False
BATCH-20260925-005,LAB-000155611,PAT-0021222,ADM-00051969,DOC-00097,2026-09-27 00:38:27,Blood Glucose,Biochemistry,Normal,,Normal,309.86,False
BATCH-20260925-005,LAB-000155612,PAT-0021222,ADM-00051969,DOC-00097,2026-09-26 14:34:25,Complete Blood Count,Hematology,Normal,,Normal,723.59,False
BATCH-20260925-005,LAB-000155613,PAT-0021222,ADM-00051969,DOC-00097,2026-09-26 10:34:14,Lipid Profile,Biochemistry,Normal,,Normal,1037.55,False
BATCH-20260925-005,LAB-000155614,PAT-0013876,ADM-00051970,DOC-00137,2026-09-27 15:50:21,Urine Routine,Pathology,Normal,,Normal,418.03,False
BATCH-20260925-005,LAB-000155615,PAT-0013876,ADM-00051970,DOC-00137,2026-09-26 15:16:33,Lipid Profile,Biochemistry,Normal,,Normal,963.69,False
BATCH-20260925-005,LAB-000155616,PAT-0013876,ADM-00051970,DOC-00137,2026-09-26 11:25:43,Troponin,Cardiac,Abnormal,,Abnormal,1554.56,True
BATCH-20260925-005,LAB-000155617,PAT-0013876,ADM-00051970,DOC-00137,2026-09-26 06:38:08,Lipid Profile,Biochemistry,Normal,,Normal,1076.83,False
BATCH-20260925-005,LAB-000155618,PAT-0001408,ADM-00051971,DOC-00001,2026-09-28 17:16:24,Kidney Function Test,Biochemistry,Normal,,Normal,1097.28,False
BATCH-20260925-005,LAB-000155619,PAT-0001408,ADM-00051971,DOC-00001,2026-10-01 18:01:15,Troponin,Cardiac,Normal,,Normal,1424.99,False
BATCH-20260925-005,LAB-000155620,PAT-0001408,ADM-00051971,DOC-00001,2026-09-28 20:45:15,Complete Blood Count,Hematology,Normal,,Normal,684.87,False
BATCH-20260925-005,LAB-000155621,PAT-0001408,ADM-00051971,DOC-00001,2026-09-26 01:51:35,Troponin,Cardiac,Normal,,Normal,1282.42,False
BATCH-20260925-005,LAB-000155622,PAT-0001408,ADM-00051971,DOC-00001,2026-09-28 11:46:26,Liver Function Test,Biochemistry,Normal,,Normal,1213.21,False
BATCH-20260925-005,LAB-000155623,PAT-0018732,ADM-00051972,DOC-00034,2026-09-27 09:31:17,Complete Blood Count,Hematology,Abnormal,,Abnormal,759.3,True
BATCH-20260925-005,LAB-000155624,PAT-0018732,ADM-00051972,DOC-00034,2026-09-28 01:30:46,Liver Function Test,Biochemistry,Normal,,Normal,1157.3,False
BATCH-20260925-005,LAB-000155625,PAT-0018732,ADM-00051972,DOC-00034,2026-09-27 15:57:00,Urine Routine,Pathology,Normal,,Normal,377.21,False
BATCH-20260925-005,LAB-000155626,PAT-0007778,ADM-00051973,DOC-00119,2026-09-28 10:58:33,Thyroid Profile,Endocrinology,Abnormal,,Abnormal,1050.73,True
BATCH-20260925-005,LAB-000155627,PAT-0007778,ADM-00051973,DOC-00119,2026-10-02 17:20:41,Complete Blood Count,Hematology,Abnormal,,Abnormal,743.43,True
BATCH-20260925-005,LAB-000155628,PAT-0007778,ADM-00051973,DOC-00119,2026-10-02 08:02:15,Troponin,Cardiac,Normal,,Normal,1599.48,False
BATCH-20260925-005,LAB-000155629,PAT-0007778,ADM-00051973,DOC-00119,2026-09-26 15:34:18,Blood Glucose,Biochemistry,Normal,,Normal,343.97,False
BATCH-20260925-005,LAB-000155630,PAT-0007778,ADM-00051973,DOC-00119,2026-09-30 19:56:04,Lipid Profile,Biochemistry,Normal,,Normal,829.14,False
BATCH-20260925-005,LAB-000155631,PAT-0022711,ADM-00051974,DOC-00127,2026-09-26 19:21:22,Lipid Profile,Biochemistry,Abnormal,,Abnormal,1028.39,True
BATCH-20260925-005,LAB-000155632,PAT-0022711,ADM-00051974,DOC-00127,2026-09-29 14:31:38,Blood Glucose,Biochemistry,Normal,,Normal,345.39,False
BATCH-20260925-005,LAB-000155633,PAT-0022711,ADM-00051974,DOC-00127,2026-09-28 13:53:28,Troponin,Cardiac,Normal,,Normal,1438.93,False
BATCH-20260925-005,LAB-000155634,PAT-0000258,ADM-00051975,DOC-00020,2026-09-26 09:23:32,Urine Routine,Pathology,Normal,,Normal,375.88,False
BATCH-20260925-005,LAB-000155635,PAT-0019055,ADM-00051976,DOC-00039,2026-09-26 14:05:01,Thyroid Profile,Endocrinology,Normal,,Normal,1021.54,False
BATCH-20260925-005,LAB-000155636,PAT-0019055,ADM-00051976,DOC-00039,2026-09-27 20:23:59,Blood Glucose,Biochemistry,Abnormal,,Abnormal,355.98,True
BATCH-20260925-005,LAB-000155637,PAT-0019055,ADM-00051976,DOC-00039,2026-09-30 10:18:26,Liver Function Test,Biochemistry,Abnormal,,Abnormal,1277.17,True
BATCH-20260925-005,LAB-000155638,PAT-0008286,ADM-00051977,DOC-00061,2026-09-25 09:53:00,Lipid Profile,Biochemistry,Normal,,Normal,1019.59,False
BATCH-20260925-005,LAB-000155639,PAT-0008286,ADM-00051977,DOC-00061,2026-09-25 14:21:31,Complete Blood Count,Hematology,Normal,,Normal,741.74,False
BATCH-20260925-005,LAB-000155640,PAT-0008286,ADM-00051977,DOC-00061,2026-09-28 05:29:44,Blood Glucose,Biochemistry,Abnormal,,Abnormal,314.46,True
BATCH-20260925-005,LAB-000155641,PAT-0008286,ADM-00051977,DOC-00061,2026-09-25 11:21:02,Kidney Function Test,Biochemistry,Normal,,Normal,1189.76,False
BATCH-20260925-005,LAB-000155642,PAT-0012389,ADM-00051978,DOC-00024,2026-10-01 21:04:13,Thyroid Profile,Endocrinology,Abnormal,,Abnormal,1050.84,True
BATCH-20260925-005,LAB-000155643,PAT-0012389,ADM-00051978,DOC-00024,2026-09-29 00:14:02,Thyroid Profile,Endocrinology,Normal,,Normal,1186.42,False
BATCH-20260925-005,LAB-000155644,PAT-0012389,ADM-00051978,DOC-00024,2026-09-26 21:47:18,Lipid Profile,Biochemistry,Normal,,Normal,858.91,False
BATCH-20260925-005,LAB-000155645,PAT-0012389,ADM-00051978,DOC-00024,2026-09-28 17:30:19,Blood Glucose,Biochemistry,Normal,,Normal,340.45,False
BATCH-20260925-005,LAB-000155646,PAT-0012389,ADM-00051978,DOC-00024,2026-10-01 07:13:02,Complete Blood Count,Hematology,Normal,,Normal,600.3,False
BATCH-20260925-005,LAB-000155647,PAT-0003736,ADM-00051979,DOC-00008,2026-09-28 07:56:28,Lipid Profile,Biochemistry,Normal,,Normal,878.92,False
BATCH-20260925-005,LAB-000155648,PAT-0013919,ADM-00051980,DOC-00139,2026-09-25 21:47:51,Troponin,Cardiac,Normal,,Normal,1513.93,False
BATCH-20260925-005,LAB-000155649,PAT-0013919,ADM-00051980,DOC-00139,2026-09-26 22:48:09,Complete Blood Count,Hematology,Normal,,Normal,586.9,False
BATCH-20260925-005,LAB-000155650,PAT-0013919,ADM-00051980,DOC-00139,2026-09-27 08:39:23,Thyroid Profile,Endocrinology,Normal,,Normal,1045.81,False
BATCH-20260925-005,LAB-000155651,PAT-0013919,ADM-00051980,DOC-00139,2026-09-26 12:05:32,Liver Function Test,Biochemistry,Normal,,Normal,1084.94,False
BATCH-20260925-005,LAB-000155652,PAT-0013919,ADM-00051980,DOC-00139,2026-09-27 13:53:49,Complete Blood Count,Hematology,Normal,,Normal,709.93,False
BATCH-20260925-005,LAB-000155653,PAT-0016375,ADM-00051981,DOC-00127,2026-09-26 04:02:44,Urine Routine,Pathology,Normal,,Normal,315.39,False
BATCH-20260925-005,LAB-000155654,PAT-0000984,ADM-00051982,DOC-00120,2026-09-27 03:35:04,Lipid Profile,Biochemistry,Normal,,Normal,969.42,False
BATCH-20260925-005,LAB-000155655,PAT-0000984,ADM-00051982,DOC-00120,2026-09-26 05:23:49,Thyroid Profile,Endocrinology,Normal,,Normal,1075.09,False
BATCH-20260925-005,LAB-000155656,PAT-0000984,ADM-00051982,DOC-00120,2026-09-25 19:34:21,Thyroid Profile,Endocrinology,Normal,,Normal,946.38,False
BATCH-20260925-005,LAB-000155657,PAT-0000984,ADM-00051982,DOC-00120,2026-09-25 12:28:43,Lipid Profile,Biochemistry,Abnormal,,Abnormal,993.51,True
BATCH-20260925-005,LAB-000155658,PAT-0015397,ADM-00051983,DOC-00008,2026-09-25 06:01:35,Urine Routine,Pathology,Abnormal,,Abnormal,391.46,True
BATCH-20260925-005,LAB-000155659,PAT-0015397,ADM-00051983,DOC-00008,2026-09-30 01:53:01,Urine Routine,Pathology,Normal,,Normal,406.15,False
BATCH-20260925-005,LAB-000155660,PAT-0015397,ADM-00051983,DOC-00008,2026-09-25 20:17:56,Troponin,Cardiac,Normal,,Normal,1661.04,False
BATCH-20260925-005,LAB-000155661,PAT-0015397,ADM-00051983,DOC-00008,2026-09-27 03:28:20,Thyroid Profile,Endocrinology,Normal,,Normal,1131.33,False
BATCH-20260925-005,LAB-000155662,PAT-0015397,ADM-00051983,DOC-00008,2026-09-28 12:01:35,Lipid Profile,Biochemistry,Normal,,Normal,1054.19,False
BATCH-20260925-005,LAB-000155663,PAT-0015331,ADM-00051984,DOC-00139,2026-09-30 23:12:52,Blood Glucose,Biochemistry,Normal,,Normal,284.04,False
BATCH-20260925-005,LAB-000155664,PAT-0015331,ADM-00051984,DOC-00139,2026-09-29 12:52:56,Troponin,Cardiac,Abnormal,,Abnormal,1419.95,True
BATCH-20260925-005,LAB-000155665,PAT-0016598,ADM-00051985,DOC-00049,2026-10-02 05:58:36,Urine Routine,Pathology,Normal,,Normal,415.71,False
BATCH-20260925-005,LAB-000155666,PAT-0016598,ADM-00051985,DOC-00049,2026-10-02 04:27:12,Urine Routine,Pathology,Abnormal,,Abnormal,359.02,True
BATCH-20260925-005,LAB-000155667,PAT-0016598,ADM-00051985,DOC-00049,2026-10-01 13:40:05,Kidney Function Test,Biochemistry,Normal,,Normal,1099.06,False
BATCH-20260925-005,LAB-000155668,PAT-0016598,ADM-00051985,DOC-00049,2026-10-02 03:35:19,Thyroid Profile,Endocrinology,Normal,,Normal,943.79,False
BATCH-20260925-005,LAB-000155669,PAT-0019884,ADM-00051986,DOC-00139,2026-09-27 18:28:18,Urine Routine,Pathology,Normal,,Normal,410.02,False
BATCH-20260925-005,LAB-000155670,PAT-0019884,ADM-00051986,DOC-00139,2026-09-26 02:27:21,Complete Blood Count,Hematology,Abnormal,,Abnormal,705.65,True
BATCH-20260925-005,LAB-000155671,PAT-0019884,ADM-00051986,DOC-00139,2026-09-28 02:43:40,Lipid Profile,Biochemistry,Abnormal,,Abnormal,1072.97,True
BATCH-20260925-005,LAB-000155672,PAT-0019884,ADM-00051986,DOC-00139,2026-09-28 02:54:20,Thyroid Profile,Endocrinology,Normal,,Normal,972.97,False
BATCH-20260925-005,LAB-000155673,PAT-0000914,ADM-00051987,DOC-00072,2026-09-25 07:17:37,Kidney Function Test,Biochemistry,Normal,,Normal,1270.53,False
BATCH-20260925-005,LAB-000155674,PAT-0000914,ADM-00051987,DOC-00072,2026-09-25 23:55:00,Kidney Function Test,Biochemistry,Normal,,Normal,1252.74,False
BATCH-20260925-005,LAB-000155675,PAT-0000763,ADM-00051988,DOC-00087,2026-09-28 18:37:47,Complete Blood Count,Hematology,Abnormal,,Abnormal,615.34,True
BATCH-20260925-005,LAB-000155676,PAT-0000763,ADM-00051988,DOC-00087,2026-09-26 03:55:13,Lipid Profile,Biochemistry,Normal,,Normal,1054.25,False
BATCH-20260925-005,LAB-000155677,PAT-0000763,ADM-00051988,DOC-00087,2026-09-26 16:21:22,Thyroid Profile,Endocrinology,Abnormal,,Abnormal,1003.14,True
BATCH-20260925-005,LAB-000155678,PAT-0000763,ADM-00051988,DOC-00087,2026-09-28 12:31:40,Liver Function Test,Biochemistry,Normal,,Normal,1423.62,False
BATCH-20260925-005,LAB-000155679,PAT-0000763,ADM-00051988,DOC-00087,2026-09-29 04:37:44,Kidney Function Test,Biochemistry,Normal,,Normal,1050.69,False
BATCH-20260925-005,LAB-000155680,PAT-0008260,ADM-00051989,DOC-00032,2026-09-27 10:55:23,Kidney Function Test,Biochemistry,Normal,,Normal,1074.07,False
BATCH-20260925-005,LAB-000155681,PAT-0008260,ADM-00051989,DOC-00032,2026-10-02 19:58:38,Kidney Function Test,Biochemistry,Normal,,Normal,1182.22,False
BATCH-20260925-005,LAB-000155682,PAT-0008260,ADM-00051989,DOC-00032,2026-09-27 19:01:47,Troponin,Cardiac,Normal,,Normal,1499.96,False
BATCH-20260925-005,LAB-000155683,PAT-0008216,ADM-00051990,DOC-00116,2026-09-30 10:39:51,Thyroid Profile,Endocrinology,Normal,,Normal,1033.99,False
BATCH-20260925-005,LAB-000155684,PAT-0008216,ADM-00051990,DOC-00116,2026-09-25 16:45:06,Liver Function Test,Biochemistry,Normal,,Normal,1391.96,False
BATCH-20260925-005,LAB-000155685,PAT-0008216,ADM-00051990,DOC-00116,2026-10-01 19:45:22,Troponin,Cardiac,Normal,,Normal,1653.89,False
BATCH-20260925-005,LAB-000155686,PAT-0001089,ADM-00051991,DOC-00104,2026-09-28 18:52:26,Thyroid Profile,Endocrinology,Abnormal,,Abnormal,1038.35,True
BATCH-20260925-005,LAB-000155687,PAT-0001089,ADM-00051991,DOC-00104,2026-09-27 14:59:27,Thyroid Profile,Endocrinology,Normal,,Normal,1051.91,False
BATCH-20260925-005,LAB-000155688,PAT-0001089,ADM-00051991,DOC-00104,2026-09-26 11:14:14,Lipid Profile,Biochemistry,Normal,,Normal,1012.72,False
BATCH-20260925-005,LAB-000155689,PAT-0001089,ADM-00051991,DOC-00104,2026-09-29 22:17:51,Blood Glucose,Biochemistry,Normal,,Normal,325.5,False
BATCH-20260925-005,LAB-000155690,PAT-0001089,ADM-00051991,DOC-00104,2026-09-25 06:21:27,Troponin,Cardiac,Normal,,Normal,1339.83,False
BATCH-20260925-005,LAB-000155691,PAT-0015314,ADM-00051992,DOC-00001,2026-09-25 15:22:14,Lipid Profile,Biochemistry,Normal,,Normal,1013.65,False
BATCH-20260925-005,LAB-000155692,PAT-0015314,ADM-00051992,DOC-00001,2026-09-26 04:21:29,Urine Routine,Pathology,Abnormal,,Abnormal,341.71,True
BATCH-20260925-005,LAB-000155693,PAT-0015314,ADM-00051992,DOC-00001,2026-09-27 10:26:43,Urine Routine,Pathology,Normal,,Normal,354.07,False
BATCH-20260925-005,LAB-000155694,PAT-0015314,ADM-00051992,DOC-00001,2026-09-26 13:12:08,Troponin,Cardiac,Normal,,Normal,1538.04,False
BATCH-20260925-005,LAB-000155695,PAT-0022184,ADM-00051993,DOC-00133,2026-09-26 08:05:02,Thyroid Profile,Endocrinology,Normal,,Normal,1161.31,False
BATCH-20260925-005,LAB-000155696,PAT-0022184,ADM-00051993,DOC-00133,2026-09-30 15:51:46,Kidney Function Test,Biochemistry,Normal,,Normal,1265.61,False
BATCH-20260925-005,LAB-000155697,PAT-0022184,ADM-00051993,DOC-00133,2026-09-29 12:15:35,Complete Blood Count,Hematology,Normal,,Normal,692.96,False
BATCH-20260925-005,LAB-000155698,PAT-0018918,ADM-00051994,DOC-00006,2026-09-27 22:49:41,Troponin,Cardiac,Normal,,Normal,1433.72,False
BATCH-20260925-005,LAB-000155699,PAT-0014000,ADM-00051995,DOC-00101,2026-09-25 22:48:18,Urine Routine,Pathology,Abnormal,,Abnormal,404.24,True
BATCH-20260925-005,LAB-000155700,PAT-0014000,ADM-00051995,DOC-00101,2026-09-26 10:24:41,Troponin,Cardiac,Normal,,Normal,1574.72,False
BATCH-20260925-005,LAB-000155701,PAT-0014000,ADM-00051995,DOC-00101,2026-09-25 23:06:02,Lipid Profile,Biochemistry,Normal,,Normal,950.84,False
BATCH-20260925-005,LAB-000155702,PAT-0001094,ADM-00051996,DOC-00109,2026-09-29 19:28:40,Blood Glucose,Biochemistry,Normal,,Normal,299.53,False
BATCH-20260925-005,LAB-000155703,PAT-0016235,ADM-00051997,DOC-00059,2026-09-26 13:51:48,Liver Function Test,Biochemistry,Normal,,Normal,1351.03,False
BATCH-20260925-005,LAB-000155704,PAT-0024892,ADM-00051998,DOC-00094,2026-09-25 19:41:54,Blood Glucose,Biochemistry,Normal,,Normal,292.27,False
BATCH-20260925-005,LAB-000155705,PAT-0017224,ADM-00051999,DOC-00071,2026-09-28 02:24:48,Lipid Profile,Biochemistry,Normal,,Normal,866.97,False
BATCH-20260925-005,LAB-000155706,PAT-0017224,ADM-00051999,DOC-00071,2026-09-27 02:51:22,Liver Function Test,Biochemistry,Normal,,Normal,1435.31,False
BATCH-20260925-005,LAB-000155707,PAT-0017224,ADM-00051999,DOC-00071,2026-09-28 07:40:29,Liver Function Test,Biochemistry,Normal,,Normal,1139.24,False
BATCH-20260925-005,LAB-000155708,PAT-0014125,ADM-00052000,DOC-00051,2026-10-01 17:22:47,Liver Function Test,Biochemistry,Normal,,Normal,1392.09,False
BATCH-20260925-005,LAB-000155709,PAT-0014125,ADM-00052000,DOC-00051,2026-09-29 11:40:45,Thyroid Profile,Endocrinology,Normal,,Normal,1068.2,False
BATCH-20260925-005,LAB-000155710,PAT-0014125,ADM-00052000,DOC-00051,2026-10-02 04:33:32,Troponin,Cardiac,Normal,,Normal,1460.13,False
BATCH-20260925-005,LAB-000155711,PAT-0014125,ADM-00052000,DOC-00051,2026-09-26 15:25:31,Complete Blood Count,Hematology,Abnormal,,Abnormal,667.05,True
BATCH-20260925-005,LAB-000155712,PAT-0014125,ADM-00052000,DOC-00051,2026-10-02 07:52:33,Urine Routine,Pathology,Normal,,Normal,349.32,False
BATCH-20260925-005,LAB-000155713,PAT-0021695,ADM-00052001,DOC-00121,2026-09-29 17:01:40,Thyroid Profile,Endocrinology,Normal,,Normal,1196.31,False
BATCH-20260925-005,LAB-000155714,PAT-0021695,ADM-00052001,DOC-00121,2026-09-28 02:19:22,Lipid Profile,Biochemistry,Normal,,Normal,893.9,False
BATCH-20260925-005,LAB-000155715,PAT-0021695,ADM-00052001,DOC-00121,2026-09-26 06:39:25,Liver Function Test,Biochemistry,Normal,,Normal,1146.44,False
BATCH-20260925-005,LAB-000155716,PAT-0021695,ADM-00052001,DOC-00121,2026-09-29 03:19:36,Troponin,Cardiac,Normal,,Normal,1497.86,False
BATCH-20260925-005,LAB-000155717,PAT-0021695,ADM-00052001,DOC-00121,2026-09-27 07:41:31,Liver Function Test,Biochemistry,Normal,,Normal,1269.26,False
BATCH-20260925-005,LAB-000155718,PAT-0021609,ADM-00052002,DOC-00138,2026-09-26 15:49:21,Blood Glucose,Biochemistry,Abnormal,,Abnormal,332.85,True
BATCH-20260925-005,LAB-000155719,PAT-0021609,ADM-00052002,DOC-00138,2026-09-25 06:49:23,Liver Function Test,Biochemistry,Abnormal,,Abnormal,1099.39,True
BATCH-20260925-005,LAB-000155720,PAT-0021609,ADM-00052002,DOC-00138,2026-09-26 11:25:03,Liver Function Test,Biochemistry,Abnormal,,Abnormal,1150.54,True
BATCH-20260925-005,LAB-000155721,PAT-0021609,ADM-00052002,DOC-00138,2026-09-27 06:23:55,Complete Blood Count,Hematology,Normal,,Normal,750.54,False
BATCH-20260925-005,LAB-000155722,PAT-0025214,ADM-00052003,DOC-00091,2026-09-26 09:46:05,Lipid Profile,Biochemistry,Normal,,Normal,925.68,False
BATCH-20260925-005,LAB-000155723,PAT-0025214,ADM-00052003,DOC-00091,2026-09-26 07:29:30,Troponin,Cardiac,Normal,,Normal,1342.85,False
BATCH-20260925-005,LAB-000155724,PAT-0023888,ADM-00052004,DOC-00045,2026-09-25 18:21:53,Thyroid Profile,Endocrinology,Normal,,Normal,1157.71,False
BATCH-20260925-005,LAB-000155725,PAT-0023888,ADM-00052004,DOC-00045,2026-09-27 01:04:16,Complete Blood Count,Hematology,Normal,,Normal,720.14,False
BATCH-20260925-005,LAB-000155726,PAT-0023888,ADM-00052004,DOC-00045,2026-09-28 03:03:05,Blood Glucose,Biochemistry,Normal,,Normal,279.88,False
BATCH-20260925-005,LAB-000155727,PAT-0017325,ADM-00052005,DOC-00147,2026-09-28 06:03:48,Kidney Function Test,Biochemistry,Normal,,Normal,1142.09,False
BATCH-20260925-005,LAB-000155728,PAT-0017325,ADM-00052005,DOC-00147,2026-09-29 15:07:59,Kidney Function Test,Biochemistry,Normal,,Normal,1252.43,False
BATCH-20260925-005,LAB-000155729,PAT-0017325,ADM-00052005,DOC-00147,2026-10-02 03:19:37,Urine Routine,Pathology,Normal,,Normal,340.82,False
BATCH-20260925-005,LAB-000155730,PAT-0017325,ADM-00052005,DOC-00147,2026-10-03 21:17:05,Thyroid Profile,Endocrinology,Abnormal,,Abnormal,993.62,True
BATCH-20260925-005,LAB-000155731,PAT-0002920,ADM-00052006,DOC-00083,2026-09-26 23:56:38,Kidney Function Test,Biochemistry,Normal,,Normal,1194.66,False
BATCH-20260925-005,LAB-000155732,PAT-0002920,ADM-00052006,DOC-00083,2026-09-28 08:21:42,Kidney Function Test,Biochemistry,Normal,,Normal,1273.6,False
BATCH-20260925-005,LAB-000155733,PAT-0002920,ADM-00052006,DOC-00083,2026-09-27 16:02:15,Urine Routine,Pathology,Normal,,Normal,363.4,False
BATCH-20260925-005,LAB-000155734,PAT-0013197,ADM-00052007,DOC-00021,2026-09-26 18:41:58,Lipid Profile,Biochemistry,Normal,,Normal,990.09,False
BATCH-20260925-005,LAB-000155735,PAT-0012494,ADM-00052008,DOC-00124,2026-09-25 08:55:54,Blood Glucose,Biochemistry,Abnormal,,Abnormal,315.16,True
BATCH-20260925-005,LAB-000155736,PAT-0012494,ADM-00052008,DOC-00124,2026-09-25 22:46:02,Liver Function Test,Biochemistry,Abnormal,,Abnormal,1129.72,True
BATCH-20260925-005,LAB-000155737,PAT-0012494,ADM-00052008,DOC-00124,2026-09-26 04:02:17,Lipid Profile,Biochemistry,Normal,,Normal,925.94,False
BATCH-20260925-005,LAB-000155738,PAT-0018848,ADM-00052009,DOC-00128,2026-09-26 01:57:53,Thyroid Profile,Endocrinology,Abnormal,,Abnormal,989.2,True
BATCH-20260925-005,LAB-000155739,PAT-0018848,ADM-00052009,DOC-00128,2026-10-03 11:39:59,Troponin,Cardiac,Normal,,Normal,1456.92,False
BATCH-20260925-005,LAB-000155740,PAT-0018848,ADM-00052009,DOC-00128,2026-10-02 12:33:52,Thyroid Profile,Endocrinology,Abnormal,,Abnormal,929.98,True
BATCH-20260925-005,LAB-000155741,PAT-0018848,ADM-00052009,DOC-00128,2026-09-28 00:08:09,Lipid Profile,Biochemistry,Abnormal,,Abnormal,1056.15,True
BATCH-20260925-005,LAB-000155742,PAT-0018848,ADM-00052009,DOC-00128,2026-10-02 02:05:25,Liver Function Test,Biochemistry,Normal,,Normal,1189.65,False
BATCH-20260925-005,LAB-000155743,PAT-0012843,ADM-00052010,DOC-00077,2026-09-25 04:28:16,Thyroid Profile,Endocrinology,Normal,,Normal,1013.87,False
BATCH-20260925-005,LAB-000155744,PAT-0012843,ADM-00052010,DOC-00077,2026-09-28 18:49:39,Complete Blood Count,Hematology,Normal,,Normal,734.43,False
BATCH-20260925-005,LAB-000155745,PAT-0012843,ADM-00052010,DOC-00077,2026-09-28 16:12:54,Complete Blood Count,Hematology,Normal,,Normal,779.68,False
BATCH-20260925-005,LAB-000155746,PAT-0012843,ADM-00052010,DOC-00077,2026-09-26 15:14:03,Thyroid Profile,Endocrinology,Normal,,Normal,1093.21,False
BATCH-20260925-005,LAB-000155747,PAT-0006349,ADM-00052011,DOC-00135,2026-09-30 03:14:59,Liver Function Test,Biochemistry,Abnormal,,Abnormal,1320.71,True
BATCH-20260925-005,LAB-000155748,PAT-0004625,ADM-00052012,DOC-00078,2026-10-02 01:25:55,Complete Blood Count,Hematology,Abnormal,,Abnormal,682.29,True
BATCH-20260925-005,LAB-000155749,PAT-0004625,ADM-00052012,DOC-00078,2026-09-28 11:41:28,Blood Glucose,Biochemistry,Normal,,Normal,313.75,False
BATCH-20260925-005,LAB-000155750,PAT-0004625,ADM-00052012,DOC-00078,2026-09-30 23:05:36,Kidney Function Test,Biochemistry,Normal,,Normal,1300.04,False
BATCH-20260925-005,LAB-000155751,PAT-0004625,ADM-00052012,DOC-00078,2026-09-30 04:29:01,Troponin,Cardiac,Normal,,Normal,1446.21,False
BATCH-20260925-005,LAB-000155752,PAT-0015174,ADM-00052013,DOC-00020,2026-09-26 00:33:44,Complete Blood Count,Hematology,Normal,,Normal,716.51,False
BATCH-20260925-005,LAB-000155753,PAT-0015174,ADM-00052013,DOC-00020,2026-09-25 20:05:22,Complete Blood Count,Hematology,Abnormal,,Abnormal,699.26,True
BATCH-20260925-005,LAB-000155754,PAT-0015174,ADM-00052013,DOC-00020,2026-09-27 13:40:18,Urine Routine,Pathology,Abnormal,,Abnormal,376.36,True
BATCH-20260925-005,LAB-000155755,PAT-0008827,ADM-00052014,DOC-00078,2026-09-30 11:24:11,Complete Blood Count,Hematology,Normal,,Normal,614.07,False
BATCH-20260925-005,LAB-000155756,PAT-0008827,ADM-00052014,DOC-00078,2026-09-25 03:50:51,Complete Blood Count,Hematology,Normal,,Normal,700.57,False
BATCH-20260925-005,LAB-000155757,PAT-0013816,ADM-00052015,DOC-00112,2026-09-27 10:00:08,Urine Routine,Pathology,Normal,,Normal,368.56,False
BATCH-20260925-005,LAB-000155758,PAT-0013816,ADM-00052015,DOC-00112,2026-09-27 02:30:13,Liver Function Test,Biochemistry,Normal,,Normal,1192.3,False
BATCH-20260925-005,LAB-000155759,PAT-0013816,ADM-00052015,DOC-00112,2026-09-25 16:18:44,Troponin,Cardiac,Normal,,Normal,1410.92,False
BATCH-20260925-005,LAB-000155760,PAT-0013816,ADM-00052015,DOC-00112,2026-09-25 18:43:42,Lipid Profile,Biochemistry,Normal,,Normal,849.12,False
BATCH-20260925-005,LAB-000155761,PAT-0017458,ADM-00052016,DOC-00041,2026-09-28 21:43:30,Urine Routine,Pathology,Normal,,Normal,375.3,False
BATCH-20260925-005,LAB-000155762,PAT-0017458,ADM-00052016,DOC-00041,2026-09-28 19:13:58,Complete Blood Count,Hematology,Normal,,Normal,778.25,False
BATCH-20260925-005,LAB-000155763,PAT-0010255,ADM-00052017,DOC-00018,2026-09-27 00:59:01,Thyroid Profile,Endocrinology,Normal,,Normal,987.67,False
BATCH-20260925-005,LAB-000155764,PAT-0010255,ADM-00052017,DOC-00018,2026-09-25 07:30:49,Thyroid Profile,Endocrinology,Normal,,Normal,1040.14,False
BATCH-20260925-005,LAB-000155765,PAT-0010255,ADM-00052017,DOC-00018,2026-09-26 06:48:19,Complete Blood Count,Hematology,Normal,,Normal,674.1,False
BATCH-20260925-005,LAB-000155766,PAT-0002779,ADM-00052018,DOC-00067,2026-09-30 19:23:22,Troponin,Cardiac,Normal,,Normal,1286.59,False
BATCH-20260925-005,LAB-000155767,PAT-0002779,ADM-00052018,DOC-00067,2026-09-30 20:57:02,Liver Function Test,Biochemistry,Abnormal,,Abnormal,1227.26,True
BATCH-20260925-005,LAB-000155768,PAT-0002779,ADM-00052018,DOC-00067,2026-09-27 00:24:18,Troponin,Cardiac,Normal,,Normal,1519.32,False
BATCH-20260925-005,LAB-000155769,PAT-0002779,ADM-00052018,DOC-00067,2026-09-29 07:42:34,Thyroid Profile,Endocrinology,Normal,,Normal,951.83,False
BATCH-20260925-005,LAB-000155770,PAT-0015521,ADM-00052019,DOC-00007,2026-09-29 12:10:46,Urine Routine,Pathology,Abnormal,,Abnormal,391.72,True
BATCH-20260925-005,LAB-000155771,PAT-0015521,ADM-00052019,DOC-00007,2026-09-25 16:35:37,Troponin,Cardiac,Normal,,Normal,1655.95,False
BATCH-20260925-005,LAB-000155772,PAT-0015521,ADM-00052019,DOC-00007,2026-09-25 10:24:55,Complete Blood Count,Hematology,Normal,,Normal,778.0,False
BATCH-20260925-005,LAB-000155773,PAT-0015521,ADM-00052019,DOC-00007,2026-09-30 20:14:24,Liver Function Test,Biochemistry,Normal,,Normal,1235.49,False
BATCH-20260925-005,LAB-000155774,PAT-0015521,ADM-00052019,DOC-00007,2026-09-29 10:04:25,Kidney Function Test,Biochemistry,Abnormal,,Abnormal,1029.6,True
BATCH-20260925-005,LAB-000155775,PAT-0008383,ADM-00052020,DOC-00111,2026-09-26 09:50:01,Thyroid Profile,Endocrinology,Normal,,Normal,984.35,False
BATCH-20260925-005,LAB-000155776,PAT-0008383,ADM-00052020,DOC-00111,2026-09-27 08:50:42,Lipid Profile,Biochemistry,Abnormal,,Abnormal,866.14,True
BATCH-20260925-005,LAB-000155777,PAT-0008383,ADM-00052020,DOC-00111,2026-09-28 18:41:20,Complete Blood Count,Hematology,Normal,,Normal,627.94,False
BATCH-20260925-005,LAB-000155778,PAT-0008383,ADM-00052020,DOC-00111,2026-09-25 21:59:32,Troponin,Cardiac,Abnormal,,Abnormal,1311.73,True
BATCH-20260925-005,LAB-000155779,PAT-0000999,ADM-00052021,DOC-00003,2026-09-26 16:16:10,Kidney Function Test,Biochemistry,Normal,,Normal,1047.13,False
BATCH-20260925-005,LAB-000155780,PAT-0000999,ADM-00052021,DOC-00003,2026-09-25 18:09:49,Thyroid Profile,Endocrinology,Normal,,Normal,1191.52,False
BATCH-20260925-005,LAB-000155781,PAT-0008446,ADM-00052022,DOC-00084,2026-09-26 18:51:46,Thyroid Profile,Endocrinology,Normal,,Normal,1142.28,False
BATCH-20260925-005,LAB-000155782,PAT-0008446,ADM-00052022,DOC-00084,2026-09-27 10:08:59,Lipid Profile,Biochemistry,Normal,,Normal,962.59,False
BATCH-20260925-005,LAB-000155783,PAT-0008446,ADM-00052022,DOC-00084,2026-09-26 06:24:52,Complete Blood Count,Hematology,Normal,,Normal,762.86,False
BATCH-20260925-005,LAB-000155784,PAT-0008446,ADM-00052022,DOC-00084,2026-09-26 18:11:22,Lipid Profile,Biochemistry,Normal,,Normal,866.98,False
BATCH-20260925-005,LAB-000155785,PAT-0017877,ADM-00052023,DOC-00012,2026-10-06 12:47:01,Troponin,Cardiac,Abnormal,,Abnormal,1405.23,True
BATCH-20260925-005,LAB-000155786,PAT-0017877,ADM-00052023,DOC-00012,2026-10-03 06:13:38,Lipid Profile,Biochemistry,Abnormal,,Abnormal,1056.19,True
BATCH-20260925-005,LAB-000155787,PAT-0017877,ADM-00052023,DOC-00012,2026-09-29 00:50:56,Liver Function Test,Biochemistry,Normal,,Normal,1115.09,False
BATCH-20260925-005,LAB-000155788,PAT-0017877,ADM-00052023,DOC-00012,2026-10-01 21:32:22,Lipid Profile,Biochemistry,Normal,,Normal,1050.75,False
BATCH-20260925-005,LAB-000155789,PAT-0010091,ADM-00052024,DOC-00131,2026-09-26 08:44:15,Urine Routine,Pathology,Abnormal,,Abnormal,396.93,True
BATCH-20260925-005,LAB-000155790,PAT-0000688,ADM-00052025,DOC-00049,2026-09-26 13:27:15,Lipid Profile,Biochemistry,Normal,,Normal,998.15,False
BATCH-20260925-005,LAB-000155791,PAT-0002166,ADM-00052026,DOC-00140,2026-09-28 13:11:00,Complete Blood Count,Hematology,Abnormal,,Abnormal,674.66,True
BATCH-20260925-005,LAB-000155792,PAT-0002166,ADM-00052026,DOC-00140,2026-09-26 18:56:50,Blood Glucose,Biochemistry,Normal,,Normal,278.44,False
BATCH-20260925-005,LAB-000155793,PAT-0002166,ADM-00052026,DOC-00140,2026-09-29 01:34:50,Thyroid Profile,Endocrinology,Normal,,Normal,1101.64,False
BATCH-20260925-005,LAB-000155794,PAT-0002166,ADM-00052026,DOC-00140,2026-09-28 09:12:53,Liver Function Test,Biochemistry,Abnormal,,Abnormal,1221.99,True
BATCH-20260925-005,LAB-000155795,PAT-0002560,ADM-00052027,DOC-00119,2026-09-25 12:24:09,Thyroid Profile,Endocrinology,Normal,,Normal,1056.51,False
BATCH-20260925-005,LAB-000155796,PAT-0002560,ADM-00052027,DOC-00119,2026-09-25 18:01:35,Urine Routine,Pathology,Normal,,Normal,390.56,False
BATCH-20260925-005,LAB-000155797,PAT-0002560,ADM-00052027,DOC-00119,2026-09-26 02:28:54,Urine Routine,Pathology,Normal,,Normal,404.46,False
BATCH-20260925-005,LAB-000155798,PAT-0002560,ADM-00052027,DOC-00119,2026-09-25 14:01:38,Urine Routine,Pathology,Normal,,Normal,328.18,False
BATCH-20260925-005,LAB-000155799,PAT-0002560,ADM-00052027,DOC-00119,2026-09-26 04:28:17,Liver Function Test,Biochemistry,Normal,,Normal,1389.89,False
BATCH-20260925-005,LAB-000155800,PAT-0001778,ADM-00052028,DOC-00044,2026-09-27 01:25:28,Troponin,Cardiac,Normal,,Normal,1375.71,False
BATCH-20260925-005,LAB-000155801,PAT-0001778,ADM-00052028,DOC-00044,2026-09-27 10:47:30,Liver Function Test,Biochemistry,Normal,,Normal,1323.51,False
BATCH-20260925-005,LAB-000155802,PAT-0022806,ADM-00052029,DOC-00148,2026-09-27 11:45:48,Complete Blood Count,Hematology,Normal,,Normal,726.3,False
BATCH-20260925-005,LAB-000155803,PAT-0022806,ADM-00052029,DOC-00148,2026-09-26 11:08:23,Blood Glucose,Biochemistry,Abnormal,,Abnormal,291.76,True
BATCH-20260925-005,LAB-000155804,PAT-0022806,ADM-00052029,DOC-00148,2026-09-26 10:21:16,Kidney Function Test,Biochemistry,Normal,,Normal,1296.94,False
BATCH-20260925-005,LAB-000155805,PAT-0022806,ADM-00052029,DOC-00148,2026-09-27 17:40:03,Liver Function Test,Biochemistry,Abnormal,,Abnormal,1212.88,True
BATCH-20260925-005,LAB-000155806,PAT-0022806,ADM-00052029,DOC-00148,2026-09-29 11:36:26,Urine Routine,Pathology,Normal,,Normal,368.67,False
BATCH-20260925-005,LAB-000155807,PAT-0003943,ADM-00052030,DOC-00103,2026-09-27 14:16:30,Liver Function Test,Biochemistry,Normal,,Normal,1298.83,False
BATCH-20260925-005,LAB-000155808,PAT-0003943,ADM-00052030,DOC-00103,2026-09-27 11:27:57,Lipid Profile,Biochemistry,Normal,,Normal,969.66,False
BATCH-20260925-005,LAB-000155809,PAT-0001861,ADM-00052031,DOC-00100,2026-09-27 01:13:09,Blood Glucose,Biochemistry,Normal,,Normal,288.07,False
BATCH-20260925-005,LAB-000155810,PAT-0001861,ADM-00052031,DOC-00100,2026-09-28 10:49:18,Kidney Function Test,Biochemistry,Normal,,Normal,1100.45,False
BATCH-20260925-005,LAB-000155811,PAT-0001861,ADM-00052031,DOC-00100,2026-09-25 17:34:21,Urine Routine,Pathology,Normal,,Normal,379.21,False
BATCH-20260925-005,LAB-000155812,PAT-0001861,ADM-00052031,DOC-00100,2026-09-27 11:36:28,Urine Routine,Pathology,Normal,,Normal,358.97,False
BATCH-20260925-005,LAB-000155813,PAT-0003967,ADM-00052032,DOC-00147,2026-09-25 20:59:21,Urine Routine,Pathology,Normal,,Normal,416.46,False
BATCH-20260925-005,LAB-000155814,PAT-0003967,ADM-00052032,DOC-00147,2026-09-26 10:43:16,Kidney Function Test,Biochemistry,Normal,,Normal,1127.15,False
BATCH-20260925-005,LAB-000155815,PAT-0003967,ADM-00052032,DOC-00147,2026-09-26 14:40:43,Blood Glucose,Biochemistry,Abnormal,,Abnormal,275.51,True
BATCH-20260925-005,LAB-000155816,PAT-0003967,ADM-00052032,DOC-00147,2026-09-26 09:45:02,Kidney Function Test,Biochemistry,Normal,,Normal,1054.71,False
BATCH-20260925-005,LAB-000155817,PAT-0003967,ADM-00052032,DOC-00147,2026-09-26 16:47:13,Blood Glucose,Biochemistry,Normal,,Normal,301.16,False
BATCH-20260925-005,LAB-000155818,PAT-0010750,ADM-00052033,DOC-00051,2026-09-25 16:15:16,Blood Glucose,Biochemistry,Abnormal,,Abnormal,321.4,True
BATCH-20260925-005,LAB-000155819,PAT-0010750,ADM-00052033,DOC-00051,2026-09-29 19:54:51,Thyroid Profile,Endocrinology,Normal,,Normal,1005.71,False
BATCH-20260925-005,LAB-000155820,PAT-0017278,ADM-00052034,DOC-00003,2026-10-01 10:15:19,Complete Blood Count,Hematology,Normal,,Normal,688.01,False
BATCH-20260925-005,LAB-000155821,PAT-0017278,ADM-00052034,DOC-00003,2026-09-26 00:40:56,Troponin,Cardiac,Abnormal,,Abnormal,1290.18,True
BATCH-20260925-005,LAB-000155822,PAT-0017278,ADM-00052034,DOC-00003,2026-09-27 11:13:02,Kidney Function Test,Biochemistry,Abnormal,,Abnormal,1181.9,True
BATCH-20260925-005,LAB-000155823,PAT-0017278,ADM-00052034,DOC-00003,2026-09-29 22:35:58,Complete Blood Count,Hematology,Normal,,Normal,741.33,False
BATCH-20260925-005,LAB-000155824,PAT-0017278,ADM-00052034,DOC-00003,2026-10-06 15:16:37,Urine Routine,Pathology,Abnormal,,Abnormal,403.08,True
BATCH-20260925-005,LAB-000155825,PAT-0008134,ADM-00052035,DOC-00092,2026-09-26 00:06:37,Kidney Function Test,Biochemistry,Normal,,Normal,1041.04,False
BATCH-20260925-005,LAB-000155826,PAT-0008134,ADM-00052035,DOC-00092,2026-09-25 08:23:36,Complete Blood Count,Hematology,Abnormal,,Abnormal,678.84,True
BATCH-20260925-005,LAB-000155827,PAT-0005758,ADM-00052036,DOC-00006,2026-09-27 02:17:25,Liver Function Test,Biochemistry,Normal,,Normal,1157.84,False
BATCH-20260925-005,LAB-000155828,PAT-0005758,ADM-00052036,DOC-00006,2026-09-29 12:52:08,Complete Blood Count,Hematology,Normal,,Normal,764.82,False
BATCH-20260925-005,LAB-000155829,PAT-0005758,ADM-00052036,DOC-00006,2026-09-25 20:11:09,Liver Function Test,Biochemistry,Normal,,Normal,1233.55,False
BATCH-20260925-005,LAB-000155830,PAT-0005758,ADM-00052036,DOC-00006,2026-09-27 13:46:58,Thyroid Profile,Endocrinology,Normal,,Normal,943.97,False
BATCH-20260925-005,LAB-000155831,PAT-0002487,ADM-00052037,DOC-00030,2026-09-27 03:33:08,Blood Glucose,Biochemistry,Normal,,Normal,324.76,False
BATCH-20260925-005,LAB-000155832,PAT-0002487,ADM-00052037,DOC-00030,2026-09-28 08:44:54,Complete Blood Count,Hematology,Abnormal,,Abnormal,718.21,True
BATCH-20260925-005,LAB-000155833,PAT-0023883,ADM-00052038,DOC-00037,2026-09-28 06:30:51,Liver Function Test,Biochemistry,Normal,,Normal,1312.83,False
BATCH-20260925-005,LAB-000155834,PAT-0003330,ADM-00052039,DOC-00037,2026-09-28 14:34:41,Urine Routine,Pathology,Normal,,Normal,370.16,False
BATCH-20260925-005,LAB-000155835,PAT-0003330,ADM-00052039,DOC-00037,2026-09-29 20:47:57,Liver Function Test,Biochemistry,Normal,,Normal,1348.34,False
BATCH-20260925-005,LAB-000155836,PAT-0003330,ADM-00052039,DOC-00037,2026-09-29 17:20:45,Blood Glucose,Biochemistry,Abnormal,,Abnormal,342.91,True
BATCH-20260925-005,LAB-000155837,PAT-0003330,ADM-00052039,DOC-00037,2026-09-26 08:57:33,Liver Function Test,Biochemistry,Normal,,Normal,1244.12,False
BATCH-20260925-005,LAB-000155838,PAT-0005769,ADM-00052040,DOC-00112,2026-09-26 09:08:21,Liver Function Test,Biochemistry,Abnormal,,Abnormal,1082.81,True
BATCH-20260925-005,LAB-000155839,PAT-0005769,ADM-00052040,DOC-00112,2026-09-26 00:44:09,Liver Function Test,Biochemistry,Normal,,Normal,1189.98,False
BATCH-20260925-005,LAB-000155840,PAT-0005769,ADM-00052040,DOC-00112,2026-09-26 00:46:08,Thyroid Profile,Endocrinology,Normal,,Normal,1189.74,False
BATCH-20260925-005,LAB-000155841,PAT-0004288,ADM-00052041,DOC-00018,2026-09-26 06:18:13,Thyroid Profile,Endocrinology,Normal,,Normal,1070.91,False
BATCH-20260925-005,LAB-000155842,PAT-0004288,ADM-00052041,DOC-00018,2026-09-26 18:11:41,Urine Routine,Pathology,Normal,,Normal,369.92,False
BATCH-20260925-005,LAB-000155843,PAT-0004288,ADM-00052041,DOC-00018,2026-09-28 01:06:30,Troponin,Cardiac,Normal,,Normal,1672.65,False
BATCH-20260925-005,LAB-000155844,PAT-0004288,ADM-00052041,DOC-00018,2026-09-28 13:00:25,Thyroid Profile,Endocrinology,Normal,,Normal,901.5,False
BATCH-20260925-005,LAB-000155845,PAT-0008805,ADM-00052042,DOC-00090,2026-09-27 18:24:22,Liver Function Test,Biochemistry,Normal,,Normal,1281.95,False
BATCH-20260925-005,LAB-000155846,PAT-0008805,ADM-00052042,DOC-00090,2026-09-26 12:36:35,Complete Blood Count,Hematology,Normal,,Normal,605.01,False
BATCH-20260925-005,LAB-000155847,PAT-0008805,ADM-00052042,DOC-00090,2026-09-26 09:45:06,Blood Glucose,Biochemistry,Abnormal,,Abnormal,343.57,True
BATCH-20260925-005,LAB-000155848,PAT-0023441,ADM-00052043,DOC-00045,2026-09-26 11:59:53,Thyroid Profile,Endocrinology,Normal,,Normal,1032.76,False
BATCH-20260925-005,LAB-000155849,PAT-0023441,ADM-00052043,DOC-00045,2026-09-25 21:21:13,Troponin,Cardiac,Normal,,Normal,1678.99,False
BATCH-20260925-005,LAB-000155850,PAT-0023441,ADM-00052043,DOC-00045,2026-09-26 03:15:14,Kidney Function Test,Biochemistry,Normal,,Normal,1003.23,False
BATCH-20260925-005,LAB-000155851,PAT-0002131,ADM-00052044,DOC-00029,2026-10-01 08:58:42,Kidney Function Test,Biochemistry,Abnormal,,Abnormal,1220.83,True
BATCH-20260925-005,LAB-000155852,PAT-0002131,ADM-00052044,DOC-00029,2026-09-26 07:01:01,Liver Function Test,Biochemistry,Abnormal,,Abnormal,1229.2,True
BATCH-20260925-005,LAB-000155853,PAT-0013318,ADM-00052045,DOC-00076,2026-09-29 16:06:38,Kidney Function Test,Biochemistry,Normal,,Normal,1010.55,False
BATCH-20260925-005,LAB-000155854,PAT-0002967,ADM-00052046,DOC-00097,2026-09-26 08:07:46,Liver Function Test,Biochemistry,Normal,,Normal,1294.67,False
BATCH-20260925-005,LAB-000155855,PAT-0002967,ADM-00052046,DOC-00097,2026-09-27 06:46:06,Troponin,Cardiac,Normal,,Normal,1416.82,False
BATCH-20260925-005,LAB-000155856,PAT-0020334,ADM-00052047,DOC-00092,2026-09-27 22:18:48,Kidney Function Test,Biochemistry,Normal,,Normal,1214.68,False
BATCH-20260925-005,LAB-000155857,PAT-0020334,ADM-00052047,DOC-00092,2026-09-28 15:29:46,Troponin,Cardiac,Normal,,Normal,1547.59,False
BATCH-20260925-005,LAB-000155858,PAT-0020334,ADM-00052047,DOC-00092,2026-09-27 08:25:08,Urine Routine,Pathology,Normal,,Normal,369.22,False
BATCH-20260925-005,LAB-000155859,PAT-0010810,ADM-00052048,DOC-00071,2026-09-28 12:52:21,Urine Routine,Pathology,Normal,,Normal,350.5,False
BATCH-20260925-005,LAB-000155860,PAT-0020313,ADM-00052049,DOC-00140,2026-09-27 20:32:52,Troponin,Cardiac,Normal,,Normal,1534.6,False
BATCH-20260925-005,LAB-000155861,PAT-0020313,ADM-00052049,DOC-00140,2026-09-28 11:12:31,Kidney Function Test,Biochemistry,Normal,,Normal,993.14,False
BATCH-20260925-005,LAB-000155862,PAT-0020313,ADM-00052049,DOC-00140,2026-09-29 12:55:48,Complete Blood Count,Hematology,Normal,,Normal,592.65,False
BATCH-20260925-005,LAB-000155863,PAT-0006186,ADM-00052050,DOC-00020,2026-09-27 14:09:04,Blood Glucose,Biochemistry,Normal,,Normal,321.67,False
BATCH-20260925-005,LAB-000155864,PAT-0006186,ADM-00052050,DOC-00020,2026-09-27 13:51:49,Lipid Profile,Biochemistry,Normal,,Normal,1079.32,False
BATCH-20260925-005,LAB-000155865,PAT-0006186,ADM-00052050,DOC-00020,2026-09-28 09:10:01,Thyroid Profile,Endocrinology,Normal,,Normal,912.51,False
BATCH-20260925-005,LAB-000155866,PAT-0012930,ADM-00052051,DOC-00032,2026-10-02 10:38:05,Liver Function Test,Biochemistry,Normal,,Normal,1395.52,False
BATCH-20260925-005,LAB-000155867,PAT-0012930,ADM-00052051,DOC-00032,2026-09-27 22:53:05,Kidney Function Test,Biochemistry,Normal,,Normal,1289.02,False
BATCH-20260925-005,LAB-000155868,PAT-0012930,ADM-00052051,DOC-00032,2026-09-26 10:29:27,Troponin,Cardiac,Normal,,Normal,1597.01,False
BATCH-20260925-005,LAB-000155869,PAT-0025409,ADM-00052052,DOC-00032,2026-09-26 09:29:02,Kidney Function Test,Biochemistry,Normal,,Normal,1226.82,False
BATCH-20260925-005,LAB-000155870,PAT-0025409,ADM-00052052,DOC-00032,2026-09-27 15:57:54,Thyroid Profile,Endocrinology,Normal,,Normal,1093.01,False
BATCH-20260925-005,LAB-000155871,PAT-0025409,ADM-00052052,DOC-00032,2026-09-25 22:07:54,Troponin,Cardiac,Normal,,Normal,1536.46,False
BATCH-20260925-005,LAB-000155872,PAT-0025409,ADM-00052052,DOC-00032,2026-09-27 08:19:27,Urine Routine,Pathology,Abnormal,,Abnormal,354.15,True
BATCH-20260925-005,LAB-000155873,PAT-0005005,ADM-00052053,DOC-00061,2026-09-26 14:57:05,Kidney Function Test,Biochemistry,Normal,,Normal,1292.06,False
BATCH-20260925-005,LAB-000155874,PAT-0001262,ADM-00052054,DOC-00107,2026-10-08 07:14:43,Complete Blood Count,Hematology,Normal,,Normal,732.82,False
BATCH-20260925-005,LAB-000155875,PAT-0001262,ADM-00052054,DOC-00107,2026-10-01 06:00:27,Urine Routine,Pathology,Normal,,Normal,408.78,False
BATCH-20260925-005,LAB-000155876,PAT-0001262,ADM-00052054,DOC-00107,2026-10-07 02:36:12,Liver Function Test,Biochemistry,Normal,,Normal,1302.47,False
BATCH-20260925-005,LAB-000155877,PAT-0005225,ADM-00052055,DOC-00021,2026-09-25 21:15:48,Thyroid Profile,Endocrinology,Abnormal,,Abnormal,1191.48,True
BATCH-20260925-005,LAB-000155878,PAT-0005896,ADM-00052056,DOC-00101,2026-09-26 11:13:32,Troponin,Cardiac,Normal,,Normal,1551.16,False
BATCH-20260925-005,LAB-000155879,PAT-0013034,ADM-00052057,DOC-00144,2026-09-25 23:48:40,Liver Function Test,Biochemistry,Normal,,Normal,1147.55,False
BATCH-20260925-005,LAB-000155880,PAT-0013034,ADM-00052057,DOC-00144,2026-09-25 22:55:37,Kidney Function Test,Biochemistry,Normal,,Normal,998.05,False
BATCH-20260925-005,LAB-000155881,PAT-0013034,ADM-00052057,DOC-00144,2026-09-26 17:38:43,Liver Function Test,Biochemistry,Normal,,Normal,1373.29,False
BATCH-20260925-005,LAB-000155882,PAT-0013034,ADM-00052057,DOC-00144,2026-09-25 21:31:47,Liver Function Test,Biochemistry,Abnormal,,Abnormal,1174.49,True
BATCH-20260925-005,LAB-000155883,PAT-0013034,ADM-00052057,DOC-00144,2026-09-26 17:20:07,Kidney Function Test,Biochemistry,Normal,,Normal,1247.37,False
BATCH-20260925-005,LAB-000155884,PAT-0006906,ADM-00052058,DOC-00048,2026-09-30 15:40:32,Kidney Function Test,Biochemistry,Normal,,Normal,1018.22,False
BATCH-20260925-005,LAB-000155885,PAT-0006906,ADM-00052058,DOC-00048,2026-09-28 08:34:05,Urine Routine,Pathology,Normal,,Normal,317.6,False
BATCH-20260925-005,LAB-000155886,PAT-0006906,ADM-00052058,DOC-00048,2026-09-27 21:30:25,Kidney Function Test,Biochemistry,Normal,,Normal,1291.46,False
BATCH-20260925-005,LAB-000155887,PAT-0006906,ADM-00052058,DOC-00048,2026-09-28 20:16:40,Complete Blood Count,Hematology,Normal,,Normal,726.92,False
BATCH-20260925-005,LAB-000155888,PAT-0006906,ADM-00052058,DOC-00048,2026-09-27 06:41:28,Complete Blood Count,Hematology,Abnormal,,Abnormal,684.92,True
BATCH-20260925-005,LAB-000155889,PAT-0013159,ADM-00052059,DOC-00070,2026-09-25 20:21:07,Kidney Function Test,Biochemistry,Normal,,Normal,1220.1,False
BATCH-20260925-005,LAB-000155890,PAT-0013159,ADM-00052059,DOC-00070,2026-09-27 13:50:39,Kidney Function Test,Biochemistry,Abnormal,,Abnormal,991.72,True
BATCH-20260925-005,LAB-000155891,PAT-0013159,ADM-00052059,DOC-00070,2026-09-26 22:11:30,Troponin,Cardiac,Normal,,Normal,1581.32,False
BATCH-20260925-005,LAB-000155892,PAT-0013159,ADM-00052059,DOC-00070,2026-09-27 23:15:54,Kidney Function Test,Biochemistry,Normal,,Normal,1043.07,False
BATCH-20260925-005,LAB-000155893,PAT-0011682,ADM-00052060,DOC-00063,2026-09-25 19:19:09,Complete Blood Count,Hematology,Abnormal,,Abnormal,776.4,True
BATCH-20260925-005,LAB-000155894,PAT-0011682,ADM-00052060,DOC-00063,2026-10-02 09:27:08,Urine Routine,Pathology,Normal,,Normal,383.06,False
BATCH-20260925-005,LAB-000155895,PAT-0011682,ADM-00052060,DOC-00063,2026-09-27 18:25:44,Urine Routine,Pathology,Normal,,Normal,369.36,False
BATCH-20260925-005,LAB-000155896,PAT-0011682,ADM-00052060,DOC-00063,2026-10-04 04:35:43,Urine Routine,Pathology,Normal,,Normal,404.09,False
BATCH-20260925-005,LAB-000155897,PAT-0006274,ADM-00052061,DOC-00093,2026-10-06 01:56:16,Troponin,Cardiac,Normal,,Normal,1430.3,False
BATCH-20260925-005,LAB-000155898,PAT-0006274,ADM-00052061,DOC-00093,2026-10-01 14:28:55,Troponin,Cardiac,Normal,,Normal,1670.19,False
BATCH-20260925-005,LAB-000155899,PAT-0006274,ADM-00052061,DOC-00093,2026-09-29 16:03:00,Blood Glucose,Biochemistry,Normal,,Normal,310.28,False
BATCH-20260925-005,LAB-000155900,PAT-0006274,ADM-00052061,DOC-00093,2026-09-26 20:58:53,Blood Glucose,Biochemistry,Abnormal,,Abnormal,333.09,True
BATCH-20260925-005,LAB-000155901,PAT-0006274,ADM-00052061,DOC-00093,2026-10-02 00:49:19,Kidney Function Test,Biochemistry,Normal,,Normal,1104.73,False
BATCH-20260925-005,LAB-000155902,PAT-0006414,ADM-00052062,DOC-00085,2026-10-08 08:52:10,Blood Glucose,Biochemistry,Normal,,Normal,337.99,False
BATCH-20260925-005,LAB-000155903,PAT-0006414,ADM-00052062,DOC-00085,2026-10-05 11:42:35,Liver Function Test,Biochemistry,Normal,,Normal,1116.74,False
BATCH-20260925-005,LAB-000155904,PAT-0006414,ADM-00052062,DOC-00085,2026-10-01 00:19:34,Urine Routine,Pathology,Abnormal,,Abnormal,379.65,True
BATCH-20260925-005,LAB-000155905,PAT-0018513,ADM-00052063,DOC-00128,2026-09-28 19:09:46,Complete Blood Count,Hematology,Normal,,Normal,754.61,False
BATCH-20260925-005,LAB-000155906,PAT-0024856,ADM-00052064,DOC-00144,2026-10-01 22:07:33,Liver Function Test,Biochemistry,Normal,,Normal,1200.24,False
BATCH-20260925-005,LAB-000155907,PAT-0022494,ADM-00052065,DOC-00099,2026-09-25 11:11:31,Troponin,Cardiac,Normal,,Normal,1466.22,False
BATCH-20260925-005,LAB-000155908,PAT-0022494,ADM-00052065,DOC-00099,2026-09-28 00:35:57,Thyroid Profile,Endocrinology,Normal,,Normal,1059.22,False
BATCH-20260925-005,LAB-000155909,PAT-0022494,ADM-00052065,DOC-00099,2026-09-27 03:19:52,Blood Glucose,Biochemistry,Abnormal,,Abnormal,288.28,True
BATCH-20260925-005,LAB-000155910,PAT-0022494,ADM-00052065,DOC-00099,2026-09-25 07:57:50,Troponin,Cardiac,Normal,,Normal,1457.29,False
BATCH-20260925-005,LAB-000155911,PAT-0017716,ADM-00052066,DOC-00090,2026-09-28 08:25:56,Kidney Function Test,Biochemistry,Abnormal,,Abnormal,1125.35,True
BATCH-20260925-005,LAB-000155912,PAT-0017716,ADM-00052066,DOC-00090,2026-09-26 17:46:49,Kidney Function Test,Biochemistry,Normal,,Normal,1255.08,False
BATCH-20260925-005,LAB-000155913,PAT-0017716,ADM-00052066,DOC-00090,2026-09-27 22:30:36,Kidney Function Test,Biochemistry,Normal,,Normal,1188.28,False
BATCH-20260925-005,LAB-000155914,PAT-0017716,ADM-00052066,DOC-00090,2026-09-26 19:22:52,Troponin,Cardiac,Normal,,Normal,1350.01,False
BATCH-20260925-005,LAB-000155915,PAT-0017716,ADM-00052066,DOC-00090,2026-09-25 20:39:55,Urine Routine,Pathology,Normal,,Normal,337.04,False
BATCH-20260925-005,LAB-000155916,PAT-0023069,ADM-00052067,DOC-00105,2026-09-26 18:51:24,Thyroid Profile,Endocrinology,Normal,,Normal,1061.56,False
BATCH-20260925-005,LAB-000155917,PAT-0023069,ADM-00052067,DOC-00105,2026-09-29 11:52:14,Kidney Function Test,Biochemistry,Normal,,Normal,1115.25,False
BATCH-20260925-005,LAB-000155918,PAT-0023069,ADM-00052067,DOC-00105,2026-09-26 02:56:39,Thyroid Profile,Endocrinology,Normal,,Normal,978.01,False
BATCH-20260925-005,LAB-000155919,PAT-0018456,ADM-00052068,DOC-00021,2026-09-27 16:30:03,Troponin,Cardiac,Normal,,Normal,1591.57,False
BATCH-20260925-005,LAB-000155920,PAT-0018456,ADM-00052068,DOC-00021,2026-09-27 20:23:18,Complete Blood Count,Hematology,Normal,,Normal,622.68,False
BATCH-20260925-005,LAB-000155921,PAT-0024366,ADM-00052069,DOC-00121,2026-09-26 07:35:30,Lipid Profile,Biochemistry,Abnormal,,Abnormal,998.47,True
BATCH-20260925-005,LAB-000155922,PAT-0024366,ADM-00052069,DOC-00121,2026-09-26 14:16:12,Urine Routine,Pathology,Normal,,Normal,382.89,False
BATCH-20260925-005,LAB-000155923,PAT-0024366,ADM-00052069,DOC-00121,2026-09-26 22:11:29,Lipid Profile,Biochemistry,Normal,,Normal,1011.36,False
BATCH-20260925-005,LAB-000155924,PAT-0024366,ADM-00052069,DOC-00121,2026-09-26 05:43:06,Urine Routine,Pathology,Normal,,Normal,318.99,False
BATCH-20260925-005,LAB-000155925,PAT-0005215,ADM-00052070,DOC-00025,2026-09-28 15:52:23,Liver Function Test,Biochemistry,Normal,,Normal,1306.47,False
BATCH-20260925-005,LAB-000155926,PAT-0012500,ADM-00052071,DOC-00030,2026-09-26 15:40:30,Blood Glucose,Biochemistry,Abnormal,,Abnormal,328.61,True
BATCH-20260925-005,LAB-000155927,PAT-0012500,ADM-00052071,DOC-00030,2026-10-04 18:45:44,Lipid Profile,Biochemistry,Normal,,Normal,1076.07,False
BATCH-20260925-005,LAB-000155928,PAT-0012500,ADM-00052071,DOC-00030,2026-09-30 20:03:37,Kidney Function Test,Biochemistry,Abnormal,,Abnormal,1137.57,True
BATCH-20260925-005,LAB-000155929,PAT-0012500,ADM-00052071,DOC-00030,2026-10-02 11:44:40,Kidney Function Test,Biochemistry,Normal,,Normal,1101.95,False
BATCH-20260925-005,LAB-000155930,PAT-0014691,ADM-00052072,DOC-00092,2026-09-27 13:54:38,Kidney Function Test,Biochemistry,Normal,,Normal,1001.26,False
BATCH-20260925-005,LAB-000155931,PAT-0014691,ADM-00052072,DOC-00092,2026-09-28 00:26:32,Lipid Profile,Biochemistry,Abnormal,,Abnormal,1067.76,True
BATCH-20260925-005,LAB-000155932,PAT-0014691,ADM-00052072,DOC-00092,2026-09-27 20:50:29,Urine Routine,Pathology,Normal,,Normal,373.21,False
BATCH-20260925-005,LAB-000155933,PAT-0014691,ADM-00052072,DOC-00092,2026-09-29 15:06:45,Kidney Function Test,Biochemistry,Normal,,Normal,1091.16,False
BATCH-20260925-005,LAB-000155934,PAT-0023002,ADM-00052073,DOC-00036,2026-09-26 22:34:55,Troponin,Cardiac,Normal,,Normal,1544.92,False
BATCH-20260925-005,LAB-000155935,PAT-0023002,ADM-00052073,DOC-00036,2026-09-26 17:00:08,Troponin,Cardiac,Normal,,Normal,1569.88,False
BATCH-20260925-005,LAB-000155936,PAT-0003888,ADM-00052074,DOC-00100,2026-09-27 00:13:46,Complete Blood Count,Hematology,Normal,,Normal,735.83,False
BATCH-20260925-005,LAB-000155937,PAT-0003888,ADM-00052074,DOC-00100,2026-09-27 07:08:31,Complete Blood Count,Hematology,Abnormal,,Abnormal,633.91,True
BATCH-20260925-005,LAB-000155938,PAT-0003888,ADM-00052074,DOC-00100,2026-09-25 17:01:14,Complete Blood Count,Hematology,Abnormal,,Abnormal,695.58,True
BATCH-20260925-005,LAB-000155939,PAT-0003888,ADM-00052074,DOC-00100,2026-09-25 12:28:38,Blood Glucose,Biochemistry,Normal,,Normal,355.06,False
BATCH-20260925-005,LAB-000155940,PAT-0003888,ADM-00052074,DOC-00100,2026-09-27 07:03:16,Liver Function Test,Biochemistry,Normal,,Normal,1310.98,False
BATCH-20260925-005,LAB-000155941,PAT-0003905,ADM-00052075,DOC-00085,2026-09-27 02:22:38,Liver Function Test,Biochemistry,Normal,,Normal,1186.49,False
BATCH-20260925-005,LAB-000155942,PAT-0003905,ADM-00052075,DOC-00085,2026-09-27 10:45:22,Troponin,Cardiac,Normal,,Normal,1502.61,False
BATCH-20260925-005,LAB-000155943,PAT-0000575,ADM-00052076,DOC-00050,2026-09-28 03:31:15,Complete Blood Count,Hematology,Normal,,Normal,732.94,False
BATCH-20260925-005,LAB-000155944,PAT-0000575,ADM-00052076,DOC-00050,2026-09-28 02:40:39,Urine Routine,Pathology,Normal,,Normal,386.19,False
BATCH-20260925-005,LAB-000155945,PAT-0000575,ADM-00052076,DOC-00050,2026-09-28 20:18:13,Thyroid Profile,Endocrinology,Normal,,Normal,1054.18,False
BATCH-20260925-005,LAB-000155946,PAT-0000575,ADM-00052076,DOC-00050,2026-09-27 20:56:23,Liver Function Test,Biochemistry,Abnormal,,Abnormal,1252.14,True
BATCH-20260925-005,LAB-000155947,PAT-0020606,ADM-00052077,DOC-00141,2026-09-27 01:12:50,Kidney Function Test,Biochemistry,Abnormal,,Abnormal,1004.58,True
BATCH-20260925-005,LAB-000155948,PAT-0020606,ADM-00052077,DOC-00141,2026-09-25 18:32:05,Thyroid Profile,Endocrinology,Normal,,Normal,1053.41,False
BATCH-20260925-005,LAB-000155949,PAT-0020606,ADM-00052077,DOC-00141,2026-09-27 01:40:29,Blood Glucose,Biochemistry,Normal,,Normal,328.57,False
BATCH-20260925-005,LAB-000155950,PAT-0020606,ADM-00052077,DOC-00141,2026-09-27 06:12:37,Complete Blood Count,Hematology,Normal,,Normal,623.69,False
BATCH-20260925-005,LAB-000155951,PAT-0020606,ADM-00052077,DOC-00141,2026-09-25 21:51:45,Lipid Profile,Biochemistry,Normal,,Normal,842.02,False
BATCH-20260925-005,LAB-000155952,PAT-0003033,ADM-00052078,DOC-00042,2026-09-27 13:33:51,Troponin,Cardiac,Normal,,Normal,1589.97,False
BATCH-20260925-005,LAB-000155953,PAT-0013471,ADM-00052079,DOC-00073,2026-09-27 13:44:11,Liver Function Test,Biochemistry,Normal,,Normal,1275.08,False
BATCH-20260925-005,LAB-000155954,PAT-0000185,ADM-00052080,DOC-00041,2026-09-25 20:11:58,Liver Function Test,Biochemistry,Normal,,Normal,1254.26,False
BATCH-20260925-005,LAB-000155955,PAT-0000185,ADM-00052080,DOC-00041,2026-09-25 17:43:56,Complete Blood Count,Hematology,Normal,,Normal,690.38,False
BATCH-20260925-005,LAB-000155956,PAT-0000185,ADM-00052080,DOC-00041,2026-09-25 08:36:39,Troponin,Cardiac,Normal,,Normal,1370.34,False
BATCH-20260925-005,LAB-000155957,PAT-0000185,ADM-00052080,DOC-00041,2026-09-25 08:18:42,Kidney Function Test,Biochemistry,Normal,,Normal,1088.86,False
BATCH-20260925-005,LAB-000155958,PAT-0000727,ADM-00052081,DOC-00140,2026-10-02 20:58:48,Thyroid Profile,Endocrinology,Abnormal,,Abnormal,1047.25,True
BATCH-20260925-005,LAB-000155959,PAT-0000727,ADM-00052081,DOC-00140,2026-10-08 09:01:16,Troponin,Cardiac,Abnormal,,Abnormal,1453.0,True
BATCH-20260925-005,LAB-000155960,PAT-0000727,ADM-00052081,DOC-00140,2026-10-03 05:10:19,Troponin,Cardiac,Abnormal,,Abnormal,1621.44,True
BATCH-20260925-005,LAB-000155961,PAT-0000260,ADM-00052082,DOC-00087,2026-09-27 10:08:54,Urine Routine,Pathology,Normal,,Normal,336.79,False
BATCH-20260925-005,LAB-000155962,PAT-0000955,ADM-00052083,DOC-00027,2026-10-01 00:35:35,Kidney Function Test,Biochemistry,Abnormal,,Abnormal,1296.54,True
BATCH-20260925-005,LAB-000155963,PAT-0009060,ADM-00052084,DOC-00079,2026-10-06 18:30:01,Thyroid Profile,Endocrinology,Normal,,Normal,901.41,False
BATCH-20260925-005,LAB-000155964,PAT-0004318,ADM-00052085,DOC-00030,2026-09-25 23:35:52,Complete Blood Count,Hematology,Normal,,Normal,683.97,False
BATCH-20260925-005,LAB-000155965,PAT-0012508,ADM-00052086,DOC-00129,2026-09-26 20:17:25,Troponin,Cardiac,Normal,,Normal,1646.8,False
BATCH-20260925-005,LAB-000155966,PAT-0012508,ADM-00052086,DOC-00129,2026-09-30 01:46:57,Thyroid Profile,Endocrinology,Abnormal,,Abnormal,1064.29,True
BATCH-20260925-005,LAB-000155967,PAT-0012508,ADM-00052086,DOC-00129,2026-09-27 01:10:30,Blood Glucose,Biochemistry,Normal,,Normal,337.83,False
BATCH-20260925-005,LAB-000155968,PAT-0003053,ADM-00052087,DOC-00128,2026-09-25 09:14:37,Liver Function Test,Biochemistry,Normal,,Normal,1162.1,False
BATCH-20260925-005,LAB-000155969,PAT-0009518,ADM-00052088,DOC-00050,2026-10-04 20:22:27,Lipid Profile,Biochemistry,Abnormal,,Abnormal,882.85,True
BATCH-20260925-005,LAB-000155970,PAT-0009518,ADM-00052088,DOC-00050,2026-10-06 07:55:06,Complete Blood Count,Hematology,Normal,,Normal,684.7,False
BATCH-20260925-005,LAB-000155971,PAT-0009518,ADM-00052088,DOC-00050,2026-10-03 16:38:38,Blood Glucose,Biochemistry,Abnormal,,Abnormal,335.03,True
BATCH-20260925-005,LAB-000155972,PAT-0009518,ADM-00052088,DOC-00050,2026-10-04 14:15:56,Liver Function Test,Biochemistry,Normal,,Normal,1381.09,False
BATCH-20260925-005,LAB-000155973,PAT-0009518,ADM-00052088,DOC-00050,2026-09-29 23:35:55,Troponin,Cardiac,Normal,,Normal,1531.91,False
BATCH-20260925-005,LAB-000155974,PAT-0021320,ADM-00052089,DOC-00054,2026-09-25 14:02:46,Complete Blood Count,Hematology,Normal,,Normal,743.34,False
BATCH-20260925-005,LAB-000155975,PAT-0021320,ADM-00052089,DOC-00054,2026-09-26 03:01:23,Complete Blood Count,Hematology,Abnormal,,Abnormal,729.82,True
BATCH-20260925-005,LAB-000155976,PAT-0021320,ADM-00052089,DOC-00054,2026-09-27 06:44:05,Thyroid Profile,Endocrinology,Normal,,Normal,906.63,False
BATCH-20260925-005,LAB-000155977,PAT-0021320,ADM-00052089,DOC-00054,2026-09-26 11:09:55,Kidney Function Test,Biochemistry,Normal,,Normal,1096.93,False
BATCH-20260925-005,LAB-000155978,PAT-0021320,ADM-00052089,DOC-00054,2026-09-28 23:39:03,Blood Glucose,Biochemistry,Normal,,Normal,346.93,False
BATCH-20260925-005,LAB-000155979,PAT-0002378,ADM-00052090,DOC-00061,2026-09-26 20:48:45,Complete Blood Count,Hematology,Normal,,Normal,649.87,False
BATCH-20260925-005,LAB-000155980,PAT-0002378,ADM-00052090,DOC-00061,2026-09-25 14:57:49,Thyroid Profile,Endocrinology,Normal,,Normal,1053.38,False
BATCH-20260925-005,LAB-000155981,PAT-0002378,ADM-00052090,DOC-00061,2026-09-26 10:05:12,Thyroid Profile,Endocrinology,Normal,,Normal,980.09,False
BATCH-20260925-005,LAB-000155982,PAT-0002378,ADM-00052090,DOC-00061,2026-09-26 14:59:15,Urine Routine,Pathology,Normal,,Normal,418.53,False
BATCH-20260925-005,LAB-000155983,PAT-0002378,ADM-00052090,DOC-00061,2026-09-26 00:32:17,Liver Function Test,Biochemistry,Normal,,Normal,1321.81,False
BATCH-20260925-005,LAB-000155984,PAT-0000159,ADM-00052091,DOC-00064,2026-09-26 22:20:20,Complete Blood Count,Hematology,Normal,,Normal,610.66,False
BATCH-20260925-005,LAB-000155985,PAT-0000159,ADM-00052091,DOC-00064,2026-09-26 00:49:55,Liver Function Test,Biochemistry,Normal,,Normal,1124.87,False
BATCH-20260925-005,LAB-000155986,PAT-0000159,ADM-00052091,DOC-00064,2026-09-27 19:07:45,Troponin,Cardiac,Normal,,Normal,1302.31,False
BATCH-20260925-005,LAB-000155987,PAT-0000159,ADM-00052091,DOC-00064,2026-09-27 05:13:00,Liver Function Test,Biochemistry,Normal,,Normal,1380.62,False
BATCH-20260925-005,LAB-000155988,PAT-0000159,ADM-00052091,DOC-00064,2026-09-27 02:46:48,Lipid Profile,Biochemistry,Normal,,Normal,1052.45,False
BATCH-20260925-005,LAB-000155989,PAT-0005136,ADM-00052092,DOC-00018,2026-09-28 11:50:56,Blood Glucose,Biochemistry,Normal,,Normal,282.33,False
BATCH-20260925-005,LAB-000155990,PAT-0005136,ADM-00052092,DOC-00018,2026-09-28 19:42:41,Troponin,Cardiac,Normal,,Normal,1637.93,False
BATCH-20260925-005,LAB-000155991,PAT-0005136,ADM-00052092,DOC-00018,2026-09-28 22:10:07,Thyroid Profile,Endocrinology,Normal,,Normal,967.07,False
BATCH-20260925-005,LAB-000155992,PAT-0005136,ADM-00052092,DOC-00018,2026-09-28 21:19:18,Troponin,Cardiac,Abnormal,,Abnormal,1631.38,True
BATCH-20260925-005,LAB-000155993,PAT-0004530,ADM-00052093,DOC-00017,2026-10-01 09:14:24,Troponin,Cardiac,Normal,,Normal,1643.06,False
BATCH-20260925-005,LAB-000155994,PAT-0004530,ADM-00052093,DOC-00017,2026-09-30 20:52:07,Urine Routine,Pathology,Normal,,Normal,336.07,False
BATCH-20260925-005,LAB-000155995,PAT-0024295,ADM-00052094,DOC-00094,2026-09-28 00:31:14,Thyroid Profile,Endocrinology,Normal,,Normal,970.22,False
BATCH-20260925-005,LAB-000155996,PAT-0024295,ADM-00052094,DOC-00094,2026-10-02 18:01:27,Blood Glucose,Biochemistry,Normal,,Normal,317.53,False
BATCH-20260925-005,LAB-000155997,PAT-0024295,ADM-00052094,DOC-00094,2026-10-03 17:18:06,Thyroid Profile,Endocrinology,Abnormal,,Abnormal,1175.42,True
BATCH-20260925-005,LAB-000155998,PAT-0014022,ADM-00052095,DOC-00112,2026-10-02 03:19:42,Kidney Function Test,Biochemistry,Normal,,Normal,1127.11,False
BATCH-20260925-005,LAB-000155999,PAT-0014022,ADM-00052095,DOC-00112,2026-10-02 03:18:06,Complete Blood Count,Hematology,Normal,,Normal,744.17,False
BATCH-20260925-005,LAB-000156000,PAT-0014022,ADM-00052095,DOC-00112,2026-09-27 00:37:35,Kidney Function Test,Biochemistry,Normal,,Normal,1199.17,False
BATCH-20260925-005,LAB-000156001,PAT-0004213,ADM-00052096,DOC-00028,2026-09-25 18:24:57,Kidney Function Test,Biochemistry,Normal,,Normal,1313.01,False
BATCH-20260925-005,LAB-000156002,PAT-0004213,ADM-00052096,DOC-00028,2026-09-30 05:14:35,Kidney Function Test,Biochemistry,Normal,,Normal,1160.43,False
BATCH-20260925-005,LAB-000156003,PAT-0004213,ADM-00052096,DOC-00028,2026-09-29 00:19:51,Lipid Profile,Biochemistry,Normal,,Normal,913.48,False
BATCH-20260925-005,LAB-000156004,PAT-0010748,ADM-00052097,DOC-00112,2026-09-26 19:23:14,Urine Routine,Pathology,Normal,,Normal,410.06,False
BATCH-20260925-005,LAB-000156005,PAT-0010748,ADM-00052097,DOC-00112,2026-09-25 22:16:32,Urine Routine,Pathology,Normal,,Normal,319.44,False
BATCH-20260925-005,LAB-000156006,PAT-0010748,ADM-00052097,DOC-00112,2026-09-25 15:23:10,Lipid Profile,Biochemistry,Normal,,Normal,1011.56,False
BATCH-20260925-005,LAB-000156007,PAT-0002166,ADM-00052098,DOC-00014,2026-09-25 13:16:37,Complete Blood Count,Hematology,Normal,,Normal,759.76,False
BATCH-20260925-005,LAB-000156008,PAT-0002166,ADM-00052098,DOC-00014,2026-09-25 23:36:09,Complete Blood Count,Hematology,Normal,,Normal,618.54,False
BATCH-20260925-005,LAB-000156009,PAT-0004104,ADM-00052099,DOC-00144,2026-09-28 09:14:47,Liver Function Test,Biochemistry,Normal,,Normal,1392.69,False
BATCH-20260925-005,LAB-000156010,PAT-0004104,ADM-00052099,DOC-00144,2026-09-28 22:06:17,Urine Routine,Pathology,Normal,,Normal,346.59,False
BATCH-20260925-005,LAB-000156011,PAT-0025431,ADM-00052100,DOC-00075,2026-09-29 15:26:05,Kidney Function Test,Biochemistry,Normal,,Normal,1276.7,False
BATCH-20260925-005,LAB-000156012,PAT-0025431,ADM-00052100,DOC-00075,2026-09-26 03:28:04,Blood Glucose,Biochemistry,Normal,,Normal,294.28,False
BATCH-20260925-005,LAB-000156013,PAT-0025431,ADM-00052100,DOC-00075,2026-10-01 06:44:56,Lipid Profile,Biochemistry,Normal,,Normal,890.87,False
BATCH-20260925-005,LAB-000156014,PAT-0020384,ADM-00052101,DOC-00116,2026-09-26 22:15:35,Blood Glucose,Biochemistry,Normal,,Normal,287.11,False
BATCH-20260925-005,LAB-000156015,PAT-0020384,ADM-00052101,DOC-00116,2026-09-26 20:11:05,Kidney Function Test,Biochemistry,Normal,,Normal,1098.35,False
BATCH-20260925-005,LAB-000156016,PAT-0020384,ADM-00052101,DOC-00116,2026-09-25 16:55:30,Liver Function Test,Biochemistry,Normal,,Normal,1229.19,False
BATCH-20260925-005,LAB-000156017,PAT-0020384,ADM-00052101,DOC-00116,2026-09-26 12:16:18,Complete Blood Count,Hematology,Normal,,Normal,687.14,False
BATCH-20260925-005,LAB-000156018,PAT-0014324,ADM-00052102,DOC-00134,2026-09-29 13:55:25,Kidney Function Test,Biochemistry,Abnormal,,Abnormal,1093.1,True
BATCH-20260925-005,LAB-000156019,PAT-0014324,ADM-00052102,DOC-00134,2026-09-26 02:24:16,Thyroid Profile,Endocrinology,Normal,,Normal,1133.36,False
BATCH-20260925-005,LAB-000156020,PAT-0014324,ADM-00052102,DOC-00134,2026-09-28 22:28:15,Liver Function Test,Biochemistry,Normal,,Normal,1203.8,False
BATCH-20260925-005,LAB-000156021,PAT-0014324,ADM-00052102,DOC-00134,2026-09-28 19:41:19,Troponin,Cardiac,Normal,,Normal,1616.12,False
BATCH-20260925-005,LAB-000156022,PAT-0014324,ADM-00052102,DOC-00134,2026-09-25 22:56:11,Liver Function Test,Biochemistry,Normal,,Normal,1256.85,False
BATCH-20260925-005,LAB-000156023,PAT-0007177,ADM-00052103,DOC-00025,2026-09-26 05:39:56,Troponin,Cardiac,Normal,,Normal,1269.34,False
BATCH-20260925-005,LAB-000156024,PAT-0007177,ADM-00052103,DOC-00025,2026-09-25 23:29:32,Kidney Function Test,Biochemistry,Abnormal,,Abnormal,1108.96,True
BATCH-20260925-005,LAB-000156025,PAT-0007177,ADM-00052103,DOC-00025,2026-09-28 02:47:56,Troponin,Cardiac,Normal,,Normal,1494.3,False
BATCH-20260925-005,LAB-000156026,PAT-0020869,ADM-00052104,DOC-00007,2026-10-02 12:08:44,Urine Routine,Pathology,Normal,,Normal,325.44,False
BATCH-20260925-005,LAB-000156027,PAT-0021062,ADM-00052105,DOC-00035,2026-10-03 20:49:41,Urine Routine,Pathology,Abnormal,,Abnormal,348.09,True
BATCH-20260925-005,LAB-000156028,PAT-0021062,ADM-00052105,DOC-00035,2026-10-01 06:12:59,Complete Blood Count,Hematology,Abnormal,,Abnormal,632.96,True
BATCH-20260925-005,LAB-000156029,PAT-0021062,ADM-00052105,DOC-00035,2026-10-04 21:47:33,Blood Glucose,Biochemistry,Normal,,Normal,306.15,False
BATCH-20260925-005,LAB-000156030,PAT-0021062,ADM-00052105,DOC-00035,2026-10-03 01:41:32,Thyroid Profile,Endocrinology,Normal,,Normal,1198.91,False
BATCH-20260925-005,LAB-000156031,PAT-0021062,ADM-00052105,DOC-00035,2026-10-05 08:18:07,Urine Routine,Pathology,Normal,,Normal,360.44,False
BATCH-20260925-005,LAB-000156032,PAT-0021981,ADM-00052106,DOC-00048,2026-09-27 07:11:02,Urine Routine,Pathology,Normal,,Normal,332.93,False
BATCH-20260925-005,LAB-000156033,PAT-0021981,ADM-00052106,DOC-00048,2026-09-27 13:55:44,Thyroid Profile,Endocrinology,Normal,,Normal,1099.81,False
BATCH-20260925-005,LAB-000156034,PAT-0021981,ADM-00052106,DOC-00048,2026-09-28 02:41:17,Liver Function Test,Biochemistry,Abnormal,,Abnormal,1398.45,True
BATCH-20260925-005,LAB-000156035,PAT-0003346,ADM-00052107,DOC-00056,2026-10-05 09:38:56,Troponin,Cardiac,Normal,,Normal,1323.93,False
BATCH-20260925-005,LAB-000156036,PAT-0003346,ADM-00052107,DOC-00056,2026-09-30 22:13:14,Thyroid Profile,Endocrinology,Abnormal,,Abnormal,1130.41,True
BATCH-20260925-005,LAB-000156037,PAT-0003346,ADM-00052107,DOC-00056,2026-10-05 16:14:11,Complete Blood Count,Hematology,Abnormal,,Abnormal,644.04,True
BATCH-20260925-005,LAB-000156038,PAT-0003346,ADM-00052107,DOC-00056,2026-09-30 19:58:08,Kidney Function Test,Biochemistry,Normal,,Normal,1039.15,False
BATCH-20260925-005,LAB-000156039,PAT-0003346,ADM-00052107,DOC-00056,2026-09-26 13:07:50,Complete Blood Count,Hematology,Abnormal,,Abnormal,756.61,True
BATCH-20260925-005,LAB-000156040,PAT-0024237,ADM-00052108,DOC-00008,2026-09-29 02:38:42,Troponin,Cardiac,Normal,,Normal,1444.7,False
BATCH-20260925-005,LAB-000156041,PAT-0012746,ADM-00052109,DOC-00110,2026-09-26 00:56:09,Liver Function Test,Biochemistry,Normal,,Normal,1150.19,False
BATCH-20260925-005,LAB-000156042,PAT-0012746,ADM-00052109,DOC-00110,2026-09-26 14:28:24,Complete Blood Count,Hematology,Normal,,Normal,585.22,False
BATCH-20260925-005,LAB-000156043,PAT-0001818,ADM-00052110,DOC-00049,2026-09-28 21:13:24,Complete Blood Count,Hematology,Abnormal,,Abnormal,609.64,True
BATCH-20260925-005,LAB-000156044,PAT-0001818,ADM-00052110,DOC-00049,2026-09-27 13:42:27,Blood Glucose,Biochemistry,Normal,,Normal,314.69,False
BATCH-20260925-005,LAB-000156045,PAT-0001818,ADM-00052110,DOC-00049,2026-09-29 06:13:13,Urine Routine,Pathology,Normal,,Normal,356.25,False
BATCH-20260925-005,LAB-000156046,PAT-0001818,ADM-00052110,DOC-00049,2026-09-28 18:23:13,Urine Routine,Pathology,Normal,,Normal,385.45,False
BATCH-20260925-005,LAB-000156047,PAT-0001818,ADM-00052110,DOC-00049,2026-09-25 20:45:45,Urine Routine,Pathology,Normal,,Normal,396.24,False
BATCH-20260925-005,LAB-000156048,PAT-0024749,ADM-00052111,DOC-00108,2026-09-28 15:56:57,Lipid Profile,Biochemistry,Normal,,Normal,1061.23,False
BATCH-20260925-005,LAB-000156049,PAT-0024749,ADM-00052111,DOC-00108,2026-09-27 13:51:35,Lipid Profile,Biochemistry,Normal,,Normal,980.58,False
BATCH-20260925-005,LAB-000156050,PAT-0024749,ADM-00052111,DOC-00108,2026-09-25 20:16:13,Complete Blood Count,Hematology,Normal,,Normal,634.37,False
BATCH-20260925-005,LAB-000156051,PAT-0014339,ADM-00052112,DOC-00078,2026-09-25 06:19:15,Urine Routine,Pathology,Abnormal,,Abnormal,383.08,True
BATCH-20260925-005,LAB-000156052,PAT-0005988,ADM-00052113,DOC-00014,2026-09-27 17:42:26,Troponin,Cardiac,Normal,,Normal,1390.84,False
BATCH-20260925-005,LAB-000156053,PAT-0005988,ADM-00052113,DOC-00014,2026-09-26 14:54:26,Blood Glucose,Biochemistry,Normal,,Normal,337.97,False
BATCH-20260925-005,LAB-000156054,PAT-0012834,ADM-00052114,DOC-00049,2026-09-28 09:22:53,Lipid Profile,Biochemistry,Normal,,Normal,992.66,False
BATCH-20260925-005,LAB-000156055,PAT-0012834,ADM-00052114,DOC-00049,2026-09-29 17:23:06,Thyroid Profile,Endocrinology,Abnormal,,Abnormal,1059.81,True
BATCH-20260925-005,LAB-000156056,PAT-0012834,ADM-00052114,DOC-00049,2026-10-01 22:28:56,Thyroid Profile,Endocrinology,Abnormal,,Abnormal,1064.76,True
BATCH-20260925-005,LAB-000156057,PAT-0001232,ADM-00052115,DOC-00037,2026-09-25 12:50:09,Liver Function Test,Biochemistry,Normal,,Normal,1088.31,False
BATCH-20260925-005,LAB-000156058,PAT-0001232,ADM-00052115,DOC-00037,2026-09-25 09:40:55,Kidney Function Test,Biochemistry,Normal,,Normal,1083.11,False
BATCH-20260925-005,LAB-000156059,PAT-0006062,ADM-00052116,DOC-00076,2026-09-25 15:44:33,Complete Blood Count,Hematology,Normal,,Normal,621.47,False
BATCH-20260925-005,LAB-000156060,PAT-0006062,ADM-00052116,DOC-00076,2026-09-28 14:44:21,Complete Blood Count,Hematology,Normal,,Normal,736.18,False
BATCH-20260925-005,LAB-000156061,PAT-0006062,ADM-00052116,DOC-00076,2026-09-29 00:39:22,Urine Routine,Pathology,Normal,,Normal,334.41,False
BATCH-20260925-005,LAB-000156062,PAT-0006062,ADM-00052116,DOC-00076,2026-10-02 01:27:00,Blood Glucose,Biochemistry,Normal,,Normal,296.79,False
BATCH-20260925-005,LAB-000156063,PAT-0020635,ADM-00052117,DOC-00146,2026-09-26 00:48:55,Thyroid Profile,Endocrinology,Normal,,Normal,1003.31,False
BATCH-20260925-005,LAB-000156064,PAT-0020635,ADM-00052117,DOC-00146,2026-09-25 15:21:06,Urine Routine,Pathology,Normal,,Normal,402.16,False
BATCH-20260925-005,LAB-000156065,PAT-0020635,ADM-00052117,DOC-00146,2026-09-26 01:28:03,Thyroid Profile,Endocrinology,Normal,,Normal,1090.78,False
BATCH-20260925-005,LAB-000156066,PAT-0020635,ADM-00052117,DOC-00146,2026-09-25 16:35:42,Thyroid Profile,Endocrinology,Normal,,Normal,1175.7,False
BATCH-20260925-005,LAB-000156067,PAT-0008994,ADM-00052118,DOC-00142,2026-09-26 07:50:56,Lipid Profile,Biochemistry,Abnormal,,Abnormal,1079.91,True
BATCH-20260925-005,LAB-000156068,PAT-0008994,ADM-00052118,DOC-00142,2026-10-01 00:04:59,Troponin,Cardiac,Abnormal,,Abnormal,1308.02,True
BATCH-20260925-005,LAB-000156069,PAT-0008994,ADM-00052118,DOC-00142,2026-10-02 22:40:12,Thyroid Profile,Endocrinology,Normal,,Normal,979.97,False
BATCH-20260925-005,LAB-000156070,PAT-0008994,ADM-00052118,DOC-00142,2026-09-26 02:41:46,Liver Function Test,Biochemistry,Normal,,Normal,1222.31,False
BATCH-20260925-005,LAB-000156071,PAT-0000469,ADM-00052119,DOC-00134,2026-09-30 12:50:25,Liver Function Test,Biochemistry,Normal,,Normal,1250.43,False
BATCH-20260925-005,LAB-000156072,PAT-0000469,ADM-00052119,DOC-00134,2026-10-01 17:20:54,Complete Blood Count,Hematology,Abnormal,,Abnormal,679.4,True
BATCH-20260925-005,LAB-000156073,PAT-0000469,ADM-00052119,DOC-00134,2026-09-26 06:00:47,Troponin,Cardiac,Normal,,Normal,1455.84,False
BATCH-20260925-005,LAB-000156074,PAT-0011779,ADM-00052120,DOC-00097,2026-09-25 22:16:40,Complete Blood Count,Hematology,Normal,,Normal,600.51,False
BATCH-20260925-005,LAB-000156075,PAT-0011779,ADM-00052120,DOC-00097,2026-09-26 06:26:00,Thyroid Profile,Endocrinology,Normal,,Normal,972.23,False
BATCH-20260925-005,LAB-000156076,PAT-0011779,ADM-00052120,DOC-00097,2026-09-26 15:27:27,Thyroid Profile,Endocrinology,Normal,,Normal,1074.71,False
BATCH-20260925-005,LAB-000156077,PAT-0011779,ADM-00052120,DOC-00097,2026-09-27 04:18:26,Blood Glucose,Biochemistry,Normal,,Normal,288.48,False
BATCH-20260925-005,LAB-000156078,PAT-0011779,ADM-00052120,DOC-00097,2026-09-27 01:12:18,Thyroid Profile,Endocrinology,Normal,,Normal,969.8,False
BATCH-20260925-005,LAB-000156079,PAT-0006952,ADM-00052121,DOC-00067,2026-09-27 11:19:00,Lipid Profile,Biochemistry,Normal,,Normal,1027.45,False
BATCH-20260925-005,LAB-000156080,PAT-0006952,ADM-00052121,DOC-00067,2026-09-27 09:30:34,Lipid Profile,Biochemistry,Normal,,Normal,833.69,False
BATCH-20260925-005,LAB-000156081,PAT-0006952,ADM-00052121,DOC-00067,2026-09-28 00:57:30,Troponin,Cardiac,Normal,,Normal,1618.08,False
BATCH-20260925-005,LAB-000156082,PAT-0009562,ADM-00052122,DOC-00114,2026-10-01 03:27:57,Blood Glucose,Biochemistry,Normal,,Normal,347.39,False
BATCH-20260925-005,LAB-000156083,PAT-0009562,ADM-00052122,DOC-00114,2026-09-30 07:42:59,Lipid Profile,Biochemistry,Normal,,Normal,849.97,False
BATCH-20260925-005,LAB-000156084,PAT-0009562,ADM-00052122,DOC-00114,2026-09-27 12:00:15,Urine Routine,Pathology,Normal,,Normal,365.71,False
BATCH-20260925-005,LAB-000156085,PAT-0018136,ADM-00052123,DOC-00105,2026-09-25 16:11:11,Blood Glucose,Biochemistry,Abnormal,,Abnormal,272.26,True
BATCH-20260925-005,LAB-000156086,PAT-0018136,ADM-00052123,DOC-00105,2026-09-26 00:18:58,Kidney Function Test,Biochemistry,Normal,,Normal,1150.29,False
BATCH-20260925-005,LAB-000156087,PAT-0018136,ADM-00052123,DOC-00105,2026-09-26 12:10:47,Urine Routine,Pathology,Abnormal,,Abnormal,386.37,True
BATCH-20260925-005,LAB-000156088,PAT-0018136,ADM-00052123,DOC-00105,2026-09-25 15:33:55,Liver Function Test,Biochemistry,Normal,,Normal,1322.89,False
BATCH-20260925-005,LAB-000156089,PAT-0018417,ADM-00052124,DOC-00067,2026-09-25 14:44:21,Complete Blood Count,Hematology,Normal,,Normal,702.12,False
BATCH-20260925-005,LAB-000156090,PAT-0018417,ADM-00052124,DOC-00067,2026-09-26 10:29:44,Kidney Function Test,Biochemistry,Normal,,Normal,1069.13,False
BATCH-20260925-005,LAB-000156091,PAT-0018417,ADM-00052124,DOC-00067,2026-09-26 12:23:12,Kidney Function Test,Biochemistry,Normal,,Normal,1169.62,False
BATCH-20260925-005,LAB-000156092,PAT-0012227,ADM-00052125,DOC-00007,2026-09-30 02:59:37,Thyroid Profile,Endocrinology,Normal,,Normal,1174.95,False
BATCH-20260925-005,LAB-000156093,PAT-0012227,ADM-00052125,DOC-00007,2026-09-25 10:45:36,Thyroid Profile,Endocrinology,Normal,,Normal,908.48,False
BATCH-20260925-005,LAB-000156094,PAT-0012227,ADM-00052125,DOC-00007,2026-09-29 12:05:21,Blood Glucose,Biochemistry,Normal,,Normal,286.38,False
BATCH-20260925-005,LAB-000156095,PAT-0012227,ADM-00052125,DOC-00007,2026-09-28 16:52:54,Lipid Profile,Biochemistry,Normal,,Normal,876.62,False
BATCH-20260925-005,LAB-000156096,PAT-0012227,ADM-00052125,DOC-00007,2026-09-27 10:41:23,Urine Routine,Pathology,Abnormal,,Abnormal,365.36,True
BATCH-20260925-005,LAB-000156097,PAT-0003914,ADM-00052126,DOC-00079,2026-09-26 03:51:27,Complete Blood Count,Hematology,Normal,,Normal,713.55,False
BATCH-20260925-005,LAB-000156098,PAT-0003914,ADM-00052126,DOC-00079,2026-09-26 18:04:42,Kidney Function Test,Biochemistry,Normal,,Normal,1086.36,False
BATCH-20260925-005,LAB-000156099,PAT-0003914,ADM-00052126,DOC-00079,2026-09-25 22:34:10,Urine Routine,Pathology,Abnormal,,Abnormal,331.88,True
BATCH-20260925-005,LAB-000156100,PAT-0003914,ADM-00052126,DOC-00079,2026-09-26 12:30:27,Urine Routine,Pathology,Normal,,Normal,356.92,False
BATCH-20260925-005,LAB-000156101,PAT-0015409,ADM-00052127,DOC-00011,2026-09-27 22:58:15,Complete Blood Count,Hematology,Abnormal,,Abnormal,682.5,True
BATCH-20260925-005,LAB-000156102,PAT-0015409,ADM-00052127,DOC-00011,2026-09-27 10:17:07,Complete Blood Count,Hematology,Normal,,Normal,621.16,False
BATCH-20260925-005,LAB-000156103,PAT-0015409,ADM-00052127,DOC-00011,2026-09-26 22:06:37,Lipid Profile,Biochemistry,Normal,,Normal,1066.63,False
BATCH-20260925-005,LAB-000156104,PAT-0010021,ADM-00052128,DOC-00028,2026-09-27 17:45:26,Complete Blood Count,Hematology,Normal,,Normal,775.61,False
BATCH-20260925-005,LAB-000156105,PAT-0010021,ADM-00052128,DOC-00028,2026-09-25 14:25:46,Liver Function Test,Biochemistry,Normal,,Normal,1150.12,False
BATCH-20260925-005,LAB-000156106,PAT-0010021,ADM-00052128,DOC-00028,2026-09-27 22:47:22,Troponin,Cardiac,Normal,,Normal,1468.21,False
BATCH-20260925-005,LAB-000156107,PAT-0010021,ADM-00052128,DOC-00028,2026-09-28 02:33:26,Troponin,Cardiac,Normal,,Normal,1506.55,False
BATCH-20260925-005,LAB-000156108,PAT-0002826,ADM-00052129,DOC-00030,2026-09-26 10:05:44,Blood Glucose,Biochemistry,Normal,,Normal,323.38,False
BATCH-20260925-005,LAB-000156109,PAT-0002826,ADM-00052129,DOC-00030,2026-09-25 09:52:13,Lipid Profile,Biochemistry,Normal,,Normal,890.75,False
BATCH-20260925-005,LAB-000156110,PAT-0002826,ADM-00052129,DOC-00030,2026-09-25 10:50:35,Troponin,Cardiac,Normal,,Normal,1472.63,False
BATCH-20260925-005,LAB-000156111,PAT-0002826,ADM-00052129,DOC-00030,2026-09-30 14:10:32,Kidney Function Test,Biochemistry,Normal,,Normal,1123.19,False
BATCH-20260925-005,LAB-000156112,PAT-0023232,ADM-00052130,DOC-00124,2026-09-27 10:00:51,Liver Function Test,Biochemistry,Normal,,Normal,1257.71,False
BATCH-20260925-005,LAB-000156113,PAT-0023232,ADM-00052130,DOC-00124,2026-09-26 04:25:03,Troponin,Cardiac,Normal,,Normal,1565.32,False
BATCH-20260925-005,LAB-000156114,PAT-0023232,ADM-00052130,DOC-00124,2026-09-27 02:41:29,Kidney Function Test,Biochemistry,Abnormal,,Abnormal,1179.52,True
BATCH-20260925-005,LAB-000156115,PAT-0023232,ADM-00052130,DOC-00124,2026-09-25 16:52:51,Liver Function Test,Biochemistry,Normal,,Normal,1304.49,False
BATCH-20260925-005,LAB-000156116,PAT-0023232,ADM-00052130,DOC-00124,2026-09-27 00:20:26,Liver Function Test,Biochemistry,Normal,,Normal,1345.42,False
BATCH-20260925-005,LAB-000156117,PAT-0022966,ADM-00052131,DOC-00140,2026-09-26 18:39:28,Urine Routine,Pathology,Abnormal,,Abnormal,349.21,True
BATCH-20260925-005,LAB-000156118,PAT-0022966,ADM-00052131,DOC-00140,2026-09-26 07:10:34,Blood Glucose,Biochemistry,Abnormal,,Abnormal,349.97,True
BATCH-20260925-005,LAB-000156119,PAT-0022966,ADM-00052131,DOC-00140,2026-09-27 10:40:51,Urine Routine,Pathology,Normal,,Normal,377.79,False
BATCH-20260925-005,LAB-000156120,PAT-0022966,ADM-00052131,DOC-00140,2026-09-26 14:33:23,Troponin,Cardiac,Normal,,Normal,1528.94,False
BATCH-20260925-005,LAB-000156121,PAT-0000976,ADM-00052132,DOC-00099,2026-09-26 01:20:38,Complete Blood Count,Hematology,Normal,,Normal,665.11,False
BATCH-20260925-005,LAB-000156122,PAT-0025505,ADM-00052133,DOC-00105,2026-09-27 00:36:40,Troponin,Cardiac,Normal,,Normal,1500.91,False
BATCH-20260925-005,LAB-000156123,PAT-0011759,ADM-00052134,DOC-00096,2026-09-25 19:39:22,Liver Function Test,Biochemistry,Normal,,Normal,1135.95,False
BATCH-20260925-005,LAB-000156124,PAT-0011759,ADM-00052134,DOC-00096,2026-09-26 09:34:24,Lipid Profile,Biochemistry,Normal,,Normal,1049.79,False
BATCH-20260925-005,LAB-000156125,PAT-0011759,ADM-00052134,DOC-00096,2026-09-26 01:06:17,Blood Glucose,Biochemistry,Normal,,Normal,335.49,False
BATCH-20260925-005,LAB-000156126,PAT-0011759,ADM-00052134,DOC-00096,2026-09-26 10:49:49,Troponin,Cardiac,Normal,,Normal,1280.26,False
BATCH-20260925-005,LAB-000156127,PAT-0017823,ADM-00052135,DOC-00109,2026-10-03 01:33:38,Kidney Function Test,Biochemistry,Normal,,Normal,1128.9,False
BATCH-20260925-005,LAB-000156128,PAT-0012024,ADM-00052136,DOC-00100,2026-09-26 07:24:53,Liver Function Test,Biochemistry,Normal,,Normal,1307.41,False
BATCH-20260925-005,LAB-000156129,PAT-0019202,ADM-00052137,DOC-00004,2026-10-05 15:22:54,Lipid Profile,Biochemistry,Normal,,Normal,993.09,False
BATCH-20260925-005,LAB-000156130,PAT-0019202,ADM-00052137,DOC-00004,2026-09-25 09:18:02,Kidney Function Test,Biochemistry,Normal,,Normal,1089.94,False
BATCH-20260925-005,LAB-000156131,PAT-0019202,ADM-00052137,DOC-00004,2026-09-28 12:23:02,Lipid Profile,Biochemistry,Abnormal,,Abnormal,986.94,True
BATCH-20260925-005,LAB-000156132,PAT-0012033,ADM-00052138,DOC-00031,2026-09-26 01:17:34,Complete Blood Count,Hematology,Abnormal,,Abnormal,718.83,True
BATCH-20260925-005,LAB-000156133,PAT-0012033,ADM-00052138,DOC-00031,2026-09-25 23:57:27,Blood Glucose,Biochemistry,Normal,,Normal,279.24,False
BATCH-20260925-005,LAB-000156134,PAT-0012033,ADM-00052138,DOC-00031,2026-09-29 10:48:33,Kidney Function Test,Biochemistry,Normal,,Normal,1211.21,False
BATCH-20260925-005,LAB-000156135,PAT-0000589,ADM-00052139,DOC-00036,2026-09-27 16:07:21,Troponin,Cardiac,Abnormal,,Abnormal,1267.4,True
BATCH-20260925-005,LAB-000156136,PAT-0000589,ADM-00052139,DOC-00036,2026-09-29 19:55:27,Blood Glucose,Biochemistry,Normal,,Normal,288.41,False
BATCH-20260925-005,LAB-000156137,PAT-0008443,ADM-00052140,DOC-00112,2026-09-26 00:42:48,Blood Glucose,Biochemistry,Normal,,Normal,352.67,False
BATCH-20260925-005,LAB-000156138,PAT-0008443,ADM-00052140,DOC-00112,2026-09-28 20:18:25,Thyroid Profile,Endocrinology,Normal,,Normal,920.16,False
BATCH-20260925-005,LAB-000156139,PAT-0008443,ADM-00052140,DOC-00112,2026-09-25 19:48:57,Troponin,Cardiac,Normal,,Normal,1495.72,False
BATCH-20260925-005,LAB-000156140,PAT-0008443,ADM-00052140,DOC-00112,2026-09-26 00:05:41,Troponin,Cardiac,Normal,,Normal,1665.17,False
BATCH-20260925-005,LAB-000156141,PAT-0008443,ADM-00052140,DOC-00112,2026-09-28 01:25:22,Troponin,Cardiac,Normal,,Normal,1511.32,False
BATCH-20260925-005,LAB-000156142,PAT-0020014,ADM-00052141,DOC-00054,2026-09-26 19:32:55,Lipid Profile,Biochemistry,Abnormal,,Abnormal,1060.94,True
BATCH-20260925-005,LAB-000156143,PAT-0020014,ADM-00052141,DOC-00054,2026-10-01 04:39:06,Thyroid Profile,Endocrinology,Abnormal,,Abnormal,1094.78,True
BATCH-20260925-005,LAB-000156144,PAT-0020014,ADM-00052141,DOC-00054,2026-10-04 00:42:56,Troponin,Cardiac,Abnormal,,Abnormal,1281.91,True
BATCH-20260925-005,LAB-000156145,PAT-0020014,ADM-00052141,DOC-00054,2026-10-05 00:48:45,Kidney Function Test,Biochemistry,Abnormal,,Abnormal,1248.17,True
BATCH-20260925-005,LAB-000156146,PAT-0020014,ADM-00052141,DOC-00054,2026-10-03 10:39:44,Urine Routine,Pathology,Abnormal,,Abnormal,413.11,True
BATCH-20260925-005,LAB-000156147,PAT-0004957,ADM-00052142,DOC-00145,2026-09-27 14:04:15,Lipid Profile,Biochemistry,Normal,,Normal,909.96,False
BATCH-20260925-005,LAB-000156148,PAT-0004957,ADM-00052142,DOC-00145,2026-09-27 11:37:19,Liver Function Test,Biochemistry,Normal,,Normal,1391.34,False
BATCH-20260925-005,LAB-000156149,PAT-0004957,ADM-00052142,DOC-00145,2026-09-25 19:35:19,Thyroid Profile,Endocrinology,Normal,,Normal,1193.22,False
BATCH-20260925-005,LAB-000156150,PAT-0004957,ADM-00052142,DOC-00145,2026-09-26 20:27:39,Blood Glucose,Biochemistry,Abnormal,,Abnormal,279.58,True
BATCH-20260925-005,LAB-000156151,PAT-0018653,ADM-00052143,DOC-00065,2026-09-26 07:01:54,Blood Glucose,Biochemistry,Normal,,Normal,342.52,False
BATCH-20260925-005,LAB-000156152,PAT-0018653,ADM-00052143,DOC-00065,2026-09-25 21:27:22,Urine Routine,Pathology,Normal,,Normal,322.72,False
BATCH-20260925-005,LAB-000156153,PAT-0019992,ADM-00052144,DOC-00059,2026-09-27 01:46:43,Blood Glucose,Biochemistry,Normal,,Normal,311.01,False
BATCH-20260925-005,LAB-000156154,PAT-0019992,ADM-00052144,DOC-00059,2026-09-27 19:07:09,Kidney Function Test,Biochemistry,Abnormal,,Abnormal,1159.34,True
BATCH-20260925-005,LAB-000156155,PAT-0019992,ADM-00052144,DOC-00059,2026-09-28 21:33:34,Liver Function Test,Biochemistry,Normal,,Normal,1261.37,False
BATCH-20260925-005,LAB-000156156,PAT-0019992,ADM-00052144,DOC-00059,2026-09-28 07:50:12,Troponin,Cardiac,Normal,,Normal,1322.5,False
BATCH-20260925-005,LAB-000156157,PAT-0005757,ADM-00052145,DOC-00107,2026-09-29 05:43:36,Lipid Profile,Biochemistry,Abnormal,,Abnormal,829.6,True
